{"hist": [42244, 37592, 34272, 34452, 30616, 32095, 34204, 30427, 26786, 28391, 30219, 31890, 26864, 26301, 31721, 35376, 40859, 35410, 27625, 26824, 29990, 32629, 33853, 27021, 21281, 20618, 17467, 17007, 21526, 22430, 15483, 16974, 22152, 13546, 13255, 12590, 9013, 15321, 10760, 9086, 12083, 10554, 9836, 17679, 17514, 19678, 17324, 29173, 10305, 9279, 9852, 9710, 8060, 10278, 11436, 19714, 15933, 16421, 13290, 17506, 16175, 17431, 14655, 18175, 15269, 19478, 21864, 17843, 15492, 20452, 26931, 35637, 42161, 28655, 27013, 26954, 23832, 17947, 23454, 18657, 20561, 27078, 35093, 55573, 83290, 48349, 32461, 25803, 33796, 32198, 29882, 24473, 21385, 25709, 25978, 25282, 22597, 17390, 16406, 23874, 33936, 15931, 15752, 15030, 18695, 18215, 21427, 18870, 17175, 15053, 17440, 19673, 26933, 28036, 21865, 20523, 14110, 13106, 15689, 14930, 11832, 10515, 10147, 9052, 11127, 10459, 13267, 11400, 11111, 9553, 11519, 20061, 12074, 11496, 16793, 17397, 22284, 14595, 12289, 13545, 11017, 15538, 11163, 16990, 12611, 17630, 26096, 19820, 17896, 19848, 32058, 29142, 28591, 24883, 24432, 29116, 25228, 29624, 22012, 23947, 27853, 35371, 45834, 44222, 44276, 38517, 30953, 27229, 29027, 30947, 35351, 34552, 46669, 73129, 121422, 60175, 43625, 32662, 45182, 39681, 9749], "totalLength": 4364111.648955495, "solsticeLength": 32444.602243467965, "sun_azimuth": 122.06360839324017, "ratio": 74}