{"hist": [46754, 59614, 53023, 57720, 52285, 63821, 54376, 40857, 54739, 51745, 50042, 46887, 48337, 40220, 37787, 44974, 39376, 41924, 44475, 41042, 35703, 44809, 32436, 35201, 28047, 34342, 29619, 29671, 24711, 24726, 29759, 33029, 31362, 28923, 21919, 27108, 27137, 24412, 29964, 34164, 37197, 28049, 19372, 19712, 19410, 30396, 30413, 21407, 21963, 37286, 25978, 26922, 26684, 32783, 35740, 28143, 26144, 27882, 25715, 24130, 24545, 25895, 25036, 28792, 33604, 29245, 24713, 33311, 37311, 43567, 47603, 57419, 42099, 45214, 44297, 47891, 44346, 38057, 45139, 45779, 46390, 44253, 39021, 38335, 46678, 48005, 46670, 45703, 57082, 48108, 67767, 57345, 49537, 62602, 56259, 50643, 52872, 51282, 46850, 45700, 45436, 44157, 46797, 46861, 44938, 46008, 42568, 35464, 35992, 42683, 52409, 43233, 36920, 33896, 29442, 30321, 51918, 32519, 28577, 22874, 18699, 25489, 24686, 33620, 28046, 28376, 35226, 21954, 22267, 19847, 22041, 26305, 32885, 29273, 26036, 26341, 39659, 26574, 25719, 25298, 22552, 29278, 21776, 36854, 32395, 23389, 24293, 33293, 32805, 27267, 23334, 25274, 35843, 21457, 23412, 28783, 31345, 36769, 28995, 41342, 32914, 38557, 54872, 39667, 47523, 47517, 40312, 35964, 40481, 40143, 45751, 42206, 43909, 43212, 49035, 53026, 43582, 61093, 53503, 45132, 19900], "totalLength": 6717522.813400141, "solsticeLength": 114580.89667490574, "sun_azimuth": 117.41435326672585, "ratio": 170}