{"hist": [132757, 134120, 130849, 133674, 123650, 117837, 123158, 129254, 126966, 115040, 114925, 121406, 117720, 116264, 119054, 111260, 123482, 113124, 115873, 116419, 118203, 113498, 114957, 121836, 120348, 133875, 123393, 123697, 129554, 137473, 132481, 123111, 115994, 117803, 126481, 107436, 117086, 100114, 103371, 97799, 97015, 90435, 82501, 86993, 95065, 122457, 111014, 107501, 102552, 85280, 76919, 86787, 83718, 80027, 87029, 78623, 84293, 80745, 71823, 84364, 81143, 79546, 79482, 82967, 76646, 76811, 80961, 94398, 92152, 90123, 86373, 89744, 86720, 86848, 84837, 89429, 74886, 82516, 92261, 97227, 101672, 97714, 89442, 100082, 109051, 102349, 117665, 127677, 155190, 159529, 217760, 155069, 134599, 140798, 137821, 138027, 140945, 141138, 137704, 132963, 137734, 136344, 137309, 129867, 146443, 129754, 134699, 128778, 135372, 127728, 123727, 127581, 122890, 117109, 131773, 131211, 123923, 128640, 137136, 154107, 147967, 122451, 117796, 115142, 114304, 106776, 109015, 101479, 95066, 91605, 96385, 91095, 84590, 85400, 89332, 97682, 111386, 108514, 95341, 84617, 76837, 73022, 70780, 79651, 80605, 77638, 80892, 81031, 65442, 70952, 81160, 72608, 78941, 75875, 75286, 71133, 79460, 87265, 81248, 77635, 78077, 80958, 82812, 77344, 75059, 76189, 78136, 84186, 90741, 93531, 87691, 83331, 83076, 92592, 109600, 105991, 113223, 120770, 133073, 135315, 68092], "totalLength": 19148153.392217234, "solsticeLength": 436232.4092682572, "sun_azimuth": 119.53049613575755, "ratio": 227}