{"hist": [1411484, 913158, 413755, 280793, 226763, 190113, 171258, 160488, 153520, 144275, 138146, 146432, 143467, 129598, 151496, 131654, 130599, 134298, 125071, 133939, 129291, 126990, 123375, 124293, 123281, 126093, 130175, 124788, 128980, 131779, 125711, 121702, 126783, 122340, 122310, 127066, 128614, 122633, 127477, 127563, 128538, 134325, 133642, 147041, 135577, 135628, 149900, 128033, 133503, 130396, 131085, 136737, 140352, 138023, 139897, 145474, 146989, 163656, 191096, 255919, 308962, 219311, 184800, 170091, 150811, 139076, 146655, 135316, 144538, 132777, 137648, 141461, 146672, 136173, 139272, 140941, 148669, 151560, 147466, 143383, 146577, 153583, 159844, 164872, 177433, 189098, 213797, 261704, 401227, 734815, 1522902, 1005647, 455530, 298119, 229094, 192755, 168932, 167315, 155185, 147804, 147717, 136681, 140834, 138749, 133664, 143401, 134932, 131550, 135758, 139960, 137089, 146520, 136607, 133877, 123209, 127883, 131346, 125334, 130645, 130828, 130388, 137851, 128014, 130383, 128476, 126393, 133157, 127299, 128137, 131923, 140294, 132619, 128243, 132806, 146546, 141243, 150136, 128354, 141991, 137452, 137276, 145430, 136265, 140151, 140854, 144773, 146831, 160266, 180522, 245866, 302926, 241409, 195134, 163498, 158452, 155296, 157239, 145117, 142286, 142174, 147259, 152844, 144623, 142709, 142970, 150515, 145490, 144828, 139328, 146497, 147483, 160823, 161288, 175662, 174364, 201890, 226811, 274509, 403902, 785561, 123463], "totalLength": 34072137.371111155, "solsticeLength": 388490.4480100736, "sun_azimuth": 117.99728259162977, "ratio": 114}