{"hist": [124500, 105104, 93696, 94615, 102555, 90753, 88547, 92606, 157372, 159641, 99597, 94431, 98607, 104551, 91503, 87289, 84614, 106428, 102928, 92949, 86391, 102632, 100687, 102234, 95945, 111278, 149331, 256580, 673217, 467192, 217635, 131705, 95344, 91324, 89435, 83609, 72851, 67866, 74147, 77927, 70666, 78978, 107652, 191366, 180487, 95800, 73651, 68225, 69682, 71869, 67892, 66328, 61647, 59119, 60434, 58437, 63680, 65051, 62843, 65921, 61377, 64465, 65983, 68802, 65498, 71558, 78099, 85653, 127661, 282437, 304775, 150957, 109525, 89504, 78787, 77937, 74638, 90281, 99500, 103986, 95424, 76399, 66577, 76557, 94287, 85460, 94032, 120666, 214863, 236855, 164375, 101506, 86174, 72953, 87883, 82218, 71872, 80398, 128830, 122460, 88714, 82585, 78568, 76414, 78483, 79582, 78091, 97511, 108655, 107703, 84692, 98622, 104342, 88559, 88345, 104007, 125467, 199789, 545307, 531187, 240725, 141759, 96349, 99106, 83452, 83258, 73451, 83123, 78912, 77505, 76708, 81059, 93263, 153611, 219534, 115753, 83266, 73209, 73105, 67950, 67287, 61816, 65730, 68478, 67642, 66544, 68378, 67611, 63914, 67864, 64707, 70690, 72541, 77136, 72056, 81703, 82629, 91131, 117187, 272667, 367757, 173727, 119276, 91242, 84055, 82479, 81450, 83263, 91291, 104870, 101334, 76025, 78858, 83889, 102205, 86390, 97101, 122683, 223080, 229652, 48354], "totalLength": 20309059.78518426, "solsticeLength": 519221.3001579069, "sun_azimuth": 116.81988092212463, "ratio": 255}