{"hist": [76642, 73436, 68421, 71307, 69351, 64710, 69311, 67332, 69714, 69227, 60006, 63389, 67299, 62032, 73507, 60973, 62067, 60211, 65926, 60590, 59514, 57881, 59342, 54840, 76417, 71626, 63487, 64787, 62659, 64068, 66134, 64813, 77045, 68870, 64602, 61842, 73400, 72556, 65984, 63507, 69904, 77094, 84861, 100063, 142378, 154235, 97472, 82283, 81591, 82428, 91323, 82155, 80382, 77104, 82262, 75704, 81240, 80385, 80856, 79074, 81374, 80724, 81793, 85419, 85734, 131646, 80926, 76120, 78822, 109270, 97813, 103651, 92408, 77948, 72292, 74859, 70839, 70117, 73185, 75640, 76327, 73874, 73194, 76761, 72315, 72243, 87841, 72778, 70524, 66685, 98362, 79969, 68320, 68895, 66523, 67690, 63301, 69214, 68314, 67264, 65602, 60020, 58771, 59622, 65206, 61946, 60917, 63935, 57425, 61690, 59289, 61089, 61045, 61102, 66715, 66311, 58323, 59486, 59411, 62713, 61323, 67623, 74163, 74682, 65551, 61856, 65431, 68361, 71957, 67212, 76311, 81853, 81490, 91840, 125840, 144311, 108770, 92296, 82982, 85080, 88573, 79244, 82659, 82660, 86767, 80391, 83667, 90021, 83969, 85665, 80077, 85404, 86217, 84060, 86923, 125630, 91645, 81504, 83491, 94532, 92926, 90341, 89584, 79287, 83232, 79884, 81238, 80379, 78615, 82487, 81782, 76568, 82486, 73546, 76004, 82449, 89067, 81083, 74227, 71597, 30798], "totalLength": 13872913.826225666, "solsticeLength": 197801.40594739298, "sun_azimuth": 121.23995588122834, "ratio": 142}