{"hist": [591027, 243173, 144226, 126796, 121517, 118922, 95425, 91822, 69443, 62358, 52731, 52388, 46138, 49088, 39783, 47354, 42721, 51212, 37561, 42072, 49442, 43601, 35099, 37269, 39198, 29232, 35326, 38011, 32829, 39840, 28139, 30421, 33190, 45088, 33320, 36436, 30376, 30776, 30484, 39946, 64006, 34628, 45839, 32833, 30443, 34772, 36287, 36616, 24757, 35520, 37186, 35126, 37355, 29151, 30863, 31572, 47720, 102636, 61049, 51857, 41380, 36622, 48596, 41846, 58738, 44905, 44398, 50501, 70544, 62791, 68431, 64009, 64767, 66925, 75664, 77766, 79318, 104613, 107625, 122311, 111681, 137046, 161206, 221947, 265419, 259597, 279985, 413694, 459785, 835452, 756367, 303152, 186821, 144124, 147731, 119928, 100931, 91395, 81863, 68989, 64300, 61294, 44139, 45836, 49853, 51011, 39918, 56324, 54879, 61545, 48420, 42322, 41713, 48473, 38150, 37373, 36434, 30715, 30217, 33398, 34194, 36057, 33603, 37369, 35501, 32958, 45297, 34120, 34639, 40996, 75286, 42291, 47143, 38744, 46667, 53821, 40661, 37908, 35646, 35486, 42368, 36594, 47110, 42151, 66918, 58443, 67099, 90950, 85499, 70436, 48330, 49374, 47546, 54391, 46574, 52181, 52445, 53717, 73919, 64848, 74419, 60842, 66933, 70150, 88512, 74957, 93091, 114558, 113565, 113578, 117409, 137476, 165934, 202673, 259346, 257565, 269731, 441500, 479250, 606159, 49435], "totalLength": 16905628.53955239, "solsticeLength": 103865.61138058646, "sun_azimuth": 120.53380994369739, "ratio": 61}