{"hist": [1134, 1257, 1428, 923, 959, 1008, 1157, 1144, 1505, 1333, 1582, 1314, 1329, 1646, 2089, 1452, 4583, 1514, 1820, 2134, 2818, 1516, 1494, 1341, 1148, 1370, 1414, 2411, 4407, 4428, 2842, 2531, 1758, 1010, 1959, 1373, 2078, 1381, 1778, 1579, 2325, 1360, 853, 1638, 1409, 2497, 1134, 1245, 1636, 2004, 1265, 1263, 2976, 2007, 1517, 1751, 1519, 1634, 2222, 2786, 1874, 1463, 1352, 2941, 2235, 1761, 1735, 1753, 1532, 1585, 3677, 2728, 4549, 4621, 3061, 3668, 4038, 3791, 2714, 2422, 1889, 2999, 2401, 1118, 1311, 2115, 1719, 1218, 1125, 2519, 3883, 2030, 2550, 1602, 1919, 1277, 1761, 3106, 2009, 1818, 2740, 2293, 1870, 1219, 2008, 2282, 2544, 1420, 1632, 2245, 2556, 2755, 2146, 3396, 6590, 1908, 1880, 3927, 7554, 2346, 1549, 1824, 1198, 1409, 1523, 1687, 1781, 1399, 1378, 1464, 1968, 1495, 1992, 5175, 1849, 1352, 1083, 1469, 2192, 1791, 1351, 1366, 1630, 2132, 2585, 1908, 1469, 1447, 1215, 1925, 1111, 1541, 1518, 2121, 1583, 1343, 1285, 1285, 1778, 1214, 2440, 2277, 2134, 2380, 2350, 2123, 5110, 2608, 1952, 1036, 1434, 2345, 1588, 1531, 1205, 1222, 1145, 1109, 1365, 812, 1339], "totalLength": 363148.53620831494, "solsticeLength": 14043.361628971665, "sun_azimuth": 118.99842439941355, "ratio": 386}