{"hist": [150554, 177239, 164261, 165325, 148923, 147653, 163688, 173640, 161224, 169861, 181270, 176080, 170665, 167218, 152278, 153099, 133940, 129793, 120902, 108102, 100440, 92215, 92417, 86479, 78518, 72996, 59387, 51643, 54429, 49614, 51887, 42217, 42103, 40774, 33087, 35372, 31322, 31239, 30562, 29810, 30138, 25034, 25903, 26808, 22722, 21305, 27081, 25165, 27019, 27567, 22931, 20224, 23355, 29932, 28959, 28135, 26368, 27212, 27874, 39271, 36745, 29493, 28162, 26849, 31355, 27523, 26670, 26710, 24959, 26111, 28598, 24357, 28656, 35915, 37764, 31281, 34840, 36905, 47915, 47793, 48740, 50279, 55677, 52050, 66550, 88435, 86585, 111775, 139147, 131673, 221237, 184001, 149593, 160217, 150821, 156506, 162715, 162772, 170773, 164834, 172337, 177010, 158050, 156351, 154382, 150125, 143709, 122770, 126953, 122732, 101345, 91388, 79839, 86227, 71529, 58018, 50999, 52550, 48169, 54089, 53196, 41718, 42855, 33427, 30916, 33564, 36531, 31097, 30513, 29618, 23229, 25463, 29810, 24024, 24856, 22535, 23518, 25900, 24805, 25575, 24218, 22994, 41875, 28317, 23562, 26779, 25358, 27473, 31046, 52730, 26783, 27988, 28754, 32157, 29431, 27026, 25258, 31011, 27342, 26506, 28777, 27690, 28328, 31732, 34675, 33243, 30707, 43342, 43090, 43400, 46838, 52438, 53136, 64685, 68861, 82711, 109964, 126690, 150434, 142637, 26968], "totalLength": 12556972.122946205, "solsticeLength": 226536.59981509025, "sun_azimuth": 113.86606999290423, "ratio": 180}