{"hist": [28578, 31557, 28180, 29384, 29908, 28658, 28854, 28703, 29128, 29903, 28990, 27910, 29052, 33615, 30626, 31621, 35564, 35754, 30592, 33679, 31951, 33519, 29600, 30263, 30080, 29500, 32855, 30215, 29081, 29111, 28626, 30981, 30093, 31249, 31024, 27683, 30013, 31258, 26851, 27999, 25900, 26284, 31978, 34162, 25307, 26781, 26342, 27713, 25661, 24580, 24737, 25927, 26211, 27357, 23470, 25509, 27563, 26096, 24503, 25360, 24967, 25451, 25205, 25473, 26273, 27879, 26431, 28575, 27371, 22679, 24859, 25482, 26966, 26273, 26641, 29031, 26177, 30095, 27086, 24655, 25631, 25063, 24616, 24387, 25805, 25590, 26555, 26578, 29477, 29262, 41002, 31508, 28821, 29453, 31561, 30866, 29567, 29862, 28448, 29214, 31180, 30317, 29762, 30295, 32743, 34884, 39198, 40229, 39466, 37214, 32900, 37017, 36500, 33550, 35227, 33220, 39187, 34230, 35498, 37203, 39422, 36866, 38046, 33084, 38627, 36907, 35677, 33375, 31335, 36163, 33145, 34724, 34753, 36716, 33686, 34377, 35359, 32349, 30259, 32199, 30955, 31733, 30519, 32620, 29881, 31537, 31587, 29637, 29940, 29994, 31396, 28845, 31155, 27701, 28188, 30341, 27531, 34374, 35064, 29672, 31186, 30181, 30257, 28721, 30524, 28348, 26922, 27764, 29432, 27920, 27288, 27145, 25319, 26498, 27807, 26470, 26589, 30336, 28875, 28349, 12270], "totalLength": 5432331.866995445, "solsticeLength": 109596.9089619795, "sun_azimuth": 122.17668900513891, "ratio": 201}