{"hist": [235230, 247087, 235093, 228948, 233870, 236369, 228634, 226224, 216808, 226256, 215345, 208117, 209472, 214402, 208695, 205462, 200388, 203068, 213317, 212264, 207324, 211574, 212985, 214975, 206055, 205946, 221739, 209244, 204358, 198621, 205364, 192649, 191194, 192356, 188705, 192846, 200225, 193922, 191047, 188186, 202665, 198774, 200523, 200777, 196599, 191918, 195458, 198718, 197542, 187302, 186694, 201930, 210027, 205585, 212954, 202551, 204821, 200437, 197773, 201890, 204387, 209334, 210505, 217775, 211277, 223728, 213811, 216222, 221318, 228698, 233708, 221667, 227654, 237653, 243067, 233056, 244437, 237747, 234315, 247722, 257546, 251105, 238100, 226833, 234456, 232265, 232557, 232207, 245842, 207389, 352454, 219804, 209971, 207818, 213790, 218611, 206442, 205304, 195766, 211730, 196220, 188074, 195719, 191378, 193046, 188437, 189652, 185329, 195639, 200243, 199311, 199067, 198257, 203133, 201939, 198719, 198104, 194839, 190320, 191576, 191887, 190834, 190303, 193184, 196038, 189433, 187284, 191593, 194296, 194606, 206671, 200662, 197131, 207969, 200441, 206435, 206339, 213817, 228045, 220174, 218356, 229100, 232202, 237628, 218362, 220944, 210141, 219752, 224664, 217923, 220127, 227552, 230950, 229986, 226407, 237174, 242310, 236615, 230843, 235764, 238659, 244172, 253060, 265526, 263897, 268000, 267163, 262497, 269951, 271175, 289253, 280323, 268155, 261919, 256212, 261549, 253284, 260201, 280035, 228801, 127149], "totalLength": 39371388.31199017, "solsticeLength": 578875.435189909, "sun_azimuth": 121.72708497283365, "ratio": 147}