{"hist": [150045, 65702, 113490, 69995, 53560, 82082, 86498, 79319, 87443, 62611, 63138, 115233, 54176, 42675, 50555, 51186, 57740, 111940, 77461, 48384, 40091, 38985, 37409, 43195, 30005, 54551, 48509, 63908, 76968, 87731, 81609, 73543, 101422, 64820, 54726, 51908, 61640, 74997, 69153, 52531, 51816, 52600, 60740, 52296, 78555, 83297, 105205, 92464, 67199, 48620, 54047, 51171, 77854, 109395, 74581, 79783, 68072, 67682, 63019, 67497, 79567, 96372, 110873, 168022, 173745, 99500, 79983, 89676, 87339, 117861, 119893, 190635, 237758, 153855, 94543, 78877, 51366, 51839, 92410, 105579, 98911, 46497, 46277, 37832, 92461, 83324, 55478, 59557, 61017, 166607, 210168, 88076, 93486, 85389, 50575, 73861, 78182, 56113, 93547, 59120, 55298, 108886, 76063, 49728, 50086, 59705, 65768, 91293, 98064, 50233, 39566, 44005, 42992, 47245, 37753, 36421, 55666, 64108, 62022, 80400, 60773, 76216, 112245, 81590, 58649, 60644, 45022, 96065, 79623, 59432, 68271, 48300, 48453, 50895, 65368, 82271, 92628, 88415, 91419, 65712, 48612, 59815, 67991, 146828, 87792, 68692, 71239, 62711, 67798, 67195, 104778, 111428, 113284, 132535, 150830, 126237, 86710, 75337, 77312, 195345, 126237, 172786, 243461, 179267, 112821, 88808, 45797, 46754, 84134, 89016, 72342, 40638, 47760, 39736, 65539, 99372, 61387, 39097, 69689, 147447, 15483], "totalLength": 14510422.051240219, "solsticeLength": 117948.89456515227, "sun_azimuth": 114.68076129672501, "ratio": 81}