{"hist": [39911, 54149, 56204, 39441, 51787, 43205, 34152, 36930, 42434, 43233, 56249, 40877, 46638, 36070, 32626, 31561, 38406, 40972, 50565, 35404, 32432, 36734, 37973, 44551, 39634, 49643, 48161, 57969, 66187, 72568, 56280, 60038, 59672, 56296, 57860, 53995, 50955, 56091, 52960, 44973, 53098, 53124, 52089, 50948, 47782, 60725, 58801, 46431, 50024, 59410, 64254, 63690, 71581, 71560, 80257, 69135, 60731, 60464, 60701, 67921, 72040, 61310, 64298, 60605, 55866, 55160, 54657, 61041, 52401, 50681, 55654, 52716, 51588, 68787, 54839, 45382, 40848, 42911, 45628, 60795, 64379, 52466, 52060, 75413, 50601, 44017, 60921, 43800, 56237, 60197, 59874, 51622, 48937, 49040, 43563, 40654, 42098, 42981, 51420, 55274, 55900, 62314, 53834, 43999, 41732, 36310, 37467, 59399, 48964, 50731, 40870, 40438, 43974, 46187, 39497, 47606, 49880, 49358, 50828, 70554, 55984, 50125, 61503, 60483, 61176, 57837, 56944, 47994, 54408, 55061, 44492, 58944, 63401, 50243, 48988, 45244, 61236, 63130, 59015, 55600, 65024, 55381, 55529, 53013, 73272, 56004, 55134, 48551, 43510, 50971, 56114, 65134, 51073, 47517, 43073, 46438, 58719, 48441, 46684, 49377, 62801, 43886, 41525, 50595, 55922, 47523, 44251, 43517, 48769, 49313, 53371, 44017, 42700, 51485, 43900, 49894, 51350, 55345, 55035, 49040, 12864], "totalLength": 9389074.950228684, "solsticeLength": 176966.25252965782, "sun_azimuth": 122.8759227912298, "ratio": 188}