{"hist": [72591, 73154, 93258, 110798, 89602, 90900, 79944, 74296, 78471, 82716, 80774, 86117, 80924, 83572, 78633, 92799, 100200, 85576, 82247, 87326, 85872, 93498, 89389, 91247, 93212, 97327, 103892, 108795, 109420, 103124, 119621, 126927, 138974, 147405, 134284, 140799, 148517, 135512, 135449, 139638, 156236, 152332, 155945, 156378, 165436, 203770, 191588, 167567, 158939, 146587, 134395, 129301, 115845, 101326, 126746, 148725, 169046, 120208, 100712, 98832, 102459, 95696, 88179, 86782, 86818, 85924, 73422, 66542, 74859, 74496, 82029, 63177, 69633, 67621, 71630, 71232, 69698, 76288, 68275, 68089, 83634, 65258, 61303, 55995, 50896, 61564, 66957, 65869, 66553, 70626, 100277, 71930, 95558, 88035, 80989, 76141, 75098, 78979, 85195, 93311, 90161, 87983, 80334, 71464, 83449, 83751, 97791, 93561, 102723, 104749, 95579, 97857, 92121, 112897, 121240, 129228, 136546, 131085, 130310, 130130, 133633, 144710, 167333, 188777, 176619, 173018, 184191, 197408, 189811, 190895, 193343, 206287, 188760, 193962, 203127, 217612, 265317, 235993, 222409, 216057, 183061, 185684, 164077, 175946, 170455, 170669, 185982, 139476, 132246, 130757, 126477, 121477, 115657, 108380, 105852, 102472, 89874, 92941, 92005, 92385, 91664, 88427, 83996, 81488, 75472, 79001, 78434, 89900, 77353, 77608, 84448, 72940, 66574, 72344, 70632, 65696, 68196, 69384, 63825, 69688, 17821], "totalLength": 20176811.348044846, "solsticeLength": 541332.2582899962, "sun_azimuth": 124.65925786276344, "ratio": 268}