{"hist": [64253, 75200, 62884, 56781, 49375, 46891, 51568, 46957, 89574, 133248, 122682, 102740, 92665, 82375, 84840, 151984, 94185, 67150, 235536, 60875, 62467, 75352, 73501, 56690, 58552, 76612, 72744, 77240, 74313, 67832, 82191, 144790, 66037, 78649, 78402, 70241, 84363, 114486, 137838, 149420, 367065, 825893, 1029709, 1114180, 959543, 442721, 226154, 146438, 134759, 125531, 388088, 328040, 146329, 216025, 216640, 369531, 1069459, 1576509, 1193989, 686725, 306887, 179597, 116858, 76659, 56421, 50226, 40246, 45134, 53478, 56985, 40181, 43790, 44515, 50511, 50208, 41774, 42343, 39420, 45887, 55826, 45961, 52627, 47064, 44161, 72938, 85017, 80090, 77621, 72122, 77327, 69833, 64465, 80668, 57677, 43715, 42731, 44695, 44659, 87057, 125631, 129713, 89092, 85918, 87040, 75492, 120804, 119577, 66142, 232584, 82370, 67283, 81939, 50559, 42592, 53889, 67619, 96788, 81291, 81974, 68513, 78967, 111869, 68879, 84201, 74182, 64380, 84562, 130538, 122607, 162510, 346922, 751623, 1119564, 1068124, 1179658, 627023, 289832, 189797, 115255, 141311, 271655, 420265, 128180, 161945, 197888, 267582, 716876, 1743790, 1213055, 834256, 372763, 178667, 95132, 64032, 54939, 59054, 45933, 52959, 70015, 70708, 46975, 57549, 61807, 66905, 63902, 52830, 40357, 56093, 44955, 51773, 57941, 54876, 56008, 57900, 104454, 76384, 77988, 91522, 74888, 73326, 8211], "totalLength": 34679230.69065366, "solsticeLength": 227348.26303135458, "sun_azimuth": 119.52594722977032, "ratio": 65}