{"hist": [182697, 88414, 67289, 58665, 88502, 106129, 84098, 73589, 65121, 61289, 58252, 68168, 65706, 69359, 76966, 67055, 62292, 80021, 94245, 108321, 84666, 65681, 50120, 43323, 41925, 44910, 48782, 49677, 52297, 65005, 44562, 49156, 63396, 52142, 54186, 59869, 48047, 50534, 50175, 52627, 61579, 60220, 58516, 50229, 57607, 66715, 56156, 48857, 53368, 42487, 46193, 92074, 197628, 262260, 84266, 56040, 52771, 61388, 50801, 50502, 58440, 54038, 55874, 40062, 37304, 43063, 59918, 48894, 54272, 44795, 59335, 58108, 67251, 51727, 64070, 61341, 49525, 55974, 183296, 89267, 68703, 85913, 133467, 105585, 70651, 70169, 65688, 97435, 91053, 124658, 239781, 91815, 80970, 67086, 54480, 61659, 64698, 61799, 68268, 60348, 65019, 60419, 60979, 74478, 82718, 73578, 85350, 89263, 102561, 80481, 75708, 57828, 46224, 47306, 49787, 59979, 50265, 45423, 75950, 67072, 53391, 39425, 41626, 50725, 54899, 47148, 45466, 42256, 42586, 53819, 59878, 77587, 85085, 77344, 67997, 61741, 55511, 48310, 57049, 47631, 55028, 82005, 154330, 304143, 119737, 64236, 61130, 60718, 48709, 52047, 50574, 47099, 59232, 43277, 47401, 58464, 47584, 57405, 61947, 75325, 60599, 53676, 62347, 57302, 52918, 68098, 54238, 64351, 215817, 113781, 59375, 88081, 130557, 98072, 75410, 59654, 74196, 92149, 82233, 92413, 35622], "totalLength": 12908926.827191493, "solsticeLength": 156523.82282689668, "sun_azimuth": 116.78816152361908, "ratio": 121}