{"hist": [1592859, 182581, 89933, 57915, 42201, 37137, 38726, 32762, 32394, 30358, 28639, 26017, 26048, 24528, 27988, 26142, 29046, 32839, 28257, 29650, 31449, 28438, 28465, 27089, 27142, 25920, 27487, 23675, 22317, 26039, 27420, 25035, 26861, 35516, 35772, 30324, 26791, 28633, 27312, 24139, 24921, 25763, 27047, 25788, 32243, 30031, 28708, 21835, 19310, 24184, 20643, 21020, 22788, 20778, 22272, 21504, 22030, 20613, 22415, 24091, 23292, 24248, 24477, 25469, 25407, 27318, 27238, 25858, 29687, 27320, 30547, 29966, 29496, 29606, 31191, 30412, 31908, 33378, 34636, 32843, 33296, 33817, 39156, 40221, 44734, 40772, 51822, 75859, 178272, 1354349, 1393205, 191335, 131138, 60392, 43171, 42333, 35247, 32779, 35932, 29871, 32667, 30024, 31052, 29834, 30048, 31263, 31779, 32718, 36276, 33231, 35023, 34214, 32906, 30635, 31782, 30566, 32594, 29505, 30763, 33063, 30065, 34825, 31214, 42439, 46310, 39167, 35900, 32879, 30604, 33911, 36254, 32418, 28907, 32116, 30445, 39519, 28087, 27644, 24764, 30150, 33486, 29966, 29542, 27695, 31465, 28385, 24472, 27502, 26249, 29224, 29456, 30384, 31672, 34529, 31652, 29397, 32227, 32620, 35960, 35383, 33162, 31012, 34063, 32836, 30005, 36162, 32325, 33706, 32166, 36086, 33485, 35200, 42537, 39873, 42553, 39335, 50195, 77957, 176848, 1490926, 114277], "totalLength": 12305444.949185276, "solsticeLength": 96356.88329045713, "sun_azimuth": 127.75442638704642, "ratio": 78}