{"hist": [55603, 62996, 66613, 64575, 64211, 61814, 62300, 61423, 64948, 57496, 58853, 58558, 58750, 59291, 64296, 59439, 59629, 63383, 60604, 64592, 58178, 62299, 59666, 57159, 57729, 59467, 58343, 56057, 55776, 56333, 57467, 63396, 59296, 60072, 61551, 57928, 60161, 58322, 56151, 61124, 58149, 56072, 56879, 57534, 59738, 57754, 58679, 61255, 63964, 58274, 60567, 58357, 59602, 63057, 61421, 63428, 62045, 60960, 62912, 64155, 63093, 63549, 65452, 67500, 67723, 69249, 74601, 73115, 71048, 75646, 72760, 78772, 71751, 70855, 71424, 79098, 68951, 68021, 69502, 69043, 66291, 70567, 68776, 70393, 70970, 75062, 73253, 71803, 77551, 66902, 103101, 76635, 76870, 72470, 74112, 78489, 66423, 67029, 66442, 70977, 66524, 69178, 66587, 69644, 67155, 66084, 62664, 68461, 66492, 71577, 73399, 67647, 68277, 74769, 64397, 66942, 62775, 66620, 63410, 61593, 66705, 63203, 64484, 61818, 66166, 63871, 64696, 59649, 59926, 62498, 60122, 58955, 58863, 62470, 66902, 60675, 60804, 60484, 60111, 57314, 59482, 56801, 56113, 57725, 54430, 58678, 60281, 56738, 62422, 59419, 60094, 60562, 67071, 59228, 62515, 62016, 64106, 62460, 62649, 66754, 66585, 62520, 63716, 61857, 64252, 66790, 61932, 59085, 60190, 57277, 56543, 61934, 65487, 62043, 60039, 61448, 64854, 62585, 68160, 55083, 29483], "totalLength": 11551326.274388546, "solsticeLength": 188248.65990543427, "sun_azimuth": 122.2247735368958, "ratio": 162}