{"hist": [86849, 92312, 89731, 95572, 89872, 86236, 89566, 86928, 86864, 83667, 84357, 88115, 87831, 79373, 82473, 88297, 86606, 89283, 80025, 83453, 80036, 84198, 80248, 85138, 88050, 81151, 87180, 91327, 78973, 77427, 82570, 78823, 89409, 89075, 85842, 80611, 84423, 86421, 84867, 83897, 87927, 87227, 89924, 91094, 88571, 91433, 88359, 94442, 94281, 87422, 95065, 92850, 88474, 101603, 94206, 98686, 97892, 99305, 99061, 100721, 101601, 101706, 95513, 100644, 102188, 104178, 99247, 100069, 99658, 100881, 96690, 101876, 97909, 101141, 93656, 95647, 95256, 100255, 100684, 96296, 97433, 100138, 96700, 97860, 98180, 93586, 97351, 97904, 95697, 93413, 131652, 95750, 95785, 99281, 104098, 94048, 90535, 90262, 92983, 90660, 86833, 88332, 92291, 88702, 93483, 91390, 85782, 89742, 92204, 88935, 93967, 80976, 89462, 90740, 89044, 87666, 92895, 88769, 84775, 87068, 85156, 85973, 84167, 89275, 87325, 89085, 89023, 88569, 87471, 88242, 91141, 90977, 96025, 89357, 92081, 88618, 91326, 92322, 95956, 98896, 98952, 98828, 94616, 91384, 97191, 97260, 103128, 100902, 92672, 92040, 98917, 96285, 94497, 95058, 103686, 102926, 99581, 96897, 100705, 96815, 100357, 100963, 101273, 95972, 102859, 99182, 89912, 93745, 94762, 93390, 95613, 89796, 91601, 94863, 91224, 93301, 93871, 99567, 102288, 86762, 42039], "totalLength": 16713834.946983764, "solsticeLength": 267044.7527460479, "sun_azimuth": 128.27920348135683, "ratio": 159}