{"hist": [16331, 14158, 17755, 17278, 13488, 12187, 13072, 11062, 12236, 13229, 16741, 23159, 17895, 16335, 14862, 14178, 11246, 8811, 10954, 10719, 10844, 11997, 13532, 12415, 11858, 9597, 8950, 7148, 8544, 10120, 9467, 11418, 11441, 9490, 10220, 10650, 10153, 8786, 6823, 11768, 13027, 16509, 13716, 10294, 9777, 10868, 12216, 8904, 11371, 9046, 8159, 8490, 10048, 10434, 6894, 8137, 5449, 8502, 6578, 6478, 6251, 8489, 7491, 6925, 5262, 8759, 7178, 6252, 7454, 5041, 5988, 5648, 6785, 7004, 5791, 5141, 7234, 5059, 6387, 6709, 11214, 8500, 7616, 6818, 8707, 7499, 9427, 12309, 14320, 26802, 27740, 18596, 18885, 17840, 14594, 16282, 16637, 15962, 14698, 13940, 16051, 12102, 9069, 11585, 14265, 13431, 12425, 13027, 11125, 9580, 9886, 8736, 9716, 12636, 12532, 7290, 11064, 8959, 10527, 8670, 10775, 13208, 11262, 12560, 13365, 10807, 8611, 6926, 8335, 10481, 8909, 8173, 8195, 8129, 8599, 11486, 9675, 10076, 12233, 7787, 7328, 10385, 8884, 9525, 5808, 7256, 6968, 7273, 7991, 8084, 7540, 7200, 7660, 7746, 5795, 4951, 5632, 4891, 6874, 7584, 7025, 4683, 6675, 8109, 7866, 5653, 5658, 6230, 6600, 7084, 8476, 6309, 8834, 6641, 6575, 5741, 7761, 8112, 10043, 16213, 1755], "totalLength": 1824831.2041431647, "solsticeLength": 35102.579355569156, "sun_azimuth": 113.67827394167473, "ratio": 192}