{"hist": [90107, 67097, 55059, 47257, 39119, 50432, 44196, 33385, 40283, 51725, 60210, 46305, 40681, 38600, 31988, 38479, 50709, 64367, 52830, 64183, 39321, 33264, 30863, 42112, 42322, 33780, 27626, 22419, 27850, 30277, 33570, 25543, 27026, 23891, 27621, 32196, 32205, 45871, 37745, 33883, 33248, 26764, 22416, 29266, 24363, 25930, 24092, 32534, 28297, 25676, 24758, 39455, 44268, 36529, 28214, 19268, 23108, 22187, 21876, 30602, 37138, 23991, 29194, 27633, 36447, 37948, 48179, 40775, 39002, 45087, 43922, 31816, 27985, 42885, 27976, 31760, 35430, 26221, 29332, 26853, 30465, 33661, 34194, 47663, 46749, 48033, 63194, 90941, 103493, 140501, 107837, 58957, 52474, 44454, 45323, 53743, 53308, 42802, 36550, 49641, 47402, 39726, 38481, 39848, 38589, 34059, 51905, 46633, 46129, 70912, 39429, 27957, 37182, 39071, 33441, 34935, 27697, 28033, 23481, 26889, 26660, 28951, 24817, 21448, 26590, 26606, 25235, 31190, 32954, 35473, 46198, 32993, 22939, 29254, 27889, 30735, 40620, 38116, 26870, 29102, 30534, 32658, 49075, 45064, 30556, 27280, 24892, 26657, 23728, 28141, 27104, 34066, 28674, 24963, 26607, 24891, 29486, 25914, 32336, 55613, 45850, 32810, 30023, 33490, 30868, 28717, 29734, 29913, 36593, 28921, 29934, 37962, 40645, 44654, 42240, 55181, 71591, 111836, 114241, 123964, 15330], "totalLength": 7112073.776667422, "solsticeLength": 88445.39694221919, "sun_azimuth": 132.2911063356606, "ratio": 124}