{"hist": [3568836, 972955, 338254, 226435, 192639, 187636, 186012, 157265, 132190, 149815, 126344, 114632, 109678, 109441, 115747, 114965, 109158, 103403, 104270, 112466, 107444, 113954, 106222, 105420, 105317, 100332, 95946, 96123, 93814, 94417, 95591, 99636, 96021, 87992, 86618, 92862, 94463, 93463, 91101, 97169, 95272, 96828, 99922, 118971, 110864, 101252, 94355, 92718, 83498, 86583, 91078, 98913, 93673, 93743, 99919, 107019, 104428, 116580, 104832, 113535, 107463, 101603, 101846, 104801, 123103, 108455, 110152, 114515, 107478, 104224, 103046, 113452, 128063, 128538, 121351, 111878, 116197, 124931, 132257, 131025, 144373, 134073, 151677, 165042, 184941, 227736, 381602, 1450048, 6400929, 5072999, 3428527, 820873, 312259, 216841, 197120, 172995, 212611, 159345, 159792, 150933, 140410, 142761, 131708, 124725, 117047, 113809, 112751, 115240, 109246, 126755, 124315, 111836, 103562, 109307, 122842, 103886, 100699, 104890, 110863, 104496, 115088, 112904, 103148, 99948, 120118, 100823, 111514, 100003, 97990, 103740, 96432, 92145, 103452, 124066, 112231, 99664, 88977, 82996, 81626, 88476, 101142, 101895, 95947, 98941, 89073, 101884, 104054, 133262, 114542, 100352, 98807, 101487, 106714, 107926, 119461, 107681, 94498, 101899, 107436, 110075, 106302, 104015, 116115, 109569, 110859, 131552, 124238, 136272, 143067, 123587, 150379, 149219, 148080, 165077, 186723, 224317, 375591, 1356141, 8397930, 5806468, 368082], "totalLength": 58626360.02477048, "solsticeLength": 336072.12335652276, "sun_azimuth": 121.4540003494382, "ratio": 57}