{"hist": [207837, 176072, 219532, 557367, 932043, 397545, 167118, 109035, 100585, 83175, 75807, 71302, 74556, 73554, 67852, 67091, 63125, 59681, 61509, 65729, 68341, 74652, 65631, 61995, 66031, 59380, 58341, 57755, 62729, 62307, 57869, 62696, 65764, 66047, 62979, 61435, 56542, 59689, 61650, 63839, 60379, 66149, 69017, 67166, 73538, 68005, 70550, 79647, 88121, 110984, 106848, 85630, 69951, 80485, 82090, 61759, 56237, 63686, 60270, 61722, 68586, 63656, 65559, 71124, 70129, 61752, 62171, 54733, 52813, 58244, 64801, 61261, 59539, 57839, 61611, 71665, 64110, 71426, 98023, 93616, 67913, 73354, 66683, 71146, 71705, 78489, 91086, 84610, 114974, 200886, 282736, 195603, 221459, 427354, 734215, 422495, 224519, 145522, 118482, 109271, 87783, 83972, 72632, 80119, 73666, 72675, 63093, 63625, 69061, 67244, 73390, 73304, 64861, 68828, 63871, 56968, 53870, 53908, 51802, 57385, 56358, 58438, 62608, 56451, 62407, 64988, 62180, 59592, 61968, 59371, 59090, 70954, 67905, 64946, 58735, 66781, 78991, 77911, 81075, 108732, 114590, 92922, 68515, 67536, 82449, 69481, 63091, 71630, 63359, 66402, 65079, 66112, 60283, 61925, 65884, 65489, 58015, 61245, 58048, 59732, 61313, 63188, 69228, 65269, 74438, 71607, 66779, 72132, 107485, 92444, 74779, 74092, 72047, 70742, 69353, 69823, 72537, 81512, 105271, 182996, 65588], "totalLength": 17259618.926156446, "solsticeLength": 167662.3875199716, "sun_azimuth": 119.95148167544045, "ratio": 97}