{"hist": [19504, 22404, 23162, 20431, 23616, 21633, 21969, 22989, 20937, 23123, 18506, 17672, 18287, 20891, 21436, 18320, 19523, 17189, 18151, 19777, 18588, 17265, 16690, 16288, 17083, 19880, 19128, 20351, 17423, 18070, 19800, 16334, 13953, 16183, 12555, 15562, 18072, 13185, 15744, 13064, 15920, 16197, 13615, 16080, 15555, 17128, 18738, 18345, 16111, 15689, 16912, 17624, 16527, 19172, 17792, 17671, 15736, 17812, 17370, 19973, 14498, 15468, 16205, 14224, 13481, 15627, 21191, 17522, 16762, 15752, 16873, 16264, 17042, 20965, 20148, 19093, 21854, 20699, 20362, 21272, 22067, 22088, 21707, 26429, 22038, 25358, 23132, 22705, 23951, 20115, 29662, 24086, 19826, 23252, 21356, 22314, 19746, 19515, 20962, 20950, 19307, 18905, 19090, 18616, 21318, 22386, 17211, 17205, 16771, 18603, 17285, 17841, 16789, 17339, 18483, 16295, 15734, 14580, 14745, 14918, 15271, 14248, 13909, 16638, 15265, 14971, 14637, 13794, 13911, 15596, 16688, 14365, 14783, 13993, 15183, 14846, 13964, 15532, 15799, 15441, 14066, 14448, 15679, 16887, 18182, 16038, 18436, 18602, 16034, 17982, 15412, 14066, 18463, 18193, 15564, 17156, 17659, 15223, 17955, 17621, 18574, 19071, 17140, 17472, 18142, 21845, 16249, 17771, 20838, 18618, 17698, 19150, 21161, 22226, 20826, 19371, 23112, 21613, 23693, 19760, 6840], "totalLength": 3278449.663051545, "solsticeLength": 43535.971375686444, "sun_azimuth": 128.71910864504068, "ratio": 132}