{"hist": [36017, 35882, 32902, 29395, 26917, 29667, 22430, 25317, 24977, 21084, 20654, 24136, 22411, 20669, 22755, 25386, 22878, 20285, 20599, 22086, 18758, 23828, 18652, 22426, 18824, 18937, 18000, 19210, 18424, 15358, 16729, 15243, 16922, 16411, 17113, 14198, 16429, 16105, 18140, 18193, 20528, 19581, 15622, 18958, 14327, 16687, 15671, 15415, 14582, 15798, 13957, 14237, 16813, 17935, 15796, 18387, 17847, 17879, 17445, 22144, 26514, 28544, 21686, 20578, 22304, 23189, 22142, 23652, 23953, 24671, 26945, 26259, 28852, 31274, 32857, 34107, 33529, 34387, 32728, 36959, 30093, 34361, 30795, 32671, 31493, 33771, 39462, 38713, 33507, 30389, 56468, 39809, 34699, 29063, 30496, 29062, 25261, 28865, 27402, 28120, 24889, 25889, 23618, 25422, 23916, 22953, 26826, 24153, 26801, 22578, 21893, 22188, 20487, 23878, 19430, 22099, 19047, 20927, 19157, 16665, 20149, 18729, 18028, 20240, 17773, 15998, 18152, 18496, 19647, 16137, 17814, 17043, 15733, 14421, 18345, 18467, 21298, 19654, 17958, 19857, 16582, 19600, 17584, 18073, 19886, 21968, 20787, 20081, 19900, 22862, 23838, 27400, 24857, 28257, 31846, 32202, 31370, 30664, 27134, 29120, 32926, 35858, 34836, 34002, 31891, 34263, 29577, 33188, 33336, 29921, 35350, 34876, 31512, 34493, 31897, 33831, 41557, 39356, 37652, 32212, 14521], "totalLength": 4421498.124201274, "solsticeLength": 63909.863729568555, "sun_azimuth": 113.50045679682262, "ratio": 144}