{"hist": [183937, 333078, 943126, 1788770, 840127, 202121, 111255, 97265, 87160, 95145, 95600, 97448, 125695, 97037, 81712, 71385, 55359, 55716, 60489, 56248, 57693, 64306, 46072, 47126, 44766, 53507, 54839, 46275, 61631, 47006, 45076, 46159, 51136, 66699, 46504, 49167, 60850, 50098, 40916, 48839, 49034, 50082, 47090, 53247, 51725, 67795, 47165, 51740, 62207, 63817, 48768, 48086, 54614, 60529, 62811, 71138, 87821, 78048, 78037, 63648, 47550, 43634, 57134, 60272, 53386, 64402, 57698, 65866, 55074, 60213, 92589, 60830, 73135, 77159, 68885, 83220, 104362, 102778, 87220, 92559, 94268, 146856, 140658, 209661, 162519, 129365, 151758, 106888, 128941, 131810, 276304, 370975, 1047677, 2065714, 812128, 204055, 178442, 96825, 84912, 89102, 83769, 92822, 112513, 95264, 75279, 60811, 64895, 67483, 60393, 64971, 71821, 86083, 61118, 49313, 47504, 51715, 51648, 51920, 44950, 49166, 40684, 45672, 44560, 53373, 47345, 47312, 46237, 43046, 43132, 46321, 62646, 55203, 46663, 42745, 60108, 53485, 52798, 62775, 71079, 58017, 55311, 44606, 76904, 54487, 55627, 56295, 74321, 75484, 58815, 55113, 60694, 54000, 52616, 50317, 62978, 60458, 56539, 56416, 63330, 68303, 74588, 67067, 82928, 72321, 81549, 90996, 102483, 89910, 96669, 89372, 122981, 183762, 130301, 181653, 177698, 139018, 180382, 120653, 124997, 160389, 94294], "totalLength": 21764918.392094444, "solsticeLength": 135938.2799450451, "sun_azimuth": 120.46375952356975, "ratio": 62}