{"hist": [147065, 160925, 155245, 142009, 128820, 134009, 136159, 127741, 118495, 126894, 123365, 114473, 122516, 102959, 91527, 93365, 84287, 108622, 94274, 83772, 80050, 86889, 86004, 75810, 80592, 79793, 73703, 63630, 68969, 63176, 62502, 61358, 62156, 67145, 65095, 57292, 58827, 53759, 54522, 57291, 63608, 64196, 49183, 52695, 53007, 45520, 51641, 49924, 53083, 54148, 55030, 53254, 48431, 46485, 51219, 53089, 50616, 57122, 56123, 59222, 57640, 54787, 58040, 62696, 64768, 66120, 59576, 64900, 67785, 83922, 78951, 86399, 102179, 100764, 109971, 111477, 117161, 114197, 118666, 116032, 118376, 136299, 128576, 118762, 116469, 104581, 127057, 143376, 132162, 129627, 174288, 184378, 155795, 145688, 148868, 135691, 147204, 129217, 119422, 129705, 123791, 121694, 120977, 105158, 104605, 89161, 94750, 104110, 103402, 99771, 85773, 86801, 95395, 87070, 79888, 83406, 75481, 71734, 57691, 67247, 72280, 76428, 72414, 75913, 72906, 69285, 67997, 54938, 54030, 53691, 51256, 52340, 53086, 50156, 49838, 47091, 54019, 49998, 53003, 54470, 55784, 55285, 54282, 54827, 54389, 50505, 54756, 58066, 64932, 63855, 64847, 62167, 65289, 65930, 66191, 72207, 69049, 64835, 71568, 82991, 85482, 97099, 91298, 98041, 104011, 112914, 119973, 118982, 121039, 121679, 117590, 123603, 132519, 114151, 103869, 107717, 123641, 128762, 135600, 132335, 23627], "totalLength": 15853075.858827591, "solsticeLength": 153196.92878302903, "sun_azimuth": 133.12193054630094, "ratio": 96}