{"hist": [48515, 48791, 58258, 56924, 56853, 45303, 42907, 38685, 49218, 45005, 34387, 45912, 39599, 32692, 40201, 36089, 33192, 29727, 38720, 38916, 37034, 38597, 32206, 33898, 41804, 40641, 39314, 39631, 42623, 36295, 40399, 45959, 44679, 43218, 35533, 34799, 41028, 38281, 30529, 32932, 38063, 38233, 36669, 39071, 37811, 37151, 40431, 40882, 57733, 53856, 51234, 49131, 47223, 40898, 39781, 47065, 41308, 39396, 50253, 47879, 49438, 47185, 53911, 63316, 50915, 61091, 48430, 50135, 59154, 57383, 62976, 54590, 60319, 52759, 58608, 77950, 57316, 71719, 61207, 63226, 63700, 53499, 49001, 59618, 59054, 62173, 56387, 66721, 66311, 61143, 69708, 56689, 52596, 64031, 57177, 46470, 44918, 43962, 50660, 44731, 36652, 44951, 37466, 36692, 36568, 39832, 37748, 41042, 33778, 39209, 30909, 31100, 35984, 29914, 44401, 35928, 37768, 39353, 35832, 37005, 36357, 30946, 30770, 41033, 34055, 38687, 33396, 28539, 28322, 29143, 29580, 33061, 31113, 39209, 34826, 42973, 34514, 26518, 39423, 46571, 32907, 33556, 42396, 37988, 36585, 32700, 32092, 33227, 41491, 38921, 39556, 39069, 44134, 39838, 41993, 41337, 41735, 41226, 39479, 42417, 48169, 45685, 50269, 39533, 51992, 54107, 49617, 45989, 48605, 44855, 39703, 47693, 47305, 54420, 49164, 48311, 54132, 54642, 52251, 39244, 15668], "totalLength": 7978796.903925951, "solsticeLength": 115717.35548581461, "sun_azimuth": 117.81375540863152, "ratio": 145}