{"hist": [410746, 392310, 843468, 404028, 162315, 124070, 115484, 102305, 96145, 95716, 89107, 83854, 89691, 94413, 82070, 85345, 89122, 117350, 118040, 84800, 92903, 135096, 191107, 103399, 92777, 118071, 101149, 97606, 157778, 130707, 124846, 253650, 131326, 85139, 75751, 64319, 63655, 59130, 62117, 65770, 67168, 78418, 86342, 91873, 82055, 72667, 84370, 184679, 98890, 69045, 66780, 59363, 74856, 76850, 75510, 73110, 69677, 71898, 72773, 128741, 121987, 197107, 240077, 493149, 256590, 127061, 123901, 115879, 94589, 93734, 108712, 118718, 120179, 99817, 92714, 108425, 115229, 108892, 111203, 111389, 115938, 117486, 139273, 173493, 231986, 359751, 804213, 2805292, 4477968, 1425369, 550176, 454870, 923855, 392399, 151945, 118396, 118975, 107047, 92035, 92449, 95538, 103690, 114423, 98894, 85355, 97159, 106710, 220383, 224415, 119475, 92708, 100550, 154029, 104273, 98224, 85375, 90296, 97231, 188974, 136928, 117681, 204140, 150012, 104681, 72218, 67230, 80114, 87603, 71644, 70963, 71285, 73232, 89516, 105128, 89892, 76692, 87254, 145094, 129936, 84486, 76657, 71637, 76337, 79600, 101933, 86642, 67917, 67678, 71855, 88540, 102510, 271970, 220470, 483103, 651816, 217841, 124395, 138361, 80129, 79033, 108797, 86848, 93495, 85274, 85131, 80304, 88865, 88025, 102576, 136115, 122961, 114648, 120702, 154449, 209298, 311491, 718219, 2968621, 5974700, 1448504, 69293], "totalLength": 44904265.56231251, "solsticeLength": 465277.3356822374, "sun_azimuth": 121.7529030878963, "ratio": 103}