{"hist": [24402, 20849, 19011, 20205, 17803, 15536, 15804, 16927, 25012, 20438, 12909, 11421, 10109, 9002, 10289, 8322, 10719, 11143, 9590, 8027, 7698, 9043, 11904, 6610, 6833, 9673, 7541, 14235, 9795, 7105, 6824, 6680, 7955, 5313, 5437, 5265, 5512, 7771, 8643, 8101, 6061, 5387, 6789, 7474, 6317, 6290, 15047, 10081, 7430, 5409, 9549, 6371, 5881, 7735, 9671, 8359, 9756, 12423, 10221, 7376, 6390, 7528, 9296, 8065, 7679, 8416, 12825, 8201, 11239, 13263, 17180, 17453, 20189, 21564, 19207, 21492, 15112, 19728, 20597, 19870, 22792, 21286, 22657, 25885, 23048, 23391, 28407, 37641, 48543, 37625, 44040, 28765, 21920, 19680, 21070, 20873, 20994, 23113, 25051, 18978, 20335, 16302, 15353, 14670, 10997, 11641, 11409, 10563, 10011, 7900, 10566, 9559, 8937, 6303, 6953, 8707, 6980, 11664, 8141, 9760, 8454, 7427, 6167, 6743, 5326, 5375, 5024, 8786, 7534, 6333, 8622, 7304, 8059, 9040, 7794, 5966, 6989, 6989, 7400, 8850, 5471, 7695, 9888, 11701, 9481, 10729, 9689, 12520, 9424, 10220, 9149, 10318, 11284, 10188, 11479, 11583, 10670, 15046, 14819, 17130, 18315, 14779, 17667, 19153, 21532, 20653, 20581, 18501, 16844, 21570, 20828, 23263, 25041, 24126, 23911, 20684, 26008, 28926, 32027, 32439, 15043], "totalLength": 2481529.1356740086, "solsticeLength": 22757.335721435822, "sun_azimuth": 115.31689779526332, "ratio": 91}