{"hist": [212817, 291166, 216271, 173611, 161334, 175943, 149636, 171777, 153652, 152821, 189918, 169844, 140901, 130224, 168928, 134830, 142918, 140848, 129281, 104193, 153768, 147788, 226745, 190335, 153926, 179425, 141496, 156529, 173749, 168898, 266858, 267855, 409687, 415494, 322807, 238864, 303300, 298504, 214674, 309366, 312808, 182999, 165501, 140001, 167807, 232790, 187501, 176930, 234794, 183847, 181233, 172904, 224489, 148052, 132025, 131858, 122071, 149889, 153599, 164221, 122717, 112036, 137252, 159146, 157593, 239308, 201532, 184158, 138372, 165936, 189323, 168259, 264194, 156980, 154179, 139685, 191816, 175234, 176008, 154293, 153104, 211103, 205785, 157304, 178781, 171821, 203076, 410997, 308853, 322694, 304505, 338142, 230098, 214206, 193335, 176631, 165504, 155752, 278974, 210921, 192815, 171394, 149706, 140583, 245946, 183991, 220118, 190934, 141091, 145867, 158696, 150924, 245656, 208386, 238891, 202264, 212921, 157360, 206351, 198264, 215908, 314164, 384987, 341473, 246480, 225011, 274059, 339309, 258579, 257442, 417589, 256341, 166602, 143741, 154073, 149804, 178409, 147097, 197858, 217513, 147207, 159253, 172949, 137761, 121270, 138380, 121977, 140162, 156293, 158228, 114916, 103060, 109171, 153289, 157114, 178956, 120538, 136948, 124748, 146127, 150777, 163441, 200759, 175621, 138395, 118370, 182562, 118062, 128598, 133206, 105986, 171129, 202183, 133744, 155425, 127710, 192040, 407548, 270630, 241050, 55948], "totalLength": 34616123.23734948, "solsticeLength": 648416.7758424409, "sun_azimuth": 115.4641566737688, "ratio": 187}