{"hist": [5094242, 251702, 99080, 60683, 46901, 41963, 38184, 36247, 39180, 33862, 34471, 29893, 33386, 30796, 30691, 31575, 28478, 26891, 28024, 32704, 29923, 31079, 27923, 33157, 25777, 28840, 27962, 21557, 26587, 26571, 22578, 20945, 23143, 25789, 29159, 35669, 29756, 29885, 28366, 25209, 24566, 21149, 37492, 31602, 27751, 35153, 31626, 26603, 26141, 29443, 31708, 26188, 23226, 22823, 34948, 29892, 31738, 29428, 36399, 28870, 33139, 26211, 27002, 24188, 38681, 24245, 23933, 35238, 35937, 34265, 27288, 29143, 30047, 37924, 39698, 34073, 33150, 36046, 37672, 36963, 45591, 42953, 42540, 43690, 50802, 68567, 66456, 106891, 246953, 3264545, 3526139, 275271, 106466, 65829, 53574, 48627, 41266, 48107, 44206, 48067, 33681, 35810, 36919, 31438, 37209, 43850, 34890, 27575, 31984, 33237, 31482, 43812, 40288, 29542, 26480, 31200, 40229, 25715, 25053, 29433, 25482, 33851, 47632, 42365, 38826, 37103, 33925, 30384, 32538, 29942, 28344, 29761, 26672, 38131, 36802, 45269, 24465, 26028, 28829, 21788, 21448, 21242, 22800, 21048, 28348, 26246, 25770, 26273, 33065, 28781, 38882, 38270, 33291, 31820, 27096, 26639, 31849, 36322, 43286, 29576, 27556, 28873, 26077, 32093, 32171, 37485, 36195, 49847, 35022, 39689, 42908, 33933, 39186, 44348, 47732, 49658, 62564, 100363, 250730, 5368061, 94799], "totalLength": 24466352.62194017, "solsticeLength": 88144.10277541458, "sun_azimuth": 130.46825178958923, "ratio": 36}