{"hist": [566486, 344094, 70305, 29257, 19964, 16836, 15647, 12381, 12455, 11834, 12547, 14438, 15141, 14255, 13566, 10614, 15063, 11715, 12242, 11809, 12865, 10903, 12658, 12117, 12503, 12633, 23462, 22183, 10492, 14189, 11278, 15618, 15827, 18182, 40011, 75331, 49332, 32391, 18896, 12206, 10284, 10114, 8092, 8264, 10020, 7229, 7053, 8480, 9219, 7166, 9703, 10607, 8550, 7972, 8716, 19349, 13948, 17577, 10523, 8903, 8957, 10168, 10012, 7487, 9432, 8377, 9290, 8904, 8012, 9403, 8859, 11481, 8962, 8342, 8196, 15188, 13607, 11557, 12449, 13858, 12812, 10912, 12532, 12267, 14240, 14098, 17722, 22964, 48597, 193330, 571797, 318661, 78414, 33972, 26001, 16562, 16880, 13098, 13482, 13194, 14410, 12134, 11834, 12467, 13062, 13813, 10581, 14406, 15289, 14754, 14520, 14071, 11993, 11145, 12029, 13970, 17940, 20105, 16579, 12204, 9495, 11878, 16737, 19314, 34394, 54152, 42015, 27991, 20477, 14666, 13762, 10257, 10756, 7373, 9069, 10013, 9139, 9364, 9535, 8202, 7148, 6790, 7118, 8591, 8328, 10075, 12688, 22563, 11763, 8889, 8078, 7506, 9437, 8741, 6858, 7721, 7601, 7954, 8774, 7819, 9175, 8878, 8301, 12927, 10992, 10152, 10760, 10340, 10045, 11472, 11542, 15654, 13954, 13751, 16564, 16096, 19203, 24864, 43809, 147431, 24646], "totalLength": 4790561.711113551, "solsticeLength": 38844.49471557859, "sun_azimuth": 119.51038805884103, "ratio": 81}