{"hist": [22994, 30009, 29257, 28675, 27729, 28991, 25886, 26064, 31311, 30679, 30918, 30548, 26568, 28871, 33681, 32579, 33294, 32294, 32332, 35025, 33543, 35991, 37929, 40975, 44109, 46000, 50100, 51177, 58973, 68154, 73814, 78797, 82911, 68785, 64298, 51972, 48682, 42458, 42604, 34424, 36251, 35780, 34200, 30639, 32969, 30111, 30617, 29511, 28946, 25994, 28139, 25454, 24605, 24868, 23755, 27702, 27711, 24094, 25575, 25275, 22165, 21813, 22793, 23257, 20792, 20487, 21596, 21398, 20495, 22073, 20937, 24708, 23543, 23700, 22682, 24180, 21852, 25576, 22402, 23366, 24316, 21427, 23750, 24957, 25910, 25484, 22077, 22377, 26257, 23654, 36273, 26137, 24342, 27324, 25370, 24689, 25347, 27502, 29462, 29939, 24407, 27356, 29864, 30452, 26645, 30703, 32821, 28254, 28595, 29156, 28310, 30761, 35053, 37532, 35393, 39384, 47842, 44192, 45956, 59040, 70110, 71274, 73732, 71933, 59540, 54891, 44493, 44691, 41047, 36801, 35870, 36167, 31420, 31465, 31050, 29385, 30731, 27514, 29387, 24321, 25327, 23885, 23461, 24266, 25532, 34676, 28023, 25994, 25012, 21964, 23291, 23809, 23446, 21898, 23149, 23444, 22155, 25373, 23922, 22311, 23246, 25034, 23169, 25423, 20085, 22224, 22616, 23639, 24510, 23772, 23651, 24722, 22922, 24533, 26333, 26592, 25678, 28333, 27923, 23423, 13756], "totalLength": 5752156.408619227, "solsticeLength": 218168.9215887274, "sun_azimuth": 122.4496506851293, "ratio": 379}