{"hist": [63159, 68371, 61960, 62812, 54094, 49235, 45908, 47745, 52142, 60051, 56322, 54740, 54743, 52252, 47057, 41388, 44312, 40206, 47605, 46281, 44261, 46853, 50293, 47536, 48892, 44878, 40003, 40938, 44011, 48481, 48716, 43561, 43639, 41941, 42632, 39468, 31297, 40339, 39815, 42368, 42560, 38929, 36422, 36427, 37222, 34008, 36182, 35943, 39461, 44449, 38553, 35649, 40911, 44171, 41295, 44379, 35848, 40093, 39422, 36670, 36805, 41032, 42737, 44823, 38713, 40853, 45422, 37687, 39221, 36949, 48793, 46396, 46788, 55592, 48585, 49960, 45470, 51460, 45860, 49815, 55136, 62091, 47080, 52630, 58326, 65886, 59365, 64251, 65930, 68872, 77424, 69362, 62800, 59907, 62548, 51296, 54571, 47112, 52123, 64790, 69697, 52307, 55286, 54750, 54439, 46653, 50058, 46063, 49327, 53362, 49841, 55227, 55433, 54391, 50054, 57088, 58390, 52109, 51910, 51952, 54695, 47083, 52341, 42195, 50213, 49978, 42755, 44786, 39917, 40666, 41491, 42495, 41109, 41922, 42362, 45338, 44980, 38991, 41874, 44327, 34057, 35332, 39761, 39879, 38599, 43742, 38327, 43118, 39822, 39976, 38993, 37209, 39162, 41406, 41656, 42298, 45223, 41534, 35975, 38609, 40381, 49547, 46091, 49614, 44439, 48835, 45121, 47225, 50338, 46968, 45040, 45926, 49758, 52410, 57209, 47320, 50141, 52553, 59649, 58332, 9669], "totalLength": 8542550.801924814, "solsticeLength": 126112.12580309165, "sun_azimuth": 131.21126708825992, "ratio": 147}