{"hist": [21495, 24769, 26601, 26247, 27873, 28373, 27940, 27452, 24682, 24962, 25547, 30656, 26931, 27781, 27768, 24776, 27748, 28522, 40019, 32271, 29577, 27842, 26106, 25462, 26311, 26209, 25083, 24787, 24530, 23685, 24944, 25726, 26354, 26314, 25313, 23977, 24541, 24484, 25879, 24494, 24083, 26703, 22741, 23095, 24418, 23433, 21445, 22392, 22822, 22000, 23761, 22247, 22695, 24352, 23966, 22847, 22968, 22419, 21461, 26071, 22700, 23741, 22461, 21522, 22888, 21088, 22387, 22457, 24426, 23476, 23147, 23955, 23464, 24236, 23688, 24383, 21462, 21586, 20905, 19772, 21817, 20552, 21560, 20721, 19130, 22472, 22932, 23388, 23103, 21079, 33213, 25032, 22444, 23900, 23448, 21306, 21914, 22524, 22210, 22017, 23056, 28469, 23956, 23542, 25363, 27267, 25237, 27202, 34043, 32098, 29349, 26552, 24269, 23868, 22587, 21902, 22379, 20780, 21791, 22756, 20854, 21825, 20212, 23055, 22575, 22434, 22155, 22354, 21189, 22770, 23408, 22566, 21589, 21086, 21088, 20521, 22233, 22318, 20607, 22057, 24037, 23157, 21711, 22581, 22055, 22813, 23970, 22101, 22211, 23411, 22182, 21342, 21552, 22058, 22591, 21569, 22536, 21633, 23718, 21703, 22969, 22444, 22671, 25602, 26750, 24880, 24082, 24885, 23630, 24067, 23667, 24796, 25788, 25170, 22072, 24293, 24215, 25440, 25842, 23092, 16391], "totalLength": 4333585.937002798, "solsticeLength": 65081.994844473236, "sun_azimuth": 122.86306837521182, "ratio": 150}