{"hist": [44873, 51901, 55780, 60600, 54606, 54390, 51901, 50609, 50287, 53262, 50892, 54251, 52439, 51071, 52080, 53390, 54149, 50267, 51415, 53251, 49142, 50564, 52915, 53572, 52192, 54361, 54497, 54776, 54906, 53519, 54537, 56782, 55188, 52346, 52532, 56968, 55678, 53707, 54094, 55089, 63153, 57626, 58166, 56023, 58637, 58145, 54209, 52673, 52235, 52856, 57194, 54244, 54710, 55298, 56493, 54953, 56042, 56300, 58870, 55302, 58349, 54902, 58375, 54904, 55846, 55453, 56184, 54519, 57528, 56327, 58725, 57887, 61480, 60583, 57151, 58084, 53891, 53915, 54733, 60439, 65362, 57800, 52147, 53403, 57350, 58364, 55833, 60111, 61696, 46614, 72340, 53358, 58649, 61989, 59392, 55392, 58288, 52951, 54369, 55445, 57348, 49719, 55556, 49142, 50583, 46872, 46929, 51912, 52875, 52255, 46910, 47466, 50593, 48182, 45825, 48231, 51543, 51256, 53085, 49515, 51062, 48847, 49650, 45022, 46726, 51756, 47446, 45822, 46095, 46761, 49885, 51983, 48996, 46397, 47771, 49140, 48243, 46831, 46346, 44264, 44565, 46726, 49940, 48376, 48219, 46480, 44443, 46629, 46734, 49686, 49684, 45568, 46165, 48539, 48845, 45122, 46321, 51334, 46391, 45564, 50340, 49187, 50687, 52671, 51001, 50811, 47506, 47427, 49975, 47007, 54720, 53606, 47544, 49314, 50544, 54928, 46525, 52884, 56262, 42341, 25657], "totalLength": 9483230.73568934, "solsticeLength": 147498.7870361162, "sun_azimuth": 122.13756568157308, "ratio": 155}