{"hist": [53857, 56102, 47323, 49239, 45964, 44328, 43394, 44033, 44823, 47009, 51317, 54182, 51235, 42136, 45315, 45044, 44357, 43975, 45679, 43590, 44791, 45206, 46884, 45262, 41682, 43393, 44333, 41113, 45765, 43481, 39341, 36546, 39928, 41944, 40398, 40155, 40546, 41623, 39963, 38847, 39017, 40561, 41415, 42995, 43869, 46623, 41689, 42283, 44523, 42964, 40949, 40767, 39893, 42249, 41534, 45683, 43250, 45444, 43186, 45559, 47318, 46403, 49967, 46997, 46352, 40537, 44753, 45226, 47559, 53210, 44806, 49605, 48404, 53293, 53387, 49718, 53567, 50924, 53313, 48327, 52324, 50865, 55135, 58262, 57455, 64534, 62034, 61029, 66266, 62530, 85250, 65542, 59152, 58694, 51257, 53556, 54294, 56520, 55994, 58239, 61520, 68208, 62920, 59676, 62354, 55638, 50742, 54159, 51946, 56518, 55825, 54604, 55911, 54559, 47823, 53204, 51144, 49487, 45737, 49911, 47375, 50904, 45774, 47305, 41834, 42159, 39935, 45281, 45097, 47907, 41171, 42559, 42547, 36573, 41588, 40160, 38285, 39041, 38873, 38025, 38452, 34421, 39430, 37999, 37141, 35722, 38149, 39937, 38940, 40649, 40133, 40226, 41974, 40838, 43066, 36701, 40501, 33206, 36118, 36224, 40102, 39392, 42085, 41808, 42267, 43057, 46882, 46188, 42925, 43564, 40163, 40297, 39605, 48807, 45258, 46669, 45717, 49171, 57868, 54237, 17086], "totalLength": 8438495.515461098, "solsticeLength": 119718.68601930187, "sun_azimuth": 133.2242331196894, "ratio": 141}