{"hist": [49065, 54868, 43005, 38345, 41970, 41981, 39087, 38860, 39683, 39106, 38274, 39466, 42228, 37904, 40840, 41880, 39967, 37178, 34608, 36640, 37996, 37238, 39137, 37614, 38879, 38559, 39618, 37870, 36594, 39624, 37868, 35992, 32145, 30984, 33195, 32588, 34600, 33048, 33002, 36899, 37515, 37018, 36090, 35593, 39420, 36718, 42531, 46086, 37011, 36380, 35983, 33681, 34893, 40335, 39459, 40443, 33475, 36313, 35364, 35629, 40766, 39595, 39994, 37714, 39455, 39339, 41798, 43434, 42233, 38080, 36617, 38133, 39401, 41972, 39503, 42770, 48387, 50264, 39508, 42157, 43880, 41282, 40602, 38540, 38750, 45908, 54663, 58471, 49187, 52221, 65574, 51241, 42042, 36683, 37633, 38259, 34206, 37111, 35298, 33175, 34027, 36546, 33594, 35967, 34248, 35803, 36198, 35426, 32098, 34581, 33252, 37720, 34314, 32629, 35291, 39498, 34273, 33310, 32394, 33119, 33246, 32230, 35473, 33504, 33053, 34310, 33854, 33243, 33905, 35358, 33605, 34513, 34452, 34540, 33454, 35183, 36013, 44998, 37400, 40890, 35481, 36420, 36843, 38224, 40473, 39059, 36268, 36094, 35395, 36210, 37935, 39337, 44821, 45214, 41144, 43143, 42659, 47621, 41897, 40784, 35948, 40775, 42556, 44427, 39985, 46325, 54149, 52433, 45815, 45043, 42580, 42029, 42180, 40734, 39320, 45863, 56957, 57651, 52799, 50196, 12991], "totalLength": 7107568.221339716, "solsticeLength": 110849.36740857385, "sun_azimuth": 140.75933879318248, "ratio": 155}