{"hist": [313869, 174066, 146674, 146137, 119963, 117044, 121095, 111611, 108708, 115553, 101660, 98284, 110090, 98017, 93176, 123068, 108728, 100526, 112947, 99488, 98300, 115099, 100077, 102909, 112789, 97710, 99840, 109777, 99532, 96875, 108861, 99785, 96885, 107405, 93869, 89216, 103912, 91502, 94310, 111050, 91385, 89132, 100203, 88404, 123445, 97096, 93309, 98078, 99928, 85796, 90654, 101777, 88498, 89731, 101592, 93185, 89456, 103220, 89249, 88364, 101454, 95420, 84955, 109240, 88600, 90652, 105808, 91224, 89654, 107200, 89979, 88930, 103086, 96824, 90624, 106968, 89170, 95738, 104657, 116303, 100193, 118060, 106033, 104367, 120611, 111273, 112466, 131045, 136431, 192189, 354606, 149272, 111460, 127135, 105906, 101447, 114284, 97811, 101231, 114352, 100761, 95042, 108186, 96435, 105940, 120931, 114669, 106303, 118857, 107255, 96596, 120836, 105555, 105436, 113235, 102085, 111466, 116200, 105672, 104444, 115356, 104075, 102361, 120230, 109166, 103459, 116721, 103418, 109773, 116936, 107708, 115662, 133678, 119476, 105694, 162170, 118690, 116058, 135156, 116768, 116629, 132025, 121954, 116775, 123502, 115583, 113992, 118052, 104824, 113495, 123699, 112141, 106521, 133914, 111964, 110771, 121632, 105215, 103794, 120301, 105949, 102919, 118155, 104632, 103537, 116903, 113302, 107185, 124487, 131205, 114656, 132035, 115845, 115596, 133537, 130678, 135209, 162542, 183432, 247843, 152168], "totalLength": 20576724.761307623, "solsticeLength": 323667.0306516573, "sun_azimuth": 120.47755650569317, "ratio": 157}