{"hist": [163500, 177015, 172939, 155695, 152965, 146986, 150993, 137337, 134129, 136002, 147402, 131286, 130240, 126507, 131780, 130377, 132003, 124116, 121555, 130967, 122977, 118118, 122737, 131574, 126406, 126676, 137366, 124901, 128476, 120736, 126885, 123800, 132073, 127593, 127801, 110638, 113930, 115255, 117394, 113815, 110198, 107756, 109846, 114864, 119394, 115358, 107931, 111842, 107935, 109655, 104634, 110929, 107256, 99369, 101047, 102387, 105716, 108649, 119603, 117162, 115143, 123071, 117555, 119662, 117911, 117597, 111129, 115867, 130222, 146174, 130310, 120621, 115392, 127545, 114258, 116401, 111819, 106833, 114887, 111153, 120552, 110329, 120889, 125061, 126708, 129849, 142150, 152929, 160729, 159189, 213894, 176344, 158088, 152535, 149244, 145310, 146060, 135417, 128459, 122901, 117787, 113306, 115178, 116838, 125068, 119845, 122096, 122534, 115182, 134625, 117734, 118290, 125111, 129349, 118318, 124377, 139021, 137900, 135566, 116178, 145819, 127369, 117869, 112457, 103697, 113168, 117688, 134341, 118157, 105887, 117175, 108477, 111616, 114489, 102817, 114391, 115218, 112721, 118978, 117955, 119388, 111237, 115089, 107949, 107385, 111265, 117723, 127433, 129761, 125010, 117759, 111015, 115724, 110788, 130420, 123522, 126813, 122887, 121042, 129408, 130695, 124472, 123933, 130172, 124964, 130296, 120090, 128268, 121827, 124241, 129099, 123711, 130912, 129188, 144973, 150397, 162025, 166625, 169285, 166512, 62165], "totalLength": 22724814.83228682, "solsticeLength": 390841.001015031, "sun_azimuth": 120.89050974291214, "ratio": 171}