{"hist": [256574, 210913, 182543, 160750, 160471, 151257, 173148, 185782, 178117, 166798, 208592, 180160, 167220, 150734, 161368, 161144, 153554, 136126, 118857, 141150, 158379, 137146, 131078, 144880, 164602, 143272, 127432, 134178, 135422, 126067, 159741, 124083, 139169, 155969, 104829, 112563, 127646, 128519, 107717, 129176, 121203, 111842, 127151, 112861, 133424, 110592, 130627, 114171, 112436, 152837, 146624, 128224, 149746, 148798, 128450, 131112, 123809, 120466, 142650, 136990, 124530, 129458, 133573, 168358, 176102, 143575, 132647, 157618, 153764, 131843, 158252, 146534, 148026, 174557, 150965, 144514, 138569, 160440, 188136, 169051, 184919, 201399, 238590, 178753, 183868, 189187, 173457, 180166, 231618, 329797, 358428, 198291, 199777, 161690, 173929, 173732, 148479, 166101, 177286, 172571, 202210, 212985, 159267, 143315, 170384, 172141, 142981, 136026, 148902, 161100, 142876, 158011, 124360, 127225, 167384, 138859, 128974, 141880, 165768, 131273, 154141, 170334, 147568, 127998, 111581, 104535, 121185, 147633, 134923, 153447, 138636, 117564, 124005, 114207, 115825, 128574, 117736, 127652, 111188, 126234, 135011, 145766, 143029, 117418, 136138, 122945, 119755, 122411, 137900, 156306, 114216, 120084, 157108, 185253, 143979, 129025, 121944, 133059, 135942, 113778, 108196, 128691, 121610, 131682, 118558, 126004, 119402, 138864, 180934, 175997, 142829, 156128, 198728, 184606, 157921, 172275, 191112, 175345, 221733, 319706, 66223], "totalLength": 27432277.915616944, "solsticeLength": 417414.4761570474, "sun_azimuth": 116.75316363431195, "ratio": 152}