{"hist": [90139, 48987, 40363, 39836, 36187, 34953, 33856, 29941, 30995, 30359, 30837, 31105, 31285, 32560, 33871, 28748, 29272, 33086, 31537, 32329, 29353, 39465, 33727, 30630, 29224, 31679, 28561, 28698, 27098, 28168, 27212, 24324, 26639, 29801, 25533, 30034, 24143, 28274, 29931, 23746, 27019, 29956, 26553, 28804, 28199, 27849, 26101, 25769, 24922, 25991, 24320, 26907, 28450, 26069, 27882, 24502, 23222, 25259, 23844, 28498, 27192, 23925, 26116, 31801, 30331, 26016, 24235, 24783, 28456, 22688, 26252, 27133, 27915, 26782, 25188, 27988, 23481, 22244, 26601, 26919, 23421, 25781, 25926, 28461, 27758, 27219, 32087, 36607, 37855, 69876, 119293, 52034, 37038, 35467, 29003, 31693, 30679, 33568, 30885, 27727, 29275, 27822, 30392, 30293, 38131, 37811, 33452, 29755, 36420, 34421, 33304, 44585, 30258, 30611, 26292, 30618, 26579, 30942, 26913, 27139, 27437, 23287, 28851, 27799, 29863, 27030, 26121, 29597, 27312, 24641, 27501, 24295, 25344, 28898, 28108, 26012, 30083, 25030, 30588, 24689, 31548, 30765, 35749, 29293, 28919, 29440, 29255, 29735, 26569, 32378, 31720, 35625, 31383, 30438, 30999, 30562, 30601, 33473, 31588, 32320, 34063, 30421, 30671, 31796, 34837, 34620, 32022, 28756, 30061, 33313, 37584, 30234, 28411, 34802, 32008, 33535, 36743, 40338, 42087, 61854, 11529], "totalLength": 5634658.22152456, "solsticeLength": 82231.48996178804, "sun_azimuth": 127.69839151509564, "ratio": 145}