{"hist": [50354, 64645, 54760, 37552, 39940, 42327, 41204, 30274, 35956, 37747, 54594, 64511, 36701, 48247, 30709, 47245, 38179, 36425, 41800, 45649, 40857, 30543, 31286, 27826, 24705, 31837, 22408, 25501, 36506, 47193, 55122, 42019, 31589, 37900, 45913, 35979, 29356, 38472, 71612, 72107, 124407, 111730, 53577, 44055, 43320, 31916, 39121, 45765, 89254, 74296, 57612, 42785, 40367, 46158, 45515, 47061, 43810, 33715, 34532, 44077, 49225, 45407, 54650, 50840, 44873, 36445, 32218, 35556, 36352, 31195, 33648, 56857, 49659, 44581, 46794, 52408, 58965, 176409, 78550, 48874, 35921, 31426, 33049, 40795, 41873, 45493, 134340, 88341, 62286, 47298, 71112, 50393, 62657, 39423, 33596, 35014, 34223, 28456, 32969, 35380, 34731, 34180, 24563, 29217, 25068, 31068, 30658, 31714, 33676, 29998, 30339, 22052, 23569, 30395, 32521, 24227, 21082, 22106, 30496, 43886, 42529, 39142, 37818, 34963, 46496, 45995, 34857, 39595, 50215, 62281, 113962, 193340, 50052, 43946, 57505, 51715, 43033, 78372, 97484, 73812, 63545, 50055, 57604, 63072, 50577, 32956, 42696, 48494, 43829, 44957, 50938, 52733, 44901, 53287, 50800, 35174, 34187, 49035, 35905, 35651, 46911, 51040, 45549, 36557, 39291, 57336, 59693, 131806, 94685, 52931, 37125, 34696, 38855, 59023, 52841, 55519, 128201, 112570, 50933, 55080, 16800], "totalLength": 8818757.707119703, "solsticeLength": 78059.47612603093, "sun_azimuth": 115.566650492454, "ratio": 88}