{"hist": [92003, 85682, 82990, 98549, 94518, 83741, 79604, 81207, 76543, 83325, 79458, 72080, 71241, 72211, 83113, 90695, 77284, 77070, 74130, 74178, 74415, 74669, 95038, 79694, 78500, 83895, 82105, 87686, 88611, 76994, 78177, 89790, 98136, 80593, 85499, 83585, 77597, 77011, 72813, 92172, 74959, 70739, 72694, 74305, 74263, 72290, 82164, 85123, 82221, 75030, 68607, 73164, 70186, 68631, 69360, 76752, 76339, 88356, 88490, 77716, 72010, 74900, 76476, 73530, 72065, 73049, 72117, 80349, 86076, 82635, 77381, 77716, 79832, 77735, 78783, 83944, 79434, 74945, 77170, 76945, 80176, 83100, 85582, 85330, 87941, 81795, 85262, 88248, 90642, 100060, 117629, 95699, 89183, 104521, 97109, 80863, 75213, 78747, 77120, 76679, 78728, 73965, 74474, 73540, 87178, 88040, 78536, 73505, 74081, 75282, 69840, 77024, 98470, 91082, 78108, 88475, 79488, 72559, 78597, 73175, 67903, 78847, 100573, 79784, 84359, 79782, 74147, 72416, 74228, 72070, 69555, 63726, 61440, 74822, 71381, 69710, 70123, 69196, 73177, 67007, 63106, 62581, 60765, 68615, 67799, 63573, 59892, 69238, 64856, 67803, 65147, 67343, 65879, 63430, 62072, 64024, 65924, 63513, 68434, 67050, 66388, 69369, 62692, 66785, 67340, 70263, 64090, 63703, 70066, 66413, 66437, 77663, 73019, 79753, 85660, 80181, 80873, 87687, 89057, 97821, 14378], "totalLength": 13975149.744579324, "solsticeLength": 236088.76656014367, "sun_azimuth": 126.03589615035786, "ratio": 168}