{"hist": [23322, 28389, 27687, 26502, 25637, 28201, 29004, 26898, 26783, 26873, 28905, 28907, 27266, 26295, 31791, 29413, 25559, 28529, 28473, 29466, 26319, 29665, 27312, 25841, 25059, 24935, 25882, 27155, 19852, 21372, 21605, 22124, 21278, 19580, 19532, 20241, 19198, 19502, 18733, 19365, 17512, 18154, 15562, 17629, 17055, 16397, 17236, 17275, 16016, 15755, 15174, 15388, 15549, 15952, 15664, 15864, 14989, 13766, 12956, 15260, 16110, 16115, 14894, 16294, 14741, 15732, 14517, 14345, 15702, 14950, 17113, 15767, 14560, 15874, 16198, 15415, 15734, 16571, 18025, 20632, 17303, 20011, 17958, 16670, 18418, 19292, 19807, 19999, 22750, 19447, 32503, 24598, 25053, 28305, 28073, 28984, 26079, 23687, 25517, 24149, 25712, 22875, 26883, 26427, 28636, 24730, 27307, 26457, 27062, 25733, 24593, 24886, 26460, 25331, 22736, 23793, 22361, 26248, 23891, 24395, 22605, 20403, 19358, 19472, 20010, 20441, 18984, 19526, 16524, 17789, 18253, 19255, 17078, 17248, 18384, 16838, 15616, 15547, 17062, 16197, 17487, 16740, 16263, 15787, 16715, 17017, 18667, 16079, 16261, 18362, 17376, 16258, 17076, 16654, 17677, 16672, 16444, 17663, 16848, 18786, 16876, 16696, 16089, 16422, 17496, 17345, 15293, 17891, 18544, 19577, 19186, 19456, 21079, 19274, 19873, 22138, 23485, 24262, 24588, 19020, 13504], "totalLength": 3717617.4880570197, "solsticeLength": 70106.67353516268, "sun_azimuth": 116.18000147992115, "ratio": 188}