{"hist": [7941, 9441, 9755, 8341, 8070, 11114, 9406, 12130, 11186, 11975, 10591, 10557, 11796, 8486, 10875, 9500, 8476, 8676, 10175, 11467, 10445, 10371, 9964, 9321, 8130, 11068, 10259, 8017, 7462, 7965, 8910, 5957, 7369, 7216, 6218, 7646, 6042, 7580, 8141, 8053, 8864, 8503, 7964, 7515, 7737, 5726, 7874, 8750, 6582, 5579, 8592, 6372, 6712, 9299, 4883, 8097, 6911, 7229, 7195, 6717, 7250, 7056, 6196, 7478, 6366, 5558, 6472, 6575, 8389, 7246, 7437, 6845, 8383, 7766, 8423, 6325, 7014, 7399, 7846, 5457, 7232, 7825, 8448, 8411, 8191, 10005, 7959, 7997, 8742, 5812, 10332, 7949, 7114, 9595, 9220, 7709, 9727, 8123, 8546, 9058, 7947, 8593, 10333, 8500, 7707, 8784, 8907, 11516, 10025, 10005, 11193, 12395, 10582, 9959, 11057, 10236, 10816, 10235, 11282, 11456, 9359, 10421, 10345, 9410, 11720, 10898, 11147, 8980, 8964, 10950, 9958, 10417, 10834, 11189, 9104, 12130, 10396, 9102, 10804, 8700, 7811, 8968, 10324, 10050, 10726, 9377, 10421, 10673, 11737, 8279, 12127, 8346, 10062, 10355, 7296, 9786, 9203, 7359, 8361, 8381, 9796, 10917, 10575, 7237, 8712, 9909, 8023, 11377, 10188, 9365, 9565, 11630, 12369, 11482, 10060, 9857, 9094, 9384, 8973, 5859, 4502], "totalLength": 1617632.9028548228, "solsticeLength": 31545.342366290202, "sun_azimuth": 113.48443317302977, "ratio": 195}