{"hist": [104486, 95153, 75519, 68110, 53626, 53198, 44309, 45979, 52017, 51649, 47340, 48989, 49001, 53007, 64971, 51769, 52837, 51528, 46105, 53751, 46915, 55394, 66171, 52554, 50520, 52566, 89896, 39177, 39567, 38840, 41362, 44413, 49837, 46996, 43974, 45737, 54681, 43919, 39120, 38988, 80759, 76185, 60973, 74224, 71797, 51465, 39452, 37476, 40768, 46816, 41405, 37249, 39085, 36013, 34429, 38571, 53357, 57097, 49662, 52207, 55110, 49960, 37361, 41691, 50757, 57451, 122027, 79474, 87351, 48459, 45438, 45012, 38449, 43757, 50402, 53597, 55858, 73100, 46752, 41504, 70753, 56322, 66227, 80489, 76677, 57840, 66803, 61764, 79693, 101081, 132564, 81666, 65897, 59353, 61768, 53693, 50934, 47232, 50499, 72097, 65519, 62616, 58362, 57248, 85671, 63622, 53857, 56409, 52537, 50004, 54475, 62843, 73747, 66576, 66404, 62455, 54470, 44222, 47998, 42924, 50934, 48048, 55584, 53819, 54106, 45797, 57033, 48672, 49516, 46701, 55441, 73331, 65149, 71829, 87238, 61110, 51215, 44468, 50807, 59995, 43647, 42927, 43285, 43163, 44646, 47714, 55434, 56925, 50979, 54398, 51698, 50411, 47189, 56359, 70988, 67588, 93383, 73248, 73922, 63994, 41444, 41178, 38560, 55345, 51787, 56343, 55436, 75931, 56229, 44062, 52135, 45746, 55682, 71034, 77401, 56516, 58658, 57442, 59102, 92402, 16760], "totalLength": 10283750.544695064, "solsticeLength": 153766.55794340713, "sun_azimuth": 127.25880054011361, "ratio": 149}