{"hist": [71333, 46047, 39992, 34679, 32550, 26750, 25752, 26329, 25770, 22980, 25455, 27333, 22487, 22912, 25529, 22947, 20717, 20516, 21982, 29698, 24934, 29823, 26527, 23132, 21024, 24785, 22391, 23979, 27569, 22669, 20941, 20817, 22114, 22653, 21111, 24452, 16386, 17363, 18123, 16558, 17782, 19041, 16115, 18784, 18179, 20730, 16475, 22092, 18969, 18813, 18366, 18635, 16802, 25238, 28044, 19395, 23134, 16581, 17769, 18448, 20676, 26347, 26107, 24757, 27673, 25680, 25754, 48764, 42662, 33029, 25889, 26052, 20311, 26756, 24461, 28272, 24347, 26892, 25148, 24237, 25367, 49872, 43180, 46535, 43224, 46298, 44525, 55729, 69879, 99417, 102964, 57404, 40303, 35573, 35739, 37403, 30295, 28908, 27275, 28987, 31693, 25811, 29117, 25378, 21094, 26228, 28827, 38100, 27779, 29968, 37525, 31220, 33393, 23498, 22590, 32290, 25370, 19687, 23790, 28807, 22414, 19547, 23780, 23163, 19705, 20138, 26138, 17974, 20789, 20061, 18553, 17721, 16413, 17188, 20016, 20637, 25918, 24479, 27410, 17968, 15658, 17625, 22762, 19615, 30129, 24512, 17045, 17494, 17351, 15805, 23975, 18019, 19382, 19411, 18339, 20710, 24710, 47087, 51606, 21495, 19918, 21481, 22428, 19651, 20406, 25133, 20457, 26838, 25068, 21283, 21147, 25160, 29254, 33668, 30068, 34768, 32536, 45234, 61661, 88432, 12786], "totalLength": 5013561.646176778, "solsticeLength": 79632.03972363804, "sun_azimuth": 113.48912551298957, "ratio": 158}