{"hist": [146916, 152908, 124465, 83359, 63178, 34888, 40071, 39457, 40113, 54599, 51562, 42911, 29044, 31231, 38124, 32393, 41215, 47981, 53700, 52900, 45257, 51883, 50884, 52170, 64039, 69630, 64884, 61192, 62804, 55233, 46328, 50004, 45931, 35753, 44539, 40731, 47312, 62377, 75439, 61058, 47046, 51176, 58611, 41269, 51472, 45832, 36708, 54597, 87244, 72200, 80125, 52158, 46250, 56780, 81099, 85069, 42665, 37757, 33348, 43808, 85173, 37805, 32213, 45636, 32488, 28061, 44418, 35983, 45003, 66300, 69264, 46958, 43740, 37760, 59060, 60730, 72498, 68019, 44281, 52262, 36986, 29965, 74249, 93655, 40134, 44004, 48736, 51623, 89682, 144387, 208248, 170853, 132664, 91371, 81290, 77791, 58091, 53939, 40428, 73918, 42709, 58181, 53372, 44688, 56639, 40156, 62591, 54433, 48895, 30160, 42873, 40574, 83941, 86223, 91700, 71690, 65876, 50291, 28013, 35561, 47493, 46887, 25731, 30497, 27057, 39173, 34781, 42450, 47345, 58279, 71490, 60306, 38189, 44410, 54774, 32208, 43258, 52720, 50908, 52970, 41255, 30288, 29610, 40635, 39507, 53792, 34536, 25978, 46182, 36657, 32292, 53786, 30219, 29063, 31943, 37015, 39267, 26974, 29878, 45626, 65488, 54341, 35024, 50604, 40237, 45697, 53613, 37296, 27804, 58416, 63228, 67554, 75804, 38287, 44757, 25869, 39947, 48128, 61054, 111061, 31965], "totalLength": 9843596.484542003, "solsticeLength": 147480.7874787812, "sun_azimuth": 117.39289281235368, "ratio": 149}