{"hist": [1252849, 386797, 149101, 74306, 62244, 41408, 33839, 29123, 26526, 24542, 23112, 24137, 23742, 24336, 22595, 26288, 24816, 20865, 31784, 21342, 25149, 23094, 24799, 25558, 24602, 29629, 30116, 64440, 44645, 23187, 30919, 21108, 22276, 21515, 25170, 21109, 19425, 24504, 26421, 31037, 30874, 26253, 22736, 23658, 32664, 39620, 39879, 44689, 44409, 24316, 22636, 24980, 23220, 35092, 37351, 23444, 20614, 25133, 23697, 29190, 26626, 29246, 23573, 22840, 24892, 27243, 24800, 22822, 27487, 21659, 26697, 21861, 24827, 27924, 29719, 32062, 30871, 33730, 28967, 29427, 34107, 40651, 33920, 40253, 49284, 83064, 148429, 218197, 458941, 1263955, 1352754, 463445, 174674, 93227, 71402, 76138, 51623, 41337, 33805, 34961, 28126, 27020, 27275, 29777, 28343, 30352, 29532, 30180, 24639, 26729, 25764, 24881, 22538, 25471, 25339, 27332, 23961, 35822, 47263, 24535, 29498, 25305, 21968, 24454, 24573, 22169, 21943, 30699, 28972, 27339, 24318, 28906, 24031, 24651, 30979, 42670, 40924, 108295, 42297, 29214, 25406, 26970, 25875, 48552, 36882, 23957, 22573, 25480, 26390, 25748, 27383, 28455, 25521, 22490, 23297, 30019, 25814, 26536, 28295, 24534, 24223, 23259, 22567, 27127, 32230, 31512, 31291, 25927, 27293, 27904, 31224, 40930, 31124, 36111, 39965, 67369, 96798, 172014, 413616, 1135673, 108828], "totalLength": 12993685.94479886, "solsticeLength": 106464.12818866047, "sun_azimuth": 118.70420717072608, "ratio": 81}