{"hist": [43115, 37727, 31145, 32534, 31996, 32341, 35520, 32280, 32699, 33968, 34888, 34124, 35980, 32169, 33718, 29786, 33331, 40219, 34121, 33895, 33856, 35198, 38913, 34792, 40529, 45264, 42784, 41246, 43589, 47023, 48070, 44424, 56932, 56812, 53893, 53537, 54367, 54083, 59572, 66419, 65614, 55285, 62341, 57927, 61075, 63854, 66611, 65296, 64627, 60594, 65901, 63469, 66877, 70897, 71378, 64600, 61960, 62452, 58740, 68318, 58642, 58625, 60202, 51814, 53926, 55073, 48187, 52607, 52415, 52342, 46631, 47793, 44126, 42205, 46900, 46503, 41920, 45951, 48164, 42163, 37594, 35238, 39494, 32396, 33515, 30933, 31219, 29947, 41990, 41296, 49223, 37868, 31003, 32122, 33212, 39119, 29730, 30273, 32172, 28580, 29750, 31386, 31009, 32893, 32719, 30662, 32553, 31687, 36293, 33524, 36305, 35991, 38443, 38273, 35695, 39452, 40375, 41734, 42310, 45634, 47622, 44854, 44843, 47163, 49849, 48057, 51958, 54376, 54332, 61515, 58917, 58490, 54759, 55295, 60743, 57792, 63851, 64567, 58365, 58144, 67777, 64588, 65138, 70546, 66458, 65135, 64348, 62702, 61247, 65232, 62352, 52392, 59174, 57680, 54183, 56036, 46641, 52504, 46783, 50375, 49559, 51222, 47879, 44514, 43239, 43268, 38524, 39121, 44252, 36981, 33593, 35041, 36814, 32587, 41712, 35978, 36087, 33392, 36266, 38126, 4797], "totalLength": 8414301.808350515, "solsticeLength": 160907.16123034363, "sun_azimuth": 127.51954984186803, "ratio": 191}