{"hist": [61843, 61077, 59317, 52502, 54439, 53201, 60281, 56873, 51170, 63108, 51444, 52684, 57976, 83342, 61008, 55950, 43875, 45121, 60585, 66997, 84312, 84456, 77149, 70788, 60454, 66506, 74642, 82246, 103501, 92097, 63239, 70036, 65975, 95047, 106249, 81383, 58203, 56074, 79046, 83613, 86942, 71747, 70489, 68786, 72318, 59092, 58488, 65922, 66064, 67559, 52885, 54015, 54096, 63020, 50271, 62761, 53537, 58804, 89062, 209356, 96959, 51573, 45222, 53819, 57982, 65994, 93573, 84576, 57018, 54746, 57510, 73226, 52691, 63174, 78813, 66000, 59609, 70937, 79461, 90414, 92024, 170682, 142640, 78031, 106288, 106061, 84688, 65678, 78150, 69187, 85239, 61635, 60335, 61577, 61982, 73311, 75551, 67550, 55013, 63775, 63232, 46041, 53824, 77716, 78013, 61198, 44943, 42588, 48435, 58920, 74671, 72797, 80749, 57231, 60057, 61745, 73822, 75499, 80928, 72551, 61928, 61158, 72002, 73589, 102159, 75192, 58071, 54236, 71473, 88479, 77384, 70307, 61561, 62079, 75636, 64090, 64708, 55279, 67591, 54882, 53227, 52330, 54324, 50321, 47766, 53536, 58277, 57394, 66688, 241594, 107753, 56138, 53453, 62457, 83418, 59957, 73271, 75635, 59431, 55501, 45459, 46752, 53966, 58241, 64175, 65237, 52446, 68305, 72589, 65858, 82504, 151226, 133854, 84236, 105611, 101149, 70768, 71844, 77020, 61517, 14812], "totalLength": 12782611.453604473, "solsticeLength": 176052.81078736868, "sun_azimuth": 114.20912990434647, "ratio": 137}