{"hist": [100096, 111554, 106629, 117915, 105991, 92076, 90005, 89643, 92757, 102248, 95954, 101779, 90961, 92936, 84487, 96518, 87730, 89885, 85014, 94801, 92161, 74764, 83329, 75678, 73774, 85131, 74056, 79587, 88018, 83051, 81096, 72144, 76603, 80366, 79232, 71041, 76841, 75795, 75451, 70927, 76633, 73488, 72016, 76444, 75879, 72154, 77061, 79761, 82073, 76831, 88265, 76819, 74325, 72280, 79729, 79359, 86329, 85815, 86611, 89040, 80107, 93619, 94821, 94781, 84175, 85321, 89768, 97696, 93068, 91802, 123535, 88786, 81427, 82115, 86356, 89428, 90003, 94249, 93423, 104813, 88655, 86853, 96572, 89131, 92185, 94804, 95956, 108341, 107363, 109423, 133369, 90761, 89589, 91416, 91824, 86727, 88657, 86577, 81189, 80624, 87519, 96191, 90877, 81403, 74844, 72621, 84081, 80823, 73451, 80774, 87180, 82262, 88363, 78611, 68709, 74667, 69862, 70331, 85717, 75323, 75119, 73154, 74195, 74007, 73215, 68632, 75438, 77687, 82982, 77344, 86055, 79039, 80967, 86952, 72893, 78636, 80321, 76631, 82687, 80877, 102603, 88289, 85649, 76506, 85725, 96200, 105667, 102662, 97416, 99333, 98355, 102274, 99919, 92487, 99615, 104730, 108085, 116448, 104246, 110666, 125860, 96521, 95260, 100655, 98576, 100480, 99279, 109358, 106335, 110700, 102340, 99856, 110481, 111063, 103997, 109298, 102319, 118631, 135709, 148332, 37548], "totalLength": 16168247.652528448, "solsticeLength": 231421.60324703515, "sun_azimuth": 119.79948264565098, "ratio": 143}