{"hist": [445995, 498885, 485037, 460274, 452758, 439813, 428219, 432630, 426154, 418519, 413450, 421045, 414937, 403726, 420049, 419651, 402123, 400146, 382510, 393356, 378796, 382002, 377248, 372649, 371161, 376591, 372098, 366351, 375019, 367387, 361456, 344273, 360589, 341127, 361626, 344285, 358652, 345330, 343518, 334458, 351496, 362926, 355693, 354605, 353933, 352907, 346181, 352711, 357804, 363678, 360684, 375157, 382943, 388521, 380688, 394010, 394816, 405054, 383490, 396680, 393180, 391000, 405598, 396622, 399042, 402395, 415051, 409088, 422443, 431790, 430019, 423343, 432806, 448858, 443039, 444041, 439250, 454957, 443182, 439425, 453524, 441548, 444850, 449331, 443191, 463550, 471950, 474061, 480995, 439600, 604129, 494744, 481297, 444546, 439305, 417812, 418050, 416528, 423149, 419176, 413541, 415590, 397615, 388891, 416614, 396616, 396268, 395094, 376554, 378238, 376646, 371594, 379256, 364463, 356658, 359784, 364155, 356568, 336725, 349015, 344675, 340891, 347985, 332117, 330354, 338200, 333878, 340543, 339448, 344711, 338000, 338074, 353144, 331740, 324490, 332194, 346519, 329229, 338884, 337340, 344796, 357126, 352192, 369638, 360153, 371662, 374762, 360815, 369143, 380835, 388818, 395423, 390012, 407281, 399781, 394718, 398356, 411135, 404732, 410576, 416515, 424559, 432194, 444198, 447662, 444019, 420181, 441719, 439694, 439374, 442893, 451083, 445894, 451351, 465117, 453819, 481993, 474271, 484353, 456626, 178232], "totalLength": 71924429.03386267, "solsticeLength": 1024700.1510961174, "sun_azimuth": 128.10583961984358, "ratio": 142}