{"hist": [154410, 111091, 42854, 22439, 17112, 18003, 17010, 12272, 12897, 12545, 11862, 11506, 13722, 12980, 11598, 10048, 15332, 12431, 13487, 12509, 13767, 12473, 11924, 12974, 11089, 11788, 11418, 12312, 11592, 11996, 10049, 12070, 12931, 16680, 21725, 33174, 13997, 15023, 13960, 12947, 15402, 14470, 14795, 21501, 23653, 26935, 26578, 19617, 14330, 13116, 14832, 12882, 13397, 15406, 14030, 12299, 11959, 14232, 10742, 13098, 11091, 12718, 11087, 12483, 12796, 12102, 11077, 11624, 11299, 12204, 10267, 10223, 10251, 11079, 11331, 12452, 11073, 10322, 13665, 13634, 17277, 13255, 11992, 12371, 12935, 13789, 16076, 22353, 37589, 68905, 170980, 123554, 42768, 31047, 20066, 17941, 12631, 14941, 14166, 13606, 11293, 11961, 10850, 10496, 10850, 13573, 14560, 10912, 12286, 10672, 10885, 11360, 13323, 14783, 13014, 13524, 10405, 11659, 12670, 7904, 8478, 12710, 13136, 14112, 20242, 32905, 22113, 15501, 18589, 14041, 13568, 14832, 11917, 15197, 19113, 27011, 23628, 18094, 14923, 15333, 14078, 14166, 12604, 16629, 17823, 14325, 12164, 15463, 10824, 15079, 12522, 12757, 12159, 15310, 19232, 12016, 11861, 12890, 13552, 11493, 13081, 11329, 12316, 12206, 13339, 12488, 11359, 11499, 11190, 12774, 12657, 13220, 13201, 14064, 14473, 16415, 20737, 22305, 41036, 62615, 14767], "totalLength": 3300818.8490219233, "solsticeLength": 34497.79932692081, "sun_azimuth": 117.61216920546777, "ratio": 104}