{"hist": [734109, 398941, 183398, 77224, 56110, 44875, 37166, 34515, 31986, 29727, 35186, 31338, 32534, 30470, 29948, 32133, 30818, 28104, 31458, 26909, 29718, 27356, 27930, 27556, 25650, 25731, 25952, 25697, 27734, 29830, 26808, 25919, 32358, 31466, 28219, 25225, 28212, 24023, 24194, 25951, 24536, 32029, 34464, 33841, 39281, 49909, 56528, 43068, 37464, 29759, 30907, 26120, 26413, 22861, 28011, 27879, 30568, 24351, 23439, 23676, 25622, 23978, 24249, 33008, 27723, 26907, 24859, 26628, 30062, 29751, 25811, 25566, 24346, 29636, 30087, 28308, 29551, 31885, 28900, 31329, 31458, 34103, 33867, 37731, 44196, 54584, 94369, 192525, 410925, 741106, 723148, 296240, 125560, 63481, 49572, 42501, 35659, 29477, 32579, 29012, 29056, 26463, 29300, 27853, 30676, 30038, 28251, 28363, 30577, 26630, 23829, 24947, 22954, 25319, 23793, 27956, 28806, 25582, 24510, 26797, 27261, 23960, 23508, 23914, 23972, 23590, 20846, 19961, 21568, 23000, 23042, 25679, 26462, 27190, 35420, 38204, 44668, 31665, 26894, 26871, 27650, 27045, 26236, 24330, 21989, 22956, 22536, 21361, 21877, 21453, 27089, 23151, 24307, 23564, 26277, 26377, 23036, 23510, 23500, 23872, 23448, 24722, 23390, 27126, 26259, 34022, 25133, 23717, 25190, 28899, 25675, 27185, 32973, 32188, 37753, 52045, 63491, 101963, 258159, 666751, 66752], "totalLength": 9976305.976971967, "solsticeLength": 72315.47153610263, "sun_azimuth": 121.9844738215164, "ratio": 72}