{"hist": [184740, 180678, 174034, 213514, 197127, 167990, 150569, 139184, 137805, 132132, 153312, 152576, 142852, 135883, 146384, 149419, 150333, 158475, 151881, 158593, 160092, 143931, 147448, 141968, 154423, 148114, 167873, 153671, 152633, 148086, 160561, 153597, 193803, 165253, 163015, 149458, 153087, 159070, 171315, 160548, 148616, 156493, 153414, 167632, 172991, 160489, 157490, 142225, 142601, 142948, 145250, 152780, 146725, 135121, 150683, 147916, 154720, 165692, 165620, 180961, 160130, 155002, 151422, 173130, 171519, 192788, 172428, 154477, 156295, 143187, 143522, 157913, 161629, 180935, 180128, 154272, 139771, 172009, 173996, 148926, 154682, 158766, 159177, 142627, 147151, 150040, 153921, 171921, 219299, 279417, 250415, 215295, 192679, 213213, 181080, 147817, 154693, 158131, 145850, 142641, 141721, 145986, 149394, 144451, 142826, 153059, 147104, 160259, 151732, 162145, 161540, 138002, 158492, 149804, 151101, 163317, 148780, 163311, 147074, 146595, 159012, 161942, 181018, 189368, 148128, 142010, 151928, 161547, 164124, 160044, 147343, 151391, 147528, 152703, 154888, 155887, 147043, 152369, 141243, 158478, 145977, 142181, 150796, 135298, 135215, 143778, 137198, 145421, 143457, 150868, 147644, 149670, 135945, 131481, 143013, 161228, 172942, 133824, 134699, 135885, 131445, 138246, 143288, 161283, 167708, 150721, 140539, 148633, 166333, 158335, 149889, 141606, 155307, 147304, 155092, 158969, 157670, 175726, 218311, 284146, 40072], "totalLength": 28520005.31421923, "solsticeLength": 470758.86937575665, "sun_azimuth": 120.85616755176532, "ratio": 165}