{"hist": [84164, 98179, 87927, 76956, 78735, 76664, 71671, 73710, 71742, 76415, 75850, 71686, 74304, 66143, 68303, 71647, 73892, 71417, 77406, 78075, 77963, 70677, 66115, 71574, 67341, 70359, 68488, 65734, 69316, 64539, 72408, 68167, 70386, 70363, 65601, 67509, 60915, 63719, 62321, 63649, 60908, 62446, 62768, 68336, 74147, 64048, 61779, 61144, 59581, 60837, 63503, 66468, 66379, 63874, 67975, 67434, 66649, 68328, 65399, 71615, 70498, 71458, 75330, 68954, 76770, 82643, 79498, 80773, 82852, 81622, 88763, 83315, 80412, 79378, 79159, 79253, 79372, 74083, 73104, 75057, 81727, 82866, 86310, 76485, 87440, 86391, 83349, 88292, 96087, 82793, 130183, 95127, 91512, 85398, 81495, 78277, 79195, 79607, 72340, 66530, 71401, 73528, 77410, 69524, 76776, 74400, 79042, 79070, 74787, 69885, 64409, 72297, 68343, 73144, 71403, 74757, 72197, 67928, 68950, 68250, 71162, 61950, 67370, 65648, 69979, 65104, 68033, 65491, 62010, 62836, 60925, 61394, 62012, 61899, 67340, 60391, 58422, 57931, 58602, 55918, 57664, 58873, 59195, 63627, 73244, 66087, 63828, 69726, 62790, 67689, 67408, 71380, 70340, 68637, 74953, 65957, 71651, 71625, 70389, 72704, 77359, 81830, 78881, 77127, 78811, 74034, 67364, 71815, 75360, 76385, 75294, 73831, 78524, 81703, 83293, 85777, 77742, 96530, 91888, 82472, 40697], "totalLength": 13145842.072178442, "solsticeLength": 185486.99050729463, "sun_azimuth": 130.10621078244355, "ratio": 141}