{"hist": [263224, 191834, 181719, 187205, 180248, 311189, 626546, 1994367, 3478598, 1250705, 383417, 215836, 162385, 139147, 145009, 135765, 143425, 136609, 162600, 162353, 137941, 122986, 137415, 113359, 113459, 116908, 100438, 102342, 98076, 106786, 105912, 100718, 109275, 117587, 105186, 110676, 112775, 111738, 102854, 104636, 106723, 111243, 101101, 118583, 123803, 131362, 115841, 123274, 113641, 106653, 117713, 112386, 136222, 135491, 122198, 119308, 116498, 113083, 108362, 136037, 104598, 109185, 138061, 135819, 106913, 102161, 134087, 111904, 107771, 136338, 126054, 119458, 116613, 110313, 139134, 113801, 105430, 97774, 94221, 111941, 120061, 112044, 112514, 110985, 116107, 115662, 112887, 122993, 147769, 258890, 334386, 177784, 161731, 145637, 182612, 275771, 530986, 1811111, 3724611, 1575470, 401898, 217459, 162217, 146868, 140278, 147943, 132430, 142655, 161859, 184071, 152534, 131319, 156913, 116549, 101251, 108636, 97671, 95640, 101950, 114047, 122566, 119554, 112171, 128384, 119423, 105888, 112928, 111000, 130503, 106763, 102997, 114378, 107560, 124472, 118364, 124607, 125133, 131220, 141038, 114415, 114646, 122998, 136037, 164219, 135315, 128344, 118859, 121943, 137090, 132758, 121109, 126878, 127821, 127799, 130619, 113769, 110904, 114280, 115363, 128433, 153587, 120643, 104685, 114946, 106654, 114580, 116503, 110510, 110094, 111437, 120582, 117882, 142363, 140996, 132743, 128821, 134075, 130208, 153412, 299930, 83129], "totalLength": 38288959.09263021, "solsticeLength": 356498.63182094233, "sun_azimuth": 121.20799059591268, "ratio": 93}