{"hist": [196037, 305442, 236312, 223286, 267227, 261686, 241342, 356835, 397179, 382832, 385269, 378325, 406238, 318869, 248481, 280787, 281011, 254510, 282635, 345954, 281414, 303683, 478681, 249997, 196514, 200262, 458555, 322750, 169180, 157250, 178648, 175117, 187916, 147103, 133595, 121697, 111617, 178672, 127152, 95562, 99319, 96178, 96696, 89031, 87040, 91152, 80960, 116607, 83487, 96436, 90832, 68552, 88907, 92337, 74248, 77433, 85914, 99160, 86424, 91565, 83879, 74299, 91003, 112589, 111412, 104823, 112603, 101156, 100668, 94374, 89386, 87417, 84851, 95219, 94492, 95247, 99865, 104766, 93427, 85947, 103027, 94096, 92820, 96210, 103595, 136090, 110777, 121442, 129327, 141580, 201984, 217059, 196407, 220558, 227641, 223645, 239393, 290219, 462678, 319664, 298584, 259361, 272681, 272372, 227503, 244178, 262472, 227192, 213693, 212247, 219709, 193158, 310798, 214028, 164116, 173462, 149276, 189371, 128549, 135963, 140471, 172507, 151013, 120965, 98757, 86328, 95192, 110662, 103393, 77145, 77546, 84233, 81751, 82948, 70770, 66436, 76320, 70293, 83882, 74039, 65718, 70166, 70705, 86573, 100795, 91382, 89700, 94198, 80300, 84670, 83016, 86404, 94263, 101817, 104953, 89030, 104591, 105197, 94563, 120717, 116420, 73721, 74514, 79570, 87143, 82652, 119115, 108590, 95989, 105525, 107682, 132267, 88926, 94128, 126665, 151777, 114667, 121290, 127992, 152435, 31392], "totalLength": 28068207.456609063, "solsticeLength": 536308.3408702675, "sun_azimuth": 114.61517782031456, "ratio": 191}