{"hist": [128494, 119656, 109786, 97155, 89278, 87357, 86709, 76135, 63487, 63790, 54533, 68276, 61418, 47816, 59211, 53052, 51741, 48350, 46819, 46977, 51348, 92871, 69698, 44406, 44519, 45021, 49394, 47462, 44562, 44557, 39391, 39623, 39826, 46898, 41717, 45635, 43763, 39706, 49840, 48133, 43607, 43587, 47927, 46196, 48548, 57882, 68300, 74807, 56699, 61411, 57359, 61016, 62121, 60017, 55601, 66565, 58106, 66297, 61664, 65796, 73944, 87880, 80933, 98676, 98423, 104620, 99627, 107251, 114916, 122354, 118537, 130004, 136197, 132019, 124466, 129137, 123211, 136760, 140720, 143147, 131264, 124806, 117103, 128828, 119206, 111144, 120896, 124385, 111132, 136917, 167594, 112365, 95094, 85049, 75121, 75634, 82460, 68403, 60654, 53170, 59066, 56342, 54894, 46240, 47797, 47634, 52208, 45951, 48878, 48526, 54246, 60659, 56668, 51077, 46028, 43788, 46400, 41011, 45551, 42969, 41638, 44860, 50913, 51788, 50811, 53030, 45413, 49699, 51362, 49877, 53954, 52166, 53672, 50706, 49861, 56246, 79226, 81464, 63193, 65757, 72953, 61381, 61434, 69591, 75587, 81549, 77846, 70480, 72993, 79400, 73518, 80182, 88420, 94271, 97226, 97931, 103522, 110443, 120154, 109166, 121966, 124219, 131567, 133270, 130862, 140207, 135236, 136107, 143502, 139549, 141365, 132387, 125176, 119204, 121294, 121038, 126044, 124529, 131648, 160244, 17418], "totalLength": 14442504.727423739, "solsticeLength": 152642.74679236146, "sun_azimuth": 123.48154200455649, "ratio": 105}