{"hist": [481448, 154475, 80621, 55972, 52680, 53191, 43874, 53021, 34685, 31458, 33712, 29123, 28097, 23596, 33134, 23764, 25937, 25428, 23993, 23372, 23759, 23424, 21300, 24126, 23921, 18513, 15911, 20211, 21863, 20004, 19888, 23904, 20240, 19206, 23052, 22241, 19260, 17891, 21768, 17851, 19100, 19712, 18708, 25816, 30044, 24151, 20678, 19589, 22414, 22608, 30939, 38558, 24526, 21006, 20869, 19064, 18154, 17280, 17129, 22846, 20741, 16242, 17097, 21738, 19497, 18771, 26589, 30588, 27256, 22538, 30042, 22877, 22453, 23163, 28258, 30912, 22469, 24867, 23150, 20969, 24410, 26695, 24721, 28557, 31897, 39229, 48652, 75580, 151665, 575524, 511532, 136452, 77871, 56144, 42446, 37878, 36310, 56653, 50676, 35664, 41450, 31154, 29249, 33412, 30904, 24302, 27402, 29649, 22619, 22367, 23230, 27092, 24450, 18298, 22673, 21368, 19152, 21737, 22067, 23764, 19346, 19835, 19253, 17723, 17181, 17321, 15864, 17679, 17377, 21340, 20782, 17796, 19508, 24195, 31118, 19201, 21299, 18775, 20892, 21166, 24468, 27715, 23994, 30374, 25946, 19054, 21448, 16084, 18733, 30988, 23800, 19170, 18519, 19272, 19126, 19652, 22060, 30726, 26102, 26467, 24700, 22763, 22360, 24156, 29476, 22709, 24042, 22938, 26891, 26015, 24731, 25501, 32366, 31599, 33898, 40402, 57795, 75247, 153612, 543290, 52013], "totalLength": 7416156.102994404, "solsticeLength": 62407.601450741764, "sun_azimuth": 116.97585512201104, "ratio": 84}