{"hist": [1674, 1117, 1325, 1953, 1476, 2006, 1284, 1198, 1006, 1605, 1393, 1432, 960, 1021, 1416, 1494, 1568, 1224, 2003, 1650, 2039, 2099, 2054, 1839, 1724, 1729, 1725, 1626, 1486, 2164, 1439, 1632, 2633, 1947, 2495, 1937, 2039, 2094, 1990, 2638, 2017, 2233, 2450, 2073, 2908, 2647, 2214, 2215, 2563, 2504, 2383, 2789, 1982, 2455, 1748, 1880, 2018, 2210, 2355, 1718, 1993, 2279, 1882, 3015, 2166, 2240, 2164, 2014, 1881, 1806, 2280, 1934, 1894, 2611, 2220, 1681, 1917, 1980, 1766, 1463, 2111, 2286, 1870, 1494, 1574, 1629, 1861, 1343, 2159, 1485, 2305, 1854, 1617, 1348, 1561, 1552, 1221, 1204, 1023, 1172, 1506, 1613, 1446, 1367, 1331, 1165, 1122, 1169, 1803, 1812, 1320, 1707, 1303, 1687, 1774, 1579, 1915, 1160, 1209, 1486, 1457, 1009, 1294, 1137, 1998, 1872, 1431, 1722, 1605, 1491, 1970, 1498, 1440, 1171, 1667, 1418, 2163, 1244, 1218, 1579, 1483, 1182, 1332, 994, 1151, 992, 1319, 1344, 940, 1417, 888, 1290, 1470, 1091, 1640, 1373, 1141, 1245, 928, 1399, 832, 1374, 1104, 1306, 1092, 1204, 875, 1222, 1333, 1840, 1270, 1321, 1113, 1284, 1375, 1400, 1502, 1064, 1344, 1163, 622], "totalLength": 297558.5092697131, "solsticeLength": 3546.4140880227974, "sun_azimuth": 122.38229135953463, "ratio": 119}