{"hist": [70504, 84201, 70176, 67619, 62481, 66325, 62736, 61997, 63318, 63827, 68987, 65938, 63002, 59560, 61391, 64003, 66754, 59116, 61527, 65341, 69628, 69546, 66871, 67008, 70947, 70508, 73613, 70360, 66974, 65949, 67070, 67145, 69633, 73740, 76553, 81347, 73653, 70985, 73840, 72079, 74111, 76826, 77805, 80882, 84775, 78670, 78564, 73324, 73416, 88776, 81564, 77763, 79395, 75202, 76352, 73597, 80223, 87331, 79637, 77112, 76976, 75831, 69521, 74100, 78996, 77191, 78862, 84282, 79431, 75909, 77161, 76705, 76105, 80505, 79631, 73714, 75886, 80144, 78752, 73287, 78921, 72812, 66096, 68042, 72119, 64684, 62856, 69853, 65857, 60595, 78042, 71514, 64389, 64050, 63495, 72718, 64627, 59709, 62220, 61531, 67387, 67130, 61751, 62930, 68797, 65323, 59588, 62558, 65200, 62613, 69678, 60649, 67174, 66877, 65452, 64436, 69285, 68465, 66710, 66492, 69629, 71084, 74072, 71820, 72896, 68017, 68978, 75262, 71314, 72962, 73495, 76905, 66969, 74716, 73225, 75763, 69818, 76268, 71848, 76638, 77749, 76163, 78202, 76305, 78154, 75500, 74901, 75703, 74829, 78204, 75443, 76222, 72583, 72961, 72932, 81131, 77828, 73892, 73548, 74039, 78703, 77940, 74627, 75377, 75070, 75834, 72652, 81339, 77109, 72439, 71820, 70006, 71551, 75703, 71433, 67892, 70024, 75952, 81933, 65160, 18382], "totalLength": 12966193.663739257, "solsticeLength": 216010.03681609774, "sun_azimuth": 122.31558773210028, "ratio": 166}