{"hist": [271255, 225859, 189734, 187151, 196685, 148819, 139616, 139601, 143863, 147465, 188615, 193841, 196863, 194534, 149884, 139789, 152962, 192400, 246199, 249029, 208232, 206278, 248973, 222413, 194926, 191286, 180934, 162348, 143128, 149652, 178358, 263318, 309681, 222757, 178788, 153089, 135782, 139994, 142830, 158622, 169676, 203401, 282525, 303883, 364920, 411693, 386946, 329327, 242020, 227144, 195868, 211814, 240788, 254096, 246816, 234762, 171035, 158644, 205981, 277326, 190641, 142263, 135315, 114773, 128756, 104393, 113087, 121984, 143602, 113684, 121753, 114422, 135509, 129331, 113064, 120953, 112866, 133527, 137025, 127878, 145404, 130839, 132105, 122311, 117917, 109951, 124524, 219574, 284335, 393512, 395277, 250765, 181058, 173990, 131742, 122654, 102393, 112404, 152187, 151353, 154664, 153392, 210090, 165574, 105730, 95285, 99172, 129553, 170913, 209692, 149804, 157075, 255792, 242843, 236810, 215566, 164755, 132112, 148635, 137720, 179659, 277647, 452182, 340897, 172856, 123757, 110943, 94695, 102086, 109725, 126903, 198329, 291169, 373912, 488087, 624248, 658142, 475525, 283195, 193163, 212939, 226463, 286880, 300336, 253048, 236863, 142013, 120396, 151231, 305730, 254831, 140875, 117597, 100963, 89675, 91603, 84430, 79078, 82995, 91499, 90511, 84271, 92292, 111316, 131650, 124656, 113043, 133526, 165459, 150055, 122471, 105303, 104285, 103449, 113557, 112244, 115088, 162781, 208539, 304078, 36989], "totalLength": 33780734.32812622, "solsticeLength": 955078.0529093675, "sun_azimuth": 123.14891179197686, "ratio": 282}