{"hist": [4507282, 1072194, 447455, 267631, 202212, 180509, 158623, 150484, 136573, 141236, 135178, 127544, 121796, 115159, 114191, 113118, 114141, 114791, 117858, 116306, 116600, 109178, 109221, 101964, 99027, 110986, 102781, 108749, 121443, 127850, 116548, 116397, 105639, 103054, 99725, 109396, 99787, 100240, 105582, 95842, 99683, 98961, 96374, 102996, 124342, 118759, 108509, 94854, 98864, 99520, 108846, 111924, 107455, 101053, 105896, 111121, 116509, 102832, 109536, 118421, 103497, 104198, 105038, 116413, 120733, 103048, 101664, 102407, 101950, 111834, 113274, 108642, 109029, 114501, 117531, 121052, 118132, 134369, 132056, 134965, 132733, 129893, 151381, 143459, 166436, 185600, 238944, 382202, 984565, 3673335, 4868402, 1135652, 446932, 255475, 211224, 178379, 148881, 158430, 147038, 136644, 129559, 126362, 121049, 115437, 120792, 123975, 111939, 120137, 118851, 126303, 113148, 116581, 117034, 114763, 113668, 123793, 113192, 105792, 119448, 147981, 128953, 125084, 117556, 117691, 94427, 107100, 115750, 111946, 111553, 109105, 109332, 114666, 114345, 111923, 126209, 131391, 114486, 107909, 109847, 109745, 103642, 101772, 99695, 96609, 105586, 102905, 107716, 104499, 99663, 109141, 102535, 101078, 107520, 116223, 129107, 116008, 111755, 105335, 105871, 117860, 111493, 108533, 107682, 110226, 119872, 126591, 120119, 121750, 124211, 134020, 133604, 139918, 138475, 144041, 159650, 210115, 269080, 380672, 990712, 4257327, 642943], "totalLength": 44385151.13261809, "solsticeLength": 340429.99827730545, "sun_azimuth": 123.36116675062418, "ratio": 76}