{"hist": [100011, 121808, 115291, 105481, 103403, 98296, 87357, 87320, 79064, 80213, 80550, 76407, 81761, 76160, 64863, 63890, 62621, 62760, 61076, 54880, 60738, 63545, 59381, 59407, 56125, 53000, 57534, 45801, 53774, 57752, 62218, 53408, 54594, 53154, 52573, 52483, 52105, 49439, 51239, 48286, 52276, 49687, 53618, 60644, 47465, 37599, 40798, 43641, 43176, 44714, 55153, 61434, 48764, 50828, 56376, 45448, 48899, 46386, 44659, 43748, 52116, 45710, 46134, 44225, 44624, 47066, 43145, 45978, 54763, 58312, 60898, 58410, 58293, 59831, 61512, 54084, 57382, 59553, 53469, 59137, 56150, 65082, 60255, 68591, 71144, 74717, 71820, 91646, 100745, 73694, 127350, 105389, 109713, 96156, 88570, 84399, 72071, 70330, 68956, 71851, 73186, 58804, 67567, 72723, 57796, 60476, 55508, 62222, 53437, 54582, 49772, 54201, 49797, 54768, 51874, 50685, 51967, 50691, 45748, 49860, 48724, 46995, 49999, 47939, 50492, 52612, 64682, 57527, 52192, 53584, 48907, 50004, 56850, 59455, 45972, 41794, 48277, 42905, 51519, 48873, 55549, 53065, 51006, 47756, 49263, 48054, 47042, 49855, 51644, 59120, 55041, 54386, 54580, 55919, 50000, 52900, 56617, 56289, 59365, 65810, 71158, 70859, 60091, 67664, 61748, 60728, 56032, 61432, 67334, 74350, 72719, 73507, 86384, 84821, 83897, 95337, 86445, 107089, 114939, 101084, 43966], "totalLength": 11248247.813762756, "solsticeLength": 157980.2849769395, "sun_azimuth": 114.59246061113508, "ratio": 140}