{"hist": [270502, 271854, 253647, 235661, 227196, 229944, 226165, 233885, 215385, 207566, 213903, 207555, 197839, 198741, 202392, 197691, 208607, 200477, 210965, 186488, 170690, 169125, 171011, 177709, 161398, 165941, 158713, 152184, 154181, 149664, 148645, 140267, 145113, 139531, 143816, 142292, 136815, 132142, 122987, 124808, 133232, 125481, 137707, 136219, 134126, 133348, 131299, 122381, 121003, 128664, 133360, 130759, 132761, 132625, 130737, 133654, 135645, 136936, 138998, 144261, 142054, 140245, 143720, 145972, 154503, 157282, 165850, 162323, 176609, 173633, 183127, 182090, 184173, 183052, 193496, 203268, 199570, 201945, 210043, 224451, 213980, 210578, 231799, 284924, 245436, 249048, 263827, 280122, 298920, 343540, 378382, 293347, 264429, 240630, 231657, 258437, 242622, 234477, 238824, 223330, 213531, 206435, 195223, 196538, 189733, 192352, 199895, 193804, 186996, 169504, 164075, 164354, 162626, 166732, 153758, 155364, 156474, 157471, 145721, 135994, 132807, 128932, 134702, 133291, 132515, 128269, 129967, 126607, 128769, 128764, 124683, 129294, 129681, 136875, 122619, 133157, 119770, 115542, 121691, 123055, 133857, 127968, 124380, 137302, 124364, 124463, 129141, 130797, 131031, 135132, 136169, 143984, 141922, 148879, 149149, 151449, 165797, 170504, 179956, 175458, 180386, 186085, 194451, 188778, 192506, 191121, 188687, 197206, 194726, 199208, 203361, 213726, 223726, 233081, 229829, 242262, 249429, 263056, 276379, 286345, 46109], "totalLength": 32122227.01316105, "solsticeLength": 393202.97121112724, "sun_azimuth": 125.22608160160446, "ratio": 122}