{"hist": [359419, 447454, 446208, 492214, 615802, 836410, 1066141, 1034263, 708987, 478239, 366240, 343034, 275037, 262065, 239925, 235548, 237403, 238938, 226612, 214614, 210230, 195026, 198962, 209023, 208822, 202073, 210770, 187343, 195808, 180253, 183988, 172829, 171798, 165663, 164477, 165909, 172690, 159770, 170727, 165113, 166340, 177640, 172983, 179243, 222804, 159653, 172856, 186491, 172441, 174211, 170781, 157786, 165836, 158188, 164878, 165665, 189622, 174272, 190529, 173727, 180545, 186772, 192291, 195350, 177576, 171240, 176695, 187809, 186751, 175547, 185782, 199610, 205386, 209128, 197384, 217953, 196058, 206527, 210502, 206974, 231242, 232191, 234604, 233630, 237566, 258008, 279408, 333126, 316942, 313234, 520395, 358871, 406169, 466423, 571694, 903923, 1169695, 1100878, 742277, 503127, 379336, 328010, 297728, 248569, 262197, 241813, 217503, 245077, 212150, 219371, 202429, 201695, 194866, 198009, 198917, 172972, 202901, 188054, 196929, 188521, 177313, 183598, 177545, 170968, 163430, 164249, 163334, 171723, 177558, 167816, 175007, 169029, 177141, 182674, 178350, 251723, 190652, 199184, 188129, 175506, 169846, 176805, 182299, 183523, 201932, 181855, 180492, 181041, 177728, 180297, 190624, 198592, 207830, 207595, 198791, 183880, 189406, 171023, 180662, 177696, 184587, 199186, 198094, 196072, 208986, 207538, 213681, 191840, 209219, 211658, 227724, 202044, 215726, 218740, 224996, 240233, 266111, 299568, 345554, 339835, 287795], "totalLength": 46404226.80402049, "solsticeLength": 575641.8009138652, "sun_azimuth": 118.66158679030521, "ratio": 124}