{"hist": [18058, 22852, 21907, 24062, 27794, 26921, 22404, 18746, 19066, 18627, 18394, 14679, 17487, 15025, 16057, 16008, 17152, 17372, 16351, 15431, 19917, 17336, 16460, 15726, 17059, 19134, 19314, 24014, 25436, 20121, 19820, 15723, 16706, 16967, 20649, 14023, 16522, 14567, 18377, 16034, 17377, 13737, 13316, 14099, 16069, 14532, 16292, 15040, 19280, 15260, 15571, 15153, 13610, 14650, 18294, 17087, 13702, 17129, 16856, 17106, 16293, 13813, 17056, 17895, 16705, 28480, 18509, 14578, 18333, 14648, 16399, 18738, 16123, 17267, 17407, 19336, 17621, 18101, 19322, 17771, 22474, 25082, 19091, 15991, 18886, 23899, 22781, 25222, 24000, 22543, 41444, 26835, 24533, 29567, 27764, 22985, 28700, 24873, 20731, 19658, 21839, 21859, 21896, 17569, 26341, 22908, 24293, 28481, 20773, 25798, 22168, 28348, 23230, 25990, 24023, 25497, 24459, 22717, 24700, 23055, 23023, 17074, 18540, 18164, 16440, 16988, 19170, 15909, 17115, 13409, 18159, 17611, 15307, 17486, 15461, 14649, 16742, 15539, 14092, 14015, 12426, 16795, 13864, 15637, 12962, 13952, 13417, 17374, 15478, 17468, 13634, 12153, 14283, 15508, 12779, 16133, 15197, 14718, 16210, 17330, 16004, 14664, 14220, 17555, 19812, 14707, 15856, 14740, 13570, 17258, 17996, 25611, 17004, 16526, 18009, 17210, 19431, 19460, 21182, 22743, 13909], "totalLength": 3379623.97600449, "solsticeLength": 72353.4146454236, "sun_azimuth": 117.56620203235357, "ratio": 214}