{"hist": [58872, 65967, 55142, 50676, 51393, 52534, 49510, 48317, 47241, 45345, 43777, 43909, 43111, 41831, 47876, 42729, 38471, 31207, 32937, 30976, 29068, 30336, 35603, 33041, 31537, 36861, 30071, 31433, 34064, 33625, 28698, 31991, 30985, 33193, 30334, 33127, 38228, 32145, 33958, 33742, 39187, 36768, 35989, 35243, 37710, 37598, 41994, 40850, 38289, 37612, 43408, 40237, 46083, 42416, 41546, 42341, 46344, 45162, 48151, 51734, 54831, 58947, 67580, 64146, 64885, 64872, 65139, 72280, 69902, 72908, 78665, 76314, 69531, 68946, 73582, 74628, 69161, 68666, 69740, 75234, 74754, 73573, 67352, 66491, 65510, 65562, 65909, 63144, 58498, 64654, 92460, 65296, 56413, 53168, 53504, 53951, 49382, 52550, 52384, 51564, 48415, 46276, 45512, 44910, 49467, 46106, 43935, 40450, 37872, 40373, 33467, 37863, 36262, 38575, 36804, 37619, 33520, 35527, 35526, 35983, 35951, 35214, 32022, 32473, 34359, 32124, 33246, 35508, 34060, 30998, 40437, 35616, 35956, 37071, 33803, 36475, 37889, 34875, 39581, 36292, 38004, 44552, 44573, 43094, 43166, 43559, 46472, 44936, 46222, 44823, 51363, 54893, 60688, 57636, 55209, 60626, 62152, 64784, 60958, 67612, 70819, 76150, 77357, 66857, 66999, 68383, 63586, 63246, 69039, 82566, 80464, 77809, 64606, 65345, 65129, 60758, 59032, 57522, 55841, 61221, 23405], "totalLength": 8948555.037909085, "solsticeLength": 109799.77780506457, "sun_azimuth": 132.1251463992076, "ratio": 122}