{"hist": [18244, 19319, 18428, 20851, 19139, 23564, 20941, 21439, 21495, 18379, 18857, 18970, 20140, 19479, 19428, 19980, 22702, 18870, 20387, 16795, 19309, 20035, 21390, 22529, 21679, 21513, 19607, 22636, 22825, 22574, 19988, 21266, 28389, 23276, 21466, 22752, 20846, 23726, 22190, 23859, 26434, 23683, 23184, 22264, 22794, 25226, 21647, 23030, 29003, 28823, 28594, 30616, 29174, 26835, 25508, 26634, 26149, 30886, 29513, 39146, 37293, 35603, 41393, 40633, 37318, 36295, 35172, 32974, 31348, 26299, 25786, 26910, 27011, 26675, 31306, 26100, 28146, 24179, 25217, 29000, 27189, 31591, 33120, 26437, 23433, 29128, 26389, 26996, 23653, 25642, 36843, 24700, 20858, 19988, 19628, 20662, 19820, 20577, 22003, 22411, 20586, 19421, 20085, 19810, 20231, 23590, 19863, 20639, 19105, 22837, 21950, 24642, 21291, 23254, 22966, 21123, 18944, 23155, 20232, 23742, 23620, 21897, 24337, 22686, 24519, 22406, 22408, 21844, 25468, 25017, 27113, 27830, 29764, 25514, 24144, 29427, 28168, 25985, 27045, 28251, 31585, 29984, 31381, 27193, 26444, 27576, 26936, 31584, 35176, 36235, 36429, 39367, 46800, 47543, 36994, 36501, 29991, 29648, 30148, 27615, 26885, 26306, 28979, 29250, 31912, 28895, 25113, 23415, 25433, 27104, 27604, 29408, 34124, 33567, 35575, 27383, 26675, 27506, 26070, 17805, 7903], "totalLength": 4671173.201985215, "solsticeLength": 67970.00840378327, "sun_azimuth": 119.52538715425838, "ratio": 145}