{"hist": [4419400, 880927, 283731, 182694, 144844, 118818, 116920, 118973, 104921, 118593, 101225, 103023, 92086, 91536, 92362, 112696, 92942, 85757, 89694, 95812, 88465, 100231, 82138, 102244, 82965, 99316, 95360, 93758, 89205, 89231, 83896, 75087, 78913, 86986, 78593, 76005, 86556, 77373, 82819, 85208, 81327, 88219, 96190, 90555, 109275, 89956, 80292, 82880, 77699, 83729, 92375, 87304, 84681, 88660, 86187, 88232, 84993, 86919, 84582, 99608, 97116, 93006, 96978, 92694, 94395, 94202, 101758, 99786, 105899, 110559, 111784, 115586, 116502, 132128, 114682, 130756, 122951, 121912, 145063, 136397, 132466, 139782, 152094, 161155, 166340, 184201, 243349, 470949, 1601132, 6148872, 5508245, 941714, 345407, 211595, 162106, 138607, 133095, 129603, 124875, 120650, 115694, 108155, 119517, 102291, 114373, 105672, 106926, 99046, 104148, 112727, 97827, 93499, 93850, 101774, 96391, 93180, 91183, 87723, 86801, 89970, 83363, 81356, 84312, 82816, 93795, 95283, 144767, 85491, 78759, 74812, 82205, 105415, 101680, 152825, 101781, 130550, 89677, 85134, 74048, 75873, 89725, 101081, 77686, 79503, 78625, 71567, 73256, 74219, 71850, 86435, 78348, 73777, 78820, 77850, 81634, 75529, 85974, 82784, 79355, 79127, 84549, 89065, 83019, 83762, 93533, 104628, 87582, 88897, 94240, 96512, 100222, 99676, 106871, 116955, 139542, 149338, 209003, 380171, 1064399, 4484443, 611991], "totalLength": 44285680.58474398, "solsticeLength": 267331.3426211922, "sun_azimuth": 117.81439744641351, "ratio": 60}