{"hist": [324658, 325493, 263317, 241068, 224387, 219318, 201858, 202408, 205903, 210829, 209818, 190417, 192109, 188799, 197023, 197772, 216349, 195472, 194767, 201850, 210086, 196898, 199838, 221136, 212169, 200090, 218327, 196829, 209775, 190577, 188115, 183994, 180087, 187087, 183563, 185256, 162610, 202088, 172537, 189112, 187031, 194796, 210953, 216639, 233576, 193851, 202202, 185996, 190997, 185149, 183400, 181448, 187669, 193034, 182719, 176513, 196952, 176614, 190649, 200387, 211119, 217384, 208272, 195773, 197361, 194515, 193423, 194984, 196147, 191305, 195682, 193658, 178941, 194687, 184490, 231321, 223587, 216331, 198862, 219099, 206002, 196656, 210483, 210767, 215749, 255948, 308886, 460909, 455336, 309308, 485683, 292379, 254327, 227566, 222996, 205102, 190623, 195815, 202239, 197433, 193916, 192475, 192407, 200879, 192875, 198395, 217770, 208453, 198257, 193864, 193225, 197971, 208755, 208572, 197950, 186089, 220135, 206875, 208060, 193414, 186006, 187503, 183059, 211596, 187227, 179660, 201065, 190039, 197636, 186752, 184354, 199893, 203840, 216740, 207075, 236246, 207104, 200875, 191277, 200567, 202962, 197389, 219030, 199736, 201681, 209771, 207294, 191313, 200052, 196362, 220459, 227848, 198845, 212308, 208004, 203413, 204213, 206466, 188480, 210473, 193929, 201418, 187073, 199568, 215870, 238449, 233553, 234862, 214469, 239571, 222420, 220552, 210349, 231946, 240061, 255525, 309482, 434599, 474131, 348361, 223745], "totalLength": 38910480.48903988, "solsticeLength": 566104.9999496064, "sun_azimuth": 120.71680437194038, "ratio": 145}