{"hist": [2687782, 550536, 200989, 129621, 102601, 94585, 93520, 96483, 102702, 90567, 80849, 76127, 81071, 77790, 74745, 75922, 82135, 77970, 90545, 99035, 120806, 84468, 82982, 73514, 72053, 71792, 78309, 84465, 83536, 74959, 67401, 71255, 75249, 64536, 63394, 80576, 66592, 68998, 66796, 62003, 73617, 80896, 68954, 75168, 88428, 81039, 69843, 62241, 65463, 60653, 66237, 76640, 68947, 71249, 61579, 68113, 71484, 62190, 66146, 71157, 73514, 65483, 65564, 71463, 80757, 74747, 72174, 84481, 77107, 69369, 71829, 72200, 74267, 77290, 69938, 76051, 72895, 70771, 75079, 77052, 77657, 84138, 76628, 86120, 100008, 108248, 134560, 192332, 532132, 2014830, 2635913, 546828, 216926, 143853, 112927, 106124, 93297, 106717, 130040, 101740, 87952, 92910, 90130, 90992, 93076, 95868, 92643, 89193, 109678, 92171, 121458, 99973, 86668, 88614, 81212, 80679, 84167, 115446, 100744, 98295, 79773, 79524, 76605, 71817, 69935, 86929, 73103, 81544, 78934, 67947, 64098, 83503, 71891, 81066, 87332, 92189, 75749, 74388, 69109, 68952, 72676, 75746, 71909, 66671, 63006, 65096, 65941, 68320, 62380, 63739, 71639, 67710, 68797, 64843, 68849, 75346, 70178, 77932, 70421, 64479, 65438, 65006, 78267, 73327, 77692, 65628, 75336, 69892, 73833, 76907, 83498, 75064, 82416, 83232, 97839, 109766, 120699, 174575, 445363, 1938878, 104029], "totalLength": 25801061.59748141, "solsticeLength": 217865.1957119287, "sun_azimuth": 123.48398721227935, "ratio": 84}