{"hist": [4863, 4084, 3900, 4364, 5094, 6515, 6486, 5748, 5127, 5639, 6904, 6310, 9963, 9075, 6890, 5810, 6199, 5639, 5757, 5982, 6266, 6882, 5097, 6388, 6034, 7803, 9043, 11368, 11161, 10267, 11078, 12526, 10714, 11457, 11759, 10718, 10685, 7670, 10342, 7723, 10808, 11406, 10067, 13226, 10699, 11140, 11548, 12097, 11400, 11748, 9048, 7814, 9121, 8119, 9041, 9402, 8285, 8134, 8361, 9469, 7259, 7435, 8672, 8129, 8304, 9076, 8948, 9026, 7587, 9465, 8328, 7696, 8786, 7372, 6178, 7765, 6813, 7770, 8070, 6774, 8541, 6855, 7386, 8191, 6217, 5089, 4947, 4908, 4192, 3953, 6122, 5472, 4138, 4483, 5113, 8717, 7139, 5099, 4502, 5438, 4563, 6475, 7291, 6837, 6214, 6456, 6589, 4927, 5129, 5940, 5224, 6198, 6015, 7806, 5411, 5473, 6454, 8220, 7057, 8435, 7674, 8575, 8777, 10536, 11660, 13771, 11779, 9742, 8336, 9023, 8698, 9526, 9143, 12214, 9887, 7724, 8983, 9149, 9784, 8527, 8090, 8830, 7900, 7335, 9285, 7519, 8104, 9514, 8567, 7714, 5696, 7405, 9037, 8128, 9111, 7636, 8635, 7907, 8491, 8857, 8728, 8856, 9093, 8536, 7122, 7293, 7553, 7293, 8889, 11137, 10897, 10659, 9310, 5530, 4847, 4870, 4272, 5820, 5837, 4657, 1857], "totalLength": 1419340.1198096492, "solsticeLength": 27802.133228891973, "sun_azimuth": 122.30829309006671, "ratio": 195}