{"hist": [21459, 24723, 25607, 29454, 27024, 29931, 29280, 24893, 27511, 27710, 28609, 29748, 29878, 27773, 25103, 25364, 24045, 25435, 26354, 25528, 24755, 24915, 26826, 28194, 31470, 34065, 37926, 39793, 31307, 26409, 23438, 20279, 17580, 18802, 16540, 15473, 16854, 15164, 14601, 14517, 13447, 16109, 19269, 18905, 18057, 15382, 17434, 19926, 20843, 19248, 16962, 17015, 15156, 14841, 12536, 14735, 14630, 14204, 14782, 15379, 14310, 14350, 12824, 12441, 13854, 13590, 14585, 14213, 16550, 15659, 17827, 20380, 21714, 22837, 18722, 16778, 14713, 14784, 14011, 14069, 16593, 17146, 18169, 17497, 16911, 19821, 19193, 19612, 21751, 18798, 31156, 23574, 27257, 30237, 27728, 26372, 28102, 27665, 26423, 24251, 25473, 24675, 30078, 27262, 33021, 24719, 24877, 23386, 23521, 25877, 24241, 28849, 28644, 27733, 28839, 30693, 37516, 30967, 30675, 27204, 27665, 23001, 20968, 18864, 19850, 19758, 19627, 19832, 20183, 17215, 18603, 15796, 18799, 20507, 20013, 20118, 18774, 19435, 23144, 25696, 23493, 20987, 20608, 19811, 16815, 18003, 15979, 18047, 17998, 16344, 16468, 16779, 16220, 15830, 16997, 17212, 17464, 15867, 16086, 16881, 19871, 19365, 21404, 24021, 20219, 18147, 15776, 16283, 14929, 16687, 17786, 16065, 15352, 16622, 18606, 17183, 20147, 22535, 23370, 21667, 7955], "totalLength": 3823726.3520538853, "solsticeLength": 87162.97806430802, "sun_azimuth": 114.47644984808242, "ratio": 227}