{"hist": [24612, 21412, 16636, 17531, 22729, 17446, 17146, 23620, 16863, 20472, 21745, 25853, 33702, 27323, 21073, 18682, 14829, 14872, 17381, 21311, 16639, 15176, 14854, 17168, 17100, 15285, 13417, 12332, 16209, 16309, 11549, 13687, 15600, 15440, 15657, 14844, 15848, 14479, 14505, 14013, 14297, 11593, 15212, 16001, 13603, 15787, 18337, 18145, 15462, 12117, 17447, 12836, 14350, 13282, 12749, 17438, 16768, 19234, 14364, 15102, 16532, 15341, 19975, 17491, 16464, 16847, 12641, 14002, 13500, 17509, 20690, 14134, 16396, 17887, 17067, 13900, 17078, 16471, 15641, 19095, 14670, 12257, 13989, 13962, 14449, 17612, 22813, 18186, 15699, 19312, 33700, 19541, 18731, 23861, 20578, 15596, 17538, 16868, 15323, 17787, 20367, 27661, 34205, 24622, 19969, 20868, 16835, 16982, 16864, 19557, 21429, 17401, 13491, 19407, 15990, 13556, 17635, 16804, 16500, 14931, 12557, 17121, 18077, 15342, 17210, 12506, 13656, 14871, 13081, 11376, 13423, 12607, 14944, 14721, 11959, 12794, 15285, 18012, 18004, 14154, 18359, 16726, 17760, 11381, 13287, 17616, 14084, 16646, 17182, 15585, 13851, 15810, 17376, 15061, 13539, 14032, 14492, 13405, 12419, 12806, 14775, 14287, 13108, 14030, 17730, 19915, 12637, 17825, 16421, 17432, 16486, 15007, 18062, 16693, 20291, 20266, 17639, 16763, 16170, 14561, 7815], "totalLength": 3026797.541013432, "solsticeLength": 43528.03354286591, "sun_azimuth": 120.04106643659433, "ratio": 143}