{"hist": [240119, 79500, 36281, 25498, 26824, 28656, 25848, 25262, 27446, 30266, 24012, 23798, 20049, 20432, 22978, 22364, 19499, 26335, 23884, 24275, 18444, 24059, 21447, 19690, 24773, 22095, 19402, 19990, 21275, 20730, 20165, 23261, 18025, 17187, 19842, 18196, 17344, 17212, 21359, 21107, 18281, 15988, 18736, 17549, 19865, 20027, 21471, 18692, 18072, 19536, 15606, 17914, 17031, 16515, 20165, 19223, 18732, 18732, 17813, 20137, 18366, 17850, 18765, 22764, 18591, 17617, 18875, 20862, 21417, 25053, 19364, 19945, 17546, 18308, 20631, 30030, 41498, 20275, 21040, 24085, 23467, 22958, 20814, 23198, 23455, 25309, 31281, 34138, 72301, 293322, 248325, 70728, 36168, 30708, 21175, 26151, 25778, 26173, 18338, 26479, 19473, 17979, 19912, 22089, 22275, 15405, 17896, 31052, 15751, 20089, 17694, 20243, 19537, 20188, 21647, 20342, 17086, 17417, 20793, 18890, 17476, 18293, 16520, 15509, 19828, 17364, 17308, 19298, 19070, 17844, 19037, 21273, 15279, 18132, 18857, 17252, 17806, 17211, 17184, 18046, 17608, 16099, 17971, 19081, 22978, 23171, 22707, 21000, 16762, 19594, 18786, 16691, 19191, 28328, 21644, 17871, 18776, 22402, 23675, 29862, 20149, 19222, 21480, 18896, 22786, 28093, 41274, 19781, 23826, 25485, 22758, 21355, 23275, 21431, 24733, 26225, 32475, 34998, 69011, 246203, 40699], "totalLength": 5054950.912316826, "solsticeLength": 53614.01516789817, "sun_azimuth": 120.19803784409957, "ratio": 106}