{"hist": [28738, 20656, 15155, 16222, 16721, 13407, 12944, 11683, 17209, 14083, 12899, 13529, 17128, 11575, 11297, 14362, 15270, 22516, 23508, 20367, 18445, 16297, 14243, 14784, 16169, 16292, 16132, 15017, 11491, 13143, 13428, 15886, 14827, 14689, 16845, 14423, 14602, 11421, 12674, 13677, 15119, 18137, 13669, 12573, 16481, 18223, 17083, 17517, 17381, 16228, 17289, 14088, 15534, 12396, 14659, 15538, 14129, 16343, 15380, 14796, 20538, 16129, 16206, 14029, 16721, 16716, 19862, 19919, 22042, 19131, 20565, 16044, 14366, 13253, 16866, 13813, 16101, 14882, 19300, 27937, 19037, 19380, 14809, 13491, 13303, 15453, 15257, 20869, 24889, 19815, 41316, 27682, 18789, 19709, 24144, 21071, 15301, 11331, 12782, 14531, 13854, 13824, 19808, 16816, 18302, 18467, 17747, 24119, 26377, 25351, 20957, 22347, 17333, 18968, 16643, 16999, 14153, 15821, 14746, 16382, 14154, 16348, 16306, 15446, 13474, 12854, 14914, 17023, 12376, 17392, 16117, 14184, 12991, 14109, 13350, 14316, 13327, 13078, 14113, 14663, 14756, 12891, 15813, 10013, 9881, 13633, 14890, 13627, 19475, 18670, 17195, 9960, 12713, 13220, 15325, 12314, 17621, 12951, 17468, 14119, 13294, 13301, 12610, 10208, 12039, 10219, 11237, 12151, 11798, 13627, 14597, 14197, 17033, 16083, 12811, 14738, 14995, 17020, 18742, 16103, 6456], "totalLength": 2903128.2342182444, "solsticeLength": 40359.30697822112, "sun_azimuth": 150.9474948459836, "ratio": 139}