{"hist": [167482, 108539, 85896, 78868, 77166, 85755, 77398, 78163, 78728, 68652, 67942, 67033, 61177, 62361, 70937, 72132, 73399, 68434, 72136, 65316, 69678, 68894, 64670, 81332, 74926, 70871, 78275, 84558, 104182, 88785, 86826, 84107, 88184, 76137, 78417, 94456, 107960, 106602, 88595, 99426, 109958, 114016, 85668, 99526, 105205, 96656, 98622, 100053, 111468, 108314, 103284, 116813, 113557, 93796, 83188, 93247, 104821, 98039, 92227, 95295, 104448, 116572, 173720, 184495, 150233, 152146, 122107, 118737, 117015, 101848, 118351, 91897, 90580, 100832, 154110, 123934, 101567, 109510, 112677, 93000, 91866, 87685, 99289, 92327, 85261, 84738, 89066, 91666, 127232, 108527, 206265, 110754, 97509, 96085, 86799, 79744, 78881, 81262, 79236, 75705, 68680, 67134, 62549, 57079, 78928, 70944, 74784, 75409, 69742, 62778, 57023, 56838, 64639, 69651, 86666, 69020, 70095, 70337, 74301, 85848, 89125, 86956, 91061, 73412, 74120, 89894, 102697, 96822, 91970, 92012, 102561, 100880, 85139, 75845, 95185, 93589, 84489, 83445, 89828, 100115, 103400, 107233, 102670, 87831, 78259, 98382, 147225, 110273, 79200, 81974, 92687, 85761, 121791, 181705, 124455, 106640, 101434, 111950, 108953, 123081, 113028, 93618, 87392, 99244, 107771, 113610, 97672, 97163, 88735, 86415, 82041, 89305, 103444, 92512, 84413, 92911, 100031, 97550, 126979, 178293, 63348], "totalLength": 17137881.555184435, "solsticeLength": 220812.9320242584, "sun_azimuth": 115.97491821990235, "ratio": 128}