{"hist": [69026, 76409, 82279, 87161, 67810, 73822, 62078, 60845, 71301, 76594, 81098, 94202, 70054, 72688, 72086, 94900, 77722, 83882, 65250, 60296, 73855, 67928, 66129, 58185, 51740, 53294, 61238, 51843, 49801, 53654, 58471, 92218, 56095, 61184, 54490, 60432, 73579, 90634, 97384, 104834, 82003, 82982, 106458, 85602, 122998, 77579, 78163, 90583, 102994, 96560, 103071, 88347, 94575, 138141, 141491, 125326, 118922, 112291, 96829, 97825, 88201, 107645, 89912, 81844, 79511, 92265, 92670, 98493, 93903, 112762, 92313, 96758, 96503, 76491, 95707, 112012, 76576, 61575, 65869, 73190, 69679, 63709, 73140, 74625, 60117, 61724, 68362, 70503, 81652, 99076, 154784, 80023, 84132, 78851, 76465, 69610, 79833, 67290, 68526, 81824, 88188, 89842, 83400, 66855, 63494, 88695, 91937, 87060, 75740, 83308, 94275, 70889, 77967, 63828, 58953, 53085, 50730, 52438, 70326, 60394, 66464, 59841, 62343, 60286, 68097, 65193, 62232, 89293, 133820, 146237, 86923, 90230, 102428, 90373, 116120, 85731, 74147, 99978, 102405, 88379, 87644, 78383, 96309, 120887, 114435, 92701, 85741, 85802, 138176, 109344, 102071, 97985, 99313, 97854, 76528, 89182, 91501, 105258, 104448, 122508, 87757, 81705, 100783, 63331, 79194, 92665, 73820, 62443, 66332, 67293, 69406, 66865, 64127, 56151, 52346, 56853, 61042, 60296, 80452, 94611, 67606], "totalLength": 14950521.278708536, "solsticeLength": 371824.43442167214, "sun_azimuth": 128.75883302525347, "ratio": 248}