{"hist": [1278991, 319723, 108171, 69616, 59475, 56107, 48703, 53283, 54476, 51920, 52101, 48487, 46507, 50366, 61140, 54900, 57797, 51125, 159548, 57449, 43770, 42381, 54488, 54328, 44853, 42004, 41339, 37767, 40533, 49500, 36560, 43233, 38017, 41130, 47306, 45729, 42671, 37162, 41760, 49707, 75775, 58683, 41188, 41196, 46166, 47942, 39092, 39272, 38950, 44285, 43216, 47957, 58113, 64214, 42419, 42278, 40966, 61116, 53423, 46681, 39331, 41355, 45478, 56084, 58636, 42990, 48429, 40305, 44040, 52274, 47881, 49128, 51144, 60723, 49599, 53697, 56592, 62551, 51842, 50782, 56688, 56627, 62420, 64071, 66372, 75640, 93764, 114957, 306888, 1235802, 1501040, 383261, 114101, 72231, 66388, 59447, 49487, 47763, 55361, 52073, 45698, 46133, 47041, 49148, 61004, 48714, 47987, 52730, 205691, 76893, 42430, 36181, 34711, 47567, 38100, 40679, 41829, 38526, 36454, 41746, 39669, 33205, 37289, 39129, 45033, 36295, 58530, 37416, 40238, 51022, 67612, 47131, 37945, 41287, 39860, 51422, 41693, 44145, 36987, 40692, 52454, 51090, 49150, 54331, 46976, 44747, 52534, 51905, 46035, 43043, 41300, 39606, 44229, 43130, 52931, 51469, 59408, 58430, 42796, 60143, 57086, 49935, 49030, 58990, 52330, 58528, 70171, 61470, 61890, 53638, 56587, 65753, 62266, 68609, 73125, 74512, 87977, 118422, 238794, 1232662, 164378], "totalLength": 15872113.854450066, "solsticeLength": 118041.6651245827, "sun_azimuth": 119.75540060474772, "ratio": 74}