{"hist": [114636, 117745, 90809, 112943, 116535, 104694, 109453, 140768, 255077, 136121, 90719, 75029, 75823, 61612, 80399, 73036, 66300, 103146, 86143, 75055, 68758, 77188, 82984, 87011, 74766, 65613, 55128, 72095, 68702, 79360, 64818, 85234, 91071, 73174, 76644, 77118, 79487, 65822, 73173, 66448, 68389, 65639, 83594, 65358, 75604, 63211, 66871, 63968, 64466, 80707, 95849, 84432, 147545, 143447, 115545, 128782, 82011, 73875, 104767, 78831, 62173, 70660, 73917, 87431, 53137, 64328, 62470, 65900, 61798, 60457, 59361, 62972, 59715, 69584, 68222, 49900, 68323, 62607, 66154, 101735, 69538, 84370, 74740, 79732, 77397, 82784, 88929, 170873, 119729, 128047, 139158, 120962, 120167, 116601, 126160, 142423, 131404, 147768, 350452, 150699, 101691, 72884, 70414, 74339, 76172, 63294, 79194, 113428, 100030, 79130, 69584, 64033, 86209, 60572, 72509, 76317, 78809, 68903, 56676, 66406, 70306, 82731, 107028, 74650, 74223, 59860, 95910, 86752, 54384, 53832, 52157, 60659, 77757, 58006, 58660, 59944, 68340, 62190, 63167, 90448, 77566, 105173, 117985, 122461, 88440, 113626, 91561, 76640, 79023, 73628, 70569, 74168, 50592, 69647, 69752, 51758, 60062, 74244, 88804, 69319, 63292, 58554, 59711, 67512, 47574, 59336, 55827, 79680, 91414, 113757, 61729, 75597, 76461, 92614, 111962, 82020, 88352, 117293, 115844, 113144, 23838], "totalLength": 15398521.243492013, "solsticeLength": 166587.57640304655, "sun_azimuth": 129.7493743794454, "ratio": 108}