{"hist": [619824, 270730, 157230, 112755, 110850, 88946, 85930, 82971, 87837, 78106, 74638, 74244, 90648, 77464, 72923, 70977, 68953, 67626, 70495, 77773, 73720, 68978, 68050, 70020, 86808, 86358, 91795, 68914, 62475, 67046, 69734, 63299, 63942, 74168, 97689, 129931, 106382, 81770, 75699, 91512, 87019, 72482, 70055, 68164, 72054, 71042, 84233, 69992, 69151, 72858, 68618, 69546, 68781, 78297, 78108, 84118, 86035, 72406, 69091, 82342, 74489, 75946, 79648, 82357, 86645, 77189, 81410, 80791, 85537, 94410, 116546, 248379, 141485, 113193, 131369, 189216, 111823, 94698, 91445, 87141, 116506, 109192, 103467, 135815, 182317, 111680, 119300, 134870, 264775, 634941, 872076, 280863, 136746, 114337, 117478, 92460, 90333, 91123, 97479, 84953, 77716, 78157, 81686, 73724, 77231, 67432, 71388, 74526, 70281, 79220, 78476, 70222, 67440, 78418, 73358, 73913, 80956, 70500, 65151, 70101, 64017, 55869, 63990, 71836, 84592, 132602, 175273, 92666, 74200, 91640, 80060, 68325, 55134, 58410, 77025, 71451, 65013, 71278, 62370, 66185, 68870, 67901, 64985, 69085, 81194, 86571, 77426, 78695, 67570, 70844, 64615, 67574, 76674, 75053, 76617, 76231, 80606, 82862, 80212, 88435, 105917, 236516, 179912, 111843, 125037, 138203, 115403, 100107, 99684, 125371, 126166, 117109, 103696, 131360, 164170, 127451, 118124, 133896, 263210, 554372, 423878], "totalLength": 19733393.239321064, "solsticeLength": 216121.11627766688, "sun_azimuth": 117.65399728394492, "ratio": 109}