{"hist": [149785, 157314, 139733, 117203, 109404, 133996, 146527, 133547, 135356, 146054, 138274, 166190, 202419, 199258, 118539, 96750, 80564, 77106, 77265, 91608, 111709, 101715, 112070, 91933, 87666, 77420, 57877, 75093, 80665, 69466, 61794, 60455, 46956, 52793, 49277, 46686, 40346, 36043, 43236, 32634, 38064, 33038, 28345, 37109, 45028, 51852, 44185, 32792, 34017, 36957, 55582, 34995, 34887, 38289, 37322, 43965, 49781, 42506, 38813, 35140, 45584, 48248, 51723, 58087, 52208, 72804, 62548, 52702, 52675, 63841, 53982, 57886, 62335, 64450, 82749, 106068, 90496, 93578, 92618, 135152, 194058, 176822, 157563, 145816, 126730, 135874, 146667, 168980, 180023, 151590, 174779, 140827, 134121, 115927, 122604, 135463, 144316, 122143, 135807, 127510, 127521, 148635, 173524, 223842, 148138, 93697, 78453, 69559, 75033, 97247, 118420, 90052, 107704, 109100, 106897, 74905, 56427, 59643, 81245, 57999, 54246, 46596, 51126, 47408, 39127, 43087, 34176, 31990, 34404, 30700, 31416, 42902, 45848, 47397, 48198, 56623, 51226, 35873, 28654, 32167, 42292, 35831, 39127, 38658, 38409, 38238, 36245, 38019, 42527, 37219, 37226, 38605, 40072, 55621, 40322, 53213, 56169, 58067, 67742, 99863, 73175, 64669, 59308, 67967, 78914, 98649, 125679, 119976, 117837, 152922, 170117, 177390, 167825, 153287, 150407, 163882, 162641, 177258, 159180, 155490, 31687], "totalLength": 15575770.167907868, "solsticeLength": 197491.58098781022, "sun_azimuth": 119.11224267174265, "ratio": 126}