{"hist": [546322, 146890, 73001, 57236, 48851, 48536, 45559, 41692, 42064, 37958, 43641, 42674, 39788, 64054, 52513, 38067, 44696, 45622, 36354, 38299, 38506, 35860, 32452, 35639, 34357, 33937, 38353, 32500, 33202, 36264, 34956, 32367, 44138, 32141, 33704, 32191, 31452, 33080, 35491, 43942, 39727, 106638, 32842, 30194, 32166, 31152, 32191, 29633, 28959, 28966, 30372, 30387, 31964, 42564, 68561, 37473, 31303, 39314, 32365, 37228, 35665, 29189, 28896, 29292, 27326, 31821, 28388, 26432, 31301, 27694, 28831, 33323, 30751, 32316, 31473, 36037, 34201, 42557, 39927, 72545, 67322, 38056, 38010, 37555, 38463, 42980, 46393, 51867, 72528, 150660, 545596, 127379, 62614, 53442, 47920, 47498, 45219, 40107, 42592, 40638, 38438, 43349, 39967, 50581, 61373, 40695, 47823, 41851, 39613, 36468, 39562, 33323, 34864, 38931, 37275, 37864, 37434, 34875, 34949, 35274, 34472, 34295, 36409, 34891, 36032, 33411, 35671, 31773, 35010, 65415, 41072, 112138, 41958, 32919, 33433, 38911, 35861, 38751, 32031, 28930, 36268, 37386, 34031, 40574, 70293, 41926, 40298, 39846, 31013, 31108, 28982, 30181, 29751, 29332, 27462, 39536, 30313, 31574, 32287, 31828, 32740, 33480, 29578, 29961, 33282, 34344, 31745, 32965, 39478, 69737, 85992, 38490, 38363, 39132, 35473, 43094, 44629, 55212, 73163, 156994, 28790], "totalLength": 8665766.39021497, "solsticeLength": 105735.16406210532, "sun_azimuth": 118.13130456352376, "ratio": 122}