{"hist": [7812, 11025, 9466, 10254, 9570, 9208, 7518, 10762, 10147, 8713, 9581, 9168, 9303, 8103, 9544, 11213, 9078, 10428, 9115, 8812, 10640, 9657, 9675, 9546, 11003, 11217, 11866, 13243, 12296, 11331, 11680, 10708, 9999, 10529, 11796, 10588, 12514, 12382, 11939, 10452, 11259, 12506, 9985, 10711, 11673, 12407, 10576, 10447, 9136, 9738, 8816, 7623, 9005, 9058, 7658, 9773, 9354, 9661, 8015, 10269, 10834, 7131, 7636, 10279, 9204, 9835, 11181, 8346, 11060, 9043, 11332, 10789, 11143, 14336, 12982, 16165, 13701, 15101, 14191, 11283, 9924, 10889, 9639, 10489, 10964, 11153, 12413, 10213, 9386, 7970, 18178, 12130, 9149, 9153, 9019, 8013, 9313, 9919, 8208, 7342, 9426, 7636, 8248, 8389, 9141, 9096, 8106, 10093, 10818, 9321, 11057, 11462, 10617, 12119, 12518, 14546, 12990, 18261, 17071, 15312, 13717, 13286, 12360, 12338, 12008, 9853, 13316, 10637, 12931, 13304, 11823, 11495, 12099, 11288, 12872, 11036, 10206, 9704, 11310, 10377, 11916, 9824, 9265, 10251, 9621, 11421, 9992, 11389, 12784, 10118, 10327, 9455, 10716, 10602, 8705, 9713, 10445, 9959, 8816, 9365, 10820, 11169, 10990, 11442, 13754, 14006, 12907, 13984, 12668, 13317, 10591, 11717, 10223, 12227, 11427, 10326, 12450, 11500, 11075, 6893, 9231], "totalLength": 1948262.137189334, "solsticeLength": 38225.08857593369, "sun_azimuth": 122.43232932539415, "ratio": 196}