{"hist": [5085290, 1872578, 780394, 482758, 393060, 349956, 318667, 296569, 288095, 287894, 287852, 279822, 282543, 273074, 280160, 270278, 285088, 266009, 284667, 280497, 287648, 275950, 275267, 254137, 259259, 267683, 263379, 247677, 254139, 257816, 270981, 264584, 256772, 251434, 253118, 250588, 256066, 251896, 249555, 251635, 250350, 260484, 261231, 251421, 303642, 239300, 260342, 227741, 235104, 239333, 244485, 237196, 238427, 251335, 233884, 233282, 243649, 239014, 248050, 236599, 247189, 239066, 246770, 260416, 227859, 252678, 246593, 252987, 259535, 245024, 242339, 237218, 252367, 248505, 248088, 266763, 245638, 253906, 260869, 280063, 287899, 331039, 279162, 328831, 346426, 359739, 460792, 656928, 1265370, 3421140, 5372669, 2004739, 772592, 473973, 368152, 330116, 302893, 288945, 285625, 282875, 275101, 262917, 259719, 255550, 275004, 255025, 268195, 252563, 252572, 252336, 257948, 258617, 258123, 239484, 245667, 265051, 253864, 227188, 233969, 237847, 262027, 299235, 247201, 241020, 235488, 238820, 238518, 246918, 231134, 250280, 239311, 264993, 267046, 278579, 239878, 309198, 269397, 258310, 257498, 262614, 264897, 260132, 251046, 253206, 242766, 244457, 252243, 253900, 256592, 262051, 250743, 254188, 262303, 273889, 252669, 258107, 266315, 255803, 246629, 253278, 254484, 260764, 255843, 249603, 248454, 265639, 271134, 272366, 283390, 278910, 295001, 357020, 303975, 335329, 346782, 399079, 474653, 715663, 1524155, 4109260, 590695], "totalLength": 73745187.07231332, "solsticeLength": 716681.3159470771, "sun_azimuth": 124.8260647426735, "ratio": 97}