{"hist": [817853, 524604, 427645, 387554, 355904, 322410, 328325, 311309, 291550, 288438, 262824, 259811, 247808, 236273, 270779, 260938, 219829, 219076, 249465, 209521, 225741, 196091, 204714, 177025, 200990, 180048, 171723, 198057, 177465, 176387, 219501, 212005, 204555, 188360, 166058, 165399, 160903, 145757, 138206, 158100, 161569, 173212, 188136, 171281, 182764, 191683, 179319, 193846, 180998, 171862, 216607, 210132, 186966, 222608, 198780, 219583, 226266, 237486, 251829, 290651, 263670, 259421, 314114, 344482, 286311, 313396, 348594, 356242, 346553, 409839, 409348, 396703, 401915, 418609, 415468, 394621, 383117, 454658, 399288, 417907, 422744, 412194, 405560, 457445, 525190, 488209, 637299, 801182, 687273, 961695, 1079405, 602594, 512547, 423813, 419513, 393948, 376404, 316902, 350845, 297675, 297224, 281910, 280292, 264398, 285268, 278832, 295873, 283535, 259331, 274933, 239682, 229393, 197592, 202982, 194878, 206436, 211822, 188796, 205701, 204729, 214844, 187927, 195017, 193460, 187930, 148667, 177666, 165429, 149859, 151468, 169336, 146392, 157458, 156866, 148740, 174237, 176542, 202170, 165350, 181989, 187044, 171888, 172721, 187552, 181987, 224185, 197925, 218701, 213067, 238994, 252044, 275688, 271054, 309346, 276840, 288146, 312039, 327222, 328143, 322438, 362836, 335579, 342571, 356622, 358585, 390059, 374216, 379280, 390651, 378910, 429124, 417102, 385557, 398650, 408572, 510684, 633115, 646941, 670136, 795939, 113564], "totalLength": 54492034.88799829, "solsticeLength": 603041.7000716098, "sun_azimuth": 116.7190536695969, "ratio": 110}