{"hist": [128513, 100841, 72262, 63628, 67562, 57303, 52933, 49698, 49496, 52854, 45347, 42568, 53799, 45264, 58643, 52417, 49679, 44979, 57570, 59899, 73807, 61579, 93639, 76876, 57452, 57497, 59362, 52404, 65157, 54178, 57736, 48881, 53359, 58809, 56258, 61534, 64315, 60508, 63386, 63625, 69779, 77056, 106613, 138490, 103816, 73166, 68665, 58569, 69630, 56212, 57181, 57709, 68396, 67947, 59257, 55556, 61861, 52881, 53948, 48261, 57225, 50965, 47685, 61219, 56404, 58826, 57018, 53357, 50738, 49358, 47541, 47405, 51852, 49269, 48828, 50565, 53808, 61475, 71201, 67308, 52943, 57674, 68249, 67937, 62973, 68060, 71632, 79872, 100466, 176941, 259725, 111699, 82281, 71657, 77741, 68186, 64891, 49391, 54191, 58752, 51623, 51214, 50432, 51561, 53795, 58833, 48870, 50645, 63269, 66286, 80284, 63061, 69251, 77154, 70266, 62428, 61112, 57716, 65561, 63532, 68644, 56030, 67087, 60988, 77611, 68038, 71147, 79303, 74164, 63149, 58411, 77044, 91320, 123024, 86928, 88908, 72106, 66493, 71724, 67716, 56932, 60830, 58462, 67590, 63199, 51701, 59734, 51735, 53324, 55372, 51158, 56420, 56956, 51011, 65900, 68815, 51493, 51873, 47917, 45803, 49400, 39363, 44895, 45162, 40055, 44257, 41461, 50073, 58532, 57941, 50971, 52520, 62122, 55545, 46903, 54603, 53789, 72353, 90204, 130263, 105288], "totalLength": 11726659.895459665, "solsticeLength": 215665.06333155063, "sun_azimuth": 113.42134954585553, "ratio": 183}