{"hist": [2121804, 905914, 434696, 287871, 220925, 215008, 295869, 393348, 302974, 272452, 162095, 151254, 157859, 153625, 165958, 176932, 146252, 144768, 145041, 152908, 143667, 138904, 141280, 136705, 141423, 137233, 135325, 132566, 184351, 262850, 140526, 151332, 143716, 151882, 155161, 143733, 153581, 154089, 137610, 125724, 131506, 152744, 129968, 130816, 168271, 125920, 147915, 162238, 131842, 121811, 128591, 144322, 158099, 134035, 153930, 175391, 143293, 142097, 130449, 124568, 117216, 118141, 129958, 139676, 130782, 127943, 136324, 139930, 150241, 137464, 138242, 147529, 138645, 124024, 135782, 142995, 129325, 133729, 148333, 159908, 152281, 162084, 155558, 161627, 167443, 182870, 232445, 352427, 706458, 1513427, 2496178, 1317952, 583805, 344192, 274145, 233830, 385516, 695565, 308738, 244082, 161856, 146174, 156704, 165063, 217931, 225199, 163036, 149301, 147513, 159612, 148785, 139562, 139932, 143520, 137173, 124802, 119328, 135341, 179452, 347783, 142470, 126654, 153633, 176329, 171689, 148647, 165036, 195291, 145064, 136813, 138470, 123685, 145209, 126854, 128589, 143086, 172903, 228007, 147170, 133620, 117555, 132535, 142209, 134887, 123469, 144745, 152515, 148164, 118464, 119768, 115929, 113527, 130627, 134402, 126077, 115873, 122733, 120358, 139484, 124235, 124460, 126130, 121227, 121931, 127054, 124304, 128049, 132256, 132659, 131627, 140102, 152002, 162129, 165157, 170467, 198415, 233420, 363091, 823830, 2201940, 400361], "totalLength": 41469374.46817414, "solsticeLength": 666638.877127884, "sun_azimuth": 119.78018053105653, "ratio": 160}