{"hist": [43388, 43630, 40662, 38055, 43808, 39379, 39710, 39316, 37841, 43228, 33514, 35238, 39498, 37919, 42422, 37453, 40100, 42551, 45179, 40719, 37024, 45478, 45938, 43524, 41680, 39712, 48316, 38918, 33777, 32108, 30520, 32223, 39676, 32277, 37245, 36078, 32763, 31698, 32266, 33062, 34106, 31937, 35388, 27719, 27780, 27464, 28666, 32699, 32848, 29110, 31431, 28967, 27782, 32655, 24268, 27010, 25696, 25218, 26876, 26526, 27030, 26805, 29171, 29228, 29172, 30076, 30038, 33399, 29092, 32511, 33015, 35497, 34057, 33120, 35478, 36681, 38636, 39129, 42520, 36284, 43079, 36413, 38622, 36827, 37148, 40481, 44707, 42418, 39957, 36938, 47506, 38822, 41353, 42243, 42738, 39285, 43494, 45295, 38392, 43720, 41034, 39020, 47206, 43657, 46305, 40730, 39256, 35755, 37771, 37528, 33666, 37420, 42071, 36176, 36357, 35694, 37348, 31021, 32757, 34374, 33215, 31597, 31209, 30058, 36068, 31768, 30637, 30294, 30185, 26829, 26053, 26825, 32145, 27969, 25282, 25868, 25324, 26417, 31634, 28834, 28566, 27069, 24201, 25223, 24318, 23975, 25596, 25661, 25135, 26378, 25483, 26763, 30283, 31339, 26432, 25765, 32662, 29785, 28610, 30400, 29805, 33973, 34928, 32207, 32378, 35931, 37083, 38940, 38715, 44162, 42292, 42581, 45577, 39317, 40891, 35577, 44072, 39887, 39866, 43696, 5297], "totalLength": 6286679.756856812, "solsticeLength": 99305.87158087689, "sun_azimuth": 125.71288284412961, "ratio": 157}