{"hist": [158179, 144147, 85843, 68895, 54552, 57297, 57122, 49978, 56503, 52004, 54827, 51292, 52754, 53674, 64366, 53383, 50111, 47632, 45977, 46278, 54723, 47089, 50836, 50897, 50026, 52248, 54773, 58139, 60612, 59511, 62156, 58388, 53422, 55731, 59336, 57106, 55962, 61293, 60558, 54371, 61514, 61955, 73923, 67959, 69586, 63343, 78106, 74344, 67638, 69025, 65056, 76472, 71969, 69244, 69843, 64595, 67004, 69539, 61303, 66900, 71312, 71978, 70466, 66423, 74853, 85050, 66585, 64735, 65244, 66675, 75779, 73085, 70967, 61002, 70318, 67175, 68996, 64585, 57595, 66355, 65484, 73223, 71373, 68824, 68573, 71212, 76303, 73736, 91863, 112509, 227452, 193291, 102017, 76633, 63601, 57705, 66900, 67835, 64251, 59829, 55557, 52885, 49708, 50417, 60541, 62299, 55497, 55228, 55347, 54768, 57744, 50734, 50244, 54107, 56344, 60154, 63258, 61933, 71629, 65366, 70580, 67627, 71341, 65410, 66255, 68099, 65687, 63517, 54861, 57880, 52685, 53897, 62423, 62952, 67000, 74793, 69619, 69205, 62028, 60850, 66409, 54162, 59602, 55360, 55803, 62843, 58748, 58834, 59820, 65114, 70264, 73720, 66590, 66503, 75952, 74368, 70965, 66671, 62819, 78970, 67092, 62121, 56631, 58033, 66359, 57455, 52891, 56388, 57153, 62247, 60465, 64218, 59885, 52994, 64087, 64553, 66149, 76134, 77799, 95526, 26035], "totalLength": 11961389.474472402, "solsticeLength": 179779.75813457958, "sun_azimuth": 115.5736446061641, "ratio": 150}