{"hist": [61588, 61046, 60264, 55351, 57737, 57465, 61299, 60752, 61642, 61442, 58620, 53129, 50438, 55178, 73653, 64402, 53848, 48177, 40393, 48286, 47823, 41371, 41875, 38072, 40416, 36116, 38268, 36690, 36025, 35036, 33871, 32856, 31752, 28672, 23995, 20093, 24266, 20641, 19666, 23066, 26463, 20460, 22267, 20808, 19059, 19735, 21785, 19444, 19428, 19549, 19419, 19674, 19071, 15841, 21361, 16136, 17336, 18757, 17708, 19043, 24058, 18737, 17923, 20165, 19030, 20882, 20225, 19713, 20853, 20793, 23037, 24171, 23595, 23724, 24200, 23815, 28075, 26464, 30218, 30907, 29575, 36250, 37473, 34456, 41474, 39670, 41984, 47944, 55280, 61586, 77798, 63897, 61221, 58903, 55111, 54962, 58750, 64394, 59730, 55005, 51729, 48848, 53899, 53874, 61405, 62129, 56104, 54303, 43709, 44135, 44783, 40947, 35565, 36821, 33647, 34988, 34864, 28225, 27659, 32597, 30180, 38833, 34124, 25468, 21862, 19372, 20378, 20515, 18991, 22616, 19960, 20991, 21426, 18848, 17586, 20472, 19810, 19242, 19855, 20140, 23997, 17996, 15513, 17714, 13859, 16375, 19030, 17768, 21090, 22163, 22957, 17429, 18111, 18762, 17006, 17724, 18570, 13881, 17495, 18831, 20421, 19530, 20292, 19280, 26193, 26499, 25182, 22809, 25277, 27389, 28010, 32366, 33238, 31177, 36893, 40913, 45944, 52079, 54209, 59513, 13684], "totalLength": 6042825.945919181, "solsticeLength": 91926.23543163086, "sun_azimuth": 117.37113182965801, "ratio": 152}