{"hist": [238053, 161403, 176095, 177108, 140040, 95024, 73189, 64076, 52502, 52726, 55749, 50466, 45804, 53934, 49656, 43128, 42704, 46115, 43926, 39772, 40262, 44187, 37051, 39104, 39360, 42082, 36953, 35289, 36437, 31934, 41299, 37456, 35278, 35442, 32406, 36105, 37426, 33167, 37254, 31015, 33531, 34547, 33764, 32988, 36367, 39841, 36285, 36305, 39192, 37757, 38218, 36228, 35805, 33952, 36244, 38931, 43255, 36722, 32210, 39625, 43610, 36712, 35948, 39241, 42534, 39881, 37062, 41221, 49769, 42860, 48903, 51470, 54871, 51249, 54427, 56507, 48082, 53545, 49807, 50135, 50147, 52975, 61632, 64328, 74005, 84799, 74026, 83033, 131388, 264815, 339757, 184277, 186728, 190291, 143847, 107783, 79264, 72142, 59282, 58468, 65646, 50296, 51248, 46092, 45729, 46277, 47109, 48428, 43900, 49301, 49709, 52898, 41198, 36929, 40992, 37981, 41616, 40117, 38321, 35115, 37183, 34799, 38830, 42105, 35118, 31588, 35700, 36599, 35841, 33364, 37840, 33588, 34872, 39114, 35112, 33032, 36540, 35987, 39823, 40800, 37952, 34107, 30951, 33900, 28789, 35349, 38126, 38497, 44953, 38452, 33993, 37324, 37343, 31517, 41664, 47197, 38185, 39494, 42354, 46222, 48597, 38690, 51984, 44616, 76429, 46223, 46979, 46724, 46479, 47751, 50093, 50894, 58123, 58112, 59706, 58907, 64137, 81109, 124205, 227721, 61459], "totalLength": 10245700.219608665, "solsticeLength": 116633.80854349639, "sun_azimuth": 113.69029507461396, "ratio": 113}