{"hist": [893079, 236117, 95484, 57139, 50053, 44122, 36501, 34997, 35317, 30703, 33894, 32915, 31785, 32049, 32851, 30670, 33948, 30774, 33424, 37166, 32287, 30321, 33261, 30902, 31026, 27744, 29894, 29654, 26503, 31273, 27306, 30905, 32287, 32812, 31947, 36482, 37034, 33619, 35960, 33095, 32859, 33409, 29346, 35016, 46431, 37296, 36592, 32315, 30362, 33058, 30955, 32149, 34812, 26940, 32259, 30586, 25492, 30434, 30345, 30909, 27518, 30672, 29368, 35342, 38422, 34272, 28818, 27773, 27651, 32723, 29636, 30685, 35540, 28480, 28414, 30473, 27814, 29757, 29743, 32541, 32760, 34029, 32554, 40473, 42945, 45935, 60701, 101108, 283805, 1398199, 1267267, 239919, 90105, 53928, 49211, 40600, 36707, 36888, 41448, 31684, 33100, 31307, 29471, 27998, 29030, 29195, 26521, 32397, 37399, 32656, 27825, 29312, 27966, 24494, 27920, 30298, 30286, 25434, 25963, 28257, 29991, 27502, 25823, 34037, 32843, 50487, 64694, 41508, 36620, 38502, 49112, 30675, 30940, 31458, 36401, 48123, 31489, 39348, 34624, 34305, 37764, 28674, 25325, 34288, 40103, 34607, 26510, 28149, 26051, 28588, 29966, 27047, 28110, 29992, 28056, 28835, 27047, 26234, 27431, 23956, 29741, 28058, 29583, 29686, 30211, 31103, 27555, 29847, 32831, 36771, 32434, 32119, 32483, 37449, 41789, 45700, 60742, 105493, 319043, 1181611, 123532], "totalLength": 11944692.73084932, "solsticeLength": 82622.41965992548, "sun_azimuth": 117.46340768534489, "ratio": 69}