{"hist": [2052817, 816608, 270915, 113255, 72420, 63792, 59908, 54482, 55587, 56042, 53590, 50047, 50593, 47391, 53222, 48828, 47328, 47659, 47952, 53620, 44112, 48606, 46671, 47322, 47094, 63132, 57152, 49471, 46567, 44966, 52731, 55248, 58470, 53853, 58371, 53688, 51218, 49324, 53151, 54749, 47924, 53049, 71370, 71497, 96742, 63843, 63135, 49344, 56038, 71190, 146276, 82849, 56145, 57394, 52798, 61383, 49359, 54237, 50688, 48745, 51813, 52305, 52985, 48072, 48956, 54170, 47454, 46078, 46058, 47903, 48536, 45621, 50256, 45520, 51476, 45170, 48344, 50326, 47984, 46793, 48594, 53230, 59929, 55049, 68025, 69434, 92001, 150092, 358958, 1508405, 2587687, 988514, 337308, 141056, 85386, 75419, 64399, 61079, 57421, 64444, 59995, 58629, 56908, 55137, 61781, 53238, 54459, 58010, 55266, 59834, 57582, 54398, 55522, 63786, 53607, 59386, 61250, 55101, 56290, 55147, 69363, 71026, 70432, 86112, 73133, 60299, 54696, 49162, 46654, 50870, 60649, 45779, 50357, 52074, 88293, 85019, 50479, 48323, 51003, 61600, 110680, 75847, 51397, 47040, 45529, 44198, 47594, 57988, 47016, 44906, 44240, 49594, 42615, 50595, 43925, 49079, 42033, 41313, 42693, 43290, 49735, 41464, 42952, 44041, 46925, 42745, 46001, 45792, 46149, 43863, 43510, 46507, 60147, 53272, 58644, 67781, 89208, 138319, 372469, 1452317, 122210], "totalLength": 20704572.294965964, "solsticeLength": 169212.83913799847, "sun_azimuth": 125.78238684912365, "ratio": 81}