{"hist": [152641, 169889, 177208, 195176, 161019, 136463, 127555, 142724, 147854, 126104, 131170, 127346, 149732, 162378, 255908, 174078, 144308, 130676, 125525, 125374, 115363, 130585, 122419, 115903, 106384, 111451, 102118, 106396, 96031, 93649, 95762, 84503, 81355, 85673, 86410, 81578, 79415, 75291, 75881, 77904, 77996, 74000, 82949, 79582, 77758, 75333, 73205, 71981, 70991, 71187, 73364, 66436, 72458, 67786, 65598, 66872, 67202, 74982, 74602, 72507, 71716, 74207, 75365, 79284, 76113, 92979, 101220, 92666, 91888, 97960, 97659, 93515, 109147, 116158, 122997, 126645, 133984, 152858, 180415, 146616, 125711, 118114, 120420, 115730, 116562, 125984, 127721, 128685, 128564, 125289, 185895, 149025, 152488, 171724, 155497, 137479, 136301, 128059, 125088, 120718, 121676, 133857, 138132, 150191, 248258, 193826, 145888, 131181, 126956, 130572, 138085, 125473, 121004, 111531, 121504, 112017, 104687, 103510, 102974, 108223, 103159, 100393, 100905, 95790, 94315, 94174, 86998, 82179, 91851, 80437, 86229, 87256, 92941, 93038, 101304, 92050, 85261, 73037, 75419, 76929, 73870, 75598, 89066, 76877, 67407, 67333, 79193, 68964, 73629, 87086, 73118, 79709, 80357, 82920, 85343, 92958, 88188, 95212, 94972, 99389, 95269, 98171, 111018, 97455, 112459, 120025, 129036, 138348, 152976, 151682, 141112, 138152, 129969, 122704, 113649, 114080, 132611, 124543, 130457, 145061, 34786], "totalLength": 19900494.048489433, "solsticeLength": 291756.4772627835, "sun_azimuth": 123.62089152400308, "ratio": 146}