{"hist": [191170, 195378, 227823, 210000, 217543, 205875, 197248, 205842, 206961, 187690, 187848, 185489, 201302, 185076, 216598, 204065, 205940, 209591, 206214, 221645, 206090, 196348, 206629, 207375, 205787, 206417, 216969, 209943, 215202, 210292, 215680, 213043, 220923, 199780, 192860, 199218, 215782, 215341, 202481, 201975, 216824, 197953, 204650, 218196, 205235, 198405, 207850, 203440, 206254, 200180, 206284, 229832, 209229, 204886, 215554, 200982, 198789, 198495, 187260, 176389, 180072, 191644, 198572, 208041, 187738, 194747, 190800, 191143, 185446, 183427, 199782, 199618, 193040, 185742, 196971, 191364, 194348, 189810, 183883, 188700, 188292, 186209, 187753, 216284, 194689, 202352, 201864, 202895, 201514, 186103, 245092, 217871, 244140, 245882, 244138, 230131, 218010, 209373, 217996, 228059, 220113, 223168, 237196, 223138, 227068, 221915, 227618, 226325, 221886, 232994, 239277, 227897, 231470, 222204, 226277, 239398, 239162, 236270, 227670, 233637, 231482, 239199, 230606, 229147, 220837, 236627, 246775, 242410, 255101, 234801, 228229, 225323, 248694, 255277, 238350, 247503, 235868, 237228, 236415, 241704, 243236, 242292, 229453, 240281, 234699, 223790, 216669, 216230, 219461, 215610, 203043, 208950, 215351, 222633, 213653, 217431, 206218, 200987, 202806, 199907, 196008, 186845, 190175, 191184, 197405, 192318, 179272, 193029, 191415, 178909, 182520, 179591, 171990, 191996, 194194, 179980, 185506, 190903, 189833, 179941, 35347], "totalLength": 37915057.97951905, "solsticeLength": 700409.5553856808, "sun_azimuth": 125.42893821995384, "ratio": 184}