{"hist": [82026, 82008, 90662, 83772, 84252, 89726, 90864, 93938, 89757, 84668, 89586, 84955, 104880, 87252, 104624, 97058, 103979, 99100, 101604, 111850, 107074, 91945, 96235, 94691, 93000, 94382, 98888, 90150, 83328, 87191, 89967, 90115, 86890, 75340, 73135, 82361, 81189, 76488, 73519, 78045, 78607, 68763, 72474, 67174, 63257, 64205, 67066, 63618, 67484, 64925, 67341, 69150, 61450, 66505, 64596, 66498, 63408, 61253, 60813, 53467, 53834, 59949, 61510, 61173, 61289, 65962, 63868, 69346, 64790, 69080, 72517, 81955, 79777, 76100, 76711, 77937, 76114, 76037, 65111, 67521, 76230, 76477, 79587, 83515, 77393, 84593, 81535, 80543, 87662, 89637, 111328, 100754, 111946, 109227, 96991, 103811, 106011, 100317, 106837, 96544, 98181, 101601, 118766, 97918, 96957, 101796, 109997, 108416, 100051, 117619, 117822, 103913, 96975, 101420, 101043, 105760, 111040, 102375, 93882, 94950, 91611, 97579, 93891, 86064, 84020, 90091, 96962, 87245, 100696, 79516, 79292, 76360, 80654, 93063, 87784, 83725, 79601, 88493, 79293, 78987, 77282, 74934, 74022, 73988, 69517, 68434, 67262, 63031, 62595, 62439, 62949, 64664, 66299, 63309, 59696, 63501, 62165, 66293, 68072, 65601, 60496, 61199, 69533, 76093, 77311, 71417, 62116, 60225, 67529, 63313, 68824, 70445, 65835, 72980, 73573, 69139, 69896, 68976, 77268, 78579, 10538], "totalLength": 14700901.374426093, "solsticeLength": 270519.8158617404, "sun_azimuth": 125.33263255265666, "ratio": 184}