{"hist": [18649, 14463, 17632, 17003, 12703, 10933, 13863, 16846, 13464, 11125, 11398, 10621, 15789, 12436, 11654, 8772, 12167, 7216, 8662, 9311, 13564, 9576, 6470, 7931, 8013, 10014, 9233, 8871, 10044, 12319, 11382, 16070, 11425, 12761, 11606, 15727, 13771, 14483, 15066, 12594, 14843, 9734, 19310, 9360, 9528, 9757, 8424, 12383, 12391, 13953, 10377, 9836, 9650, 9981, 7547, 10449, 20446, 29423, 15965, 10725, 10708, 13251, 10576, 16141, 5300, 10387, 9779, 7699, 6612, 7314, 7588, 5210, 5961, 8436, 9708, 9144, 10142, 7901, 5833, 8532, 10896, 14947, 10309, 6368, 7043, 9661, 9315, 10630, 14821, 25992, 22887, 20993, 18500, 12684, 11933, 10028, 11088, 12703, 13892, 9341, 14732, 8835, 14155, 14534, 13646, 12842, 11894, 15723, 10638, 12903, 11575, 13918, 9067, 8208, 7445, 7868, 9553, 10626, 8735, 10074, 14851, 16749, 12985, 16913, 19236, 16038, 16553, 15157, 10191, 12177, 13586, 12698, 8483, 10210, 7270, 8736, 9931, 8464, 8145, 7205, 7997, 8174, 11566, 9010, 8896, 8465, 9471, 22924, 17875, 8820, 6434, 11350, 7204, 7421, 5614, 7899, 7305, 5902, 9732, 8594, 7607, 8218, 6351, 7745, 8680, 10390, 10096, 6736, 7022, 9026, 6867, 7850, 6982, 7894, 5854, 8223, 9691, 15577, 19555, 19118, 4998], "totalLength": 2037743.0368422773, "solsticeLength": 27701.686310138903, "sun_azimuth": 66.08882844677333, "ratio": 135}