{"hist": [95859, 81182, 68878, 86642, 58712, 58944, 55522, 68697, 62057, 77783, 69276, 72831, 76253, 75462, 71095, 75947, 73970, 77739, 106870, 92402, 128637, 91613, 86104, 85616, 100010, 73291, 68161, 72727, 77227, 85372, 75589, 90825, 73768, 61664, 59682, 61295, 64195, 75141, 77008, 83254, 143978, 228986, 106267, 71056, 73288, 66554, 62024, 62124, 53070, 50111, 61977, 66181, 62229, 63506, 85478, 75169, 66297, 94813, 93640, 104116, 137975, 113753, 69178, 64793, 64432, 62592, 66459, 72063, 76340, 66552, 65447, 87260, 79829, 68592, 62778, 66559, 70674, 70282, 67307, 67599, 65527, 55559, 56163, 59137, 53757, 62440, 75249, 78406, 130705, 165874, 140863, 78834, 63260, 63315, 62030, 56879, 56418, 55906, 56853, 58777, 60320, 79983, 90049, 68133, 64549, 66340, 65791, 62047, 83522, 91586, 134781, 78091, 78219, 70248, 85449, 76894, 69563, 65872, 71077, 73980, 87598, 77894, 73375, 70673, 56140, 56483, 60053, 67542, 69895, 86970, 142325, 239746, 118810, 82167, 72491, 69108, 67250, 60221, 55561, 65938, 53897, 53437, 51503, 51670, 77955, 68910, 56658, 69686, 84075, 89200, 134929, 112513, 67406, 57305, 60060, 56371, 62224, 65529, 65333, 72193, 69685, 76607, 73124, 56470, 58211, 62069, 66140, 65040, 63227, 62521, 57492, 54674, 47795, 58395, 56943, 56995, 64961, 80948, 129024, 148148, 40353], "totalLength": 13861078.412862957, "solsticeLength": 172284.02368311433, "sun_azimuth": 47.97099010722206, "ratio": 124}