{"hist": [110476, 118855, 107628, 97932, 105362, 95840, 85720, 87898, 87250, 82806, 78738, 76213, 93831, 84433, 86723, 78120, 68307, 74187, 71241, 75763, 72296, 86638, 105667, 75670, 75181, 79035, 74380, 73447, 81197, 67865, 75632, 70214, 74509, 81639, 68508, 72180, 66531, 66962, 67782, 71904, 73236, 70229, 68291, 62869, 63659, 65437, 62426, 70452, 74503, 67659, 69801, 72496, 75663, 67890, 64838, 66471, 67112, 76953, 74587, 74710, 74226, 76220, 71596, 71176, 75701, 81000, 96922, 74344, 76581, 78841, 78963, 72159, 75485, 74199, 72431, 67880, 75500, 69201, 62217, 74354, 73166, 73464, 69676, 76125, 83450, 78531, 102830, 103182, 111984, 111869, 162104, 110521, 95477, 85272, 99304, 85451, 80120, 78339, 72809, 73994, 73942, 71153, 78318, 69032, 74039, 71127, 69710, 71751, 70306, 64457, 65488, 70132, 91870, 87572, 68386, 69035, 63385, 64057, 66252, 68412, 78433, 59856, 67116, 69183, 61846, 62368, 61231, 62074, 61413, 65636, 57778, 65393, 62176, 63682, 71126, 63844, 60774, 60626, 59848, 60829, 66127, 75629, 62202, 60936, 64111, 69396, 62471, 61888, 64890, 63084, 66729, 71466, 67877, 65636, 64580, 67919, 80327, 66718, 87536, 77401, 73092, 69422, 71909, 69013, 67710, 68544, 61903, 73392, 68642, 75061, 77961, 74172, 79442, 79684, 96376, 91685, 92059, 115322, 110136, 116026, 31335], "totalLength": 13724063.657243624, "solsticeLength": 224125.63823055834, "sun_azimuth": 57.825139664325825, "ratio": 163}