{"hist": [31791, 42727, 45199, 43523, 48172, 44888, 46365, 39450, 46113, 43233, 42048, 66015, 87568, 79383, 82061, 56082, 48488, 49633, 42734, 48386, 41342, 50749, 45411, 45781, 40262, 43722, 39447, 45166, 40964, 41910, 44043, 43279, 46216, 45412, 44619, 47639, 46716, 38454, 44654, 52420, 46043, 45042, 48750, 42866, 46978, 60302, 48149, 43603, 44858, 43757, 45018, 44949, 52506, 52918, 51205, 60698, 52119, 56414, 62568, 57046, 54332, 46561, 44694, 42241, 61751, 65398, 83754, 67815, 71268, 58986, 58608, 50300, 54333, 53494, 56074, 49949, 47577, 55189, 49081, 47278, 45042, 45786, 53282, 57000, 55333, 55476, 51829, 52705, 44793, 30303, 72899, 41823, 40974, 41179, 40776, 45928, 47221, 44672, 39836, 47000, 51329, 44905, 85155, 79102, 91604, 64838, 48533, 44199, 49292, 50513, 44018, 44597, 45328, 42308, 44071, 38465, 38688, 37651, 38662, 36305, 38749, 39464, 51112, 46882, 42982, 38682, 42308, 36580, 43754, 46260, 45252, 38984, 36882, 42829, 40132, 46564, 49797, 41869, 37382, 38532, 43842, 39621, 45534, 50483, 45114, 48316, 48849, 53082, 53778, 48929, 49451, 42748, 46887, 44527, 55894, 62528, 74796, 60750, 63849, 54066, 57566, 54046, 46925, 43523, 47811, 50156, 45378, 48807, 50482, 41406, 45903, 45725, 49904, 56697, 50266, 49772, 47550, 46630, 42738, 32471, 33100], "totalLength": 8884941.370940581, "solsticeLength": 149326.9304331557, "sun_azimuth": 60.93107939692991, "ratio": 168}