{"hist": [41917, 69370, 61516, 41051, 39075, 29018, 27504, 42560, 33963, 37218, 27740, 30635, 26171, 35117, 27371, 25484, 25854, 27462, 28336, 29956, 31718, 41215, 48762, 42367, 37880, 39459, 26586, 37195, 43458, 45812, 35283, 34229, 30753, 30160, 29556, 21876, 19611, 26478, 25851, 31653, 47168, 85033, 207092, 166640, 79131, 48203, 35318, 34252, 36807, 35528, 46129, 46058, 41680, 36305, 27486, 31201, 29315, 29125, 56492, 47773, 57463, 28873, 35602, 45593, 43334, 33439, 34020, 39784, 36613, 45230, 43620, 92333, 53740, 48346, 77407, 71707, 62659, 53589, 41737, 53345, 81526, 80119, 85415, 59143, 68085, 53565, 49468, 41107, 46653, 55049, 63495, 65530, 74591, 57165, 34301, 41892, 41694, 42836, 41033, 31857, 29206, 21998, 21499, 31759, 25381, 24264, 21737, 33081, 27949, 21192, 24397, 34628, 31483, 41901, 28616, 17658, 23022, 29981, 33211, 42520, 31247, 36077, 33118, 28662, 30171, 34579, 22901, 23295, 23629, 30707, 45265, 96825, 270203, 324437, 123734, 63091, 41040, 31502, 40034, 39472, 52755, 53784, 43603, 30726, 25205, 27506, 32588, 30750, 40562, 46508, 68435, 44129, 31067, 30345, 45803, 33526, 35295, 36935, 38482, 43224, 46961, 69507, 47450, 39167, 48527, 68556, 52592, 40807, 41258, 56035, 58691, 71097, 68826, 54107, 63381, 45545, 39266, 46823, 65362, 45949, 22896], "totalLength": 8486507.063246826, "solsticeLength": 125693.35297473414, "sun_azimuth": 60.92982264212263, "ratio": 148}