{"hist": [554061, 425663, 461490, 327825, 355346, 298149, 295492, 277810, 298703, 289015, 312861, 269349, 284918, 248344, 335965, 275367, 263790, 269965, 263000, 279120, 227428, 233195, 212504, 230184, 196882, 236037, 258491, 271287, 264885, 329649, 259829, 213194, 171379, 212792, 148996, 141197, 152820, 143906, 124219, 136673, 133122, 149062, 156788, 159652, 152556, 135297, 145885, 152911, 149463, 154814, 139345, 162572, 174878, 155551, 141144, 147296, 152043, 175401, 176935, 189405, 272397, 249046, 211684, 222348, 192309, 193011, 202078, 198904, 189440, 208846, 227817, 205970, 211887, 255784, 248579, 268765, 263718, 268622, 289873, 278868, 289329, 294009, 298328, 385721, 362378, 373781, 394010, 418983, 462277, 619721, 500359, 396990, 423414, 297801, 296198, 359272, 333691, 301905, 276674, 275492, 267004, 304773, 335808, 270019, 305273, 251861, 247756, 253767, 261371, 246463, 269843, 242090, 235180, 217134, 242740, 219201, 238432, 207310, 239741, 276285, 252981, 203329, 212151, 227110, 169199, 166987, 169423, 167933, 158630, 150207, 174862, 141466, 152184, 132320, 139095, 165961, 155678, 154478, 171364, 159538, 177588, 145393, 157314, 141297, 188506, 161024, 163969, 167903, 142487, 212822, 175626, 196440, 201210, 205477, 209980, 224791, 226708, 185751, 192866, 251459, 207132, 217389, 221463, 223508, 242949, 256670, 229157, 252115, 233954, 255329, 294899, 288335, 283806, 342530, 332744, 328518, 337051, 397104, 441837, 768099, 83637], "totalLength": 44200057.071970746, "solsticeLength": 587838.6608626661, "sun_azimuth": 65.56493244686585, "ratio": 132}