{"hist": [5743, 8556, 7844, 6758, 8153, 7732, 6296, 5390, 5485, 6412, 5595, 6416, 6233, 6173, 6729, 5504, 5065, 5054, 5427, 6714, 5514, 5614, 8086, 6257, 6320, 6012, 4489, 5729, 5110, 10034, 10191, 11378, 8636, 7390, 5869, 5842, 7892, 6165, 5535, 6517, 8838, 11643, 7544, 7284, 8613, 6709, 7642, 10660, 9453, 9266, 7986, 6762, 6350, 7000, 5696, 5164, 5366, 8195, 7726, 8317, 9939, 6516, 7492, 6866, 8398, 10823, 8317, 10527, 9806, 9039, 10492, 10902, 11860, 14888, 12051, 11460, 11088, 11887, 9051, 8760, 12920, 7909, 10381, 11683, 9987, 11144, 9988, 12899, 12057, 12014, 13230, 10354, 7920, 9466, 10051, 7984, 7503, 7500, 11317, 8745, 5458, 6665, 6129, 6847, 5869, 6335, 6225, 8460, 6746, 9995, 7252, 6696, 6222, 7247, 6006, 5967, 5572, 6637, 7983, 8114, 10988, 6157, 10993, 9254, 9827, 5879, 7956, 9234, 8309, 6322, 7237, 5683, 7100, 8638, 10646, 8424, 8998, 7498, 4807, 6183, 7485, 6853, 5063, 9833, 9636, 7204, 8078, 6636, 8037, 8557, 9343, 6267, 6297, 4952, 5760, 5915, 6271, 8240, 5496, 5906, 7478, 8877, 6926, 7883, 9998, 6543, 8018, 14439, 9446, 9144, 7070, 6602, 4648, 4750, 6093, 7692, 6300, 9065, 7501, 7273, 4229], "totalLength": 1425737.7557487006, "solsticeLength": 29112.641764513082, "sun_azimuth": 66.20645113447013, "ratio": 204}