{"hist": [297007, 298817, 286657, 263798, 261619, 248470, 243216, 258356, 257462, 242557, 237067, 236440, 247160, 212431, 230016, 238456, 245505, 221199, 239569, 216751, 222480, 237443, 234873, 236721, 228165, 211111, 227077, 221956, 226798, 221692, 225200, 207956, 213336, 222448, 213874, 214636, 211091, 215589, 213192, 182608, 175101, 189514, 180532, 193004, 188038, 190886, 190137, 187903, 189640, 203900, 180277, 192703, 183298, 188564, 184173, 191067, 195906, 195741, 197474, 199612, 182820, 178955, 192055, 203552, 188902, 200112, 212121, 206565, 260590, 246229, 213323, 228380, 235674, 215114, 228217, 230697, 239748, 258952, 236483, 238248, 244800, 247542, 259138, 266229, 294217, 247043, 246239, 278690, 280614, 308114, 331605, 298110, 303408, 274388, 264567, 283355, 256913, 255357, 270409, 270375, 258581, 253026, 238303, 234118, 243764, 251083, 265403, 245227, 244246, 229213, 225286, 226709, 220136, 241519, 209218, 222460, 224632, 213561, 209952, 235859, 217358, 197565, 213507, 203970, 215609, 216622, 193488, 208601, 217119, 187436, 176332, 184619, 180469, 190982, 168511, 174361, 189420, 199058, 201812, 186876, 190023, 176907, 170641, 188542, 191137, 179703, 195482, 202457, 202791, 191714, 174134, 186929, 186799, 179849, 193515, 209682, 208172, 221176, 242060, 216665, 223355, 220234, 240268, 216962, 229327, 230182, 221171, 230027, 223028, 230697, 228323, 233567, 226866, 244413, 247914, 258208, 248135, 247243, 258318, 287876, 44754], "totalLength": 40361466.18342445, "solsticeLength": 564518.3987049646, "sun_azimuth": 47.98322297602555, "ratio": 139}