{"hist": [142572, 156452, 150667, 137426, 135200, 136788, 131812, 127219, 125766, 126493, 130807, 129598, 135330, 132038, 131117, 128239, 130980, 127360, 131695, 131694, 125648, 124385, 125896, 127874, 126201, 132937, 128743, 126283, 135829, 126196, 128605, 127276, 133335, 123159, 126829, 117386, 127094, 126742, 126929, 119614, 120056, 120825, 121397, 124270, 119737, 120071, 123479, 124774, 117523, 125014, 116141, 119118, 124348, 129535, 124334, 121587, 120131, 122437, 118156, 122945, 121825, 120667, 117591, 125197, 124971, 123117, 122440, 133132, 131143, 134960, 132046, 130369, 131065, 128758, 136865, 132800, 127175, 139109, 139962, 134535, 133103, 129783, 129379, 127812, 136606, 140726, 137583, 149418, 153622, 157244, 201498, 155293, 153765, 147261, 142449, 127533, 135149, 133398, 131184, 131515, 127560, 130827, 134619, 131777, 130659, 131006, 122008, 122064, 136768, 135412, 128511, 133326, 134598, 125808, 127528, 137121, 125501, 125597, 136864, 132822, 132860, 122153, 123345, 123405, 127182, 119038, 125386, 121663, 115560, 121957, 127020, 125221, 124571, 122800, 121632, 117202, 117692, 118404, 120080, 123408, 116510, 124979, 125584, 127091, 120167, 129114, 126617, 126265, 125526, 122333, 121300, 120220, 123143, 125362, 122636, 121066, 130459, 131417, 130893, 124210, 130630, 135631, 135912, 138457, 133124, 138846, 134540, 138568, 140550, 138705, 128524, 134238, 125189, 128028, 134862, 135719, 137501, 139631, 150450, 139538, 46368], "totalLength": 23415086.70869075, "solsticeLength": 367677.0853461681, "sun_azimuth": 47.413288086017594, "ratio": 157}