{"hist": [56807, 64087, 57789, 60824, 57344, 59313, 60211, 64002, 84899, 122333, 92368, 70539, 55302, 60341, 60534, 60500, 52988, 65907, 64533, 58220, 62930, 67444, 65023, 63765, 67862, 74569, 74426, 71235, 67152, 63941, 60924, 64700, 75409, 78588, 83309, 90743, 91216, 99080, 87022, 90364, 90356, 86590, 80160, 74117, 78558, 77136, 71942, 66990, 69342, 67229, 65698, 60586, 61670, 58752, 60373, 61496, 67579, 64139, 56987, 62132, 60069, 56417, 60525, 59958, 50968, 57805, 60496, 54968, 58257, 47662, 50249, 41420, 38746, 40877, 33118, 33635, 28931, 31569, 33168, 35734, 38282, 34413, 26271, 32534, 35584, 39232, 35824, 38101, 40732, 43538, 68129, 51766, 41949, 50014, 54761, 68343, 53546, 45906, 53419, 79823, 69916, 75484, 57391, 56902, 43817, 51139, 52870, 50657, 55114, 60653, 63673, 60178, 61633, 75242, 61837, 57357, 62562, 65840, 57101, 58339, 59432, 56688, 63027, 71044, 84233, 97101, 96694, 105710, 91238, 84892, 81452, 80941, 78722, 71669, 69330, 74919, 85931, 79655, 69679, 67779, 70276, 68233, 64584, 64031, 69471, 75755, 70065, 85066, 64626, 65809, 56176, 55808, 53691, 63335, 58264, 59185, 49922, 47657, 46777, 40782, 41901, 43042, 40900, 38842, 34800, 37654, 36094, 40455, 37468, 39417, 37138, 36588, 35801, 34055, 34768, 37942, 37179, 41166, 48894, 47238, 21925], "totalLength": 10877827.18786663, "solsticeLength": 172688.1235261015, "sun_azimuth": 66.40979269625058, "ratio": 158}