{"hist": [49341, 60784, 58849, 56072, 50444, 53449, 59147, 52004, 65219, 64650, 75900, 70771, 62844, 62278, 66536, 65873, 68316, 66929, 58216, 67532, 53373, 62209, 61454, 76401, 57028, 57799, 54169, 62798, 53940, 51634, 50535, 53902, 56147, 55141, 56730, 59070, 45685, 48699, 46317, 48090, 43755, 40997, 47504, 48714, 49610, 47214, 56486, 49742, 50685, 51121, 48602, 51206, 60496, 59178, 52475, 52965, 46769, 49163, 50631, 46960, 41141, 40096, 43497, 41467, 46799, 40865, 48297, 46551, 45259, 49252, 48184, 56992, 54929, 62505, 49026, 48093, 43355, 46519, 49329, 50941, 53714, 61088, 62836, 61714, 64754, 65266, 61056, 62145, 56760, 50131, 69631, 58897, 60504, 56244, 58678, 58238, 60188, 61929, 59769, 59270, 69919, 71841, 60257, 56398, 62180, 60349, 61061, 60050, 57567, 58227, 60871, 58615, 55206, 56676, 55604, 51486, 52510, 60035, 60662, 65269, 51340, 54036, 50117, 44835, 48199, 49625, 49765, 50759, 42000, 47021, 44017, 45772, 47091, 42453, 55404, 50181, 52200, 54525, 50430, 46865, 44529, 46102, 54298, 49285, 51610, 53294, 49350, 40979, 40269, 41850, 42956, 46219, 41088, 40910, 43857, 41536, 40028, 44541, 44873, 45073, 45771, 40804, 49074, 45185, 45180, 48194, 45355, 44827, 41952, 42302, 49423, 52119, 51900, 57435, 55578, 64928, 55185, 64852, 55878, 45451, 20747], "totalLength": 9602743.667551784, "solsticeLength": 159366.65910808076, "sun_azimuth": 54.82824731691557, "ratio": 165}