{"hist": [43241, 30634, 29898, 26571, 30230, 26743, 23768, 26543, 25081, 26596, 24043, 27998, 24852, 25715, 23980, 22269, 23555, 26615, 23225, 22023, 22541, 24052, 23269, 23199, 23172, 23489, 25057, 24480, 24051, 21201, 25029, 21493, 26349, 19972, 22866, 23929, 25131, 20775, 23122, 22321, 19078, 19888, 19442, 21867, 19222, 19179, 20745, 20838, 23416, 22385, 22002, 21212, 20427, 20790, 21205, 16702, 20732, 22118, 21214, 23887, 24882, 22239, 22482, 23528, 24324, 24547, 31393, 35709, 29148, 25486, 25251, 27381, 26020, 23248, 26486, 24031, 22056, 26495, 24654, 27129, 24806, 28762, 23586, 24075, 31399, 25024, 24735, 25683, 29592, 32843, 40847, 26822, 33962, 25909, 36209, 28434, 27451, 26892, 24590, 26296, 23635, 27611, 27868, 28144, 30218, 26868, 27495, 27376, 28300, 32678, 29870, 29499, 26847, 30197, 28905, 31770, 28030, 30384, 29464, 30706, 28298, 32876, 28495, 29938, 33320, 29599, 26231, 33797, 28186, 29077, 29336, 30398, 24071, 21082, 26710, 26898, 25411, 27766, 30020, 27289, 26163, 25490, 26883, 28762, 22986, 25783, 24476, 23716, 24528, 23092, 25937, 24545, 27909, 28760, 27981, 32199, 36473, 32311, 37503, 33954, 26975, 23999, 28142, 26898, 22860, 25431, 29402, 27532, 28383, 25682, 31268, 30923, 30264, 41060, 29290, 31400, 33327, 30210, 26834, 35476, 6308], "totalLength": 4795697.202287665, "solsticeLength": 66243.84274237094, "sun_azimuth": 51.206983471812364, "ratio": 138}