{"hist": [80473, 82845, 69800, 68620, 75687, 69873, 62022, 66351, 71887, 68040, 70278, 62523, 59526, 66638, 72541, 73885, 75617, 83118, 79266, 80155, 82725, 91245, 79647, 79050, 82777, 81504, 87846, 84203, 85454, 88714, 81416, 79909, 84901, 85106, 78668, 79870, 86157, 82372, 95022, 98500, 88712, 96276, 89577, 90799, 89117, 89342, 90605, 92987, 96768, 98327, 94287, 104849, 89359, 90783, 96258, 106570, 104879, 96395, 102582, 100510, 102382, 98434, 103617, 103316, 100830, 111820, 106081, 96010, 101330, 95668, 103613, 101370, 96602, 91903, 80041, 84797, 83930, 80232, 75149, 78725, 74166, 85497, 87311, 82921, 90580, 82157, 81243, 71739, 78244, 69500, 86236, 68316, 68327, 66314, 65839, 65056, 61807, 65417, 63396, 74148, 68877, 60970, 63053, 62867, 61008, 69117, 80712, 72660, 86160, 81136, 75874, 71790, 71703, 69229, 76759, 75641, 72577, 76335, 74179, 73339, 73828, 77083, 75615, 79001, 80414, 82500, 72907, 76452, 83282, 86644, 83692, 86198, 87474, 86237, 85308, 104782, 97285, 88440, 90751, 93624, 94143, 96197, 90146, 92767, 96133, 93057, 93421, 90789, 86679, 91505, 100564, 91146, 87986, 92764, 94953, 104387, 99108, 92227, 88357, 91382, 93021, 89655, 79631, 79472, 82904, 84451, 81289, 86030, 76246, 85800, 74707, 80088, 81033, 79655, 81024, 76471, 78836, 76729, 76975, 68181, 17849], "totalLength": 15060619.831869677, "solsticeLength": 289895.7715963315, "sun_azimuth": 49.50277614181331, "ratio": 192}