{"hist": [11386, 20853, 12736, 15878, 14253, 10297, 11853, 15352, 11484, 20497, 11848, 6458, 8381, 16579, 12263, 32440, 154633, 48679, 8118, 34222, 13936, 22619, 18830, 7928, 23234, 21016, 7544, 23974, 35519, 69160, 16497, 9042, 9750, 9154, 6727, 12882, 33111, 9079, 14192, 48757, 114458, 15331, 6665, 5975, 9898, 7602, 20842, 6784, 6537, 33426, 10488, 15778, 7792, 18541, 21933, 41675, 15018, 7895, 46809, 48522, 15689, 16617, 25825, 23603, 13298, 25583, 9570, 24074, 6550, 12510, 28927, 11743, 20966, 7967, 54553, 35756, 24448, 17230, 21226, 228537, 36261, 16575, 31265, 82375, 13502, 21738, 24884, 32660, 44444, 11113, 9729, 24649, 18981, 18403, 10333, 9812, 16612, 17802, 17978, 16161, 8493, 7298, 8538, 26463, 15595, 15581, 174007, 63246, 8844, 46105, 18050, 23437, 18742, 10143, 15337, 19710, 8663, 27853, 23009, 71854, 17638, 11781, 15125, 7525, 6192, 12106, 24886, 19203, 11704, 32342, 104316, 17457, 12998, 5154, 8688, 11762, 12887, 8736, 12103, 41353, 6795, 22416, 6078, 11835, 18917, 24697, 16707, 3248, 17559, 29527, 14469, 11856, 14291, 25001, 20263, 23535, 16604, 18688, 6440, 11349, 17076, 13559, 24052, 13257, 36159, 43329, 15595, 20254, 20955, 197947, 57249, 14387, 21926, 82996, 18465, 22041, 14973, 25285, 58471, 21922, 256], "totalLength": 4518516.989681169, "solsticeLength": 48146.236442369576, "sun_azimuth": 65.23557389489866, "ratio": 106}