{"hist": [40498, 35184, 34186, 34340, 34750, 34883, 46679, 86381, 90720, 98634, 63140, 51693, 36412, 33934, 35058, 32101, 31559, 29487, 32501, 28970, 30224, 28072, 30245, 28577, 32892, 31351, 30568, 28722, 27477, 34142, 33277, 26909, 27717, 31804, 32581, 42468, 40472, 29246, 27474, 25327, 25334, 26365, 26985, 30282, 26907, 27750, 24985, 28843, 29107, 32623, 30998, 26281, 27721, 28149, 30895, 25567, 28978, 28363, 34009, 31615, 31623, 30535, 29902, 35406, 41557, 31909, 28609, 26614, 25772, 31682, 26487, 25184, 25469, 28809, 28622, 27382, 26948, 27416, 27688, 26026, 26954, 25776, 28438, 30572, 32067, 26151, 29931, 33271, 32168, 41341, 58468, 35687, 29656, 34146, 32426, 32625, 42403, 69410, 79961, 100898, 68653, 52338, 36250, 34186, 29991, 32397, 26923, 33788, 31225, 32053, 31165, 31623, 29726, 32510, 27341, 28686, 27247, 27532, 27772, 32074, 35940, 26133, 26597, 32788, 29262, 44281, 47429, 34894, 30767, 28270, 26979, 28308, 28022, 29198, 28737, 32608, 27142, 26895, 27853, 29279, 26849, 24534, 24935, 27118, 32758, 30941, 27740, 33458, 33668, 29622, 37987, 30944, 32252, 34621, 43607, 37648, 30728, 29017, 31789, 33959, 27626, 26918, 29553, 33242, 32312, 34832, 31091, 28802, 31241, 29363, 33574, 35343, 32117, 29858, 32965, 33050, 39075, 39747, 39857, 46119, 23729], "totalLength": 6127939.8462389475, "solsticeLength": 92348.60297168941, "sun_azimuth": 61.59308182185506, "ratio": 150}