{"hist": [131298, 133713, 137741, 131181, 131682, 125439, 116922, 113558, 106664, 119650, 110131, 108460, 113619, 117383, 104519, 106939, 105745, 104428, 100782, 94715, 96593, 110967, 101936, 106499, 102647, 98355, 103767, 105602, 109096, 120274, 102830, 104759, 109769, 105575, 83886, 97851, 94834, 97888, 100954, 105517, 105950, 96863, 106586, 98783, 98734, 107377, 96359, 94630, 102489, 108454, 102701, 95260, 97226, 91995, 93702, 97585, 99125, 99435, 98331, 98020, 104517, 87506, 95452, 96437, 91297, 98393, 102007, 96106, 101605, 102203, 100126, 95634, 91428, 97644, 93089, 98713, 91584, 89737, 102098, 102373, 102257, 104059, 105666, 107526, 111045, 121919, 118404, 131127, 142220, 133548, 147987, 122888, 128233, 119474, 123353, 104992, 108518, 102673, 112045, 99178, 97063, 100470, 110245, 100142, 93054, 99058, 92739, 92037, 88862, 87622, 87708, 98293, 99222, 89004, 90956, 94582, 97253, 97396, 95541, 100156, 89297, 88650, 99020, 99139, 88123, 91694, 86776, 89816, 98029, 97797, 100819, 113931, 113043, 99836, 97222, 103843, 98625, 97893, 112388, 103834, 94435, 92598, 97999, 104304, 108658, 93094, 92377, 96825, 84550, 96209, 98167, 89581, 102168, 92547, 93334, 97566, 108347, 100571, 103479, 102383, 105942, 110694, 99606, 98758, 109102, 106060, 97278, 98198, 104208, 108910, 113227, 111098, 106370, 117093, 114505, 118868, 121452, 131705, 140853, 140659, 28848], "totalLength": 18762721.230243493, "solsticeLength": 296201.9083337115, "sun_azimuth": 60.10783669626827, "ratio": 157}