{"hist": [68814, 57030, 43210, 53442, 49979, 44130, 38524, 38116, 37221, 36058, 39550, 35170, 34137, 37629, 38240, 36587, 39533, 40916, 48944, 48416, 54816, 60764, 90026, 179424, 207753, 96656, 61197, 49943, 51743, 48218, 44260, 39850, 38992, 38602, 36568, 35892, 33288, 31437, 33107, 34435, 28825, 31642, 28453, 28477, 27834, 22857, 26703, 27302, 26205, 25711, 27224, 25621, 27057, 27222, 28005, 22462, 21338, 22790, 22829, 23005, 18964, 25540, 22577, 21410, 24626, 21468, 22742, 23287, 23287, 22806, 21414, 21229, 23253, 25717, 24977, 23407, 23388, 22787, 24162, 24889, 23214, 23660, 22892, 26603, 27201, 23999, 35544, 43270, 74266, 74914, 77108, 48262, 39568, 38740, 38601, 37456, 31509, 31703, 33956, 28832, 26263, 31044, 30160, 31610, 30931, 30946, 31077, 33318, 35498, 36067, 39263, 44140, 69864, 143000, 239194, 123815, 66524, 51879, 38270, 33994, 37741, 32087, 35090, 32667, 32832, 29483, 28979, 24111, 27174, 27439, 25232, 21934, 22408, 21950, 23423, 24220, 24228, 23612, 24149, 19780, 27394, 23203, 24320, 24584, 25594, 23317, 24612, 21150, 19253, 21539, 21265, 20810, 20432, 20159, 22106, 19937, 19967, 20577, 20126, 22067, 19300, 21393, 23654, 22164, 21769, 19683, 20404, 20299, 20077, 25151, 28299, 21655, 25413, 26667, 24623, 25600, 31350, 40601, 63408, 75854, 21853], "totalLength": 6644519.389266117, "solsticeLength": 66720.48937484091, "sun_azimuth": 60.2782704066276, "ratio": 100}