{"hist": [37154, 40037, 35562, 29606, 17107, 15317, 13325, 17335, 17242, 19806, 16973, 17947, 29805, 17360, 17417, 27371, 37638, 31687, 27069, 32722, 42151, 39007, 51947, 32726, 34033, 30412, 34303, 34210, 37133, 43538, 33190, 27887, 39364, 40405, 25946, 22378, 22951, 31095, 24205, 18206, 17220, 23998, 31969, 32061, 21172, 16989, 16656, 25325, 22678, 20040, 22374, 18860, 14167, 17012, 16569, 12020, 14810, 18083, 19025, 14384, 18337, 33084, 32797, 28896, 27621, 16105, 17120, 12893, 16351, 12777, 19179, 24103, 14268, 14731, 15492, 12096, 15258, 15355, 14399, 21340, 13590, 15085, 18513, 19215, 25787, 21501, 28140, 32014, 65854, 87012, 70597, 41031, 32419, 28916, 27694, 24304, 19985, 21715, 18447, 18525, 23378, 22211, 26807, 22667, 29127, 28058, 29890, 29844, 26058, 27622, 32938, 26432, 35722, 43152, 38598, 22007, 31973, 30076, 46023, 43323, 31379, 34210, 36366, 37738, 33446, 35464, 25229, 25021, 34998, 26502, 32076, 27086, 27636, 25350, 26871, 27865, 18949, 27973, 21240, 22589, 24781, 29998, 19439, 22553, 17936, 26541, 25874, 22327, 23448, 22211, 23604, 21475, 23169, 25719, 18076, 17392, 18432, 20623, 15842, 16288, 22580, 20809, 19849, 17441, 19807, 25660, 17141, 19343, 17085, 14064, 18969, 17880, 17172, 19390, 17593, 22325, 30073, 33092, 86562, 68023, 15928], "totalLength": 4742023.716398044, "solsticeLength": 90510.88155690268, "sun_azimuth": 61.90311776866027, "ratio": 190}