{"hist": [105716, 127292, 136225, 123866, 122607, 130222, 128906, 149775, 147790, 135652, 125058, 116284, 102300, 96800, 84305, 86005, 77947, 72867, 54679, 53487, 49329, 50051, 43931, 33656, 31408, 26876, 25440, 27149, 22163, 19679, 24479, 20278, 29437, 20765, 24874, 21850, 22290, 13455, 14491, 10209, 14383, 11157, 12311, 14187, 14884, 22147, 12821, 13638, 9385, 15496, 15291, 12984, 12381, 13587, 16157, 18572, 9574, 13727, 14025, 13837, 19380, 14435, 13171, 12194, 12440, 13464, 18112, 13825, 15369, 17275, 16353, 16975, 22322, 23243, 22510, 28468, 23277, 26581, 28807, 29317, 29907, 40081, 44395, 46476, 49895, 56237, 72131, 81266, 105168, 108272, 157815, 160882, 172131, 137161, 156104, 160794, 162162, 162316, 175849, 158607, 144877, 124500, 120530, 106601, 104949, 81339, 74509, 72615, 63956, 50196, 51499, 42878, 40940, 38782, 33185, 25493, 23570, 21679, 24220, 26468, 20965, 24246, 19722, 20519, 13410, 16598, 17363, 17229, 13735, 15376, 13044, 15345, 17055, 15623, 11051, 10154, 12917, 13391, 10461, 9252, 9404, 12175, 11998, 13915, 13357, 11671, 10035, 11956, 8686, 9462, 11580, 17444, 10938, 15468, 12059, 8149, 11143, 14383, 14602, 13062, 16721, 17194, 14701, 17747, 18191, 28005, 25645, 18968, 20999, 23164, 28754, 27122, 39200, 43187, 41471, 44907, 58589, 69878, 78571, 100517, 19684], "totalLength": 8190341.911584493, "solsticeLength": 45672.11258543357, "sun_azimuth": 65.68043777591994, "ratio": 55}