{"hist": [117020, 81882, 71920, 62644, 60890, 52234, 68970, 58195, 70611, 67502, 58926, 66335, 61447, 57977, 60826, 55386, 68514, 55933, 68597, 69258, 59288, 66097, 64616, 67825, 65950, 61140, 63386, 59148, 60758, 62797, 61903, 72207, 68983, 52716, 58911, 53083, 54574, 54038, 54550, 61644, 63211, 58756, 56276, 59201, 55824, 55396, 58017, 69641, 59581, 58476, 56149, 54684, 57282, 55554, 52181, 56765, 52529, 54992, 58342, 55836, 55691, 58463, 54337, 52134, 57417, 48429, 48909, 52895, 52526, 49990, 52453, 52762, 61432, 54912, 47314, 53346, 46559, 44923, 51760, 54221, 48672, 45451, 47195, 52357, 45161, 54916, 51536, 53293, 64242, 100928, 165548, 78575, 59258, 55431, 51846, 45193, 49924, 47623, 50052, 49650, 46178, 45623, 46251, 44955, 51480, 45293, 46087, 50661, 47252, 44096, 42614, 40457, 36317, 47142, 41067, 41348, 44563, 45793, 41540, 42601, 37382, 42886, 38052, 35221, 38187, 40245, 43955, 40414, 36148, 40760, 42212, 41276, 37531, 39803, 44931, 39997, 38536, 43876, 39304, 41743, 36226, 41301, 41673, 43271, 38390, 38125, 44284, 40128, 43232, 45723, 40437, 43584, 41156, 47557, 40404, 40532, 41951, 40675, 44666, 42770, 43795, 49979, 54214, 49588, 48474, 48281, 47824, 49897, 53856, 52245, 49455, 43970, 51748, 53874, 52046, 59586, 53387, 63005, 71398, 77241, 41708], "totalLength": 9620225.324656753, "solsticeLength": 166381.66115715884, "sun_azimuth": 62.23646515110275, "ratio": 172}