{"hist": [4011819, 1878850, 1292876, 416818, 217772, 156650, 148803, 137466, 121178, 123261, 107604, 102359, 107446, 96189, 121722, 113964, 96966, 87495, 87718, 79989, 80577, 87815, 85238, 81756, 81296, 78024, 74033, 77464, 78739, 75261, 75728, 77081, 79535, 74141, 73470, 81362, 76371, 84827, 84952, 76845, 77336, 79005, 89043, 96500, 106699, 100388, 96372, 112572, 116110, 109075, 96341, 92110, 99836, 86208, 93418, 95715, 102593, 107409, 103610, 94142, 91728, 97578, 98934, 107946, 112716, 102451, 104584, 119643, 109588, 118908, 121227, 100977, 114380, 105578, 113479, 110978, 105900, 104194, 112990, 125452, 130782, 144231, 141876, 131058, 142391, 162062, 210860, 327757, 851568, 3149933, 4537618, 1618371, 1200297, 406841, 217845, 186682, 162629, 144267, 136570, 121934, 110499, 97656, 108242, 101871, 132427, 117195, 102312, 86639, 97562, 92515, 79430, 93890, 85809, 85391, 90022, 78747, 87968, 85356, 82799, 89857, 88296, 90108, 91456, 78577, 82093, 78806, 79868, 84599, 101532, 82874, 85707, 86126, 94516, 98647, 113083, 125064, 101490, 95339, 87573, 105573, 91514, 74871, 94313, 81541, 85850, 87877, 111117, 102499, 94626, 85075, 78496, 79083, 86763, 88492, 93096, 93681, 95912, 101521, 112720, 126100, 97493, 109585, 104714, 90282, 92778, 94857, 100709, 106084, 118880, 112859, 127717, 132811, 149564, 140022, 148860, 173115, 208912, 370923, 900182, 2930506, 448189], "totalLength": 41732534.484559946, "solsticeLength": 308097.5017434391, "sun_azimuth": 57.21322643167896, "ratio": 73}