{"hist": [55848, 48835, 38239, 38675, 55893, 60387, 68641, 63187, 46356, 45155, 50816, 57574, 57206, 50965, 44719, 39575, 49353, 51816, 46568, 63040, 52925, 54415, 63723, 86323, 75675, 54332, 56274, 41312, 39381, 40743, 41399, 45052, 42719, 44911, 49130, 69725, 89170, 55366, 57148, 79558, 90732, 56122, 43897, 42849, 47647, 47826, 41681, 36824, 40492, 48762, 41303, 48238, 47952, 54513, 49055, 46395, 41581, 37178, 38783, 44046, 39367, 39653, 40055, 42796, 58708, 121710, 149159, 107987, 64862, 65610, 59828, 67286, 58293, 53666, 74309, 68924, 43961, 48097, 70307, 51299, 59802, 61237, 64348, 54376, 65896, 63030, 60602, 58791, 85949, 94805, 84718, 57868, 45256, 40703, 51033, 60489, 72121, 66149, 44097, 40432, 41945, 52933, 55232, 54018, 51165, 40277, 45137, 46475, 39258, 67179, 62921, 46624, 55342, 82579, 90121, 66703, 96127, 46393, 33075, 35322, 37194, 53430, 56398, 39886, 43002, 65398, 67306, 48623, 55135, 66582, 81142, 76270, 45638, 42975, 39517, 40001, 36012, 37880, 37352, 40642, 40381, 43966, 43033, 49764, 56883, 49572, 55370, 50209, 37562, 48327, 41831, 43242, 51304, 37922, 46567, 106361, 209020, 124458, 70034, 63084, 66569, 75372, 68788, 56007, 66744, 57247, 45242, 48707, 50162, 52874, 59662, 59524, 53867, 54657, 61875, 55303, 60307, 65606, 74514, 92064, 18644], "totalLength": 10307518.552396167, "solsticeLength": 201549.74472082598, "sun_azimuth": 64.3266942824234, "ratio": 195}