{"hist": [5538557, 2614112, 1177115, 586580, 388951, 335888, 292800, 279823, 254467, 239375, 228813, 218544, 212499, 216462, 215710, 196768, 185024, 192797, 188024, 195961, 185995, 190789, 179646, 179554, 192747, 182156, 184577, 187989, 175440, 185246, 176711, 178517, 159655, 164441, 178310, 182166, 167336, 172723, 194410, 207246, 206079, 215271, 240996, 336296, 662839, 835732, 425110, 256923, 204636, 186002, 182939, 179854, 201713, 190365, 194191, 184182, 206772, 245510, 407408, 814528, 916370, 446774, 266108, 240726, 225697, 214626, 225278, 195222, 190163, 196502, 193855, 203746, 196327, 191958, 191305, 224371, 217223, 194668, 199205, 217165, 217703, 236105, 242406, 259579, 279636, 327618, 372488, 553911, 1103807, 3326054, 7532122, 2814874, 1281584, 653706, 406318, 320051, 315472, 288217, 249112, 229697, 226101, 237554, 211605, 196023, 205386, 188219, 184120, 182256, 206091, 193034, 181378, 181230, 178803, 172359, 175352, 178708, 178288, 185438, 209766, 185923, 173359, 174451, 194857, 167939, 173531, 168344, 165089, 168505, 196097, 201552, 194866, 194695, 215077, 290562, 513192, 813123, 491209, 276859, 232910, 192077, 183280, 194618, 175387, 187028, 181288, 203279, 188864, 230682, 323987, 635181, 850008, 490364, 283038, 236742, 211469, 221681, 220987, 216540, 205842, 203233, 202482, 194783, 196469, 206775, 211774, 225235, 219299, 203404, 212183, 210696, 222816, 223143, 232792, 249517, 281295, 316760, 390914, 558419, 1101715, 3206856, 956441], "totalLength": 74442300.17171998, "solsticeLength": 1807692.4019748557, "sun_azimuth": 61.17805903731757, "ratio": 242}