{"hist": [15413, 18423, 14981, 14682, 11833, 11442, 9056, 10605, 9561, 10368, 11679, 11116, 12345, 10629, 10963, 10075, 11312, 11577, 16564, 12438, 12963, 13226, 12070, 12063, 10997, 13403, 11267, 14547, 9061, 9807, 10640, 9855, 10656, 9254, 11951, 13440, 12539, 13244, 11124, 12376, 10418, 10468, 9795, 14718, 17448, 11920, 12021, 11539, 11679, 11158, 10149, 12036, 10725, 10997, 11017, 11655, 8845, 9810, 12466, 11545, 9534, 12518, 25482, 25617, 12486, 16005, 12777, 16845, 11334, 10726, 10194, 15835, 10972, 11049, 13913, 11180, 11158, 11489, 9970, 10104, 11706, 9659, 11292, 10986, 9279, 10423, 14126, 12196, 16422, 15792, 30951, 20426, 12860, 13814, 10838, 11205, 9449, 10881, 10526, 11874, 10537, 12309, 8926, 9097, 11606, 10863, 11418, 12414, 12080, 16307, 19554, 14849, 14976, 15482, 11191, 11975, 10021, 9597, 10643, 10610, 10184, 12061, 13258, 13784, 12438, 12166, 12248, 16683, 16747, 11489, 10026, 16036, 10177, 8954, 11337, 10352, 9605, 14021, 16052, 14764, 15208, 12287, 12165, 17362, 14045, 12454, 12550, 9756, 10547, 11101, 9017, 11594, 12270, 16064, 13679, 10877, 15454, 9899, 10441, 12701, 10688, 13791, 10085, 11741, 12144, 9152, 9335, 10868, 9829, 11597, 9494, 8922, 10223, 13256, 13272, 13511, 12858, 14485, 14440, 13577, 6969], "totalLength": 2230482.935191019, "solsticeLength": 45628.43836886557, "sun_azimuth": 66.5030589293671, "ratio": 204}