{"hist": [748826, 498824, 444833, 440627, 439285, 438859, 431652, 428937, 423022, 466295, 422928, 415602, 428787, 411515, 412653, 412834, 420674, 444561, 436858, 431649, 440786, 425753, 428376, 425318, 427411, 416440, 411819, 408612, 414597, 421051, 420252, 386959, 389681, 399810, 385744, 387526, 389041, 401174, 434282, 421872, 411753, 433786, 412268, 415190, 450737, 410326, 361014, 365818, 350927, 362549, 346065, 357853, 349422, 346947, 342711, 354489, 337615, 339455, 346281, 351195, 327936, 335477, 368948, 346850, 348574, 356045, 362624, 353307, 361529, 367163, 370235, 371665, 378210, 368725, 364265, 352758, 353972, 360998, 367814, 365805, 367336, 377457, 395867, 436397, 453768, 500849, 647858, 794073, 636368, 758379, 1000660, 467829, 419722, 423992, 457544, 426433, 404859, 397654, 417157, 443829, 423529, 418810, 409725, 401998, 400662, 397676, 414312, 429200, 419819, 427984, 436523, 416428, 408039, 411577, 439356, 427328, 427986, 413843, 400636, 395865, 396170, 392159, 393522, 393240, 395126, 386002, 400788, 432026, 422170, 433169, 427155, 420478, 417341, 429911, 430589, 423588, 404508, 384254, 374709, 365642, 362898, 360984, 373913, 384971, 368896, 381594, 363826, 348499, 353724, 353735, 354908, 342033, 358876, 355328, 357547, 382530, 374159, 359329, 374494, 380171, 387842, 384891, 384448, 371485, 384896, 372043, 368607, 377413, 366371, 354692, 384228, 392891, 395728, 447054, 473409, 530534, 637992, 809721, 612382, 735561, 240077], "totalLength": 75241664.0808166, "solsticeLength": 1032627.425229582, "sun_azimuth": 58.46222555915876, "ratio": 137}