{"hist": [4046926, 636212, 251438, 175951, 143505, 129261, 124368, 129397, 114300, 115522, 118840, 115038, 109689, 116628, 115167, 116124, 109438, 105862, 104126, 107266, 103681, 104834, 106715, 110651, 105945, 100132, 102368, 100281, 99800, 110209, 105765, 103888, 96467, 101009, 105168, 112350, 105838, 105993, 105158, 108082, 112408, 113628, 100127, 108401, 167554, 135339, 109321, 107023, 110377, 102743, 96258, 96632, 98056, 106444, 111841, 111297, 104010, 106382, 97637, 113618, 117187, 110944, 108343, 107411, 105388, 105668, 111101, 98463, 111333, 106563, 116382, 107525, 118661, 109315, 126349, 127518, 109133, 115645, 128927, 116398, 122053, 126813, 126439, 137386, 141896, 158039, 183081, 251376, 559253, 2805317, 3704588, 647669, 255686, 180798, 160980, 152729, 146955, 141769, 133674, 135872, 139469, 124322, 126061, 125115, 135831, 134850, 124557, 113803, 115785, 123060, 123492, 120122, 115715, 118749, 122200, 123616, 114019, 112052, 114873, 115688, 117192, 112480, 111611, 113121, 105285, 109935, 110823, 111166, 111554, 112931, 110845, 112558, 108535, 115918, 140780, 139668, 118807, 110207, 108493, 112591, 114549, 110117, 116511, 111860, 124531, 115782, 112972, 111512, 106834, 119952, 129037, 115685, 114530, 111187, 106754, 118150, 112745, 114572, 106817, 100895, 110524, 109792, 109262, 113661, 118650, 122511, 106396, 108853, 119976, 113714, 124375, 133243, 129147, 134950, 135110, 152867, 171883, 231326, 536254, 3270194, 385100], "totalLength": 37369870.83491185, "solsticeLength": 307694.33088758076, "sun_azimuth": 58.10978096779693, "ratio": 82}