{"hist": [3245, 6942, 6903, 6798, 6284, 6033, 7227, 5482, 7710, 6262, 6655, 5869, 5891, 5668, 6693, 6954, 5172, 7068, 6811, 5682, 7292, 5353, 6470, 7921, 6827, 6341, 6843, 6353, 6932, 6238, 6890, 5854, 6673, 6974, 7288, 7286, 6317, 5267, 5345, 5632, 6797, 6523, 6499, 8336, 4596, 6632, 6492, 6421, 5619, 5320, 6157, 6344, 5719, 5647, 7445, 5523, 7271, 5785, 5073, 4394, 5989, 5227, 5391, 4720, 5543, 4613, 4910, 4677, 6030, 4662, 5585, 3639, 5274, 4681, 5213, 4751, 4747, 4155, 5010, 5238, 3754, 4050, 4761, 4375, 4266, 3731, 4429, 4405, 4629, 1889, 7211, 4826, 5145, 3843, 4081, 3263, 4620, 4480, 4137, 4598, 3905, 4029, 4436, 5162, 4517, 3836, 3796, 5790, 4296, 3606, 3771, 4175, 4467, 4702, 5096, 4688, 3696, 3620, 4889, 4067, 4538, 3795, 3657, 5438, 5350, 5973, 4698, 5640, 4356, 3780, 3872, 3713, 4222, 4894, 4700, 6455, 8591, 4144, 3587, 4167, 4827, 6143, 4745, 3783, 4003, 4279, 3667, 4082, 3662, 3926, 4272, 5160, 4378, 4699, 3589, 3868, 4085, 3834, 4444, 3954, 4994, 4284, 5081, 4384, 5540, 4917, 4580, 5669, 4051, 4544, 4758, 6042, 6169, 4419, 5407, 5220, 5449, 5764, 4909, 4202, 6646], "totalLength": 939220.3367257189, "solsticeLength": 15990.671029994108, "sun_azimuth": 61.330310784106324, "ratio": 170}