{"hist": [58113, 28139, 26939, 24488, 27195, 18838, 17131, 18605, 13973, 14076, 16021, 15291, 14745, 16428, 13374, 12443, 12823, 14352, 12408, 22017, 23860, 21309, 13454, 19133, 14647, 13485, 13632, 10476, 9714, 9767, 10779, 9811, 9613, 11510, 8189, 9059, 8902, 9450, 12516, 9428, 10223, 14579, 10511, 10739, 9534, 13740, 13925, 11423, 13482, 17320, 14988, 15709, 12437, 13469, 9627, 13596, 18436, 16806, 12592, 15025, 14370, 12608, 16332, 12273, 18045, 16136, 16190, 16638, 15675, 12962, 17091, 14205, 13750, 12477, 16574, 18662, 13691, 16678, 17747, 16758, 15401, 17807, 25171, 31563, 28084, 26460, 23893, 23954, 33467, 50583, 83864, 27478, 25532, 26032, 18142, 15828, 17118, 12274, 19430, 15573, 15151, 11835, 12420, 8835, 10258, 12238, 8862, 10469, 7676, 12973, 11047, 9196, 10030, 11293, 9787, 9533, 6920, 7512, 5172, 7071, 6230, 6288, 8067, 8395, 6830, 6394, 7956, 7653, 10009, 9742, 7543, 8181, 8066, 6782, 7998, 10344, 7730, 8651, 10730, 14061, 13618, 8089, 9191, 8649, 8383, 8037, 11689, 9382, 11620, 11870, 14784, 12259, 10196, 13565, 10816, 11332, 12014, 10369, 9958, 11053, 14401, 13428, 13169, 16617, 17627, 14802, 14714, 21539, 18288, 19194, 15128, 18170, 19759, 22969, 23203, 20614, 23289, 23184, 26955, 57835, 24294], "totalLength": 2782874.2103861007, "solsticeLength": 44760.035281581455, "sun_azimuth": 58.61201160765714, "ratio": 160}