{"hist": [21140, 33826, 24229, 24113, 22242, 22394, 20140, 20948, 18547, 20295, 20578, 17792, 21381, 18091, 20776, 19563, 18803, 22524, 21305, 23037, 24184, 21243, 22926, 23593, 23495, 23108, 22953, 21559, 23488, 22302, 22388, 23190, 22851, 23634, 24145, 25819, 24156, 22007, 23415, 23569, 25183, 26722, 26116, 27229, 28535, 27041, 26591, 34762, 32247, 35253, 36067, 33410, 34184, 31403, 35029, 34169, 38737, 41018, 37159, 40478, 43945, 42280, 42531, 40822, 40338, 49186, 49972, 58476, 51528, 51795, 48752, 47476, 48102, 55550, 50886, 49510, 47681, 43664, 46647, 48132, 43136, 41376, 38907, 41690, 41705, 43148, 35826, 34627, 40345, 38616, 46505, 33489, 31966, 30207, 35041, 29394, 23688, 24872, 25086, 26772, 23670, 24958, 20938, 24043, 23533, 21385, 23258, 23618, 22228, 24125, 26185, 23483, 24630, 22647, 22623, 20805, 22830, 23649, 21496, 23053, 21629, 21954, 23950, 21772, 25040, 22742, 24087, 20507, 22076, 24569, 20370, 22739, 21068, 24340, 23502, 23007, 25761, 26626, 26092, 26948, 31008, 33588, 30507, 30343, 30040, 34088, 32372, 30036, 33634, 34911, 39273, 40402, 38248, 33498, 33714, 39234, 38165, 43843, 45841, 37798, 35370, 37963, 35985, 36485, 36276, 33726, 34202, 35068, 34028, 32717, 32719, 33149, 29743, 30184, 28427, 24548, 26765, 27958, 28927, 23570, 12451], "totalLength": 5503583.060162145, "solsticeLength": 80506.8424899998, "sun_azimuth": 42.84653139939327, "ratio": 146}