{"hist": [249643, 225554, 214394, 210239, 194268, 195088, 186031, 191039, 189925, 177146, 180113, 171028, 179636, 185503, 180261, 180957, 177387, 180841, 173974, 175422, 163217, 165736, 168614, 163057, 170293, 169126, 170648, 155660, 153305, 158534, 161911, 169966, 165734, 168355, 179695, 163154, 183102, 183812, 181930, 183369, 179708, 181792, 170292, 181168, 182466, 180589, 187474, 186248, 195322, 198426, 191041, 205010, 214496, 204501, 204147, 216905, 216875, 234231, 232665, 234579, 219275, 218872, 219379, 223537, 226730, 231434, 233391, 229300, 232244, 272496, 243685, 233956, 253100, 239667, 237351, 238180, 242347, 267009, 270292, 256506, 245094, 239421, 226806, 230009, 238230, 248864, 240796, 248881, 263201, 288594, 309120, 244076, 236360, 214181, 206295, 193956, 200331, 202728, 213782, 198489, 192978, 184757, 178784, 188176, 181576, 180708, 193408, 178945, 187642, 189068, 172417, 185202, 186001, 168658, 170827, 172394, 182478, 168242, 165287, 170841, 166540, 160716, 165062, 179298, 180936, 174442, 176671, 185755, 184057, 180134, 197164, 183141, 187022, 197316, 182153, 196183, 174723, 180202, 189130, 191568, 191840, 191158, 197225, 204798, 200911, 198387, 196214, 199247, 210602, 221338, 220224, 218571, 214251, 226743, 200628, 213043, 207274, 210227, 223819, 224841, 213869, 212407, 212641, 209522, 218368, 221821, 221949, 222712, 242482, 229627, 231010, 212615, 219347, 228349, 226431, 223837, 218013, 229683, 243255, 282218, 35823], "totalLength": 36631576.79951683, "solsticeLength": 599526.5705950531, "sun_azimuth": 50.08550739123129, "ratio": 163}