{"hist": [1252970, 347225, 130790, 65607, 48896, 43470, 38746, 35760, 32872, 33986, 28771, 29832, 25211, 26713, 27318, 29524, 26180, 24998, 25627, 28648, 25091, 25035, 29905, 22997, 31911, 29101, 23433, 25064, 23697, 22950, 20857, 22047, 23949, 21813, 20791, 23704, 19588, 22782, 21075, 19936, 23038, 21693, 24439, 23981, 27652, 31432, 27023, 24709, 21100, 25535, 26740, 24737, 30580, 27523, 23511, 18951, 23182, 30340, 24621, 26297, 28385, 22293, 26151, 31085, 35367, 30834, 23379, 24239, 28445, 27444, 28171, 27729, 27310, 33009, 30786, 27369, 28401, 30362, 28720, 29590, 32335, 35850, 39037, 39921, 47793, 59230, 88022, 213053, 589393, 2184979, 1904630, 697978, 200704, 94097, 55105, 44868, 34456, 35574, 32947, 33542, 28539, 28005, 28485, 27029, 26974, 29757, 27495, 27256, 22547, 26478, 28488, 25739, 29345, 27561, 24459, 24408, 23353, 25199, 25546, 27580, 26440, 22500, 25264, 23603, 28056, 27846, 27357, 21637, 24942, 33630, 30772, 24892, 27069, 26533, 29602, 35526, 30212, 29611, 31836, 24711, 27178, 26237, 24940, 28897, 27839, 21172, 25950, 27617, 22951, 38902, 28782, 28641, 31922, 34440, 34675, 28455, 42604, 27531, 27124, 28545, 26084, 31685, 32137, 33187, 34136, 31949, 28789, 29004, 29383, 34392, 33867, 36813, 34702, 43360, 48893, 64928, 150927, 457066, 1146473, 2155067, 59954], "totalLength": 16532106.287152842, "solsticeLength": 69693.61284011662, "sun_azimuth": 55.963807247565214, "ratio": 42}