{"hist": [35809, 33620, 28126, 22539, 16718, 18552, 16246, 15498, 16529, 13879, 14364, 14922, 12236, 13066, 12572, 11682, 14702, 12017, 14990, 13918, 15487, 14866, 14479, 14063, 11849, 12821, 13548, 12200, 12073, 11076, 14581, 11150, 12095, 10071, 11980, 12629, 11821, 10755, 12004, 11623, 12691, 13418, 12810, 13064, 17660, 9042, 8814, 13345, 11161, 11219, 10909, 11320, 13660, 13157, 11352, 9902, 12044, 12157, 11137, 10893, 13335, 12524, 13208, 13341, 12750, 12818, 12875, 12528, 13528, 13980, 12119, 14077, 12406, 13927, 11306, 15868, 12673, 12159, 12574, 15263, 11555, 14610, 16763, 15457, 20297, 20426, 21681, 26743, 29222, 39068, 55882, 23599, 21982, 19282, 19302, 15469, 14795, 12897, 12743, 13831, 16704, 14141, 13237, 13555, 12232, 11625, 12282, 13083, 12806, 12141, 11647, 14181, 10825, 12398, 12307, 11308, 15188, 10608, 13389, 9967, 10362, 12458, 10319, 13203, 9790, 10441, 9241, 10993, 10239, 11035, 12006, 12308, 12913, 13803, 11346, 17742, 11649, 13655, 14263, 13871, 11410, 12254, 12717, 12360, 10910, 10754, 11265, 9652, 10468, 12087, 12202, 10947, 11664, 14271, 11430, 11880, 12367, 11536, 10892, 10721, 11030, 12670, 13715, 12614, 11080, 12711, 12750, 12763, 13090, 14226, 14703, 16302, 14588, 13428, 15948, 19542, 21540, 29056, 31623, 40742, 37600], "totalLength": 2640626.6109961504, "solsticeLength": 34224.670395682566, "sun_azimuth": 58.30866924623854, "ratio": 129}