{"hist": [177478, 171868, 157648, 155593, 153955, 160324, 148748, 140094, 142117, 129160, 129025, 145080, 123997, 125621, 127543, 129829, 117826, 116745, 121979, 108720, 117128, 120963, 119505, 121800, 105139, 109884, 116785, 121988, 113658, 113177, 96366, 92165, 104609, 106591, 108056, 102991, 98326, 95005, 103536, 98347, 98237, 93232, 89933, 102557, 99077, 93100, 96799, 95007, 99253, 93321, 96367, 96915, 98123, 92971, 95002, 92344, 94352, 87781, 98427, 98064, 98283, 106118, 112111, 101475, 106023, 116032, 122729, 114364, 116374, 123855, 130058, 118018, 120726, 121784, 126299, 126646, 119941, 128752, 133100, 129664, 129873, 130536, 138771, 145802, 143550, 147988, 155443, 166070, 172390, 170821, 201972, 172734, 153870, 158354, 163522, 149726, 146430, 139770, 145293, 143940, 136209, 143194, 141486, 144083, 139309, 139902, 143149, 138354, 131022, 118831, 129457, 126342, 127205, 117110, 109775, 112282, 110292, 110915, 118200, 114220, 98264, 105641, 103345, 102830, 99898, 110126, 99892, 100014, 101412, 108785, 88988, 84407, 90360, 99403, 94624, 96284, 97154, 101632, 104864, 92053, 87692, 89658, 88129, 85645, 86806, 92952, 85865, 94263, 106098, 96953, 96729, 103865, 110897, 108572, 100816, 104700, 100005, 107999, 109731, 118132, 117456, 114875, 124890, 121631, 116103, 120408, 124777, 118068, 130717, 124725, 136563, 143009, 144336, 153737, 149870, 145169, 152949, 142573, 156941, 159036, 19285], "totalLength": 21533466.391164817, "solsticeLength": 282821.82008409366, "sun_azimuth": 46.78237668219435, "ratio": 131}