{"hist": [20910, 27863, 26126, 25896, 35055, 25026, 17438, 11812, 12262, 13825, 20539, 20466, 18664, 22028, 23277, 17245, 12297, 13523, 10005, 14309, 13382, 10402, 11624, 9725, 8861, 14203, 10480, 12804, 17456, 14440, 13702, 22798, 26987, 17732, 25322, 29847, 26057, 21373, 14501, 17215, 16251, 18427, 14000, 16521, 17796, 10858, 14073, 11182, 15354, 24949, 19284, 24203, 15661, 16008, 10788, 13715, 11465, 22158, 14480, 13462, 16413, 14435, 26030, 16163, 11735, 14247, 14097, 11112, 13656, 19647, 19906, 20499, 14194, 14499, 26971, 43866, 44987, 19121, 15796, 17141, 19822, 17214, 18052, 20727, 14306, 12283, 11980, 31101, 19729, 16365, 34624, 29786, 21378, 27706, 30734, 34755, 24236, 16067, 12511, 18251, 31633, 27953, 18912, 24332, 22819, 24428, 19815, 11698, 16909, 16675, 15893, 17957, 9361, 10256, 9841, 12789, 12742, 12961, 16458, 13908, 13322, 14258, 20879, 15720, 18455, 21189, 26224, 16539, 14176, 16594, 13414, 17741, 19324, 12598, 12550, 12846, 13341, 11476, 15928, 17693, 23476, 17746, 10471, 12210, 10423, 9256, 11726, 11587, 12813, 14697, 17216, 19289, 16389, 19358, 11310, 11115, 12427, 9913, 19165, 12813, 15660, 15956, 16489, 16103, 18645, 23772, 28491, 22021, 13114, 16675, 12255, 9727, 14086, 11553, 11621, 9116, 11364, 19152, 17514, 21001, 6129], "totalLength": 3159795.3036885015, "solsticeLength": 39510.818651919726, "sun_azimuth": 65.60628241210111, "ratio": 125}