{"hist": [407077, 266956, 236292, 214860, 266458, 187479, 176616, 187957, 168342, 173746, 181232, 179393, 177269, 198848, 175261, 166271, 160413, 151707, 150605, 147732, 153175, 150542, 140638, 148044, 145295, 147705, 139431, 153741, 131817, 152409, 164492, 152244, 141451, 139135, 151771, 146605, 144059, 137919, 150771, 161042, 158669, 157817, 164862, 154841, 150268, 144721, 166541, 156653, 153734, 158410, 151820, 158083, 169121, 138500, 145443, 155315, 195760, 163980, 156606, 152606, 173671, 163295, 170216, 180408, 184193, 184178, 202292, 225481, 178820, 198432, 188677, 204221, 214125, 187265, 180888, 179219, 182653, 186855, 195788, 210487, 229526, 202082, 202492, 197068, 200395, 237533, 243998, 266527, 405733, 599683, 496964, 283769, 237975, 215567, 226995, 189194, 201623, 195916, 179418, 157866, 154431, 185394, 154023, 172524, 210557, 205652, 170784, 165945, 162689, 173719, 149004, 145853, 151404, 155865, 153606, 148346, 150084, 140961, 147831, 147859, 134845, 161884, 131306, 143905, 154839, 150735, 151300, 143306, 159889, 178254, 187264, 210632, 169774, 177447, 167773, 164253, 194966, 184136, 161782, 172370, 176018, 192082, 181114, 159137, 164388, 161692, 170122, 164399, 174563, 160376, 175856, 185823, 174405, 191757, 185212, 184660, 193851, 222256, 179549, 175363, 187259, 185187, 188224, 184440, 173923, 174695, 184793, 184440, 197081, 197063, 197742, 198522, 182158, 202454, 209910, 217771, 212970, 268919, 406176, 590309, 77892], "totalLength": 33783876.934987836, "solsticeLength": 549563.3303129793, "sun_azimuth": 64.06931226392982, "ratio": 162}