{"hist": [17666, 17610, 20521, 20597, 18749, 19396, 18173, 18648, 22268, 22556, 20122, 15689, 16136, 14648, 16533, 18022, 15123, 14168, 15684, 19227, 25149, 21428, 21086, 20182, 17374, 18481, 23898, 25982, 35296, 26272, 17956, 22278, 22238, 26661, 21897, 17994, 26193, 21108, 24008, 26276, 35665, 34719, 33957, 29797, 35096, 30176, 27002, 24881, 27289, 23968, 22351, 28584, 28553, 29337, 23728, 27731, 27152, 28199, 32809, 28397, 35842, 39225, 29990, 20695, 22011, 23579, 31002, 30066, 26495, 28365, 23015, 21895, 23119, 24938, 29888, 30966, 28883, 31027, 28745, 26715, 18080, 26314, 22644, 20683, 21957, 20255, 18116, 22773, 22424, 16619, 33892, 24711, 22489, 15932, 20786, 15237, 22906, 17763, 21097, 29428, 15929, 13876, 15361, 14864, 21204, 20551, 14759, 15519, 15611, 17681, 22493, 31185, 19899, 18686, 16054, 24987, 25343, 23981, 32542, 22928, 20677, 20915, 18989, 16477, 19703, 21168, 19846, 19866, 23942, 22114, 21856, 29326, 27415, 22927, 30770, 32832, 24367, 22848, 20985, 21828, 26223, 22870, 26898, 27183, 24677, 19946, 23010, 22969, 27051, 26025, 27038, 27731, 22403, 19907, 21586, 18499, 26425, 28967, 24156, 22074, 18559, 19262, 16616, 23064, 19579, 26131, 22854, 28222, 25688, 27680, 35609, 26132, 20230, 14165, 17545, 19576, 19767, 16869, 18437, 14839, 10780], "totalLength": 4182886.396864006, "solsticeLength": 65954.40312279477, "sun_azimuth": 64.30619005453504, "ratio": 157}