{"hist": [1771191, 652173, 404177, 278734, 250284, 217803, 203387, 188514, 179435, 173735, 168974, 168445, 170315, 181899, 228515, 188037, 240017, 202949, 303277, 378817, 235438, 202751, 165628, 184827, 185204, 173488, 157400, 160405, 157453, 173441, 172472, 153699, 171109, 196587, 263349, 176396, 137532, 148151, 156371, 180075, 255296, 291917, 371640, 906701, 486028, 253828, 225138, 193252, 219464, 206125, 275420, 227043, 190010, 207739, 213974, 232860, 259470, 343953, 281928, 248693, 272504, 386211, 240642, 209987, 230033, 202303, 211996, 213871, 185129, 194236, 205722, 199763, 240474, 342011, 217563, 201088, 211174, 237085, 256567, 340845, 300990, 257548, 293748, 279610, 373847, 350167, 497659, 1024072, 4049432, 6340849, 2312687, 711682, 436854, 295022, 279957, 242574, 227378, 203828, 206413, 192576, 198900, 182838, 173879, 171810, 211422, 203797, 194533, 209179, 293026, 403730, 266374, 272786, 184738, 227410, 225837, 182108, 169562, 161948, 170060, 161338, 159713, 150352, 169148, 201380, 260234, 193353, 156160, 151780, 184446, 192959, 230286, 274661, 267998, 670895, 547396, 288636, 235289, 223476, 193894, 216809, 277921, 256579, 214979, 190948, 181972, 190980, 228064, 317252, 284681, 248123, 222835, 313239, 297905, 221910, 220436, 238077, 201322, 201247, 186786, 176350, 193755, 185867, 196708, 265327, 204676, 224995, 224476, 247747, 264331, 301803, 261490, 245362, 242612, 241297, 283489, 334538, 486229, 997905, 3529856, 5452902, 331157], "totalLength": 68291393.3062287, "solsticeLength": 844136.1162975236, "sun_azimuth": 62.079056611490635, "ratio": 123}