{"hist": [1389003, 330118, 129975, 85864, 75241, 65167, 60487, 51706, 54154, 55053, 46892, 46065, 46269, 43601, 49158, 48164, 44459, 42796, 45695, 40551, 46617, 45144, 39960, 39338, 42436, 40353, 41371, 47018, 40302, 54402, 42110, 35338, 34648, 38024, 38501, 39910, 37668, 42559, 41962, 42599, 39181, 54032, 51876, 68359, 95709, 48419, 42176, 36187, 44498, 43095, 42247, 40077, 40115, 43123, 33597, 61808, 49505, 43823, 47334, 42997, 36657, 39919, 47280, 41859, 32895, 34542, 35585, 42240, 51260, 45906, 48749, 48834, 47813, 37609, 40352, 46524, 44931, 40847, 41439, 42681, 48772, 61262, 55879, 52701, 69604, 106855, 210720, 447729, 1712506, 2738941, 1115290, 307668, 125831, 81031, 70795, 56096, 46492, 41126, 40740, 47416, 50142, 37649, 42565, 45753, 48295, 59305, 41516, 39770, 50122, 46305, 42396, 34946, 33267, 33248, 33089, 34218, 40157, 39723, 45684, 48792, 38880, 36161, 38638, 40177, 35886, 34304, 41017, 45287, 40500, 41422, 42629, 40162, 41231, 46953, 72506, 46299, 40197, 37033, 37162, 40123, 36513, 38652, 40111, 40889, 37467, 39461, 39376, 33091, 33673, 35432, 35876, 46146, 34817, 36492, 37334, 32556, 35709, 39997, 43004, 62706, 53596, 43134, 45702, 60170, 57821, 62845, 42989, 43825, 46664, 44991, 49225, 48613, 52194, 56203, 69786, 81813, 119710, 230170, 951191, 3876248, 187703], "totalLength": 21521710.3264836, "solsticeLength": 137268.31831497708, "sun_azimuth": 58.01648741392373, "ratio": 63}