{"hist": [34471, 55709, 73967, 68600, 45556, 48652, 46236, 42807, 36402, 41751, 37675, 36043, 40454, 49819, 47843, 43160, 37331, 43733, 46975, 38428, 36675, 38865, 33408, 36089, 35880, 37403, 41551, 39289, 38863, 40420, 37207, 33227, 40074, 34023, 41356, 38349, 30345, 31639, 36463, 40123, 40432, 42551, 44549, 49891, 51200, 37253, 33482, 36696, 35376, 37960, 42226, 47834, 51572, 46993, 46235, 59031, 112370, 418886, 249153, 73002, 49322, 41832, 44444, 43526, 40139, 40020, 34465, 37059, 51270, 46806, 43561, 48711, 54950, 57829, 46270, 54005, 50662, 44581, 41159, 43242, 44082, 42502, 45344, 49369, 57554, 47986, 43099, 42530, 44216, 34926, 74200, 56818, 91816, 93690, 53495, 42622, 43493, 50927, 44602, 42548, 37206, 39002, 41348, 39403, 44977, 48989, 39914, 37601, 39185, 38379, 38624, 44003, 37710, 38362, 46397, 38253, 44386, 37324, 42509, 45125, 43848, 39825, 36772, 31738, 35984, 32688, 38161, 36529, 34896, 38264, 39758, 47283, 47412, 42810, 38452, 40646, 29291, 30724, 37579, 37117, 37292, 40635, 47105, 38839, 36943, 43614, 73235, 200544, 254165, 89042, 52433, 43435, 35704, 32464, 33394, 31354, 32585, 28669, 38661, 39338, 37850, 35992, 43855, 39876, 49134, 44275, 35789, 35340, 33776, 29071, 35447, 36765, 35060, 42967, 36804, 43814, 40463, 36988, 43910, 33404, 29173], "totalLength": 8780993.517295958, "solsticeLength": 153601.5310399386, "sun_azimuth": 60.74875432722559, "ratio": 174}