{"hist": [215595, 213050, 176628, 146098, 133201, 123985, 115951, 103324, 97858, 95750, 109028, 102970, 96710, 85154, 90369, 78239, 73590, 72333, 78460, 72147, 71139, 64936, 68637, 55440, 53704, 53429, 54848, 57276, 56598, 73249, 66939, 64994, 50422, 48883, 43763, 36877, 45372, 35037, 37625, 34214, 30544, 34138, 31754, 35725, 30721, 32825, 37653, 35063, 31239, 32763, 31145, 40747, 45050, 37682, 35736, 37541, 37426, 36466, 33512, 34359, 41729, 43534, 37788, 35368, 43134, 39873, 43717, 41617, 51245, 48792, 45961, 50809, 55887, 50541, 53864, 56194, 60346, 63920, 73853, 98627, 113708, 101926, 104453, 115915, 118944, 132423, 157077, 196835, 239088, 271963, 349077, 254361, 197875, 159906, 141296, 132745, 130788, 104629, 103507, 95178, 102349, 106518, 101614, 88496, 85760, 81216, 79052, 78028, 71395, 77200, 75494, 67135, 55903, 54200, 48102, 48450, 50025, 50574, 59459, 65859, 69210, 74105, 65687, 51024, 44574, 34481, 39522, 37325, 36688, 30631, 28640, 28476, 34278, 33238, 31504, 35820, 38660, 36868, 38397, 34768, 32829, 35340, 37855, 39820, 33381, 40947, 36073, 37047, 38480, 36951, 37238, 46430, 37285, 37279, 37120, 42720, 45683, 48635, 48317, 53994, 49522, 51851, 54794, 61117, 64656, 74796, 71959, 71306, 74648, 97815, 93956, 87416, 99454, 103587, 109771, 112100, 137988, 160030, 209861, 210335, 61832], "totalLength": 13447440.036888745, "solsticeLength": 125353.23731753278, "sun_azimuth": 66.51033308083316, "ratio": 93}