{"hist": [15679, 21306, 27946, 40906, 35112, 18288, 16325, 20840, 24153, 14163, 9471, 9368, 13207, 8377, 22158, 10961, 8678, 10895, 10056, 9114, 6729, 9195, 7363, 7025, 8401, 7592, 6657, 12079, 9549, 7711, 17181, 24307, 25327, 24685, 32600, 25798, 12418, 9541, 8778, 7371, 7609, 6993, 7915, 10613, 12911, 7301, 6884, 9061, 9340, 9613, 6650, 8989, 16125, 12590, 8288, 8692, 7313, 5941, 9867, 8879, 7305, 6631, 8177, 7116, 11278, 10953, 9946, 9936, 8918, 8428, 13527, 13603, 11507, 9010, 8661, 11720, 11075, 14468, 23433, 14757, 14791, 14905, 19601, 31994, 21576, 16189, 17165, 22373, 35942, 16229, 28638, 33319, 32997, 53211, 91120, 28136, 15713, 33232, 49512, 24531, 15448, 9014, 9464, 11576, 14035, 12255, 11788, 13677, 7380, 10218, 9594, 12299, 9545, 8843, 9304, 13249, 11914, 15018, 15331, 12931, 14694, 17694, 17595, 23236, 25380, 28093, 17914, 14473, 8944, 7770, 9981, 7103, 5572, 7089, 9057, 5862, 5600, 4159, 4424, 5836, 7293, 8314, 11696, 9114, 7672, 10594, 5802, 5748, 6835, 7231, 9799, 13455, 8154, 6860, 7076, 9835, 9795, 14152, 8169, 7869, 11269, 8987, 6842, 8022, 9149, 9331, 7824, 10405, 11463, 11572, 13548, 13385, 11158, 15461, 19034, 13430, 13587, 13432, 19410, 17814, 8185], "totalLength": 2522725.1339869243, "solsticeLength": 22842.598980459254, "sun_azimuth": 60.414389246596784, "ratio": 90}