{"hist": [20425, 23392, 20808, 23561, 19069, 19030, 18039, 25214, 17412, 18934, 19984, 17983, 19054, 18108, 22277, 23531, 20362, 17396, 19362, 18711, 16533, 17090, 19614, 20854, 18803, 23947, 18899, 18351, 19535, 15397, 18287, 17450, 18565, 19385, 16441, 15471, 16859, 15537, 17100, 17127, 16375, 17703, 19743, 18460, 20148, 16259, 15804, 18909, 19941, 18645, 17657, 16586, 19036, 19473, 17747, 17972, 17697, 20478, 17920, 19456, 20977, 19259, 19291, 24643, 20261, 19161, 22247, 19339, 22888, 21871, 22199, 19886, 19160, 19274, 18794, 19452, 19617, 19539, 18256, 21065, 18902, 20038, 21673, 19732, 22635, 18495, 17459, 21127, 20537, 15226, 24036, 16737, 17192, 15155, 17907, 15843, 15159, 17118, 17639, 16688, 16006, 18034, 19707, 15537, 19639, 16412, 14652, 17372, 19025, 15196, 15180, 17628, 18760, 21000, 19382, 19600, 18147, 19827, 13852, 17392, 16650, 17484, 16503, 18992, 19106, 18638, 16959, 18106, 17018, 18462, 20292, 17911, 17545, 18438, 15827, 16693, 17071, 19775, 18781, 20601, 15642, 21255, 20981, 22460, 21036, 21426, 21385, 19640, 21364, 19851, 23396, 22393, 22831, 19859, 24488, 23092, 21649, 21496, 22864, 21955, 22964, 22508, 24188, 21332, 18951, 22393, 21303, 20943, 21831, 22887, 27119, 23307, 27621, 24904, 23758, 24889, 25725, 23346, 26330, 14918, 13118], "totalLength": 3523068.884604392, "solsticeLength": 61426.1128754173, "sun_azimuth": 66.55839029183338, "ratio": 174}