{"hist": [3940975, 1686141, 1953955, 609732, 236845, 159553, 139824, 112333, 112077, 106264, 99694, 97611, 96286, 96066, 92496, 87009, 92470, 94501, 142165, 105438, 83330, 75903, 74509, 76121, 73002, 74667, 72054, 70116, 71278, 71949, 72932, 64429, 70681, 71429, 70482, 67617, 73198, 71477, 74040, 69643, 62452, 73162, 67834, 69645, 76919, 80368, 79720, 81909, 80553, 73780, 68395, 77108, 67142, 70858, 73323, 70674, 61529, 66976, 69055, 69239, 78671, 73905, 79320, 76984, 70353, 68882, 75981, 74160, 74671, 71350, 80483, 72066, 76931, 74522, 79259, 87365, 89022, 94792, 86730, 93875, 109791, 102384, 106542, 107405, 126972, 138784, 177071, 268006, 691553, 3395823, 4107988, 1435733, 1552005, 790228, 308267, 167274, 134784, 114309, 114475, 99156, 94245, 90088, 94188, 89546, 89438, 87246, 91628, 94403, 113890, 82826, 74227, 73832, 80989, 73862, 72789, 67423, 70808, 69672, 69563, 68601, 72490, 70163, 67243, 67099, 64752, 60812, 61733, 62362, 61425, 59963, 62551, 66299, 62675, 67160, 79263, 76936, 68260, 77201, 67806, 67501, 61430, 61420, 63928, 67237, 70548, 67550, 68027, 66071, 65257, 66226, 71934, 81384, 77228, 77216, 67258, 70746, 73278, 74926, 73052, 76320, 74842, 76257, 81105, 87645, 95971, 87710, 87853, 89664, 87864, 95474, 101094, 96877, 104719, 113395, 123588, 133251, 177268, 265722, 673773, 3526504, 224163], "totalLength": 39377627.34974669, "solsticeLength": 204176.02048314599, "sun_azimuth": 58.41458498969792, "ratio": 51}