{"hist": [32198, 34204, 15957, 11811, 12915, 9381, 13678, 9422, 12436, 9745, 8771, 13267, 9860, 10513, 9880, 9881, 16283, 8895, 6889, 7147, 7179, 8844, 10818, 11640, 8778, 9268, 10438, 8598, 9099, 7746, 7997, 13053, 18502, 23948, 16578, 8165, 6064, 7129, 4835, 5933, 4715, 7838, 6324, 9625, 8371, 10225, 7362, 11722, 13593, 11707, 12572, 10752, 6715, 7548, 6476, 7327, 9527, 12514, 10881, 13116, 14021, 7964, 6377, 10672, 13251, 11445, 12454, 13079, 11510, 25744, 23352, 37745, 14618, 12141, 14980, 19066, 19533, 18000, 21104, 25296, 21741, 14046, 23089, 15334, 15579, 12095, 18928, 25757, 31256, 29233, 35717, 20264, 13476, 15171, 12003, 12225, 13131, 15373, 6785, 8382, 10748, 13890, 13538, 13671, 11155, 10963, 7103, 9357, 7424, 8316, 12138, 9287, 11980, 12812, 9993, 5995, 13392, 9369, 7869, 6973, 13896, 12819, 13289, 17437, 10374, 10289, 12567, 11696, 15849, 12964, 12854, 8873, 11594, 9058, 11422, 9735, 13172, 15094, 17239, 18928, 11836, 10312, 16774, 15562, 11643, 13870, 12199, 11146, 11955, 10876, 10646, 9993, 11424, 12860, 13302, 12687, 15617, 11621, 13299, 22083, 14565, 18544, 20059, 10902, 11367, 11121, 15610, 17731, 25273, 25808, 27038, 14414, 15449, 12242, 14292, 15842, 22961, 27553, 28928, 30268, 3756], "totalLength": 2457231.8461157065, "solsticeLength": 27899.237423713228, "sun_azimuth": 51.881358784418985, "ratio": 113}