{"hist": [49309, 71082, 72687, 83758, 77304, 85701, 91746, 96468, 112471, 101803, 107916, 101625, 114930, 101839, 111971, 110483, 102893, 87267, 90185, 81688, 74602, 66318, 65357, 58931, 53657, 62156, 57002, 46515, 42954, 43186, 47375, 33346, 34612, 34885, 28952, 27563, 24281, 20734, 23300, 18722, 24668, 23639, 19951, 19846, 20968, 19589, 18287, 18084, 15301, 16298, 16048, 14411, 18820, 15003, 17427, 17040, 28824, 64040, 18983, 21531, 17692, 15136, 14931, 20262, 29808, 23019, 15740, 25173, 25141, 21978, 19855, 30501, 30912, 30603, 22547, 29748, 22615, 42742, 35518, 34230, 30290, 32954, 32855, 33805, 48311, 39404, 43092, 55865, 52999, 52760, 84484, 84169, 88309, 92208, 86408, 89330, 90332, 103973, 105647, 115101, 127479, 118346, 124741, 117905, 129539, 115481, 107906, 112998, 92930, 95135, 78662, 67458, 63630, 71039, 57146, 63439, 56706, 49702, 39833, 36973, 46276, 37968, 35423, 30819, 31645, 34590, 31506, 26958, 25927, 23140, 31873, 22652, 23841, 27446, 21616, 18967, 21649, 17724, 18713, 20820, 18475, 21379, 18013, 19353, 20820, 24404, 25492, 73581, 36918, 23545, 17733, 21972, 28135, 32265, 26222, 26797, 26443, 37609, 23782, 29005, 35294, 34284, 34887, 23959, 34640, 28342, 25331, 29700, 32548, 30487, 31265, 29979, 40834, 34277, 33618, 38403, 49441, 58085, 47602, 44137, 34575], "totalLength": 8597107.721487083, "solsticeLength": 71015.46397645918, "sun_azimuth": 64.09659203947484, "ratio": 82}