{"hist": [40443, 45027, 50093, 47578, 44377, 43158, 45853, 39320, 41104, 42791, 44093, 46537, 45123, 38504, 42505, 39724, 43131, 39223, 46559, 39648, 33064, 28219, 31907, 27104, 32295, 30337, 29854, 28055, 27557, 27939, 26070, 26466, 23528, 26982, 25733, 27267, 21949, 23489, 26981, 26681, 26477, 26604, 23025, 24276, 23259, 24928, 23119, 27388, 25144, 29864, 30969, 25647, 28257, 43452, 41384, 33897, 33256, 32684, 34906, 32776, 31565, 32407, 38951, 34969, 38068, 34240, 33187, 37286, 36515, 33715, 38836, 37216, 43132, 37673, 41824, 43013, 43811, 44179, 46816, 47726, 47828, 47632, 44977, 48374, 51266, 56739, 70085, 68245, 63838, 62679, 66860, 58393, 61072, 63180, 53973, 51984, 47774, 50119, 54662, 47631, 49512, 52380, 50420, 54573, 52008, 51937, 49925, 49031, 44952, 48393, 39953, 38484, 41189, 39356, 36465, 33738, 34537, 31788, 33785, 30872, 29907, 31708, 27404, 30412, 32139, 27222, 30106, 27460, 26231, 29768, 28684, 28083, 28759, 27476, 26607, 28716, 27316, 26205, 29342, 33246, 30557, 29032, 29159, 35622, 30557, 29629, 31472, 33448, 27496, 28489, 30219, 31282, 29213, 30646, 34133, 36179, 32617, 31694, 35029, 33426, 35907, 33535, 39360, 35465, 37116, 37536, 33905, 33662, 39490, 40214, 43984, 36835, 38446, 40212, 41530, 49587, 50449, 49601, 51606, 40927, 10367], "totalLength": 6789833.575345337, "solsticeLength": 86542.37370295313, "sun_azimuth": 50.320233672247944, "ratio": 127}