{"hist": [32708, 31525, 28285, 24281, 25428, 25877, 22266, 24377, 24223, 23802, 25108, 25775, 21930, 21393, 23011, 21020, 22679, 21316, 21152, 20081, 21034, 20150, 21730, 18191, 20488, 20420, 22015, 20474, 20015, 21703, 21872, 16423, 19090, 20702, 18362, 18887, 18691, 22223, 20845, 21188, 21632, 24179, 23581, 21765, 23286, 20555, 19825, 22183, 22063, 24251, 25575, 23549, 22203, 21251, 22822, 22989, 21427, 22269, 23064, 23354, 23494, 27609, 26601, 25045, 29645, 22893, 21609, 24286, 23655, 25921, 26083, 25835, 26077, 26872, 26192, 25275, 23271, 23526, 28525, 27558, 28973, 25525, 28349, 27755, 27285, 29960, 32708, 35637, 35533, 35056, 48043, 32759, 28382, 26362, 24377, 25220, 22993, 25271, 25206, 29114, 30390, 27340, 28348, 25382, 22040, 22693, 24342, 23594, 23403, 22755, 23629, 23168, 20223, 22657, 21862, 22342, 21055, 22804, 22994, 24241, 23323, 21839, 24829, 22629, 22048, 22825, 20013, 21169, 20877, 19695, 20878, 20500, 20462, 20495, 23641, 21822, 20015, 19545, 20350, 18445, 19431, 21289, 20160, 19769, 19815, 21487, 23147, 21851, 21611, 22327, 21346, 26040, 29480, 26341, 25112, 24213, 22092, 22846, 23451, 26055, 25948, 23873, 24688, 22795, 23008, 23682, 23803, 23962, 26845, 27687, 26560, 28275, 25998, 23263, 26247, 27806, 28192, 30080, 35272, 30902, 10432], "totalLength": 4344970.511869496, "solsticeLength": 64279.389667487274, "sun_azimuth": 46.030437741373056, "ratio": 147}