{"hist": [20940, 30396, 34924, 39961, 43640, 36181, 31999, 29318, 25311, 26665, 26703, 24760, 24365, 26956, 25324, 34924, 33666, 34243, 36735, 45769, 44768, 62851, 72360, 87738, 80713, 54270, 38261, 37025, 35325, 31402, 31449, 35172, 32125, 34665, 32262, 26019, 23371, 26235, 24514, 23070, 24392, 24318, 26450, 29126, 29236, 27913, 35289, 56960, 74791, 50544, 34683, 32346, 28311, 22546, 21954, 17974, 18238, 21358, 19687, 17675, 20951, 20084, 19618, 20689, 17991, 17275, 17565, 19435, 20028, 18001, 16373, 18615, 16251, 16926, 18111, 19097, 15977, 18283, 16309, 15735, 18504, 24187, 18344, 23957, 21156, 18595, 24269, 25857, 23260, 21844, 33762, 31475, 36123, 36203, 48537, 41208, 30892, 27386, 25855, 25157, 25877, 25178, 26339, 28357, 29944, 28049, 32390, 33694, 36043, 39803, 38318, 49864, 64053, 75968, 75235, 58886, 43662, 40949, 35792, 29921, 40002, 46553, 40772, 36987, 35585, 31278, 29118, 28522, 25625, 23354, 27368, 27058, 33789, 26505, 24435, 27047, 36914, 48855, 74267, 47089, 33789, 31335, 24286, 26717, 21355, 20443, 18980, 20309, 24407, 30222, 18578, 19981, 23056, 21931, 22584, 21488, 18057, 16503, 18550, 16767, 16598, 18133, 17427, 17345, 21853, 19866, 19223, 18702, 18022, 20451, 20809, 20871, 23079, 21332, 20487, 22917, 19172, 23271, 24245, 23036, 9064], "totalLength": 5394828.428296463, "solsticeLength": 58765.6145147034, "sun_azimuth": 58.886885740615135, "ratio": 108}