{"hist": [6177268, 1232081, 587403, 429421, 396452, 375720, 397776, 417018, 312910, 333186, 319197, 295079, 299590, 347699, 377598, 292744, 317273, 326952, 344418, 298565, 288638, 283781, 306925, 286454, 282932, 281331, 340212, 388188, 376649, 334807, 328178, 337262, 307967, 305175, 275242, 291900, 314783, 324444, 351292, 559262, 452773, 455082, 347208, 311531, 310985, 362695, 305847, 331920, 394718, 297994, 276429, 268561, 257876, 281778, 383376, 425928, 343758, 333295, 293951, 291845, 274501, 263370, 272546, 262643, 260707, 256835, 269616, 300482, 312484, 276969, 270444, 272316, 317558, 332802, 332923, 303336, 279109, 276664, 280044, 341367, 373285, 307888, 336405, 333583, 347984, 388154, 508690, 707679, 1882197, 8631485, 7175041, 1193182, 555356, 433256, 378958, 368946, 417383, 497415, 334632, 356406, 364358, 324538, 316901, 351170, 349889, 278849, 283689, 306419, 321430, 300055, 305029, 321119, 314996, 289938, 265021, 269885, 300850, 353360, 393956, 357064, 305175, 321966, 291346, 294463, 288452, 300166, 381171, 329817, 332554, 568788, 470905, 401966, 336748, 315792, 309285, 408836, 342563, 315827, 391545, 305388, 293512, 256618, 257149, 275544, 389069, 424138, 414602, 350735, 268197, 263412, 259911, 255308, 247396, 247882, 250659, 253682, 269328, 287770, 308236, 263454, 273281, 262873, 285778, 316750, 344210, 297976, 266838, 275636, 289575, 345837, 379316, 290961, 323157, 310290, 333199, 381996, 574837, 725087, 1852745, 8451554, 1054571], "totalLength": 95310389.70622581, "solsticeLength": 826049.722774189, "sun_azimuth": 60.68468715281087, "ratio": 86}