{"hist": [44282, 40113, 36104, 47233, 51630, 45191, 37084, 36823, 53590, 48454, 44525, 37749, 40234, 31311, 28122, 29653, 33960, 34405, 28959, 29771, 29318, 25877, 25443, 27457, 26695, 21376, 22185, 20206, 23439, 19705, 20750, 18713, 23267, 17130, 16802, 19557, 16498, 18205, 17145, 17559, 14327, 15032, 16437, 13229, 12118, 15949, 16958, 17290, 16736, 17832, 19593, 18543, 14546, 18242, 15503, 16538, 18753, 19142, 16275, 17869, 16151, 16597, 21052, 18577, 20657, 22005, 27263, 19134, 24576, 23917, 21499, 25889, 21905, 27705, 36329, 31668, 41012, 37690, 31316, 30205, 34644, 31591, 32120, 31229, 33268, 32384, 37586, 43549, 42944, 52464, 52696, 54582, 53261, 58372, 62922, 56375, 57614, 52328, 65152, 69105, 56157, 50773, 55115, 48236, 54433, 55023, 44424, 44762, 48328, 38345, 34424, 33553, 29671, 30927, 28327, 35187, 31513, 31350, 25569, 22105, 22696, 25534, 27290, 25536, 26618, 22916, 21266, 21524, 29053, 22394, 23917, 22071, 20801, 21429, 20071, 20824, 19306, 21031, 17682, 17909, 19583, 18638, 22574, 28045, 19356, 25188, 15285, 17203, 18560, 15632, 19726, 22175, 24358, 21503, 21478, 24259, 25054, 21352, 24189, 20448, 31424, 27681, 25546, 27174, 29097, 36078, 27024, 31279, 24505, 27934, 34624, 27665, 29361, 32660, 23896, 25684, 25071, 33273, 47039, 55038, 4752], "totalLength": 5306352.394655063, "solsticeLength": 57652.15458263559, "sun_azimuth": 50.29599674597816, "ratio": 108}