{"hist": [214966, 256300, 245568, 225969, 226372, 225572, 223090, 220598, 219113, 219234, 229674, 204000, 211963, 200523, 201612, 198189, 195321, 205992, 189445, 194690, 188843, 190574, 182558, 191216, 170305, 192620, 183546, 179304, 179372, 171625, 183713, 171553, 157482, 160909, 161683, 156902, 160827, 166294, 174620, 174140, 164818, 171464, 175152, 166047, 162085, 157832, 150486, 154975, 157813, 157943, 154232, 153259, 160115, 168939, 158029, 160539, 165381, 162114, 164024, 162663, 162558, 172950, 175006, 163499, 177334, 175272, 179901, 187397, 183356, 188102, 185885, 192349, 198366, 197372, 194476, 191285, 184592, 206228, 209933, 203682, 208558, 215323, 242994, 223629, 214371, 210797, 228531, 221759, 231573, 207676, 274239, 232507, 227459, 214996, 212033, 219970, 224239, 204005, 214275, 207208, 204770, 203650, 195076, 200807, 204435, 209589, 196588, 193442, 196002, 201799, 193304, 190889, 185647, 186530, 192156, 191383, 182991, 178244, 169207, 178021, 174394, 162629, 166513, 167305, 159097, 166403, 169582, 161102, 169519, 164264, 167134, 181233, 167619, 159696, 161485, 151622, 162995, 159370, 163306, 167798, 167139, 158632, 163469, 153730, 159770, 164829, 171207, 165762, 158259, 173018, 170340, 173796, 171969, 168294, 180510, 176387, 176812, 181017, 184453, 192624, 196671, 207944, 215134, 207038, 204874, 197381, 201831, 205908, 228354, 217784, 215367, 221730, 237719, 238513, 238831, 250657, 232069, 246571, 244975, 215005, 59877], "totalLength": 34253809.682030916, "solsticeLength": 489070.38184792595, "sun_azimuth": 53.97532402921564, "ratio": 142}