{"hist": [233068, 184288, 145749, 108692, 102688, 97009, 88702, 85161, 81235, 78447, 73502, 78935, 91210, 75912, 70801, 73454, 66197, 78958, 91766, 86332, 82971, 72730, 65154, 67544, 80263, 69213, 67844, 64650, 63614, 55521, 60052, 63662, 55967, 56338, 60658, 56395, 60016, 54706, 59558, 56113, 58231, 57022, 61558, 65933, 78747, 71288, 90155, 71862, 77079, 69665, 57656, 52126, 56892, 56886, 67003, 73434, 81003, 78671, 80921, 87066, 93221, 86848, 100029, 89115, 90434, 91189, 76385, 83052, 77456, 84065, 81393, 80712, 93091, 103382, 98891, 108530, 111917, 109898, 94074, 94966, 97735, 100195, 98617, 103010, 104722, 114988, 116873, 130719, 173052, 263491, 331689, 181612, 120406, 95347, 94000, 97647, 86318, 85993, 86912, 78741, 77427, 74563, 97853, 90362, 76306, 74493, 72622, 78234, 90305, 79010, 84832, 76484, 65337, 70251, 63555, 64353, 67352, 66130, 63873, 57460, 62969, 58254, 64184, 62270, 50892, 54781, 53620, 60902, 70565, 55722, 57663, 65969, 65998, 70260, 72180, 73577, 88188, 110265, 81250, 65206, 66996, 72552, 64407, 61323, 72625, 80512, 73646, 72861, 74338, 82167, 88119, 107259, 124784, 94196, 94717, 104615, 95060, 98391, 86589, 80552, 81743, 78848, 83870, 90138, 87369, 97682, 98051, 97221, 99166, 94410, 87575, 89937, 95387, 96053, 96042, 112131, 119738, 141707, 152121, 246479, 57638], "totalLength": 15803606.763477067, "solsticeLength": 258270.11834915745, "sun_azimuth": 65.46605179825157, "ratio": 163}