{"hist": [53473, 58938, 56884, 53178, 50230, 48332, 48385, 46304, 44793, 48880, 47925, 44214, 48634, 42666, 41005, 39915, 41154, 47918, 44349, 45409, 42273, 37011, 36159, 38625, 36338, 38160, 39458, 39087, 32802, 37623, 37362, 38601, 36585, 37346, 34952, 35253, 38091, 36860, 37773, 40894, 41699, 38333, 36792, 38601, 40514, 37963, 39346, 36078, 45145, 43398, 41966, 42223, 38581, 43549, 41192, 44770, 45465, 48421, 52596, 50651, 52617, 49061, 47038, 50864, 52471, 55485, 55257, 66626, 58634, 52848, 57398, 59855, 57829, 58561, 60434, 60975, 54109, 57915, 62433, 59847, 65935, 63226, 65947, 63216, 63477, 63423, 66883, 65898, 64374, 51360, 80574, 65773, 71237, 61847, 62881, 53039, 52361, 52303, 52229, 63393, 53449, 51361, 53531, 50160, 49449, 47761, 49575, 56266, 54669, 48476, 47162, 47910, 46627, 46876, 45444, 46175, 43888, 44907, 41359, 47596, 48540, 44401, 46124, 47002, 42205, 43306, 43842, 44838, 43102, 41658, 40712, 43468, 44256, 49835, 49373, 44289, 46315, 45820, 45437, 46303, 46034, 44203, 48842, 47159, 51268, 50152, 49820, 49892, 50776, 52889, 57817, 52281, 50981, 51829, 53965, 57763, 59812, 72089, 62613, 57836, 57362, 56247, 62393, 55556, 54899, 52581, 51991, 54306, 49702, 53123, 52651, 57589, 58238, 60595, 56508, 59374, 57454, 58924, 59580, 46339, 22985], "totalLength": 9010735.352376767, "solsticeLength": 134038.42452604935, "sun_azimuth": 55.71703592794724, "ratio": 148}