{"hist": [1193872, 1016889, 641930, 214886, 144263, 111496, 105480, 105852, 121367, 80314, 81589, 83146, 81343, 78305, 101076, 100218, 74217, 58935, 55995, 55188, 57350, 62454, 86502, 56759, 60012, 53391, 56767, 49937, 51256, 54126, 49253, 49228, 45611, 44102, 46882, 42908, 53250, 51702, 58074, 66857, 55475, 109956, 58100, 63370, 66741, 60963, 55954, 67282, 56336, 45605, 46733, 48545, 54560, 44360, 38146, 39563, 35842, 41472, 50033, 53201, 54008, 57314, 45205, 44746, 48317, 44601, 48782, 53633, 55206, 49597, 48454, 49053, 51486, 54140, 59671, 55820, 59410, 58476, 66177, 66544, 68538, 67799, 74288, 85717, 107970, 148919, 467479, 2235032, 3351676, 3483990, 2270918, 1386560, 697009, 163404, 139777, 86920, 74761, 75368, 73137, 67341, 67658, 65631, 68467, 65297, 85089, 86408, 60931, 50630, 64393, 54598, 49279, 48419, 51672, 53714, 55665, 61535, 47577, 49434, 53839, 48776, 45092, 41498, 43201, 38391, 41177, 40536, 83162, 48979, 50563, 102262, 92005, 51105, 50399, 56336, 65379, 55630, 48899, 46441, 43501, 43537, 52072, 48785, 49961, 49241, 45835, 99563, 41173, 45308, 45398, 64836, 49831, 54540, 49860, 46261, 50212, 46003, 51574, 49609, 53323, 57241, 54574, 52641, 51531, 55375, 56201, 59439, 58645, 64263, 110766, 85177, 69305, 64797, 84408, 84979, 108503, 168925, 419716, 1817865, 3192438, 2635480, 158174], "totalLength": 35673282.28098569, "solsticeLength": 139123.2108116557, "sun_azimuth": 63.075792947259764, "ratio": 38}