{"hist": [2035103, 1230734, 273502, 106298, 76515, 54443, 50231, 50987, 45905, 40142, 44599, 38620, 45169, 41201, 42410, 38003, 37344, 42692, 41935, 42333, 34299, 38674, 37458, 33139, 33002, 33299, 30903, 28477, 34804, 33983, 38470, 35642, 39023, 34262, 36889, 43984, 36618, 35706, 33458, 33677, 35383, 35867, 36967, 32272, 44039, 38839, 41348, 35429, 38396, 41613, 44249, 38341, 50056, 37896, 39386, 40583, 31505, 37046, 34364, 38074, 41033, 35815, 34402, 36307, 42738, 36784, 33838, 36407, 38050, 37020, 39999, 39900, 35315, 32865, 37494, 47396, 43537, 42591, 43924, 42310, 41806, 42673, 45506, 55828, 58276, 77674, 85949, 138969, 416368, 1380945, 1758485, 772778, 259719, 102565, 64814, 57137, 54047, 47499, 42139, 41794, 39148, 39146, 39962, 40712, 37075, 37554, 38668, 35563, 32511, 30240, 34443, 34096, 32526, 31748, 31809, 32958, 28187, 33244, 34873, 35464, 34356, 32346, 35874, 29979, 32003, 42275, 32685, 28664, 28113, 32015, 33379, 34540, 33159, 40137, 42318, 36982, 46648, 44318, 36388, 37252, 30114, 33549, 30611, 37536, 30499, 33192, 32426, 36407, 34720, 38057, 37425, 31608, 29215, 36996, 37055, 37761, 36477, 32211, 34922, 36426, 37188, 37092, 39537, 33078, 35630, 43076, 39525, 39727, 38169, 40580, 38986, 48416, 41916, 46373, 54476, 72300, 71775, 107666, 305138, 1250879, 127467], "totalLength": 16827930.885490526, "solsticeLength": 108307.9459634965, "sun_azimuth": 56.07887544451241, "ratio": 64}