{"hist": [5470, 5508, 5473, 5427, 5685, 5830, 5361, 7742, 10866, 7621, 4263, 5169, 4016, 3376, 4558, 20033, 4472, 4874, 5712, 7929, 6811, 7281, 11087, 13396, 21599, 31850, 26951, 26704, 48400, 58572, 36595, 19970, 10712, 12786, 5922, 6618, 4575, 4208, 4535, 8981, 10607, 7373, 6010, 4432, 6385, 13317, 10767, 8117, 8441, 7988, 12312, 7281, 6215, 7076, 5102, 6524, 9141, 12483, 7278, 11418, 12644, 12565, 33167, 25848, 12514, 24070, 18555, 25694, 26996, 65848, 95572, 27797, 12854, 8419, 8537, 6960, 8646, 10736, 37064, 27904, 11376, 10000, 9962, 11793, 13403, 7258, 6372, 8250, 5888, 3161, 12886, 6975, 8106, 7758, 4098, 7848, 7400, 5793, 9924, 4157, 4819, 4939, 3129, 4556, 5845, 6753, 5105, 4634, 5706, 7487, 8811, 11218, 8292, 8796, 16845, 17088, 19807, 10505, 22299, 56439, 15395, 9167, 5818, 10241, 10289, 8014, 4224, 3477, 4315, 3220, 5685, 7733, 7064, 14170, 9145, 7100, 5883, 4202, 4307, 4968, 6751, 7780, 3799, 5016, 3199, 4233, 4890, 4617, 4518, 6411, 8190, 10810, 15078, 13151, 11291, 11978, 13251, 17542, 21142, 52138, 78304, 43767, 18477, 11097, 12793, 9336, 8425, 9299, 21394, 27596, 16283, 13397, 11691, 8270, 11013, 8016, 7304, 7183, 5012, 2606, 7366], "totalLength": 2272001.5692683584, "solsticeLength": 68717.99728589955, "sun_azimuth": 66.51262119420512, "ratio": 302}