{"hist": [412717, 342244, 267095, 258665, 234021, 247465, 260515, 260502, 219567, 248512, 234468, 211995, 218600, 223998, 231121, 253728, 197845, 181479, 186862, 212624, 215375, 203135, 184964, 200039, 182415, 183381, 180341, 182356, 189436, 201266, 222836, 229033, 209489, 198156, 191504, 200265, 215051, 217349, 214327, 225664, 213661, 193736, 203654, 218603, 235557, 253107, 195274, 179342, 192152, 192612, 187348, 187877, 187955, 190629, 178072, 177756, 176505, 163452, 175169, 165211, 178799, 170403, 194028, 220102, 203349, 220301, 219144, 222983, 190628, 188080, 214365, 215476, 210656, 212438, 215017, 199794, 182618, 190832, 234370, 196580, 180299, 194514, 202820, 231636, 217619, 241840, 245273, 301078, 367625, 392931, 451229, 307637, 273359, 243239, 227766, 258342, 260869, 234647, 217438, 227584, 229104, 210729, 227371, 221107, 216203, 234389, 209290, 196181, 175193, 193715, 204497, 191843, 198409, 203011, 192943, 193092, 186500, 178980, 209297, 218375, 239289, 229754, 203397, 193061, 212560, 233839, 207622, 213790, 202059, 237409, 233276, 203611, 224773, 217896, 221621, 264631, 196078, 194316, 213144, 200712, 189474, 197712, 217677, 187727, 178418, 203663, 200906, 176403, 172850, 180295, 169205, 174561, 197954, 215904, 214539, 221493, 223210, 214549, 197604, 192436, 210301, 219642, 206805, 213595, 206882, 202717, 195849, 201997, 214329, 198485, 171509, 185490, 206163, 228601, 242295, 237468, 276871, 315945, 377474, 469322, 56404], "totalLength": 39373669.24813353, "solsticeLength": 632549.7361748833, "sun_azimuth": 43.138317080736215, "ratio": 160}