{"hist": [32393, 32271, 25990, 27667, 22004, 21376, 18375, 23059, 30792, 29152, 29255, 26493, 24322, 29185, 25958, 25377, 27327, 33512, 21127, 23550, 23573, 28967, 22860, 26914, 25286, 18642, 22951, 26627, 27004, 20337, 19057, 21392, 22919, 21480, 24117, 22484, 16618, 23783, 20938, 19653, 22502, 21732, 19160, 27454, 25966, 27796, 20305, 25287, 22423, 21934, 25209, 23353, 26727, 37595, 38096, 22563, 16896, 26391, 33076, 21317, 40333, 35417, 39608, 43111, 28041, 23181, 30717, 29731, 25619, 30026, 24349, 21197, 24308, 23067, 24790, 25939, 24119, 36186, 39691, 26303, 35080, 34594, 51889, 35503, 33562, 32124, 39826, 37329, 49675, 44553, 59486, 38556, 35247, 48227, 44634, 32876, 29853, 33080, 43377, 35866, 34966, 41981, 45124, 37938, 35285, 37013, 34880, 48566, 43492, 39633, 37802, 54404, 41277, 40673, 37278, 48186, 42809, 36924, 44778, 48712, 49361, 39149, 44399, 48967, 42345, 39707, 30170, 42916, 34359, 31856, 38758, 45740, 36953, 26724, 35358, 29310, 27104, 30769, 33683, 32299, 34193, 29130, 29394, 30595, 41088, 26089, 29420, 32226, 34816, 29927, 33936, 40503, 36113, 43997, 37828, 26343, 24775, 28924, 30623, 27757, 30538, 22235, 23942, 20334, 20167, 24139, 24804, 23578, 34759, 23386, 34924, 35877, 34472, 29917, 26087, 25230, 23532, 31205, 31208, 26549, 10739], "totalLength": 5658678.554665648, "solsticeLength": 83656.56683721468, "sun_azimuth": 66.57976878393552, "ratio": 147}