{"hist": [44823, 51088, 46126, 44330, 45755, 45012, 46222, 48612, 47781, 54556, 47782, 52320, 50770, 53171, 57342, 53270, 60480, 55197, 50640, 53405, 52768, 60388, 61171, 59376, 59398, 53578, 55090, 62114, 57355, 55834, 64342, 60414, 52512, 55239, 59265, 59574, 55627, 54388, 60782, 53858, 50976, 57034, 58848, 46992, 47587, 48348, 50689, 53462, 52482, 49287, 48245, 47266, 48802, 52227, 51791, 46840, 46158, 47230, 48219, 47547, 49152, 50726, 44998, 46193, 45948, 42039, 44013, 41533, 46251, 45445, 41432, 43691, 47365, 42849, 49517, 44567, 47336, 47420, 43742, 45278, 51393, 50702, 50296, 49333, 47830, 47718, 51140, 50599, 52156, 51576, 56448, 52014, 49917, 53814, 51633, 57600, 57317, 50554, 51844, 59992, 56521, 57766, 61497, 56189, 60385, 56801, 58393, 58388, 61721, 58660, 60629, 64211, 62635, 59191, 62286, 63856, 60442, 63169, 58774, 56933, 64377, 57210, 52749, 58208, 59941, 60067, 53455, 56268, 46918, 50853, 51881, 58736, 50639, 51402, 55594, 45602, 48541, 52127, 47184, 50224, 49625, 45191, 42383, 45233, 40008, 42071, 43436, 43812, 48033, 47103, 52888, 43234, 48142, 40058, 42798, 42695, 38035, 35442, 39065, 41260, 35745, 47987, 42282, 39447, 38768, 43410, 43778, 39013, 40472, 42403, 43340, 45604, 42963, 48232, 44242, 46458, 46110, 44858, 43148, 43411, 7510], "totalLength": 9125362.96721221, "solsticeLength": 148025.12914964158, "sun_azimuth": 52.97768269338149, "ratio": 162}