{"hist": [387896, 371381, 369971, 310199, 300009, 338506, 267186, 259245, 323862, 268623, 234904, 259910, 256541, 311698, 275001, 274598, 273048, 292793, 270133, 277616, 319085, 357147, 291355, 300064, 299822, 296868, 291426, 291822, 419090, 306695, 267992, 309018, 292913, 263150, 269636, 305507, 392527, 446747, 475261, 270485, 232590, 219284, 227640, 188617, 178614, 184817, 199706, 179262, 176479, 278291, 183821, 181277, 175113, 178280, 165651, 163657, 167914, 189967, 181335, 185327, 198172, 193999, 187496, 183755, 187336, 212611, 236363, 215373, 329274, 304094, 360697, 296940, 316874, 363134, 277928, 243654, 299609, 273216, 348965, 444675, 364524, 613702, 493362, 422349, 455293, 422069, 348701, 301888, 295285, 372741, 408305, 295773, 306512, 263426, 289829, 268169, 239329, 216493, 246825, 238085, 207871, 252376, 216490, 247581, 245861, 261464, 209319, 246843, 230510, 236660, 289188, 273202, 283271, 243396, 253819, 248066, 221567, 237206, 325439, 497772, 252285, 260284, 276941, 249976, 266058, 294185, 403715, 496578, 600918, 260225, 209527, 185588, 213901, 172454, 158641, 148550, 155080, 166868, 185479, 330695, 175677, 171113, 155767, 162610, 176735, 147298, 152634, 181540, 183142, 198950, 227900, 191811, 166331, 175934, 191435, 215001, 266477, 235607, 290327, 334598, 346729, 309097, 337532, 394613, 311801, 246331, 269953, 290333, 358923, 479395, 403368, 756220, 545074, 400571, 400955, 494651, 329640, 286362, 313983, 378109, 74904], "totalLength": 50809570.042271964, "solsticeLength": 536003.2041176263, "sun_azimuth": 57.55030651250285, "ratio": 105}