{"hist": [451731, 253891, 312324, 270661, 226217, 136439, 102786, 81283, 152122, 68496, 60416, 61414, 73609, 101596, 117319, 110895, 121017, 95601, 113899, 105183, 82017, 83972, 126388, 100171, 132878, 167045, 120946, 101690, 109680, 100410, 103299, 76501, 98481, 102078, 87871, 78408, 93230, 126880, 104476, 82257, 61184, 69876, 96975, 93197, 81814, 70026, 80997, 89942, 116601, 104631, 75167, 69217, 70665, 88807, 99294, 80441, 85945, 79425, 75078, 65365, 65046, 64335, 64845, 71491, 84948, 84895, 71787, 72073, 107684, 109224, 91579, 102739, 124230, 95312, 95543, 106638, 76737, 75911, 70242, 63286, 69582, 75349, 80798, 89218, 149918, 183088, 189108, 153164, 289372, 613283, 561699, 226779, 237460, 236882, 312215, 143251, 99069, 91697, 80078, 92745, 63295, 69936, 70394, 97931, 120400, 107966, 85204, 86281, 89965, 100677, 104363, 111498, 106850, 97580, 112448, 109803, 99759, 99686, 83543, 86863, 108876, 76646, 90830, 102872, 94112, 94131, 77251, 112860, 102043, 83560, 101561, 77529, 97392, 96348, 102597, 79898, 70544, 76427, 81860, 72633, 71088, 65335, 66007, 84443, 94905, 76166, 78610, 88035, 74878, 78806, 75117, 115363, 70432, 74068, 82487, 90041, 81929, 72773, 79506, 103593, 94174, 105667, 191731, 126790, 108963, 114582, 96630, 79923, 70389, 83457, 98382, 85834, 83486, 106966, 177604, 246828, 232065, 180675, 288042, 602938, 144163], "totalLength": 21070895.379910115, "solsticeLength": 200783.13246037049, "sun_azimuth": 61.97700675510147, "ratio": 95}