{"hist": [542118, 360784, 144677, 105131, 116759, 69970, 57094, 57479, 53043, 49682, 53355, 46815, 52905, 51279, 54519, 57601, 59917, 55814, 57397, 66344, 63655, 64314, 72421, 77467, 78950, 74140, 84144, 77231, 71467, 78458, 72839, 79087, 91343, 88305, 86970, 110279, 175667, 252628, 159525, 115352, 132403, 129378, 89876, 69088, 63019, 61794, 59625, 66236, 99591, 142387, 109740, 70599, 63112, 53317, 60824, 68707, 236408, 154928, 58649, 48359, 59619, 49352, 57808, 53542, 78177, 67733, 85815, 86679, 66406, 56637, 56224, 133943, 50845, 53228, 69153, 55698, 46417, 56226, 60271, 70383, 70618, 65310, 46176, 68186, 86104, 170432, 144169, 121759, 141239, 268523, 672438, 371095, 133619, 95161, 124267, 101046, 67355, 73543, 64603, 60007, 60381, 51331, 55635, 77975, 75696, 69298, 81814, 58119, 58106, 65064, 60196, 68892, 79684, 77161, 92262, 77224, 103507, 78330, 81893, 79663, 79387, 88523, 95066, 109105, 93568, 100097, 139258, 203662, 193685, 119183, 113421, 112614, 101677, 69443, 67704, 61152, 75020, 64670, 79607, 94441, 132519, 102286, 76299, 78748, 69903, 77282, 153271, 196027, 77156, 61268, 66226, 63863, 72440, 64854, 65716, 83560, 73343, 82579, 68364, 60823, 55343, 103970, 56501, 70220, 103376, 69090, 61001, 58750, 66451, 49338, 57079, 84425, 66053, 74858, 84218, 229722, 151343, 109150, 149424, 219780, 39177], "totalLength": 17384173.004206568, "solsticeLength": 159866.24489896835, "sun_azimuth": 62.49409988659563, "ratio": 91}