{"hist": [84221, 86832, 80231, 76672, 72641, 72061, 70912, 66598, 66460, 60207, 64403, 60527, 68806, 53774, 53477, 55780, 55336, 53817, 51066, 51776, 46993, 48355, 48101, 44990, 46753, 46698, 48098, 45495, 46665, 48434, 47255, 44573, 48153, 43671, 38464, 42028, 39688, 36050, 36070, 43534, 40505, 41175, 40821, 42332, 48450, 47683, 42725, 44642, 47825, 43748, 49661, 57491, 57318, 50517, 49880, 48538, 49327, 46951, 47383, 49613, 48741, 48643, 56421, 56521, 57879, 55766, 57829, 55856, 65568, 64622, 64599, 72085, 72825, 66105, 71383, 69038, 71805, 76774, 77663, 68547, 74399, 75886, 73595, 77179, 79597, 80286, 82891, 92371, 97701, 96514, 111592, 94693, 85359, 86146, 86607, 79331, 89393, 80421, 84552, 73977, 73514, 67235, 69059, 66806, 67336, 67687, 67494, 60774, 66502, 59096, 60315, 57763, 60482, 56098, 61696, 63593, 65838, 57040, 59490, 57197, 54440, 57551, 53423, 53892, 52197, 50214, 47944, 50238, 47891, 44682, 47450, 47269, 48330, 47259, 47044, 47279, 46147, 46292, 48072, 50562, 54695, 64374, 57660, 51887, 45533, 47857, 48249, 48261, 46460, 45212, 48161, 47733, 54982, 52224, 55534, 50272, 49567, 51579, 55021, 54043, 55123, 55767, 59474, 58529, 60565, 63367, 66512, 66670, 64204, 63762, 63976, 70204, 75472, 63425, 68182, 70751, 72496, 80922, 87679, 86685, 10995], "totalLength": 10770757.335832035, "solsticeLength": 159327.54193207162, "sun_azimuth": 51.182265017206085, "ratio": 147}