{"hist": [35445, 24466, 27383, 28409, 43968, 33786, 32190, 31410, 27758, 17455, 16647, 19367, 20151, 17984, 20954, 17263, 16437, 13811, 12087, 14084, 22239, 16375, 16272, 18994, 12772, 18411, 20388, 12409, 12077, 18882, 16671, 17571, 16243, 15281, 16554, 9075, 10657, 14561, 14902, 24510, 18668, 17186, 18467, 19675, 12083, 15942, 19318, 20334, 20567, 19056, 21256, 23804, 28199, 19718, 19860, 16888, 20825, 17302, 10495, 10393, 12507, 15006, 17750, 21933, 19187, 15545, 14768, 14950, 18865, 14014, 14421, 17623, 14363, 16365, 27150, 27178, 56695, 35775, 42491, 53339, 67160, 71738, 64260, 42199, 37412, 26132, 37048, 33498, 21122, 30290, 26944, 16448, 21374, 13943, 26639, 28695, 26030, 28393, 19119, 14005, 15011, 15578, 18081, 14407, 17131, 11978, 10470, 9118, 8698, 12385, 22129, 13515, 15354, 13395, 13688, 10168, 16006, 12629, 16329, 11351, 21309, 27775, 21578, 13672, 26425, 25436, 18797, 12690, 17239, 22975, 13349, 15159, 22013, 22201, 22371, 19278, 20134, 17742, 25570, 23327, 21436, 23469, 19731, 25158, 18060, 23895, 24897, 16745, 15851, 20337, 20741, 30467, 19695, 31972, 21677, 27868, 19992, 30632, 26312, 30572, 24813, 23488, 24324, 27919, 34557, 49343, 59232, 59746, 55241, 55212, 78819, 110187, 67070, 60114, 44826, 47868, 51876, 41546, 38515, 35151, 4967], "totalLength": 4439184.4332445385, "solsticeLength": 68826.41181466529, "sun_azimuth": 53.56271230145517, "ratio": 155}