{"hist": [1065584, 898590, 675532, 545238, 473076, 405535, 364976, 342399, 327251, 322063, 296368, 282162, 275037, 269765, 287131, 282347, 253956, 250842, 255208, 247644, 251800, 236749, 227728, 222033, 229746, 230554, 241079, 231990, 238647, 222136, 240449, 257009, 288028, 299298, 265306, 241076, 233448, 244577, 243187, 233118, 231840, 227762, 241784, 229015, 263334, 213936, 229904, 213210, 214814, 225466, 245817, 227166, 219137, 227166, 231471, 241985, 238838, 236434, 277333, 248687, 234837, 240030, 249541, 272652, 251129, 260134, 253962, 264825, 275346, 283603, 273381, 272236, 262062, 274056, 253091, 255601, 263008, 265479, 282010, 293600, 296991, 331309, 347258, 373633, 421501, 434110, 521227, 651122, 917094, 1096679, 1620002, 969789, 697917, 553550, 487362, 416460, 369289, 329299, 327796, 305711, 300647, 277177, 266999, 258950, 263408, 267994, 258632, 245297, 243715, 242504, 243798, 222597, 222319, 223558, 214758, 209462, 236404, 226219, 230788, 211027, 224711, 240497, 265725, 292541, 261650, 238358, 239421, 226025, 225119, 225352, 214941, 224454, 229547, 231853, 203870, 237045, 208518, 207349, 205226, 217244, 232141, 224476, 217797, 217847, 226782, 241307, 232806, 237131, 264576, 254805, 244676, 245217, 248171, 283265, 269034, 266739, 261509, 261963, 265570, 275978, 281082, 291853, 271450, 271541, 279769, 271130, 285014, 270056, 282855, 291279, 309356, 342307, 359190, 378543, 397711, 428230, 500490, 646315, 856786, 1055714, 466849], "totalLength": 57427541.3425153, "solsticeLength": 727410.5741224922, "sun_azimuth": 60.48310777983628, "ratio": 126}