{"hist": [194511, 245083, 226751, 220627, 217432, 212374, 218136, 216031, 205125, 214202, 205641, 209875, 203317, 199491, 203210, 208691, 207023, 191537, 195849, 188359, 188680, 189456, 186704, 183422, 178082, 186858, 181827, 172237, 179909, 184087, 183514, 164177, 167595, 164052, 166734, 152867, 154678, 153385, 150366, 151203, 145975, 145269, 145347, 140648, 140828, 141741, 139780, 138186, 136560, 134808, 134350, 137449, 139039, 130304, 130912, 131523, 135290, 131735, 124267, 132788, 127871, 127405, 126473, 127288, 128097, 122120, 120795, 123516, 123025, 120569, 129402, 122514, 116863, 119331, 123406, 126605, 114432, 126003, 119987, 124416, 124712, 122915, 126463, 119366, 121455, 123931, 130328, 130845, 130054, 119362, 183685, 133366, 133895, 127448, 123494, 124780, 126636, 125324, 119144, 124584, 129237, 123400, 127348, 125413, 136850, 137579, 135294, 127911, 126948, 121378, 124050, 130642, 130812, 130996, 129944, 133934, 135499, 131798, 130386, 136655, 134705, 131214, 141105, 131132, 132341, 131088, 133485, 132567, 132630, 140452, 143401, 141193, 133433, 136928, 139589, 140672, 149661, 142270, 144189, 151348, 146569, 150398, 151528, 163456, 156486, 166127, 154046, 165631, 160661, 174158, 171637, 174963, 177821, 176683, 180210, 186099, 186478, 183580, 191514, 187848, 193282, 191695, 200774, 202410, 206749, 214740, 200931, 205395, 216514, 220905, 210355, 216539, 215148, 223629, 218336, 220695, 224294, 220539, 240754, 193663, 121260], "totalLength": 28535872.21093884, "solsticeLength": 467069.513424761, "sun_azimuth": 33.83637807274423, "ratio": 163}