{"hist": [200802, 195518, 188891, 176024, 189889, 189498, 206884, 203347, 184292, 189438, 186389, 183687, 185595, 196797, 209013, 192622, 205781, 206040, 207009, 212692, 208657, 214589, 228506, 216788, 214372, 217869, 224212, 213546, 206781, 208634, 216472, 197286, 211213, 220684, 194912, 202152, 189911, 189256, 195994, 202501, 207656, 187178, 182494, 192041, 197948, 192481, 181011, 173575, 181921, 181662, 203455, 197109, 193671, 198917, 181184, 192629, 197529, 209376, 200651, 179105, 195790, 187365, 179050, 194573, 196943, 196392, 220365, 206348, 199749, 210350, 193895, 196075, 192290, 194347, 201739, 184088, 176936, 182609, 181565, 219922, 196587, 198152, 195740, 199282, 203192, 253606, 207334, 214453, 230858, 229199, 257485, 220931, 203258, 190864, 204496, 207410, 227961, 229622, 210914, 209219, 201613, 199693, 200046, 205728, 185584, 208640, 211679, 209726, 234681, 213944, 207935, 219321, 247599, 227247, 224908, 235828, 230797, 202128, 206052, 220484, 212286, 205542, 206468, 206672, 193062, 196988, 193149, 182557, 198856, 198603, 199497, 180859, 178732, 191400, 189319, 205683, 171508, 180107, 185227, 186207, 187487, 212293, 208674, 180643, 163250, 174158, 187589, 202231, 175169, 177204, 177722, 170548, 171242, 169218, 170668, 168356, 173333, 188503, 169584, 183362, 170434, 177440, 168650, 174897, 184515, 172347, 167039, 157471, 162706, 194399, 193799, 183715, 167354, 176556, 180277, 194826, 197321, 208533, 204249, 207016, 34864], "totalLength": 35563178.19330558, "solsticeLength": 594478.5574464581, "sun_azimuth": 51.69532492199535, "ratio": 167}