{"hist": [121585, 135019, 140041, 146351, 128840, 132965, 130781, 131509, 220622, 762668, 184992, 119706, 131917, 133360, 135670, 131504, 127059, 126713, 125871, 124500, 119649, 125000, 130131, 138795, 127105, 137180, 151563, 166951, 143827, 126837, 139560, 141646, 143324, 155010, 214493, 334762, 549870, 704216, 542943, 335670, 226315, 185292, 192005, 164500, 158578, 172217, 177420, 262056, 237880, 215589, 185623, 159737, 178650, 171349, 180334, 288572, 246633, 243910, 302854, 365722, 322705, 259373, 204636, 183417, 190245, 165646, 150307, 158633, 167358, 152299, 180070, 190477, 162184, 157227, 155308, 156540, 143227, 143402, 156657, 165265, 154728, 224614, 213528, 180233, 177730, 138026, 144981, 144181, 124633, 112671, 198796, 117088, 128881, 148991, 139188, 125687, 117131, 118826, 194664, 606317, 185508, 144438, 147570, 151447, 142121, 125262, 128584, 128807, 143318, 136433, 124831, 124773, 154255, 140366, 133198, 142555, 149758, 170179, 171459, 122071, 132105, 147133, 163685, 160254, 187331, 321444, 532820, 611180, 559902, 332598, 217979, 174737, 146484, 145371, 138187, 157512, 164776, 202451, 199174, 192508, 196771, 182853, 175638, 166329, 157641, 222886, 236760, 218925, 269888, 378566, 332665, 245570, 196231, 175767, 162362, 150139, 141258, 145345, 152935, 146221, 168879, 184283, 155330, 147372, 143105, 134020, 135859, 139422, 141125, 147081, 132885, 201542, 187836, 172898, 153840, 142529, 146886, 141102, 139055, 131048, 50248], "totalLength": 34317056.10036157, "solsticeLength": 824027.9472212887, "sun_azimuth": 57.833103664898054, "ratio": 240}