{"hist": [104765, 130713, 141038, 187354, 222169, 172380, 179856, 209180, 224282, 122832, 91545, 88685, 87910, 94338, 97096, 101041, 85121, 89817, 89943, 76641, 66725, 69041, 75227, 62113, 63828, 66164, 71258, 59667, 67303, 64040, 59045, 64772, 70417, 61696, 60847, 56089, 53733, 65112, 60079, 59788, 58872, 56517, 54759, 46528, 53622, 62711, 70149, 71452, 56590, 64221, 56096, 67708, 66960, 56617, 57933, 64408, 59467, 55762, 55151, 63045, 49725, 52168, 55703, 59850, 59537, 69265, 87121, 69477, 70024, 63910, 85267, 65104, 71565, 104821, 70861, 72261, 65743, 76017, 77070, 71235, 76618, 79318, 74765, 86204, 102229, 110377, 93852, 157561, 132240, 126686, 129137, 107280, 124826, 194109, 214895, 188428, 163123, 209227, 210182, 118882, 81339, 91423, 87612, 86305, 84589, 81301, 80950, 95501, 80324, 79997, 71731, 74079, 60964, 65479, 56980, 78685, 59786, 54883, 56820, 62993, 65477, 57666, 67114, 70856, 58768, 59203, 49825, 58215, 54025, 56510, 56098, 48357, 54509, 50363, 58976, 56367, 74865, 65188, 57982, 55912, 58159, 54212, 59256, 57556, 55922, 56142, 61705, 49283, 54409, 48383, 50134, 52307, 47315, 59152, 55941, 58995, 64748, 75522, 61752, 57729, 72003, 84339, 66542, 73427, 64361, 72136, 66356, 77889, 77750, 74578, 69586, 79517, 72790, 85982, 97676, 114820, 125182, 164825, 140350, 121617, 30472], "totalLength": 14807808.598605806, "solsticeLength": 176938.5355512948, "sun_azimuth": 63.20183725820318, "ratio": 119}