{"hist": [67522, 59742, 52668, 49735, 57682, 52827, 46057, 47956, 45738, 46478, 43273, 42843, 44620, 44476, 45988, 48321, 43505, 40114, 35844, 38030, 40262, 40598, 37305, 38846, 38196, 37168, 36232, 38357, 34636, 35777, 38195, 38505, 37617, 33736, 34192, 36535, 33779, 35413, 33497, 34807, 35374, 38355, 35247, 39624, 41403, 38732, 35924, 37537, 37915, 38630, 43863, 43317, 42906, 41520, 38453, 43596, 41038, 44803, 42379, 43974, 44151, 47435, 51547, 49026, 50432, 50375, 48241, 48448, 47530, 48336, 50651, 49089, 48713, 45833, 50233, 53878, 45705, 45722, 53775, 49741, 49172, 50063, 46126, 48502, 54931, 44369, 43346, 48118, 50001, 47815, 67977, 48382, 44557, 42980, 45718, 42227, 44820, 39318, 40303, 36693, 43306, 38767, 42495, 37882, 37611, 39476, 42459, 36514, 36615, 38892, 38378, 41042, 32969, 37583, 34231, 36234, 36858, 33394, 33655, 37378, 37593, 37317, 37093, 34771, 32084, 37045, 38422, 36282, 35566, 39258, 39866, 41135, 40157, 39502, 37664, 38815, 38645, 43467, 44463, 40994, 43236, 41701, 45474, 49613, 43423, 48388, 48794, 48754, 46035, 46605, 49242, 52318, 52764, 57053, 54543, 51528, 54515, 54108, 56352, 58829, 55602, 55994, 56755, 57185, 55325, 60667, 59223, 55070, 60389, 58318, 56967, 52346, 55464, 52554, 56197, 53578, 50103, 56464, 56865, 49184, 17115], "totalLength": 8066550.064659171, "solsticeLength": 128837.2827536331, "sun_azimuth": 57.17311614577807, "ratio": 159}