{"hist": [107762, 117787, 116274, 105979, 102578, 100845, 93616, 92443, 86479, 88015, 94554, 90251, 96045, 88756, 86999, 83472, 76685, 80581, 81960, 78137, 78317, 77684, 73261, 82200, 80511, 80263, 75811, 74309, 75159, 76552, 82141, 79440, 82944, 82476, 74960, 81863, 85438, 83971, 78533, 77252, 79061, 91226, 93693, 81331, 90927, 86720, 86366, 91484, 89079, 80573, 88471, 95418, 89330, 86720, 90921, 97171, 101855, 107240, 99901, 102252, 106350, 112436, 103691, 111280, 115148, 116359, 124123, 123750, 130594, 132985, 133315, 129561, 133896, 133013, 141953, 136390, 134740, 150156, 146859, 143450, 155279, 155357, 154611, 136566, 131706, 144235, 136678, 142454, 150322, 138185, 166159, 150391, 143690, 143596, 127467, 128843, 118417, 104351, 110148, 112064, 113211, 99617, 107276, 99776, 110940, 103019, 95894, 88047, 83969, 81948, 87497, 83820, 85875, 82464, 86522, 89420, 88331, 85968, 79145, 80245, 88337, 91539, 85129, 81708, 80618, 88541, 87145, 89294, 80734, 78769, 85725, 80670, 85986, 84535, 79364, 77989, 83803, 88653, 83470, 81853, 76585, 76167, 70312, 73071, 71038, 78755, 75266, 83399, 77117, 86638, 81832, 82844, 86163, 84238, 93006, 93726, 97082, 90873, 96140, 98200, 104403, 103184, 98001, 103015, 107817, 110363, 107624, 106569, 108054, 105721, 114688, 114522, 114690, 124914, 105176, 103140, 107047, 112947, 122115, 120243, 22844], "totalLength": 17999075.96332063, "solsticeLength": 264272.2286248756, "sun_azimuth": 50.09548971270326, "ratio": 146}