{"hist": [56872, 71774, 65547, 67154, 64466, 60774, 65944, 75445, 69068, 74568, 73117, 68859, 64027, 59482, 61432, 66904, 71192, 71594, 67015, 71691, 67726, 78922, 86613, 69601, 76028, 71691, 68689, 63158, 69371, 62737, 57167, 51056, 53773, 52890, 50599, 51742, 54789, 49340, 44343, 48124, 44571, 48421, 46745, 44356, 39986, 34876, 35126, 38582, 33706, 33224, 34984, 39520, 34436, 33479, 38581, 37190, 33912, 32437, 31921, 35745, 42845, 43499, 37523, 34803, 30389, 31669, 31160, 35061, 39181, 34204, 34078, 30385, 30853, 25412, 33338, 34517, 36167, 38804, 42972, 44747, 39180, 42187, 37056, 37411, 34736, 38345, 41378, 44797, 48476, 39847, 69872, 62262, 53055, 49356, 52601, 54084, 49110, 59860, 48170, 50192, 67997, 60933, 51707, 58855, 54455, 51577, 58581, 63155, 63626, 65029, 70426, 70275, 79473, 60380, 55464, 63573, 58475, 61552, 57830, 63409, 63763, 48042, 45489, 49224, 49978, 44716, 52257, 54363, 44705, 38592, 40611, 46174, 37802, 33524, 30035, 34086, 34249, 35712, 36947, 34882, 33852, 37025, 36645, 44087, 34390, 36908, 41763, 35967, 38755, 39910, 52528, 41483, 44090, 33750, 34482, 36718, 46449, 39742, 41390, 43168, 38184, 36406, 36443, 40044, 41698, 38898, 38603, 44235, 46668, 51937, 46685, 49275, 48477, 54871, 50631, 56211, 48292, 57148, 64182, 53585, 23009], "totalLength": 8841265.684570644, "solsticeLength": 98441.53025490098, "sun_azimuth": 66.56391591487191, "ratio": 111}