{"hist": [48698, 50921, 52862, 45872, 50746, 50721, 46102, 46471, 54182, 52591, 47302, 57176, 57174, 61115, 52460, 48639, 44195, 43830, 40435, 37379, 39136, 36055, 40513, 37320, 43856, 40911, 50914, 44833, 38135, 52005, 38905, 41969, 36930, 40300, 45069, 43972, 49366, 49669, 50625, 58763, 71758, 87526, 58370, 60326, 50705, 53673, 61485, 61910, 47059, 48041, 49266, 48922, 48742, 49214, 55512, 57370, 55389, 49442, 59369, 79741, 61097, 50145, 51083, 48405, 61396, 64002, 56796, 55106, 54310, 47323, 66965, 54779, 53576, 49106, 49711, 48242, 48884, 59251, 50307, 57586, 67441, 77284, 96974, 70226, 65242, 73673, 63033, 69588, 59801, 56614, 59540, 52945, 53298, 54854, 55227, 47030, 46307, 39117, 40908, 48487, 45235, 58597, 56792, 67360, 52868, 46389, 47640, 48696, 43633, 43365, 48448, 54632, 49901, 46297, 50442, 52099, 50666, 43387, 56565, 47817, 45802, 38875, 44137, 48165, 49179, 45761, 56501, 61793, 65054, 65205, 61852, 67444, 56389, 69484, 57506, 56329, 58062, 51507, 45901, 44541, 42877, 46422, 45775, 56131, 51907, 59265, 57823, 58566, 47417, 50248, 50577, 48860, 51891, 45068, 49434, 58813, 56918, 53131, 51120, 43497, 51001, 50092, 48036, 38585, 45505, 49537, 54322, 42920, 59581, 56281, 83759, 75572, 77274, 61868, 58069, 74815, 62514, 55044, 60990, 64808, 9501], "totalLength": 9613813.617357282, "solsticeLength": 219447.70970871858, "sun_azimuth": 41.19301090322489, "ratio": 228}