{"hist": [68749, 32987, 39458, 54886, 115306, 53130, 26890, 25461, 22763, 21681, 20275, 21739, 25041, 23211, 14385, 12600, 12574, 15473, 12964, 19934, 14250, 21808, 26654, 12323, 11770, 10821, 9854, 13871, 18611, 23822, 25907, 14150, 14783, 81069, 71653, 60343, 143901, 56999, 24977, 28275, 34234, 24720, 24243, 27967, 23504, 27071, 22195, 31274, 19387, 35103, 27583, 26390, 36709, 73936, 151460, 793147, 349002, 111954, 60180, 77650, 100797, 140331, 263074, 284216, 656047, 933718, 175736, 83680, 49699, 124522, 76514, 39458, 32123, 38983, 57800, 38380, 33342, 34657, 72790, 72776, 34487, 43631, 39802, 47791, 30210, 37117, 60561, 60360, 47575, 74812, 89251, 55073, 44131, 55580, 135249, 94904, 34100, 24405, 24226, 23537, 22931, 23795, 29464, 28819, 19766, 21515, 11695, 14592, 14560, 29077, 15190, 19494, 20045, 27800, 14204, 15960, 14242, 26086, 23534, 24407, 30771, 21727, 19079, 55548, 72256, 97258, 83051, 130212, 33510, 25257, 31097, 31983, 31257, 33028, 37963, 47048, 18458, 27089, 25123, 23180, 37627, 25609, 31488, 62874, 93910, 496007, 719988, 136155, 72670, 70608, 127967, 89896, 219750, 239445, 380082, 988691, 262497, 91211, 58007, 72171, 78865, 41578, 33510, 47010, 47718, 38622, 38264, 34280, 50523, 61144, 32947, 50471, 45388, 39445, 33643, 37465, 46873, 49829, 75277, 65898, 14338], "totalLength": 14200405.351580622, "solsticeLength": 1326944.0159321672, "sun_azimuth": 63.57124803946332, "ratio": 934}