{"hist": [79594, 83799, 96199, 85065, 75059, 74668, 76468, 65627, 64929, 69064, 66259, 74395, 66112, 62024, 64794, 62226, 61621, 68258, 80903, 77811, 70737, 77563, 75202, 80334, 73444, 67244, 65044, 74645, 72756, 65106, 65296, 65859, 63908, 73564, 62593, 62046, 72529, 73587, 74082, 71780, 68231, 67814, 71461, 86500, 126432, 102400, 92241, 108126, 95551, 79075, 81700, 80519, 90221, 87183, 79134, 73307, 76629, 73067, 72554, 80039, 67047, 73213, 88559, 103279, 84810, 95147, 81114, 71669, 70138, 68706, 71711, 82249, 71487, 76245, 86264, 83987, 69360, 66013, 69481, 70190, 66373, 58837, 68553, 70878, 62860, 64332, 67387, 68393, 76662, 66644, 83667, 69178, 69535, 70954, 66102, 64389, 60742, 63957, 59339, 56644, 63902, 58789, 63950, 59416, 50053, 53159, 53978, 55120, 66649, 68339, 73694, 69734, 65203, 80259, 64362, 70228, 66710, 63475, 61999, 63018, 67050, 64720, 72668, 68687, 69083, 70708, 77139, 81517, 83722, 80868, 71296, 75530, 82779, 79753, 97225, 99942, 97666, 110548, 110651, 97011, 97221, 92205, 98984, 109761, 96851, 93407, 97361, 98736, 80461, 101683, 81469, 74568, 82377, 87076, 88995, 96417, 99289, 87273, 84239, 86456, 84432, 81768, 89593, 96973, 83619, 90975, 83137, 81292, 81669, 83379, 79281, 76388, 84172, 67168, 76063, 74583, 80864, 80477, 80491, 75357, 19282], "totalLength": 13856949.529784555, "solsticeLength": 220797.0437657455, "sun_azimuth": 56.74410513382039, "ratio": 159}