{"hist": [17304, 20828, 17922, 29077, 20817, 28307, 18577, 16584, 14538, 14431, 19368, 19073, 17262, 19437, 16517, 18144, 16104, 13188, 19336, 23560, 20756, 17190, 11610, 17226, 11687, 21139, 18674, 14972, 14341, 16454, 32453, 11459, 24643, 12346, 11249, 16646, 13053, 13131, 12187, 10546, 11990, 13461, 13366, 7468, 11360, 10394, 14017, 8640, 10261, 10634, 14285, 11484, 15119, 11868, 7510, 13428, 8928, 12340, 12652, 9427, 43013, 19204, 13441, 15425, 14790, 10683, 18233, 13251, 17867, 30324, 20000, 19921, 18935, 20424, 16130, 19911, 17308, 21249, 17746, 14997, 17942, 13441, 17337, 11604, 13368, 13616, 16872, 24207, 17461, 19977, 35468, 21632, 23425, 29081, 24094, 24375, 19332, 24737, 24820, 27419, 19215, 15643, 22046, 26946, 26390, 27105, 24486, 19288, 25912, 21481, 25450, 22022, 16633, 31377, 16929, 15583, 17114, 17023, 27296, 15217, 18996, 12735, 20005, 20120, 14283, 15978, 16907, 23274, 11629, 8259, 14918, 17956, 24124, 11887, 10410, 13699, 10208, 13100, 14637, 11136, 10963, 28631, 9089, 17623, 12688, 11143, 12316, 13190, 7625, 10399, 12857, 6235, 11514, 9723, 9566, 9106, 13970, 11158, 8285, 13679, 11627, 15788, 24082, 20086, 19092, 17781, 14230, 18319, 12602, 16717, 22705, 17437, 17588, 13677, 18436, 14910, 14450, 16863, 22098, 24356, 3049], "totalLength": 3066986.2867890866, "solsticeLength": 32666.538327687784, "sun_azimuth": 57.95528208877124, "ratio": 106}