{"hist": [148029, 93308, 74337, 62342, 53842, 45896, 50523, 51815, 49825, 54969, 64260, 62101, 52694, 46524, 45253, 73415, 66464, 49323, 44592, 58020, 42204, 49185, 57798, 43759, 45264, 52411, 86549, 60440, 72850, 65072, 83187, 78504, 87322, 96392, 75591, 75234, 70539, 57202, 54577, 53514, 60412, 75274, 70874, 67344, 85944, 102608, 75409, 99079, 118215, 84368, 88342, 67146, 53731, 67047, 69283, 60151, 61220, 69286, 67069, 97163, 74446, 83059, 96239, 83762, 74223, 58018, 56274, 64924, 55254, 64160, 64511, 68544, 51117, 46501, 50799, 89781, 52931, 47652, 55628, 67952, 255515, 104550, 50006, 54619, 56368, 150176, 169995, 84783, 107166, 199136, 214804, 94887, 76827, 65982, 49759, 48660, 49697, 52692, 56296, 53506, 57333, 69851, 54865, 51057, 52408, 80019, 69427, 50531, 54762, 60617, 50968, 54699, 53953, 47165, 48661, 59038, 83271, 70723, 83456, 61801, 69790, 91635, 97910, 95081, 94715, 127571, 85511, 79145, 63104, 65260, 73062, 105417, 83099, 74290, 81914, 120734, 96088, 132196, 149670, 120204, 78185, 82524, 64189, 84553, 87281, 77081, 65853, 72150, 76246, 98045, 85024, 90648, 104400, 97199, 91137, 78423, 63446, 68720, 61888, 82183, 61946, 78357, 55090, 50878, 52211, 117069, 64890, 57212, 47195, 60680, 165880, 104585, 55099, 63864, 90549, 199009, 277010, 93052, 101504, 203002, 43985], "totalLength": 14169622.880342895, "solsticeLength": 242080.3703708095, "sun_azimuth": 58.93570793280239, "ratio": 170}