{"hist": [107140, 82558, 71725, 49754, 61054, 32021, 36634, 30066, 29994, 26466, 29055, 26480, 27826, 27076, 22462, 21203, 18594, 20680, 25657, 26359, 20263, 20572, 25001, 20809, 18134, 22288, 16773, 20379, 18218, 18647, 16500, 16513, 17181, 19721, 19226, 19447, 15597, 15989, 15739, 18830, 17604, 16889, 17342, 18324, 16719, 19772, 16804, 18903, 25627, 19438, 23341, 19653, 22694, 44543, 46945, 31926, 24848, 26130, 27705, 29969, 35758, 50640, 38372, 43866, 37356, 28787, 29898, 32196, 33127, 38781, 48394, 38768, 38449, 43073, 52960, 49039, 38310, 56034, 42331, 36638, 32852, 41999, 43675, 38142, 53127, 65381, 93820, 79743, 102367, 131696, 151452, 80024, 71497, 63186, 56219, 38493, 37100, 35105, 35520, 34851, 28268, 25618, 24337, 22744, 26067, 22518, 22452, 21434, 24022, 23274, 20570, 25491, 23514, 19461, 16147, 18515, 18062, 14579, 18760, 16817, 17919, 16134, 17852, 13482, 14614, 15613, 18599, 16972, 17815, 17284, 18562, 15833, 17043, 19352, 17891, 20992, 19223, 21129, 23662, 17982, 25900, 18690, 19566, 24844, 45487, 30030, 26664, 25376, 26931, 32858, 39333, 49152, 54956, 43735, 41257, 27995, 27470, 29330, 36021, 39400, 37216, 32140, 30812, 34745, 41475, 50562, 40422, 52278, 40120, 32673, 33225, 37369, 40790, 43113, 44149, 63222, 85776, 71718, 92317, 127929, 23852], "totalLength": 6244427.292670785, "solsticeLength": 110561.1189178572, "sun_azimuth": 64.86871760438811, "ratio": 177}