{"hist": [240247, 287832, 285869, 265951, 241865, 250010, 251722, 234997, 245706, 252821, 231137, 233035, 217174, 239778, 227874, 228997, 218819, 227846, 200391, 220607, 227657, 206808, 226805, 227323, 221842, 232960, 205099, 217695, 195285, 207682, 204626, 204629, 234794, 224002, 229986, 233711, 265967, 272200, 283089, 245753, 258605, 219450, 225189, 257302, 246558, 222254, 205586, 195875, 201790, 212869, 208604, 215404, 234695, 228373, 221365, 229606, 246040, 237876, 239809, 297047, 292906, 248225, 237694, 235683, 224925, 202618, 224014, 227706, 238094, 221361, 236607, 237103, 206951, 224959, 211884, 237672, 232994, 248975, 249302, 217506, 210567, 212099, 215072, 234232, 256529, 301249, 230922, 230885, 252997, 246912, 307354, 253934, 226573, 218290, 207783, 224641, 223837, 211344, 219502, 237810, 225241, 202148, 205822, 204739, 206782, 194504, 177080, 194812, 202665, 237387, 213151, 213150, 199264, 205592, 185548, 213083, 210633, 206728, 196742, 196838, 201679, 195864, 197395, 215733, 217408, 227536, 263269, 419891, 570838, 340040, 246422, 253432, 214766, 241670, 259833, 251294, 220459, 200513, 203615, 197826, 197487, 223055, 237884, 221223, 212639, 216682, 229456, 226014, 211145, 226824, 222916, 239787, 244566, 236966, 236513, 212607, 234401, 222851, 220938, 240035, 221252, 238418, 210732, 224240, 207250, 232234, 253058, 263634, 260202, 233676, 248112, 242642, 246415, 253871, 300493, 304725, 255015, 235938, 251825, 253986, 81179], "totalLength": 42118974.74675287, "solsticeLength": 659731.9464633081, "sun_azimuth": 64.66610004265968, "ratio": 156}