{"hist": [135413, 134947, 164422, 166645, 134119, 95891, 86493, 87760, 83597, 92103, 84996, 78273, 72570, 71309, 73433, 73145, 81625, 83778, 81944, 86928, 80617, 70891, 76618, 77412, 75504, 84913, 86851, 77833, 74374, 77949, 77052, 71030, 79174, 86278, 83303, 76195, 77886, 112786, 72167, 65189, 70949, 80132, 74106, 75385, 71479, 67385, 67884, 69243, 62049, 64526, 63437, 82212, 68099, 75457, 98358, 63397, 79295, 75964, 61357, 62055, 65003, 62986, 72908, 87269, 83084, 78316, 87145, 91184, 117240, 120830, 114329, 76180, 72984, 73049, 81509, 75009, 76130, 89326, 69274, 65217, 73912, 81705, 65092, 72687, 81757, 83058, 92424, 103314, 103945, 179033, 185563, 121473, 145470, 157181, 118045, 87230, 76418, 76701, 76197, 105215, 95742, 86020, 68202, 63193, 66039, 64452, 71399, 71550, 76608, 101759, 80761, 67861, 74600, 73379, 67798, 70392, 85033, 78188, 83191, 83957, 80686, 69223, 80136, 79473, 82230, 80467, 94314, 128711, 71332, 78181, 69011, 67611, 67992, 72298, 76603, 74683, 68506, 66385, 68519, 63729, 76100, 72438, 71706, 65671, 94059, 80655, 79344, 67399, 66140, 86049, 67154, 75305, 72757, 91552, 92210, 81384, 94874, 93358, 96147, 133281, 106763, 75856, 68019, 76997, 67414, 73996, 76580, 78673, 74462, 76312, 72172, 72485, 75933, 85239, 81452, 84177, 93287, 99585, 102204, 151447, 46737], "totalLength": 15199244.363912586, "solsticeLength": 192471.77091513842, "sun_azimuth": 59.14676760834495, "ratio": 126}