{"hist": [3137634, 969287, 535100, 418250, 337146, 308614, 316432, 314022, 305354, 301678, 320522, 301723, 296345, 278244, 358888, 360007, 335502, 285338, 382241, 301773, 273699, 256397, 263096, 252017, 259395, 264709, 312334, 257227, 285263, 300564, 302890, 301361, 363559, 381074, 315770, 327434, 311068, 291779, 320256, 268086, 301393, 324665, 295122, 303680, 362040, 380069, 323527, 365591, 384554, 377191, 364439, 332496, 307228, 331292, 317609, 307384, 290571, 314990, 330341, 454758, 365038, 355134, 366593, 374436, 388145, 377590, 378229, 353475, 323594, 352627, 360712, 444903, 464679, 337450, 320631, 367130, 321823, 404660, 346409, 336586, 517657, 373993, 331937, 334951, 359324, 480469, 537398, 540600, 1091752, 3354400, 4108854, 1159644, 575433, 433680, 347186, 315840, 321638, 321063, 311765, 300493, 321620, 312303, 305816, 306305, 374304, 375352, 362524, 314105, 447009, 355582, 294643, 278893, 290769, 291873, 289680, 290668, 354941, 306303, 325405, 330754, 334638, 348777, 392702, 403329, 373500, 415572, 402556, 361496, 382771, 338351, 346323, 365269, 334430, 368589, 353759, 419744, 372438, 408793, 444977, 427814, 393231, 423172, 385180, 391695, 390156, 369780, 353474, 351359, 366870, 499260, 454592, 392371, 398783, 405124, 403421, 405688, 448079, 404220, 363126, 374453, 365640, 431500, 478117, 356685, 325190, 396564, 358155, 421246, 351356, 346055, 434836, 374828, 341294, 352367, 405162, 523856, 657384, 645697, 1254120, 3434223, 556353], "totalLength": 81208363.79083665, "solsticeLength": 1164521.2269488936, "sun_azimuth": 59.025852769468216, "ratio": 143}