{"hist": [14317, 12031, 10764, 9019, 10816, 15619, 12560, 16206, 23894, 15953, 12969, 6657, 10128, 7187, 8464, 11410, 7290, 5049, 3995, 4942, 7166, 5845, 11911, 9911, 5684, 8512, 3737, 4487, 4571, 4668, 4633, 4692, 5643, 3531, 3510, 3683, 4325, 3923, 3961, 4304, 3543, 3661, 1862, 2709, 4981, 3745, 2049, 1565, 4521, 1255, 2138, 1875, 2775, 1005, 1085, 1917, 1640, 2239, 1898, 3128, 4994, 1331, 2143, 1476, 2756, 1939, 1906, 624, 1607, 2892, 1991, 1432, 2075, 1370, 2093, 1384, 2647, 3700, 1376, 1642, 1755, 3378, 3277, 2537, 3518, 4641, 6310, 6182, 18388, 16509, 21505, 9024, 7377, 7574, 5812, 4840, 5123, 8809, 8840, 15763, 15309, 7040, 5121, 3838, 2793, 2896, 4435, 4919, 3590, 3044, 6674, 6633, 4597, 5689, 4341, 3748, 3207, 3331, 1572, 1975, 4839, 3092, 10520, 5462, 2859, 2899, 3173, 5673, 1448, 1510, 3415, 3045, 1831, 1504, 4742, 1260, 888, 2029, 2970, 1803, 1014, 1494, 2694, 1131, 5058, 1840, 675, 2457, 1573, 7122, 2029, 3304, 3915, 1586, 3843, 1463, 1656, 1133, 2129, 2124, 4077, 2015, 2044, 1736, 1657, 3764, 2432, 2804, 2287, 3668, 7215, 3807, 4924, 4471, 6833, 4824, 10908, 9972, 21509, 19972, 1576], "totalLength": 910628.6713454929, "solsticeLength": 6698.05867971147, "sun_azimuth": 65.62917720619899, "ratio": 73}