{"hist": [14884, 16495, 16874, 15717, 15492, 16907, 15242, 16524, 14971, 16194, 16753, 17795, 19713, 17227, 18338, 16640, 16375, 18247, 17157, 16598, 18088, 17788, 17945, 16737, 20138, 18537, 18039, 20856, 17346, 19505, 19090, 19436, 19514, 21057, 16181, 17701, 18184, 14852, 16696, 14087, 15070, 14417, 15252, 14297, 15064, 17178, 15578, 13838, 14512, 14429, 13135, 12303, 14300, 12492, 15385, 12541, 13368, 14035, 12199, 13515, 12830, 13820, 13722, 13350, 16711, 13995, 12313, 12325, 13543, 12735, 12014, 12320, 12765, 11918, 11767, 16090, 12824, 15512, 12362, 11027, 9004, 10684, 10600, 10910, 12734, 11071, 11502, 12429, 11972, 12244, 20234, 14552, 16374, 13465, 14438, 13375, 13467, 13552, 13611, 14625, 17790, 19093, 16640, 15608, 16173, 17164, 16917, 18403, 19123, 14471, 14848, 15630, 17405, 18608, 18511, 19380, 15437, 18582, 18267, 19026, 19562, 19970, 20571, 21125, 16517, 16814, 17979, 16608, 14538, 16775, 16959, 17963, 16582, 15029, 18152, 17744, 18087, 18003, 15802, 13428, 12921, 14932, 14605, 15675, 14112, 13676, 13852, 13677, 13923, 16594, 15116, 15821, 16568, 13366, 15235, 14514, 14427, 14291, 13753, 14850, 13263, 14383, 14159, 16791, 17783, 17334, 14822, 15259, 15641, 12432, 12208, 12692, 13433, 14285, 13696, 13126, 14782, 16000, 15526, 13630, 7465], "totalLength": 2789607.073536275, "solsticeLength": 41453.002349748625, "sun_azimuth": 55.7332610423206, "ratio": 148}