{"hist": [30820, 43363, 38129, 43080, 41371, 38021, 39228, 42639, 41338, 43687, 41866, 54802, 56950, 47926, 45684, 40986, 42183, 40441, 38094, 39826, 38184, 33963, 38692, 37423, 41048, 35128, 37491, 39509, 43672, 42158, 39769, 36645, 34749, 33408, 38010, 43342, 47140, 44598, 38631, 37204, 37275, 36717, 39108, 38239, 37920, 37016, 42882, 34745, 34117, 35870, 32214, 33706, 41720, 35641, 35437, 32036, 29784, 34024, 30225, 35078, 35006, 32183, 32298, 33182, 31271, 30418, 32783, 28503, 33326, 29987, 32571, 31076, 34709, 33994, 34278, 38648, 41647, 32776, 32743, 36378, 39452, 36858, 34117, 33220, 34720, 37746, 32580, 34606, 34463, 35387, 55041, 44741, 48926, 51614, 57875, 53157, 51569, 43664, 45262, 47485, 49290, 48984, 48734, 53375, 51916, 49726, 50923, 50801, 44569, 40667, 42495, 38053, 48853, 39259, 41094, 47688, 41561, 44831, 46666, 45267, 47098, 41504, 43434, 38695, 46950, 54146, 54130, 56581, 49195, 43940, 41294, 37152, 38548, 48682, 46612, 37915, 33425, 39967, 37424, 34120, 44123, 36375, 36813, 40327, 31778, 34869, 33049, 28027, 27844, 30746, 30557, 28889, 28498, 29216, 26078, 27313, 27437, 31543, 25999, 28434, 31328, 26443, 29372, 30396, 31609, 36009, 32692, 35863, 32597, 35043, 34072, 33562, 51441, 34622, 27416, 30662, 34348, 38181, 36707, 36518, 13909], "totalLength": 6981577.924866558, "solsticeLength": 97153.0312213266, "sun_azimuth": 56.136692995836576, "ratio": 139}