{"hist": [188207, 195262, 139940, 127599, 126610, 109550, 105252, 108957, 120844, 96237, 97373, 119906, 111134, 98789, 161175, 143131, 136744, 123567, 127188, 120863, 145564, 179368, 175780, 152330, 128628, 128596, 174106, 165543, 121918, 96182, 102698, 111527, 118757, 95971, 116475, 118373, 97499, 82642, 90560, 81311, 90967, 93581, 78259, 99148, 84541, 103574, 114616, 102603, 103203, 112895, 110375, 109323, 91363, 96941, 92531, 94638, 106419, 113464, 112751, 125056, 123824, 104614, 160388, 141173, 144297, 133996, 103985, 96025, 103862, 100900, 107420, 98838, 92235, 91566, 94794, 121568, 126230, 123789, 143662, 116591, 106381, 116490, 127988, 112791, 135127, 142991, 188112, 181550, 256318, 177037, 252610, 214657, 162589, 127562, 131208, 128263, 102684, 116194, 119398, 108707, 107878, 123690, 128206, 114665, 173907, 140858, 180484, 128685, 132001, 116515, 117284, 202881, 215300, 151912, 145988, 125853, 151863, 121734, 105138, 102888, 116197, 107803, 102310, 114085, 104656, 128737, 106528, 94075, 88857, 71766, 81899, 90068, 82870, 87578, 87418, 99334, 140879, 168903, 118551, 111820, 106258, 104745, 100096, 102574, 100104, 114380, 115831, 113218, 123183, 153141, 120003, 118019, 150780, 144019, 155119, 117955, 100171, 102096, 107661, 112495, 96419, 84154, 98065, 106482, 105985, 125533, 119849, 137510, 130712, 116689, 117316, 116945, 114879, 132118, 117769, 141219, 157359, 187026, 273704, 193120, 21686], "totalLength": 22365363.474433646, "solsticeLength": 333859.8326343856, "sun_azimuth": 35.7910142886618, "ratio": 149}