{"hist": [37303, 37449, 28061, 26963, 26514, 26613, 25793, 26417, 28332, 25091, 23887, 25094, 27578, 26146, 23324, 26872, 31524, 33686, 29283, 26494, 26766, 28653, 29331, 29726, 31397, 32277, 36588, 34378, 32797, 36896, 40649, 32083, 42173, 42987, 40101, 37839, 45742, 41604, 42347, 44624, 53282, 55957, 56762, 57431, 72293, 78257, 74956, 68724, 72100, 66595, 81053, 87777, 91017, 87321, 83933, 84400, 89666, 88020, 77687, 82023, 74270, 70520, 71365, 66374, 64524, 72026, 66967, 65155, 60583, 54400, 56650, 55225, 52881, 55567, 54341, 48503, 42434, 42036, 41267, 39771, 38589, 38459, 36776, 36179, 36696, 40239, 39107, 45156, 48177, 42735, 60810, 39958, 33453, 31438, 30975, 29741, 31315, 36260, 32064, 34834, 26154, 26288, 26943, 28358, 25324, 29820, 27823, 29468, 30923, 26478, 25421, 26387, 29295, 28320, 32918, 30074, 32097, 37203, 31307, 31882, 32249, 35864, 34865, 33805, 31821, 33024, 32819, 39795, 35682, 34288, 44890, 47579, 56111, 47394, 55180, 63744, 55343, 54231, 46470, 51335, 52304, 59866, 66953, 62467, 64069, 57184, 60933, 58909, 52531, 51666, 47116, 49075, 48663, 52767, 48958, 42834, 44100, 42259, 37656, 35184, 36511, 33289, 35903, 35475, 40135, 34941, 32025, 29436, 32634, 27115, 28175, 29627, 31469, 30980, 31193, 31250, 37709, 41797, 47585, 42650, 25880], "totalLength": 7918790.364316566, "solsticeLength": 257750.03525933693, "sun_azimuth": 57.40669495501416, "ratio": 325}