{"hist": [120669, 126053, 120679, 126097, 121614, 116936, 129390, 116012, 115295, 119376, 114265, 113369, 112957, 103639, 111120, 114855, 109257, 106040, 109534, 110078, 112313, 110263, 113302, 110923, 111788, 114932, 106877, 108473, 102078, 107868, 100298, 107117, 105930, 114033, 103759, 100651, 107545, 101251, 97923, 102797, 104337, 111470, 107220, 110411, 109392, 104574, 107076, 121545, 113723, 112149, 115770, 105740, 109303, 104705, 107650, 106158, 107035, 107640, 106020, 109931, 107535, 111587, 116232, 122481, 127644, 123695, 113386, 119464, 113725, 112082, 114178, 109553, 119419, 120703, 123016, 131115, 125436, 114433, 121925, 118030, 113536, 110294, 119917, 114101, 119568, 114116, 118078, 126012, 125598, 121994, 187206, 132015, 124597, 124220, 124182, 115538, 118199, 121372, 113004, 113779, 113186, 112342, 109169, 107068, 118051, 117176, 117502, 119968, 116416, 120435, 119746, 122465, 120742, 122187, 118008, 119368, 115648, 116429, 119828, 116457, 118993, 110505, 125444, 113261, 119545, 114377, 122914, 117711, 117546, 122289, 114733, 121999, 121467, 121552, 121946, 124695, 132233, 134373, 131760, 126206, 127399, 125212, 122836, 126128, 126943, 131613, 134191, 130521, 128988, 134649, 136700, 129057, 138353, 145968, 139471, 132974, 136381, 138224, 137899, 124708, 127196, 132356, 130205, 139535, 131485, 141389, 131358, 133575, 126423, 127242, 122223, 124886, 120705, 131537, 129794, 122064, 118592, 121623, 129210, 116880, 62719], "totalLength": 21507218.112385828, "solsticeLength": 309975.4135770524, "sun_azimuth": 36.3388466865156, "ratio": 144}