{"hist": [68486, 75057, 78712, 85848, 88233, 107607, 124033, 222318, 573492, 855068, 426309, 183109, 125843, 122118, 104869, 114878, 100325, 90224, 89080, 83528, 85640, 75508, 68827, 67952, 76573, 67983, 76800, 78888, 74059, 79294, 76900, 76803, 78041, 92973, 95296, 79944, 74513, 82086, 77341, 88330, 87057, 84780, 93315, 90338, 75637, 70265, 64711, 60512, 69431, 82304, 72040, 74569, 67851, 86226, 105384, 90369, 74527, 82063, 73455, 68456, 70709, 65875, 66391, 84518, 79489, 69787, 59400, 69670, 75369, 104537, 88587, 65803, 72084, 79570, 88884, 88720, 75277, 73844, 82029, 105514, 75149, 61881, 68656, 67122, 70856, 61667, 61858, 78732, 82328, 77439, 99845, 73278, 81400, 82065, 86193, 86504, 106817, 182698, 517070, 1000193, 525434, 209641, 140821, 133473, 116674, 138719, 97348, 81341, 69227, 69552, 66687, 70219, 67215, 61554, 66711, 62911, 69811, 70762, 62992, 64549, 57788, 62618, 74358, 86193, 87237, 75038, 69309, 65928, 72621, 75836, 84976, 88399, 83631, 75890, 73684, 64081, 55268, 55333, 53741, 64006, 69093, 71986, 74853, 89357, 140108, 104566, 80204, 77578, 77437, 65453, 57286, 61285, 59631, 91990, 103042, 80130, 68230, 68261, 78351, 95188, 101397, 68571, 66176, 74297, 78825, 85497, 71445, 81790, 88048, 99891, 85089, 72135, 67168, 70687, 78239, 66173, 71256, 74989, 84988, 72654, 28642], "totalLength": 18327643.0851202, "solsticeLength": 208211.17393512596, "sun_azimuth": 62.0293874758463, "ratio": 113}