{"hist": [3487721, 669379, 221426, 135357, 98838, 98187, 77397, 76275, 78282, 77729, 74900, 63535, 63479, 62229, 62774, 64865, 60100, 66532, 65145, 62759, 63076, 60030, 55971, 65854, 59219, 60124, 60876, 67632, 70685, 62262, 65784, 58071, 51985, 55887, 59175, 66800, 62631, 56008, 61785, 60662, 60410, 73554, 63001, 67734, 80381, 69034, 63818, 54168, 58818, 68443, 57846, 58871, 62956, 67109, 63456, 61766, 61214, 53267, 62212, 79205, 60829, 53510, 56800, 64060, 66620, 57565, 53033, 59723, 60330, 67353, 55130, 64664, 82806, 69131, 71030, 66784, 67084, 76731, 79273, 71939, 65125, 70661, 93369, 72766, 80384, 103139, 124564, 201263, 570751, 3629031, 4559296, 763706, 243994, 129559, 106982, 93174, 79959, 71987, 74775, 65406, 61442, 62296, 61291, 62787, 60863, 57179, 50595, 66762, 56019, 73494, 68535, 59451, 56258, 54831, 57829, 58922, 54528, 63787, 56201, 54683, 58735, 56240, 58917, 57770, 53434, 63346, 66125, 53709, 57009, 64835, 65386, 61382, 64780, 61488, 72392, 79314, 66175, 63186, 54389, 59508, 52432, 47222, 53969, 53149, 49703, 61109, 52830, 63367, 64586, 64422, 59488, 58693, 57468, 60217, 74833, 62948, 55668, 56006, 64718, 58769, 56345, 55983, 71006, 62767, 58448, 57074, 62138, 63782, 62890, 70278, 74055, 79466, 75302, 73298, 87238, 99624, 124528, 221088, 713847, 3562354, 261396], "totalLength": 30283446.02436394, "solsticeLength": 178993.38260145433, "sun_azimuth": 62.86103813937622, "ratio": 59}