{"hist": [22090, 27462, 26933, 25286, 25290, 23837, 23471, 20005, 20637, 19188, 20098, 24531, 27124, 23252, 27357, 22793, 20932, 23293, 21931, 22388, 24529, 19083, 20970, 18897, 21144, 19972, 19533, 20101, 17966, 21508, 19502, 21855, 24751, 22337, 21598, 21088, 19748, 21032, 22119, 22052, 20103, 22495, 21682, 21083, 22369, 21875, 21196, 21304, 23164, 19781, 20559, 20755, 21013, 22714, 21234, 24476, 25166, 22976, 22266, 23706, 21519, 23229, 26370, 33275, 40631, 32544, 27676, 25388, 26319, 26053, 28438, 26715, 25303, 30116, 30905, 27705, 28509, 29182, 28397, 27633, 30617, 32211, 25174, 26842, 28573, 28217, 30459, 33780, 38761, 34023, 43860, 37829, 36167, 34696, 33497, 29088, 33558, 32014, 27655, 31668, 30480, 30576, 30372, 28255, 31795, 30369, 29514, 28448, 29706, 26032, 30440, 30054, 32428, 29128, 28184, 26421, 24501, 23857, 24203, 26146, 30722, 28303, 24736, 27995, 25037, 28267, 24614, 27745, 25270, 25690, 24438, 22490, 24244, 24955, 24095, 27385, 24911, 22123, 25729, 21475, 24902, 23669, 21488, 20751, 22499, 25337, 21821, 24965, 18844, 25247, 20269, 21999, 22766, 28994, 29450, 28182, 23011, 26040, 21508, 21754, 18770, 22353, 25551, 25789, 25447, 21714, 21678, 23747, 20615, 23490, 26367, 30750, 25625, 24376, 21774, 23143, 24457, 30950, 31963, 25769, 9533], "totalLength": 4600777.005061441, "solsticeLength": 61163.77674213939, "sun_azimuth": 30.499748700922964, "ratio": 132}