{"hist": [80448, 99734, 89002, 97987, 75386, 63189, 64716, 72265, 104274, 117958, 84820, 88822, 110998, 103463, 68514, 59797, 58380, 58928, 55094, 62085, 60933, 54193, 43103, 71675, 44835, 44517, 38417, 38973, 25885, 33032, 39026, 24115, 19671, 25980, 32538, 42127, 30797, 29750, 41056, 36066, 28201, 24954, 24769, 25307, 25496, 24915, 28026, 31940, 35274, 29356, 38889, 33157, 36817, 43642, 36497, 28757, 26092, 30235, 36794, 29269, 33152, 25618, 30264, 27074, 21848, 25563, 27760, 25446, 38322, 86656, 55252, 41899, 38973, 42784, 68626, 41767, 34723, 75516, 59426, 47312, 80295, 50980, 47702, 88269, 148045, 100183, 82808, 100669, 144496, 129926, 132933, 122642, 131021, 147571, 115615, 85634, 115118, 110561, 161215, 271071, 178747, 145354, 164012, 158483, 95104, 98823, 85820, 87041, 110756, 102091, 84623, 67391, 64775, 84266, 70855, 68596, 60492, 41386, 34907, 33007, 32918, 47751, 31975, 28756, 29317, 42670, 27967, 31918, 30077, 32918, 31363, 28424, 26678, 28659, 31518, 29357, 33723, 27693, 25776, 28138, 33413, 28307, 38394, 78068, 35865, 32991, 23571, 36716, 34946, 33327, 33188, 23618, 33019, 42207, 21746, 28392, 25185, 29103, 28259, 45757, 32610, 35824, 35011, 35223, 43872, 28053, 38302, 67592, 46817, 34897, 37931, 44106, 42080, 74950, 90832, 91695, 67531, 58466, 76533, 72850, 11031], "totalLength": 10442162.604460618, "solsticeLength": 93730.8507159848, "sun_azimuth": 59.996429480716195, "ratio": 89}