{"hist": [144666, 22478, 8560, 5387, 5352, 4005, 3956, 2510, 2131, 2041, 2877, 1220, 2506, 2127, 2835, 2319, 3336, 2719, 2554, 957, 1301, 5123, 1741, 2202, 1651, 2178, 2187, 1865, 1924, 3107, 8540, 5329, 3507, 1993, 1662, 1410, 1343, 1951, 1152, 1638, 1130, 924, 1586, 1523, 1497, 1697, 1341, 1841, 1807, 1386, 873, 1264, 907, 1524, 1864, 1268, 1663, 1923, 1618, 1524, 1456, 1940, 2870, 2676, 6634, 2627, 2539, 2129, 2644, 3968, 2715, 1701, 2098, 3820, 2884, 1928, 1507, 3642, 3959, 2157, 2335, 1653, 2696, 3152, 3040, 3563, 6035, 11191, 30721, 197022, 186771, 34399, 11177, 4893, 3395, 3303, 3427, 2836, 1183, 2488, 1379, 1913, 3105, 1661, 2247, 1893, 1517, 1538, 1619, 1137, 780, 974, 941, 2276, 785, 1429, 1879, 1548, 1774, 2021, 1688, 1210, 1919, 1470, 642, 1961, 3341, 1958, 1800, 2085, 1368, 1373, 742, 1748, 5328, 3711, 2038, 1493, 2108, 1022, 2642, 2993, 1760, 2285, 1244, 1720, 2290, 2129, 1680, 1532, 1804, 997, 2468, 1386, 954, 1795, 2252, 1636, 1362, 1631, 1917, 1831, 1873, 3628, 2894, 1455, 2094, 1986, 2121, 2401, 2277, 3004, 2443, 3269, 3012, 4503, 5290, 14433, 42994, 223013, 33824], "totalLength": 1345008.6557878572, "solsticeLength": 5546.3621603552365, "sun_azimuth": 58.13415791294471, "ratio": 41}