{"hist": [1802661, 1821155, 1638545, 1625426, 1500868, 1449585, 1412517, 1383516, 1365237, 1324441, 1301003, 1293379, 1242308, 1205827, 1234782, 1213312, 1213146, 1185253, 1216034, 1229066, 1177399, 1189347, 1189541, 1169182, 1178953, 1125739, 1227095, 1178383, 1090244, 1053245, 1062792, 1051594, 1038556, 1023460, 1042612, 998592, 1009985, 996839, 1007840, 992799, 1007838, 992649, 979548, 972276, 1133199, 1041220, 1012701, 973916, 968795, 941176, 1019053, 979913, 920363, 929653, 951595, 959096, 1021348, 1008969, 997827, 1025439, 1020107, 1032668, 1012447, 1028484, 981650, 983347, 1001855, 1036786, 1049494, 1065494, 1048790, 1055339, 1030711, 1028874, 1048586, 1069107, 1057679, 1083188, 1095913, 1135463, 1141329, 1191301, 1255087, 1372418, 1373824, 1404774, 1469507, 1645599, 1799893, 1779696, 2805034, 1801874, 1605331, 1547401, 1442056, 1381343, 1334776, 1324064, 1320549, 1278108, 1248030, 1256600, 1221932, 1201966, 1196773, 1187126, 1181154, 1117555, 1161308, 1163919, 1169940, 1160634, 1173889, 1131120, 1129465, 1134109, 1207519, 1193729, 1128511, 1114848, 1109496, 1080152, 1048791, 1022270, 1096149, 1059231, 1050457, 1013573, 1051717, 1047465, 1015040, 985333, 1035275, 1016848, 1047013, 1124715, 1028949, 1009068, 1030743, 979286, 1046045, 1033897, 986791, 973849, 992319, 1023852, 1049597, 1080715, 1055345, 1109882, 1067384, 1043891, 1066686, 1044924, 1061008, 1053305, 1074930, 1112519, 1095408, 1107008, 1133379, 1152683, 1118647, 1118269, 1130787, 1165325, 1145991, 1142081, 1187574, 1215881, 1219774, 1268164, 1320982, 1419208, 1450978, 1494851, 1540014, 1709001, 1870294, 1876741, 1029880], "totalLength": 213560425.0845365, "solsticeLength": 3041939.60774523, "sun_azimuth": 59.895445133837555, "ratio": 142}