{"hist": [118352, 95633, 61541, 62153, 60557, 63399, 58603, 60359, 64337, 57471, 61736, 55466, 62587, 62632, 72118, 100655, 211169, 320167, 166034, 93446, 67897, 66729, 62971, 68291, 67012, 61124, 69020, 80825, 66430, 71769, 83013, 75074, 82050, 92712, 112270, 131530, 204472, 437347, 893831, 612150, 289563, 182364, 171904, 205588, 260350, 267660, 165051, 114938, 99199, 85180, 79512, 83311, 84815, 78520, 79267, 79639, 75770, 81185, 76130, 81813, 79318, 80927, 86731, 83680, 104774, 86039, 100316, 105182, 111308, 159382, 281209, 858388, 2078490, 1845371, 745513, 316972, 242874, 235557, 155003, 163453, 146190, 113097, 92256, 86421, 76872, 77531, 79679, 97865, 115435, 99502, 143125, 95339, 64687, 66698, 65641, 63855, 65469, 65762, 61748, 71337, 67938, 61634, 69138, 69987, 68988, 76796, 111129, 200753, 207357, 152754, 100982, 82391, 75866, 66521, 73141, 71376, 64813, 80974, 67011, 76612, 77173, 73248, 75476, 81375, 98745, 93978, 109506, 142374, 209999, 192616, 159482, 149649, 191346, 383570, 719788, 1371725, 526278, 162079, 113521, 90599, 86206, 87727, 78833, 73957, 81326, 78883, 73259, 79191, 73017, 80484, 74162, 70627, 79557, 75789, 89726, 77905, 91435, 115807, 108915, 133454, 232177, 614654, 1447135, 1232300, 577116, 270165, 233316, 277967, 304167, 766623, 748312, 256894, 138331, 98059, 84619, 76265, 82135, 110718, 118467, 99057, 51172], "totalLength": 34024378.34937202, "solsticeLength": 235136.52027528328, "sun_azimuth": 55.91657990454916, "ratio": 69}