{"hist": [52738, 52476, 58262, 55923, 51160, 55368, 53863, 53076, 48942, 55164, 57686, 59046, 63575, 59955, 63693, 66663, 62137, 69161, 68550, 70838, 73662, 73937, 74325, 75509, 83903, 85164, 81383, 82371, 83175, 87975, 98847, 94193, 79925, 86460, 85858, 87957, 80083, 84204, 76000, 69401, 70307, 72793, 66991, 72275, 67726, 64318, 79780, 66613, 65531, 66498, 63500, 73767, 69976, 69680, 73699, 70397, 65174, 62493, 67929, 67622, 66891, 60824, 64216, 65748, 68852, 60538, 58207, 57392, 54507, 50189, 52823, 52975, 53248, 53379, 53275, 57420, 52972, 52617, 56041, 53184, 53072, 53525, 46299, 51687, 60691, 55147, 52687, 59691, 61275, 66900, 64553, 54999, 58160, 64646, 70760, 63381, 62510, 59541, 58309, 60143, 67921, 69135, 69895, 71083, 75245, 75294, 78163, 75256, 88834, 86677, 90425, 93151, 93490, 93726, 96096, 100404, 105376, 103619, 97599, 102798, 97765, 101527, 94694, 91678, 95865, 89432, 89047, 97317, 94085, 91065, 84226, 84503, 78205, 77171, 77146, 79472, 72683, 77767, 72371, 67105, 69906, 72524, 83341, 81414, 84668, 76644, 70804, 74184, 66659, 66449, 63793, 64849, 64334, 69077, 65692, 66646, 57868, 58960, 62240, 57267, 55595, 58167, 59910, 54680, 52657, 55308, 50420, 53135, 51625, 49217, 47086, 44820, 44237, 51536, 63811, 51372, 54292, 53746, 56959, 56501, 10796], "totalLength": 12423542.036522634, "solsticeLength": 204392.0836025962, "sun_azimuth": 55.587176956352366, "ratio": 164}