{"hist": [427892, 193881, 99018, 61846, 55529, 49980, 42442, 44063, 43104, 44189, 40070, 38104, 38516, 38373, 35615, 36701, 42457, 37994, 41158, 44474, 48335, 50185, 42317, 37939, 35962, 35451, 35860, 29869, 36539, 41633, 45116, 53045, 41804, 39318, 37899, 33539, 36755, 42619, 33165, 31015, 32754, 31822, 30454, 27282, 34023, 29213, 32973, 30663, 29183, 28451, 30872, 29757, 30256, 32710, 31187, 30116, 29353, 39129, 38563, 30291, 30981, 32857, 32506, 28600, 30884, 36446, 38320, 35725, 39190, 33589, 33834, 35146, 35194, 35832, 35876, 36585, 36159, 41338, 43404, 54007, 44282, 47215, 39119, 45172, 43871, 47658, 62070, 77481, 156089, 424136, 626959, 192798, 98839, 63251, 59022, 54892, 42898, 47309, 46495, 57867, 49258, 48940, 49192, 55101, 50432, 41915, 43919, 42029, 50257, 57841, 53228, 54288, 51744, 43845, 43205, 42392, 41271, 39243, 43881, 49242, 69859, 113994, 54221, 44734, 43594, 43499, 43525, 48638, 40294, 41247, 44306, 40779, 41651, 40090, 36245, 42798, 39583, 43191, 45265, 39038, 36604, 37923, 37040, 36302, 35652, 33513, 38766, 37579, 42177, 38177, 36804, 36599, 40738, 40006, 39537, 39216, 42959, 42863, 38016, 40662, 41685, 35037, 37719, 36982, 40341, 44663, 45505, 43525, 48561, 53313, 49110, 40869, 51275, 49429, 41571, 50404, 57879, 83726, 165145, 374680, 69414], "totalLength": 10016547.752400996, "solsticeLength": 91598.22882161467, "sun_azimuth": 51.67367322232641, "ratio": 91}