{"hist": [146789, 141056, 131573, 151898, 161690, 126235, 111485, 130140, 134929, 120294, 125931, 136488, 125171, 128355, 132473, 104574, 103902, 120596, 117914, 111010, 100905, 89320, 80135, 95853, 92690, 93925, 112027, 124461, 134572, 120229, 102640, 114995, 101458, 89446, 79068, 77072, 97675, 103599, 80697, 70654, 67676, 81271, 83594, 79118, 71818, 78002, 76316, 89276, 80942, 55957, 61726, 79500, 83662, 81581, 101506, 107114, 98242, 85989, 103513, 111216, 122737, 125389, 125433, 114707, 102673, 105922, 103921, 101221, 92980, 92509, 118931, 130185, 123516, 112494, 105474, 126232, 101878, 122616, 125900, 130430, 117778, 139461, 128656, 131956, 158374, 148656, 147095, 153349, 151996, 173764, 183237, 155607, 173718, 181367, 180645, 138857, 132436, 144112, 148929, 132332, 130274, 129502, 117298, 120217, 125044, 119110, 133631, 152237, 125822, 123411, 122903, 111390, 121904, 118382, 106319, 98953, 102353, 139864, 140822, 121714, 98836, 100191, 94483, 91171, 86271, 92276, 96386, 84475, 80075, 73744, 83180, 73322, 70842, 79342, 74579, 87228, 78641, 76934, 67121, 66060, 73631, 83372, 94668, 91875, 98164, 114699, 95874, 111421, 142562, 135268, 126548, 128828, 117337, 99221, 92954, 109476, 109191, 89214, 95945, 101756, 101770, 100740, 95946, 99262, 94929, 105596, 111134, 125178, 128052, 124744, 120858, 117805, 111468, 112243, 121979, 128623, 140527, 150716, 150386, 155285, 21074], "totalLength": 20156131.581103306, "solsticeLength": 238304.49568680522, "sun_azimuth": 47.99019318407355, "ratio": 118}