{"hist": [29727, 29109, 28558, 30369, 30469, 30656, 33892, 31002, 34235, 31663, 52463, 40640, 42850, 47386, 42835, 54235, 42477, 41435, 36686, 38291, 33931, 34070, 40272, 37699, 35846, 33600, 32391, 28406, 33904, 32780, 28129, 20865, 19419, 22699, 24802, 27418, 29458, 23956, 27212, 19920, 20848, 19981, 20971, 23092, 21597, 19667, 22481, 23087, 21793, 18993, 18634, 18742, 20537, 19578, 21064, 19460, 19452, 21707, 15207, 14716, 18785, 20523, 16798, 17938, 21565, 26321, 21402, 20570, 20610, 24860, 33559, 20969, 21630, 20300, 15707, 17657, 21480, 20216, 22833, 24432, 20547, 21924, 21266, 20883, 25809, 30161, 32871, 28772, 38121, 36164, 42330, 37275, 41558, 38164, 37304, 35559, 33079, 33238, 36055, 44646, 53333, 56849, 50016, 42866, 50764, 51904, 44479, 42572, 44242, 40560, 47866, 42912, 43410, 45596, 43577, 45861, 35610, 29125, 28933, 27515, 25604, 24032, 28232, 27860, 26692, 27828, 21784, 26563, 28897, 28267, 23519, 24236, 29386, 32932, 23193, 22560, 20341, 24402, 32309, 20170, 18495, 18709, 18830, 18664, 18616, 20057, 20378, 21471, 15598, 17899, 18413, 22810, 22027, 17401, 16248, 21734, 17904, 18079, 16536, 21054, 21766, 20199, 19576, 19732, 20199, 21143, 20942, 19609, 22065, 28701, 23712, 24232, 24901, 24966, 26353, 32210, 27911, 32595, 26818, 30200, 4059], "totalLength": 5080949.224845317, "solsticeLength": 58372.55845201388, "sun_azimuth": 49.27561088020786, "ratio": 114}