{"hist": [42429, 51729, 53336, 64002, 65054, 51079, 52073, 46650, 43326, 43822, 59111, 48452, 51476, 50717, 53265, 50604, 37414, 42129, 43834, 44363, 46505, 46064, 44645, 43419, 47966, 38952, 37477, 41407, 53343, 55474, 49186, 48543, 51408, 58627, 57816, 50694, 52594, 52127, 54933, 55553, 60029, 50862, 51216, 52641, 52651, 57204, 49602, 51371, 55207, 65278, 67052, 65448, 48940, 51437, 51481, 56344, 52056, 58200, 53996, 63216, 61389, 56455, 55049, 44520, 51872, 45601, 47509, 51362, 52853, 43276, 46004, 47707, 65181, 44732, 46847, 53558, 52506, 54763, 41334, 43058, 50064, 48675, 47244, 41293, 44617, 44537, 51069, 45973, 55009, 58154, 65484, 55713, 61622, 64300, 84847, 55207, 49379, 46221, 51313, 48070, 51414, 47546, 43675, 46482, 51102, 47184, 36081, 43173, 54841, 50973, 50556, 47023, 51315, 43573, 41290, 42105, 38178, 45478, 45407, 57446, 41839, 41301, 44740, 53139, 42535, 61857, 49132, 48724, 53906, 47577, 57900, 56192, 51609, 52635, 53648, 49429, 48155, 48149, 43709, 57417, 51264, 61506, 58134, 39459, 42926, 57300, 51111, 59286, 47369, 52265, 45140, 54349, 38712, 41082, 43940, 41337, 38797, 46184, 44499, 39216, 39628, 41028, 40317, 47703, 44180, 45263, 49458, 53429, 51312, 44005, 39582, 40547, 37830, 40011, 43725, 53110, 50851, 43557, 50120, 48670, 10745], "totalLength": 8977665.645435382, "solsticeLength": 167538.89138017286, "sun_azimuth": 57.51709813275825, "ratio": 186}