{
  "type": "FeatureCollection",
  "features": [
    {
      "geometry": {
        "type": "LineString",
        "coordinates": [
          [
            90.4254017,
            23.9152799
          ],
          [
            90.4268183,
            23.9159351
          ]
        ]
      },
      "type": "Feature",
      "properties": {
        "name": "Tongi Kaliganj Highway",
        "type": "primary",
        "slope": 63.16256501713883,
        "sun_diff": 1.4831997311288774,
        "length": 161.42699806910602
      }
    },
    {
      "geometry": {
        "type": "LineString",
        "coordinates": [
          [
            90.4385785,
            23.9244734
          ],
          [
            90.4397408,
            23.9250381
          ]
        ]
      },
      "type": "Feature",
      "properties": {
        "name": "Tongi Kaliganj Highway",
        "type": "primary",
        "slope": 62.00861289936415,
        "sun_diff": 2.6371518489035566,
        "length": 133.82995379635562
      }
    },
    {
      "geometry": {
        "type": "LineString",
        "coordinates": [
          [
            90.4452161,
            23.9266336
          ],
          [
            90.4462967,
            23.9271141
          ]
        ]
      },
      "type": "Feature",
      "properties": {
        "name": "Tongi Kaliganj Highway",
        "type": "primary",
        "slope": 64.05864217030353,
        "sun_diff": 0.5871225779641804,
        "length": 122.17600362164636
      }
    },
    {
      "geometry": {
        "type": "LineString",
        "coordinates": [
          [
            90.4483864,
            23.928022
          ],
          [
            90.4494201,
            23.9284557
          ]
        ]
      },
      "type": "Feature",
      "properties": {
        "name": "Tongi Kaliganj Highway",
        "type": "primary",
        "slope": 65.34432600662532,
        "sun_diff": 0.6985612583576142,
        "length": 115.63901622880361
      }
    },
    {
      "geometry": {
        "type": "LineString",
        "coordinates": [
          [
            90.4023793,
            23.7096607
          ],
          [
            90.403291,
            23.7092254
          ]
        ]
      },
      "type": "Feature",
      "properties": {
        "name": "\u0986\u09b9\u09b8\u09be\u09a8\u0989\u09b2\u09cd\u09b2\u09be\u09b9 \u09b8\u09dc\u0995",
        "type": "tertiary",
        "slope": 117.54083095178632,
        "sun_diff": 2.225572401923799,
        "length": 104.71521037169923
      }
    },
    {
      "geometry": {
        "type": "LineString",
        "coordinates": [
          [
            90.4566548,
            23.9251534
          ],
          [
            90.457748,
            23.9246775
          ]
        ]
      },
      "type": "Feature",
      "properties": {
        "name": "Dhaka City Bypass",
        "type": "trunk",
        "slope": 115.46598081837269,
        "sun_diff": 0.11239124688805191,
        "length": 123.10991130086731
      }
    },
    {
      "geometry": {
        "type": "LineString",
        "coordinates": [
          [
            90.457748,
            23.9246775
          ],
          [
            90.459238,
            23.9239985
          ]
        ]
      },
      "type": "Feature",
      "properties": {
        "name": "Dhaka City Bypass",
        "type": "trunk",
        "slope": 116.49794859258895,
        "sun_diff": 1.1443590211043215,
        "length": 169.27541890538518
      }
    },
    {
      "geometry": {
        "type": "LineString",
        "coordinates": [
          [
            90.4633907,
            23.9219702
          ],
          [
            90.4654661,
            23.9209687
          ]
        ]
      },
      "type": "Feature",
      "properties": {
        "name": "Dhaka City Bypass",
        "type": "trunk",
        "slope": 117.8296331079749,
        "sun_diff": 2.476043536490266,
        "length": 238.6157289622873
      }
    },
    {
      "geometry": {
        "type": "LineString",
        "coordinates": [
          [
            90.4982299,
            23.9062075
          ],
          [
            90.4965521,
            23.9055679
          ]
        ]
      },
      "type": "Feature",
      "properties": {
        "name": null,
        "type": "unclassified",
        "slope": 67.36461031512715,
        "sun_diff": 2.718845566859443,
        "length": 184.8501725888251
      }
    },
    {
      "geometry": {
        "type": "LineString",
        "coordinates": [
          [
            90.492038,
            23.9025549
          ],
          [
            90.4893358,
            23.9013045
          ]
        ]
      },
      "type": "Feature",
      "properties": {
        "name": null,
        "type": "unclassified",
        "slope": 63.154291497188126,
        "sun_diff": 1.491473251079583,
        "length": 307.98160129711323
      }
    },
    {
      "geometry": {
        "type": "LineString",
        "coordinates": [
          [
            90.4893358,
            23.9013045
          ],
          [
            90.4866916,
            23.900236
          ]
        ]
      },
      "type": "Feature",
      "properties": {
        "name": null,
        "type": "unclassified",
        "slope": 66.1549664110652,
        "sun_diff": 1.5092016627974942,
        "length": 293.98752589321464
      }
    },
    {
      "geometry": {
        "type": "LineString",
        "coordinates": [
          [
            90.3007992,
            23.8816297
          ],
          [
            90.3018468,
            23.8820734
          ]
        ]
      },
      "type": "Feature",
      "properties": {
        "name": "Anwar Jang Sarak",
        "type": "secondary",
        "slope": 65.1465107623257,
        "sun_diff": 0.5007460140579951,
        "length": 117.42284311618648
      }
    },
    {
      "geometry": {
        "type": "LineString",
        "coordinates": [
          [
            90.3961215,
            23.7775806
          ],
          [
            90.3971759,
            23.7780751
          ]
        ]
      },
      "type": "Feature",
      "properties": {
        "name": "\u09ae\u09b9\u09be\u0996\u09be\u09b2\u09c0 \u09ab\u09cd\u09b2\u09be\u0987\u0993\u09ad\u09be\u09b0",
        "type": "trunk",
        "slope": 62.86529845998794,
        "sun_diff": 1.7996727802258476,
        "length": 120.5989181494273
      }
    },
    {
      "geometry": {
        "type": "LineString",
        "coordinates": [
          [
            90.3770549,
            23.7417114
          ],
          [
            90.3748135,
            23.740804
          ]
        ]
      },
      "type": "Feature",
      "properties": {
        "name": "Road 4A",
        "type": "residential",
        "slope": 66.14200426669552,
        "sun_diff": 1.4579358175623724,
        "length": 249.53482470964892
      }
    },
    {
      "geometry": {
        "type": "LineString",
        "coordinates": [
          [
            90.3745368,
            23.7414972
          ],
          [
            90.3757441,
            23.7420471
          ]
        ]
      },
      "type": "Feature",
      "properties": {
        "name": "Road 5A",
        "type": "residential",
        "slope": 63.545445424889294,
        "sun_diff": 1.1386230242438558,
        "length": 137.29979557965473
      }
    },
    {
      "geometry": {
        "type": "LineString",
        "coordinates": [
          [
            90.3757441,
            23.7420471
          ],
          [
            90.3768768,
            23.7425623
          ]
        ]
      },
      "type": "Feature",
      "properties": {
        "name": "Road 5A",
        "type": "residential",
        "slope": 63.57731068802059,
        "sun_diff": 1.1067577611125614,
        "length": 128.7797937173519
      }
    },
    {
      "geometry": {
        "type": "LineString",
        "coordinates": [
          [
            90.3545111,
            23.7725419
          ],
          [
            90.3532958,
            23.7719975
          ]
        ]
      },
      "type": "Feature",
      "properties": {
        "name": "Rd 11",
        "type": "residential",
        "slope": 63.918959378036874,
        "sun_diff": 0.7460118621769141,
        "length": 137.7334763754159
      }
    },
    {
      "geometry": {
        "type": "LineString",
        "coordinates": [
          [
            90.3928778,
            23.7857735
          ],
          [
            90.3917671,
            23.7853
          ]
        ]
      },
      "type": "Feature",
      "properties": {
        "name": null,
        "type": "tertiary",
        "slope": 65.02022751251366,
        "sun_diff": 0.35525627229986867,
        "length": 124.71575253017568
      }
    },
    {
      "geometry": {
        "type": "LineString",
        "coordinates": [
          [
            90.4037934,
            23.7790975
          ],
          [
            90.4048121,
            23.7794936
          ]
        ]
      },
      "type": "Feature",
      "properties": {
        "name": "Mohakhali School Road",
        "type": "residential",
        "slope": 66.97929789478604,
        "sun_diff": 2.3143266545722554,
        "length": 112.66244813208654
      }
    },
    {
      "geometry": {
        "type": "LineString",
        "coordinates": [
          [
            90.3963705,
            23.7557674
          ],
          [
            90.3949848,
            23.7551843
          ]
        ]
      },
      "type": "Feature",
      "properties": {
        "name": null,
        "type": "service",
        "slope": 65.30936967488441,
        "sun_diff": 0.6443984346706202,
        "length": 155.2672340433961
      }
    },
    {
      "geometry": {
        "type": "LineString",
        "coordinates": [
          [
            90.4314177,
            23.7529517
          ],
          [
            90.432368,
            23.7525838
          ]
        ]
      },
      "type": "Feature",
      "properties": {
        "name": null,
        "type": "tertiary",
        "slope": 112.92686632616582,
        "sun_diff": 2.4075030929943892,
        "length": 105.04631341806251
      }
    },
    {
      "geometry": {
        "type": "LineString",
        "coordinates": [
          [
            90.428636,
            23.7634295
          ],
          [
            90.4308721,
            23.7625582
          ]
        ]
      },
      "type": "Feature",
      "properties": {
        "name": "Road 3",
        "type": "residential",
        "slope": 113.06163357828504,
        "sun_diff": 2.272735840875171,
        "length": 247.4063298243431
      }
    },
    {
      "geometry": {
        "type": "LineString",
        "coordinates": [
          [
            90.3034329,
            23.6668052
          ],
          [
            90.3023405,
            23.6672241
          ]
        ]
      },
      "type": "Feature",
      "properties": {
        "name": "\u099c\u09bf\u099e\u09cd\u099c\u09bf\u09b0\u09be - \u09b0\u09be\u09ae\u09c7\u09b0\u0995\u09be\u09a8\u09cd\u09a6\u09be \u09b8\u09a1\u09bc\u0995",
        "type": "primary",
        "slope": 112.71818014910218,
        "sun_diff": 2.5970920611386816,
        "length": 120.64834743560479
      }
    },
    {
      "geometry": {
        "type": "LineString",
        "coordinates": [
          [
            90.334147,
            23.7847021
          ],
          [
            90.3364694,
            23.7838273
          ]
        ]
      },
      "type": "Feature",
      "properties": {
        "name": "Aminbazar Bridge",
        "type": "trunk",
        "slope": 112.37394120706415,
        "sun_diff": 2.960428212096062,
        "length": 255.6249005928348
      }
    },
    {
      "geometry": {
        "type": "LineString",
        "coordinates": [
          [
            90.3973389,
            23.7780715
          ],
          [
            90.3961539,
            23.7775085
          ]
        ]
      },
      "type": "Feature",
      "properties": {
        "name": "\u09ae\u09b9\u09be\u0996\u09be\u09b2\u09c0 \u09ab\u09cd\u09b2\u09be\u0987\u0993\u09ad\u09be\u09b0",
        "type": "trunk",
        "slope": 62.56283366183851,
        "sun_diff": 2.1021375783752774,
        "length": 135.90626431276033
      }
    },
    {
      "geometry": {
        "type": "LineString",
        "coordinates": [
          [
            90.5477525,
            23.8369025
          ],
          [
            90.5491106,
            23.8374547
          ]
        ]
      },
      "type": "Feature",
      "properties": {
        "name": "\u09a2\u09be\u0995\u09be \u09ae\u09b9\u09be\u09a8\u0997\u09b0 \u09ac\u09be\u0987\u09aa\u09be\u09b8",
        "type": "trunk",
        "slope": 66.0340566266743,
        "sun_diff": 1.3690853864605117,
        "length": 151.21171090748138
      }
    },
    {
      "geometry": {
        "type": "LineString",
        "coordinates": [
          [
            90.5421568,
            23.8346481
          ],
          [
            90.5431343,
            23.8350322
          ]
        ]
      },
      "type": "Feature",
      "properties": {
        "name": "\u09a2\u09be\u0995\u09be \u09ae\u09b9\u09be\u09a8\u0997\u09b0 \u09ac\u09be\u0987\u09aa\u09be\u09b8",
        "type": "trunk",
        "slope": 66.7526671295154,
        "sun_diff": 2.0876958893016138,
        "length": 108.2425001167104
      }
    },
    {
      "geometry": {
        "type": "LineString",
        "coordinates": [
          [
            90.5128031,
            23.7248466
          ],
          [
            90.5115509,
            23.7243679
          ]
        ]
      },
      "type": "Feature",
      "properties": {
        "name": null,
        "type": "primary",
        "slope": 67.33576259516693,
        "sun_diff": 2.651694146033776,
        "length": 138.18186570779065
      }
    },
    {
      "geometry": {
        "type": "LineString",
        "coordinates": [
          [
            90.5115509,
            23.7243679
          ],
          [
            90.5096851,
            23.7235931
          ]
        ]
      },
      "type": "Feature",
      "properties": {
        "name": null,
        "type": "primary",
        "slope": 65.60122643817789,
        "sun_diff": 0.917157989044739,
        "length": 208.62697923219204
      }
    },
    {
      "geometry": {
        "type": "LineString",
        "coordinates": [
          [
            90.5094586,
            23.723499
          ],
          [
            90.5076802,
            23.7227528
          ]
        ]
      },
      "type": "Feature",
      "properties": {
        "name": null,
        "type": "primary",
        "slope": 65.37720345697943,
        "sun_diff": 0.6931350078462799,
        "length": 199.21035663692282
      }
    },
    {
      "geometry": {
        "type": "LineString",
        "coordinates": [
          [
            90.439363,
            23.7889545
          ],
          [
            90.4383709,
            23.7893642
          ]
        ]
      },
      "type": "Feature",
      "properties": {
        "name": null,
        "type": "residential",
        "slope": 114.29003657497279,
        "sun_diff": 1.044332844187423,
        "length": 110.78223577103635
      }
    },
    {
      "geometry": {
        "type": "LineString",
        "coordinates": [
          [
            90.3964158,
            23.7509554
          ],
          [
            90.3978766,
            23.7516693
          ]
        ]
      },
      "type": "Feature",
      "properties": {
        "name": "\u0995\u09be\u0989\u09b0\u09be\u09a8 \u09ac\u09be\u099c\u09be\u09b0 \u098f\u09ab\u09a1\u09bf\u09b8\u09bf \u09b0\u09cb\u09a1",
        "type": "primary",
        "slope": 61.900961046149376,
        "sun_diff": 2.7640101940644115,
        "length": 168.59371297796392
      }
    },
    {
      "geometry": {
        "type": "LineString",
        "coordinates": [
          [
            90.3622697,
            23.7737876
          ],
          [
            90.3612347,
            23.7733862
          ]
        ]
      },
      "type": "Feature",
      "properties": {
        "name": "\u09b0\u09bf\u0982 \u09b0\u09cb\u09a1",
        "type": "secondary",
        "slope": 67.03347075113771,
        "sun_diff": 2.3684995109239253,
        "length": 114.42429603080397
      }
    },
    {
      "geometry": {
        "type": "LineString",
        "coordinates": [
          [
            90.3093598,
            23.8360972
          ],
          [
            90.3081515,
            23.8366061
          ]
        ]
      },
      "type": "Feature",
      "properties": {
        "name": null,
        "type": "tertiary",
        "slope": 114.72349289504044,
        "sun_diff": 0.6108765241197744,
        "length": 135.34098673568352
      }
    },
    {
      "geometry": {
        "type": "LineString",
        "coordinates": [
          [
            90.307579,
            23.8368605
          ],
          [
            90.3066841,
            23.8372481
          ]
        ]
      },
      "type": "Feature",
      "properties": {
        "name": null,
        "type": "tertiary",
        "slope": 115.33816538371383,
        "sun_diff": 0.0037959645536176367,
        "length": 100.74010925533985
      }
    },
    {
      "geometry": {
        "type": "LineString",
        "coordinates": [
          [
            90.3360787,
            23.8529993
          ],
          [
            90.3378053,
            23.8522121
          ]
        ]
      },
      "type": "Feature",
      "properties": {
        "name": "Birulia-Akran Road",
        "type": "trunk",
        "slope": 116.49630780796832,
        "sun_diff": 1.142718236483688,
        "length": 196.261002982884
      }
    },
    {
      "geometry": {
        "type": "LineString",
        "coordinates": [
          [
            90.4085772,
            23.7064762
          ],
          [
            90.4076987,
            23.7068964
          ]
        ]
      },
      "type": "Feature",
      "properties": {
        "name": "\u0986\u09b9\u09b8\u09be\u09a8\u0989\u09b2\u09cd\u09b2\u09be\u09b9 \u09b8\u09dc\u0995",
        "type": "tertiary",
        "slope": 117.5824904099311,
        "sun_diff": 2.267231860068577,
        "length": 100.94231607413376
      }
    },
    {
      "geometry": {
        "type": "LineString",
        "coordinates": [
          [
            90.4287365,
            23.7612372
          ],
          [
            90.4301013,
            23.7607118
          ]
        ]
      },
      "type": "Feature",
      "properties": {
        "name": "Road 8",
        "type": "residential",
        "slope": 112.8124996362024,
        "sun_diff": 2.5218697829578076,
        "length": 150.72875517162635
      }
    },
    {
      "geometry": {
        "type": "LineString",
        "coordinates": [
          [
            90.3896606,
            23.8119949
          ],
          [
            90.3906216,
            23.8115634
          ]
        ]
      },
      "type": "Feature",
      "properties": {
        "name": null,
        "type": "living_street",
        "slope": 116.14126044749202,
        "sun_diff": 0.8068910283318047,
        "length": 108.93590736096523
      }
    },
    {
      "geometry": {
        "type": "LineString",
        "coordinates": [
          [
            90.3894952,
            23.8088782
          ],
          [
            90.3884489,
            23.8093438
          ]
        ]
      },
      "type": "Feature",
      "properties": {
        "name": null,
        "type": "residential",
        "slope": 115.93789782606632,
        "sun_diff": 0.6035284069061078,
        "length": 118.4020951274338
      }
    },
    {
      "geometry": {
        "type": "LineString",
        "coordinates": [
          [
            90.5431863,
            23.8349679
          ],
          [
            90.5421023,
            23.8345423
          ]
        ]
      },
      "type": "Feature",
      "properties": {
        "name": "\u09a2\u09be\u0995\u09be \u09ae\u09b9\u09be\u09a8\u0997\u09b0 \u09ac\u09be\u0987\u09aa\u09be\u09b8",
        "type": "trunk",
        "slope": 66.76973535274058,
        "sun_diff": 2.1047641125267944,
        "length": 120.02045610746666
      }
    },
    {
      "geometry": {
        "type": "LineString",
        "coordinates": [
          [
            90.5478019,
            23.8368319
          ],
          [
            90.5461024,
            23.8361513
          ]
        ]
      },
      "type": "Feature",
      "properties": {
        "name": "\u0995\u09be\u099e\u09cd\u099a\u09a8 \u09b8\u09c7\u09a4\u09c1",
        "type": "trunk",
        "slope": 66.35551659412059,
        "sun_diff": 1.6905453539067992,
        "length": 188.756769525315
      }
    },
    {
      "geometry": {
        "type": "LineString",
        "coordinates": [
          [
            90.5461024,
            23.8361513
          ],
          [
            90.5450705,
            23.8357359
          ]
        ]
      },
      "type": "Feature",
      "properties": {
        "name": "\u0995\u09be\u099e\u09cd\u099a\u09a8 \u09b8\u09c7\u09a4\u09c1",
        "type": "trunk",
        "slope": 66.2459422606731,
        "sun_diff": 1.580971020459316,
        "length": 114.70578508883457
      }
    },
    {
      "geometry": {
        "type": "LineString",
        "coordinates": [
          [
            90.544208,
            23.8353887
          ],
          [
            90.5431863,
            23.8349679
          ]
        ]
      },
      "type": "Feature",
      "properties": {
        "name": "\u0995\u09be\u099e\u09cd\u099a\u09a8 \u09b8\u09c7\u09a4\u09c1",
        "type": "trunk",
        "slope": 65.75966912288243,
        "sun_diff": 1.0946978826686404,
        "length": 114.00254043860997
      }
    },
    {
      "geometry": {
        "type": "LineString",
        "coordinates": [
          [
            90.5491441,
            23.8373772
          ],
          [
            90.5478019,
            23.8368319
          ]
        ]
      },
      "type": "Feature",
      "properties": {
        "name": "\u09a2\u09be\u0995\u09be \u09ae\u09b9\u09be\u09a8\u0997\u09b0 \u09ac\u09be\u0987\u09aa\u09be\u09b8",
        "type": "trunk",
        "slope": 66.0511163513795,
        "sun_diff": 1.3861451111657175,
        "length": 149.4218145127823
      }
    },
    {
      "geometry": {
        "type": "LineString",
        "coordinates": [
          [
            90.5431343,
            23.8350322
          ],
          [
            90.5441674,
            23.8354587
          ]
        ]
      },
      "type": "Feature",
      "properties": {
        "name": "\u0995\u09be\u099e\u09cd\u099a\u09a8 \u09b8\u09c7\u09a4\u09c1",
        "type": "trunk",
        "slope": 65.70895681379415,
        "sun_diff": 1.0439855735803576,
        "length": 115.3204466676484
      }
    },
    {
      "geometry": {
        "type": "LineString",
        "coordinates": [
          [
            90.5450188,
            23.8358018
          ],
          [
            90.5460625,
            23.8362224
          ]
        ]
      },
      "type": "Feature",
      "properties": {
        "name": "\u0995\u09be\u099e\u09cd\u099a\u09a8 \u09b8\u09c7\u09a4\u09c1",
        "type": "trunk",
        "slope": 66.22325142848666,
        "sun_diff": 1.5582801882728745,
        "length": 116.03758194970446
      }
    },
    {
      "geometry": {
        "type": "LineString",
        "coordinates": [
          [
            90.5460625,
            23.8362224
          ],
          [
            90.5477525,
            23.8369025
          ]
        ]
      },
      "type": "Feature",
      "properties": {
        "name": "\u0995\u09be\u099e\u09cd\u099a\u09a8 \u09b8\u09c7\u09a4\u09c1",
        "type": "trunk",
        "slope": 66.25269779063672,
        "sun_diff": 1.5877265504229285,
        "length": 187.8492701263793
      }
    },
    {
      "geometry": {
        "type": "LineString",
        "coordinates": [
          [
            90.3538665,
            23.7467512
          ],
          [
            90.3527263,
            23.7472945
          ]
        ]
      },
      "type": "Feature",
      "properties": {
        "name": null,
        "type": "service",
        "slope": 117.50021941833211,
        "sun_diff": 2.184960868469588,
        "length": 130.87385923110477
      }
    },
    {
      "geometry": {
        "type": "LineString",
        "coordinates": [
          [
            90.3474761,
            23.7585362
          ],
          [
            90.3457174,
            23.7577658
          ]
        ]
      },
      "type": "Feature",
      "properties": {
        "name": null,
        "type": "residential",
        "slope": 64.42377053844692,
        "sun_diff": 0.24120070176687136,
        "length": 198.49191964803873
      }
    },
    {
      "geometry": {
        "type": "LineString",
        "coordinates": [
          [
            90.3469796,
            23.7594406
          ],
          [
            90.3454665,
            23.7587517
          ]
        ]
      },
      "type": "Feature",
      "properties": {
        "name": null,
        "type": "residential",
        "slope": 63.55198273718574,
        "sun_diff": 1.112988503028049,
        "length": 172.04430352574502
      }
    },
    {
      "geometry": {
        "type": "LineString",
        "coordinates": [
          [
            90.3455491,
            23.7584272
          ],
          [
            90.3471417,
            23.7591452
          ]
        ]
      },
      "type": "Feature",
      "properties": {
        "name": null,
        "type": "residential",
        "slope": 63.77593124401844,
        "sun_diff": 0.8890399961953506,
        "length": 180.73391764668614
      }
    },
    {
      "geometry": {
        "type": "LineString",
        "coordinates": [
          [
            90.3458835,
            23.757079
          ],
          [
            90.3478173,
            23.7579146
          ]
        ]
      },
      "type": "Feature",
      "properties": {
        "name": null,
        "type": "residential",
        "slope": 64.72747593790234,
        "sun_diff": 0.06250469768855282,
        "length": 217.70580899754484
      }
    },
    {
      "geometry": {
        "type": "LineString",
        "coordinates": [
          [
            90.3454845,
            23.7591286
          ],
          [
            90.3468149,
            23.7597405
          ]
        ]
      },
      "type": "Feature",
      "properties": {
        "name": null,
        "type": "residential",
        "slope": 63.31910967865042,
        "sun_diff": 1.3458615615633676,
        "length": 151.57790197001546
      }
    },
    {
      "geometry": {
        "type": "LineString",
        "coordinates": [
          [
            90.349006,
            23.7618743
          ],
          [
            90.3472041,
            23.7610341
          ]
        ]
      },
      "type": "Feature",
      "properties": {
        "name": null,
        "type": "residential",
        "slope": 63.00245407611101,
        "sun_diff": 1.6625171641027805,
        "length": 205.86977743565194
      }
    },
    {
      "geometry": {
        "type": "LineString",
        "coordinates": [
          [
            90.348448,
            23.7634057
          ],
          [
            90.3470563,
            23.762833
          ]
        ]
      },
      "type": "Feature",
      "properties": {
        "name": null,
        "type": "residential",
        "slope": 65.78987768765046,
        "sun_diff": 1.124906447436672,
        "length": 155.33691280299942
      }
    },
    {
      "geometry": {
        "type": "LineString",
        "coordinates": [
          [
            90.3468967,
            23.7627673
          ],
          [
            90.345523,
            23.7620936
          ]
        ]
      },
      "type": "Feature",
      "properties": {
        "name": null,
        "type": "residential",
        "slope": 61.8152117248797,
        "sun_diff": 2.8497595153340853,
        "length": 158.65493926045497
      }
    },
    {
      "geometry": {
        "type": "LineString",
        "coordinates": [
          [
            90.3451438,
            23.7619295
          ],
          [
            90.3435148,
            23.7611722
          ]
        ]
      },
      "type": "Feature",
      "properties": {
        "name": null,
        "type": "residential",
        "slope": 63.07201285728772,
        "sun_diff": 1.5929583829260707,
        "length": 186.00063534660373
      }
    },
    {
      "geometry": {
        "type": "LineString",
        "coordinates": [
          [
            90.3436471,
            23.7604865
          ],
          [
            90.3446531,
            23.7609643
          ]
        ]
      },
      "type": "Feature",
      "properties": {
        "name": null,
        "type": "residential",
        "slope": 62.573466599990894,
        "sun_diff": 2.091504640222894,
        "length": 115.38088581859301
      }
    },
    {
      "geometry": {
        "type": "LineString",
        "coordinates": [
          [
            90.3446531,
            23.7609643
          ],
          [
            90.3458354,
            23.7615245
          ]
        ]
      },
      "type": "Feature",
      "properties": {
        "name": null,
        "type": "residential",
        "slope": 62.62903171120183,
        "sun_diff": 2.035939529011955,
        "length": 135.5325195719299
      }
    },
    {
      "geometry": {
        "type": "LineString",
        "coordinates": [
          [
            90.3458354,
            23.7615245
          ],
          [
            90.3473699,
            23.762203
          ]
        ]
      },
      "type": "Feature",
      "properties": {
        "name": null,
        "type": "residential",
        "slope": 64.21389589429728,
        "sun_diff": 0.45107534591650733,
        "length": 173.48825819081082
      }
    },
    {
      "geometry": {
        "type": "LineString",
        "coordinates": [
          [
            90.3473699,
            23.762203
          ],
          [
            90.3488756,
            23.7628687
          ]
        ]
      },
      "type": "Feature",
      "properties": {
        "name": null,
        "type": "residential",
        "slope": 64.21599547927607,
        "sun_diff": 0.44897576093771363,
        "length": 170.22828245097662
      }
    },
    {
      "geometry": {
        "type": "LineString",
        "coordinates": [
          [
            90.3486518,
            23.7631452
          ],
          [
            90.3472125,
            23.7625192
          ]
        ]
      },
      "type": "Feature",
      "properties": {
        "name": null,
        "type": "residential",
        "slope": 64.58193906041467,
        "sun_diff": 0.08303217979911892,
        "length": 162.22394352891934
      }
    },
    {
      "geometry": {
        "type": "LineString",
        "coordinates": [
          [
            90.3472125,
            23.7625192
          ],
          [
            90.3456756,
            23.7618156
          ]
        ]
      },
      "type": "Feature",
      "properties": {
        "name": null,
        "type": "residential",
        "slope": 63.42541049840503,
        "sun_diff": 1.2395607418087593,
        "length": 174.93898869020643
      }
    },
    {
      "geometry": {
        "type": "LineString",
        "coordinates": [
          [
            90.3456756,
            23.7618156
          ],
          [
            90.3435768,
            23.7608507
          ]
        ]
      },
      "type": "Feature",
      "properties": {
        "name": null,
        "type": "residential",
        "slope": 63.32880866824152,
        "sun_diff": 1.3361625719722667,
        "length": 239.10131741010485
      }
    },
    {
      "geometry": {
        "type": "LineString",
        "coordinates": [
          [
            90.341509,
            23.7656575
          ],
          [
            90.3438976,
            23.7666801
          ]
        ]
      },
      "type": "Feature",
      "properties": {
        "name": null,
        "type": "residential",
        "slope": 64.93036963638514,
        "sun_diff": 0.2653983961713493,
        "length": 268.44181132501217
      }
    },
    {
      "geometry": {
        "type": "LineString",
        "coordinates": [
          [
            90.3476414,
            23.758235
          ],
          [
            90.3458038,
            23.7574289
          ]
        ]
      },
      "type": "Feature",
      "properties": {
        "name": null,
        "type": "residential",
        "slope": 64.39230004775217,
        "sun_diff": 0.2726711924616154,
        "length": 207.4518804275875
      }
    },
    {
      "geometry": {
        "type": "LineString",
        "coordinates": [
          [
            90.3365172,
            23.73978
          ],
          [
            90.3383804,
            23.7405289
          ]
        ]
      },
      "type": "Feature",
      "properties": {
        "name": null,
        "type": "residential",
        "slope": 66.293701304958,
        "sun_diff": 1.6096328558248558,
        "length": 207.18952103912883
      }
    },
    {
      "geometry": {
        "type": "LineString",
        "coordinates": [
          [
            90.3384984,
            23.740621
          ],
          [
            90.3396617,
            23.7410945
          ]
        ]
      },
      "type": "Feature",
      "properties": {
        "name": null,
        "type": "residential",
        "slope": 66.02712087735569,
        "sun_diff": 1.343052428222535,
        "length": 129.62556028461034
      }
    },
    {
      "geometry": {
        "type": "LineString",
        "coordinates": [
          [
            90.3366155,
            23.7393885
          ],
          [
            90.3375268,
            23.7397932
          ]
        ]
      },
      "type": "Feature",
      "properties": {
        "name": null,
        "type": "residential",
        "slope": 64.12002759717342,
        "sun_diff": 0.5640408519597315,
        "length": 103.12961609746793
      }
    },
    {
      "geometry": {
        "type": "LineString",
        "coordinates": [
          [
            90.3375268,
            23.7397932
          ],
          [
            90.3385024,
            23.7402175
          ]
        ]
      },
      "type": "Feature",
      "properties": {
        "name": null,
        "type": "residential",
        "slope": 64.5868564814289,
        "sun_diff": 0.09721196770425422,
        "length": 109.974887065433
      }
    },
    {
      "geometry": {
        "type": "LineString",
        "coordinates": [
          [
            90.337731,
            23.7411088
          ],
          [
            90.3395231,
            23.7418237
          ]
        ]
      },
      "type": "Feature",
      "properties": {
        "name": null,
        "type": "residential",
        "slope": 66.45244431615203,
        "sun_diff": 1.7683758670188752,
        "length": 199.03975462412683
      }
    },
    {
      "geometry": {
        "type": "LineString",
        "coordinates": [
          [
            90.336036,
            23.7400269
          ],
          [
            90.3380954,
            23.7408539
          ]
        ]
      },
      "type": "Feature",
      "properties": {
        "name": null,
        "type": "residential",
        "slope": 66.31304736249206,
        "sun_diff": 1.6289789133589068,
        "length": 228.9726892785431
      }
    },
    {
      "geometry": {
        "type": "LineString",
        "coordinates": [
          [
            90.3380954,
            23.7408539
          ],
          [
            90.339592,
            23.7414508
          ]
        ]
      },
      "type": "Feature",
      "properties": {
        "name": null,
        "type": "residential",
        "slope": 66.45671832826773,
        "sun_diff": 1.7726498791345762,
        "length": 166.2150289940573
      }
    },
    {
      "geometry": {
        "type": "LineString",
        "coordinates": [
          [
            90.3350813,
            23.7404606
          ],
          [
            90.3373397,
            23.7413685
          ]
        ]
      },
      "type": "Feature",
      "properties": {
        "name": null,
        "type": "residential",
        "slope": 66.29002975374502,
        "sun_diff": 1.605961304611867,
        "length": 251.1416945896214
      }
    },
    {
      "geometry": {
        "type": "LineString",
        "coordinates": [
          [
            90.3373397,
            23.7413685
          ],
          [
            90.338538,
            23.7418816
          ]
        ]
      },
      "type": "Feature",
      "properties": {
        "name": null,
        "type": "residential",
        "slope": 64.93080662668518,
        "sun_diff": 0.2467381775520323,
        "length": 134.69540153877102
      }
    },
    {
      "geometry": {
        "type": "LineString",
        "coordinates": [
          [
            90.3348361,
            23.7408011
          ],
          [
            90.3368884,
            23.7416217
          ]
        ]
      },
      "type": "Feature",
      "properties": {
        "name": null,
        "type": "residential",
        "slope": 66.403752973054,
        "sun_diff": 1.7196845239208471,
        "length": 228.02385443216176
      }
    },
    {
      "geometry": {
        "type": "LineString",
        "coordinates": [
          [
            90.3529592,
            23.7564569
          ],
          [
            90.354007,
            23.7569348
          ]
        ]
      },
      "type": "Feature",
      "properties": {
        "name": null,
        "type": "residential",
        "slope": 63.51176685821736,
        "sun_diff": 1.1532043819964315,
        "length": 119.18194091671973
      }
    },
    {
      "geometry": {
        "type": "LineString",
        "coordinates": [
          [
            90.3530686,
            23.756109
          ],
          [
            90.3541548,
            23.7565832
          ]
        ]
      },
      "type": "Feature",
      "properties": {
        "name": null,
        "type": "residential",
        "slope": 64.49955398370213,
        "sun_diff": 0.16541725651165962,
        "length": 122.5157835930133
      }
    },
    {
      "geometry": {
        "type": "LineString",
        "coordinates": [
          [
            90.3532338,
            23.7557863
          ],
          [
            90.3543024,
            23.7562436
          ]
        ]
      },
      "type": "Feature",
      "properties": {
        "name": null,
        "type": "residential",
        "slope": 64.94105972342007,
        "sun_diff": 0.27608848320628,
        "length": 120.09310116468595
      }
    },
    {
      "geometry": {
        "type": "LineString",
        "coordinates": [
          [
            90.3470236,
            23.7613398
          ],
          [
            90.348317,
            23.7619331
          ]
        ]
      },
      "type": "Feature",
      "properties": {
        "name": null,
        "type": "residential",
        "slope": 63.379900929679195,
        "sun_diff": 1.2850703105345929,
        "length": 147.28140452814205
      }
    },
    {
      "geometry": {
        "type": "LineString",
        "coordinates": [
          [
            90.3437095,
            23.7601632
          ],
          [
            90.3460089,
            23.7612087
          ]
        ]
      },
      "type": "Feature",
      "properties": {
        "name": null,
        "type": "residential",
        "slope": 63.582002538190096,
        "sun_diff": 1.0829687020236918,
        "length": 261.3774982246161
      }
    },
    {
      "geometry": {
        "type": "LineString",
        "coordinates": [
          [
            90.3460089,
            23.7612087
          ],
          [
            90.3490939,
            23.7626321
          ]
        ]
      },
      "type": "Feature",
      "properties": {
        "name": null,
        "type": "residential",
        "slope": 63.24582467527583,
        "sun_diff": 1.4191465649379609,
        "length": 351.7060580384745
      }
    },
    {
      "geometry": {
        "type": "LineString",
        "coordinates": [
          [
            90.3500775,
            23.7344361
          ],
          [
            90.3510753,
            23.7340122
          ]
        ]
      },
      "type": "Feature",
      "properties": {
        "name": "\u0986\u09b0\u09b6\u09bf\u09a8\u0997\u09b0 \u09b8\u09dc\u0995",
        "type": "tertiary",
        "slope": 114.89531611947714,
        "sun_diff": 0.41994243038537604,
        "length": 112.00607436482814
      }
    },
    {
      "geometry": {
        "type": "LineString",
        "coordinates": [
          [
            90.3932121,
            23.9079574
          ],
          [
            90.3922776,
            23.907579
          ]
        ]
      },
      "type": "Feature",
      "properties": {
        "name": "College Road",
        "type": "residential",
        "slope": 66.11023788353305,
        "sun_diff": 1.4644731352653366,
        "length": 103.92983033405808
      }
    },
    {
      "geometry": {
        "type": "LineString",
        "coordinates": [
          [
            90.4010267,
            23.7103625
          ],
          [
            90.3998569,
            23.7108575
          ]
        ]
      },
      "type": "Feature",
      "properties": {
        "name": "\u09b8\u09a6\u09b0\u0998\u09be\u099f - \u0997\u09be\u09ac\u09a4\u09b2\u09c0 \u09b8\u09a1\u09bc\u0995",
        "type": "trunk",
        "slope": 114.80458639991062,
        "sun_diff": 0.5106721499519011,
        "length": 131.2410148794334
      }
    },
    {
      "geometry": {
        "type": "LineString",
        "coordinates": [
          [
            90.3785487,
            23.7200458
          ],
          [
            90.3775363,
            23.7205346
          ]
        ]
      },
      "type": "Feature",
      "properties": {
        "name": "\u09b8\u09a6\u09b0\u0998\u09be\u099f - \u0997\u09be\u09ac\u09a4\u09b2\u09c0 \u09b8\u09a1\u09bc\u0995",
        "type": "trunk",
        "slope": 117.80563039695556,
        "sun_diff": 2.4903718470930443,
        "length": 116.55370485477513
      }
    },
    {
      "geometry": {
        "type": "LineString",
        "coordinates": [
          [
            90.3523893,
            23.7736697
          ],
          [
            90.3513466,
            23.7731798
          ]
        ]
      },
      "type": "Feature",
      "properties": {
        "name": "Rd 15",
        "type": "residential",
        "slope": 62.82400127251094,
        "sun_diff": 1.840969967702847,
        "length": 119.30894340749218
      }
    },
    {
      "geometry": {
        "type": "LineString",
        "coordinates": [
          [
            90.3903215,
            23.8999531
          ],
          [
            90.3912233,
            23.9003828
          ]
        ]
      },
      "type": "Feature",
      "properties": {
        "name": null,
        "type": "unclassified",
        "slope": 62.472277031683205,
        "sun_diff": 2.1734877165845035,
        "length": 103.41372393503933
      }
    },
    {
      "geometry": {
        "type": "LineString",
        "coordinates": [
          [
            90.3437348,
            23.7669461
          ],
          [
            90.3416618,
            23.7660374
          ]
        ]
      },
      "type": "Feature",
      "properties": {
        "name": null,
        "type": "residential",
        "slope": 64.40710506227276,
        "sun_diff": 0.2578661779410254,
        "length": 233.98232976744836
      }
    },
    {
      "geometry": {
        "type": "LineString",
        "coordinates": [
          [
            90.3441283,
            23.766303
          ],
          [
            90.3419282,
            23.7653293
          ]
        ]
      },
      "type": "Feature",
      "properties": {
        "name": null,
        "type": "residential",
        "slope": 64.19269103322779,
        "sun_diff": 0.4722802069859995,
        "length": 248.77723408522024
      }
    },
    {
      "geometry": {
        "type": "LineString",
        "coordinates": [
          [
            90.3443183,
            23.7659926
          ],
          [
            90.342322,
            23.7651162
          ]
        ]
      },
      "type": "Feature",
      "properties": {
        "name": null,
        "type": "residential",
        "slope": 64.37356424765954,
        "sun_diff": 0.2914069925542435,
        "length": 225.38994967103167
      }
    },
    {
      "geometry": {
        "type": "LineString",
        "coordinates": [
          [
            90.345031,
            23.6669203
          ],
          [
            90.3461757,
            23.6664191
          ]
        ]
      },
      "type": "Feature",
      "properties": {
        "name": null,
        "type": "residential",
        "slope": 115.55007703189986,
        "sun_diff": 0.2348048216589973,
        "length": 129.25650655684416
      }
    },
    {
      "geometry": {
        "type": "LineString",
        "coordinates": [
          [
            90.3420291,
            23.6659524
          ],
          [
            90.3411175,
            23.6663186
          ]
        ]
      },
      "type": "Feature",
      "properties": {
        "name": null,
        "type": "residential",
        "slope": 113.68215654090173,
        "sun_diff": 1.6331156693391335,
        "length": 101.40952450955696
      }
    },
    {
      "geometry": {
        "type": "LineString",
        "coordinates": [
          [
            90.377156,
            23.692507
          ],
          [
            90.3783364,
            23.6930297
          ]
        ]
      },
      "type": "Feature",
      "properties": {
        "name": null,
        "type": "unclassified",
        "slope": 64.19270899055249,
        "sun_diff": 0.49135945858066066,
        "length": 133.54888551134883
      }
    },
    {
      "geometry": {
        "type": "LineString",
        "coordinates": [
          [
            90.4148008,
            23.674141
          ],
          [
            90.4133552,
            23.6735829
          ]
        ]
      },
      "type": "Feature",
      "properties": {
        "name": null,
        "type": "unclassified",
        "slope": 67.14254700129487,
        "sun_diff": 2.458478552161722,
        "length": 159.8117903901156
      }
    },
    {
      "geometry": {
        "type": "LineString",
        "coordinates": [
          [
            90.4133552,
            23.6735829
          ],
          [
            90.4123065,
            23.6731874
          ]
        ]
      },
      "type": "Feature",
      "properties": {
        "name": null,
        "type": "unclassified",
        "slope": 67.61886765148597,
        "sun_diff": 2.9347992023528207,
        "length": 115.53382826504578
      }
    },
    {
      "geometry": {
        "type": "LineString",
        "coordinates": [
          [
            90.3837494,
            23.7998263
          ],
          [
            90.3846551,
            23.799462
          ]
        ]
      },
      "type": "Feature",
      "properties": {
        "name": "Mirpur road-14",
        "type": "primary",
        "slope": 113.73094053079478,
        "sun_diff": 1.6034288883654284,
        "length": 100.68770562027842
      }
    },
    {
      "geometry": {
        "type": "LineString",
        "coordinates": [
          [
            90.3846551,
            23.799462
          ],
          [
            90.3864073,
            23.7987932
          ]
        ]
      },
      "type": "Feature",
      "properties": {
        "name": "Mirpur road-14",
        "type": "primary",
        "slope": 112.64413022333315,
        "sun_diff": 2.6902391958270613,
        "length": 193.21853421301063
      }
    },
    {
      "geometry": {
        "type": "LineString",
        "coordinates": [
          [
            90.3060155,
            23.7647098
          ],
          [
            90.306894,
            23.7642867
          ]
        ]
      },
      "type": "Feature",
      "properties": {
        "name": null,
        "type": "secondary",
        "slope": 117.75493124545514,
        "sun_diff": 2.4205618262949287,
        "length": 101.05695454266619
      }
    },
    {
      "geometry": {
        "type": "LineString",
        "coordinates": [
          [
            90.3042429,
            23.7287878
          ],
          [
            90.3051688,
            23.728375
          ]
        ]
      },
      "type": "Feature",
      "properties": {
        "name": null,
        "type": "residential",
        "slope": 115.96637540528312,
        "sun_diff": 0.6511031950422534,
        "length": 104.86761905078005
      }
    },
    {
      "geometry": {
        "type": "LineString",
        "coordinates": [
          [
            90.331569,
            23.7344326
          ],
          [
            90.3305729,
            23.7348378
          ]
        ]
      },
      "type": "Feature",
      "properties": {
        "name": "Millenium City -Bosial New Road",
        "type": "tertiary",
        "slope": 113.95903993418713,
        "sun_diff": 1.3562322760537313,
        "length": 110.98799082161771
      }
    },
    {
      "geometry": {
        "type": "LineString",
        "coordinates": [
          [
            90.4155247,
            23.899104
          ],
          [
            90.4146404,
            23.899538
          ]
        ]
      },
      "type": "Feature",
      "properties": {
        "name": "residential",
        "type": "residential",
        "slope": 118.2274090804274,
        "sun_diff": 2.8738195089427734,
        "length": 102.06477153314444
      }
    },
    {
      "geometry": {
        "type": "LineString",
        "coordinates": [
          [
            90.4522852,
            23.9086453
          ],
          [
            90.4498937,
            23.9077154
          ]
        ]
      },
      "type": "Feature",
      "properties": {
        "name": null,
        "type": "unclassified",
        "slope": 66.95854635572593,
        "sun_diff": 2.31278160745822,
        "length": 264.2644250877828
      }
    },
    {
      "geometry": {
        "type": "LineString",
        "coordinates": [
          [
            90.2771642,
            23.8710187
          ],
          [
            90.2760093,
            23.8704563
          ]
        ]
      },
      "type": "Feature",
      "properties": {
        "name": null,
        "type": "residential",
        "slope": 61.963861142290966,
        "sun_diff": 2.6819036059767427,
        "length": 133.08888317905004
      }
    },
    {
      "geometry": {
        "type": "LineString",
        "coordinates": [
          [
            90.43368,
            23.6571326
          ],
          [
            90.4359375,
            23.6580324
          ]
        ]
      },
      "type": "Feature",
      "properties": {
        "name": null,
        "type": "unclassified",
        "slope": 66.48352729113174,
        "sun_diff": 1.799458841998586,
        "length": 250.83134174387928
      }
    },
    {
      "geometry": {
        "type": "LineString",
        "coordinates": [
          [
            90.418682,
            23.8465631
          ],
          [
            90.4173209,
            23.845939
          ]
        ]
      },
      "type": "Feature",
      "properties": {
        "name": "sialdanga road",
        "type": "residential",
        "slope": 63.374428145870866,
        "sun_diff": 1.2905430943429224,
        "length": 154.89712871388343
      }
    },
    {
      "geometry": {
        "type": "LineString",
        "coordinates": [
          [
            90.4254858,
            23.7673432
          ],
          [
            90.4245455,
            23.767807
          ]
        ]
      },
      "type": "Feature",
      "properties": {
        "name": null,
        "type": "residential",
        "slope": 118.32279675097377,
        "sun_diff": 2.988427331813554,
        "length": 108.73583934427093
      }
    },
    {
      "geometry": {
        "type": "LineString",
        "coordinates": [
          [
            90.378425,
            23.8078511
          ],
          [
            90.3793599,
            23.8073979
          ]
        ]
      },
      "type": "Feature",
      "properties": {
        "name": "Line 4",
        "type": "residential",
        "slope": 117.9165843213049,
        "sun_diff": 2.5822149021446847,
        "length": 107.66946180385698
      }
    },
    {
      "geometry": {
        "type": "LineString",
        "coordinates": [
          [
            90.3426504,
            23.742328
          ],
          [
            90.3436568,
            23.7427564
          ]
        ]
      },
      "type": "Feature",
      "properties": {
        "name": null,
        "type": "residential",
        "slope": 65.05991698987566,
        "sun_diff": 0.37584854074250984,
        "length": 113.00518303973432
      }
    },
    {
      "geometry": {
        "type": "LineString",
        "coordinates": [
          [
            90.3113508,
            23.7390112
          ],
          [
            90.3126899,
            23.7396415
          ]
        ]
      },
      "type": "Feature",
      "properties": {
        "name": null,
        "type": "residential",
        "slope": 62.78783806053207,
        "sun_diff": 1.896230388601083,
        "length": 153.31365761461635
      }
    },
    {
      "geometry": {
        "type": "LineString",
        "coordinates": [
          [
            90.2634777,
            23.9244355
          ],
          [
            90.2646379,
            23.9239133
          ]
        ]
      },
      "type": "Feature",
      "properties": {
        "name": "\u09aa\u09bf\u09ac\u09bf\u098f\u09b8 \u09b8\u09dc\u0995",
        "type": "residential",
        "slope": 116.2156078858138,
        "sun_diff": 0.8620183143291626,
        "length": 131.4863396051295
      }
    },
    {
      "geometry": {
        "type": "LineString",
        "coordinates": [
          [
            90.4412369,
            23.7068588
          ],
          [
            90.4392568,
            23.7077842
          ]
        ]
      },
      "type": "Feature",
      "properties": {
        "name": "\u09a2\u09be\u0995\u09be\u2013\u0995\u09c1\u09ae\u09bf\u09b2\u09cd\u09b2\u09be \u09ae\u09b9\u09be\u09b8\u09a1\u09bc\u0995",
        "type": "primary",
        "slope": 117.04094898454053,
        "sun_diff": 1.7256904346780146,
        "length": 226.41052158981006
      }
    },
    {
      "geometry": {
        "type": "LineString",
        "coordinates": [
          [
            90.4383246,
            23.7082101
          ],
          [
            90.4373566,
            23.7086732
          ]
        ]
      },
      "type": "Feature",
      "properties": {
        "name": "\u09a2\u09be\u0995\u09be\u2013\u0995\u09c1\u09ae\u09bf\u09b2\u09cd\u09b2\u09be \u09ae\u09b9\u09be\u09b8\u09a1\u09bc\u0995",
        "type": "primary",
        "slope": 117.58742076931631,
        "sun_diff": 2.27216221945379,
        "length": 111.22963790314193
      }
    },
    {
      "geometry": {
        "type": "LineString",
        "coordinates": [
          [
            90.4363407,
            23.7091754
          ],
          [
            90.4354239,
            23.7096099
          ]
        ]
      },
      "type": "Feature",
      "properties": {
        "name": "\u09a2\u09be\u0995\u09be\u2013\u0995\u09c1\u09ae\u09bf\u09b2\u09cd\u09b2\u09be \u09ae\u09b9\u09be\u09b8\u09a1\u09bc\u0995",
        "type": "primary",
        "slope": 117.36702203652627,
        "sun_diff": 2.051763486663745,
        "length": 105.13511747158677
      }
    },
    {
      "geometry": {
        "type": "LineString",
        "coordinates": [
          [
            90.4456472,
            23.7049184
          ],
          [
            90.4445967,
            23.7053886
          ]
        ]
      },
      "type": "Feature",
      "properties": {
        "name": "\u09a2\u09be\u0995\u09be\u2013\u0995\u09c1\u09ae\u09bf\u09b2\u09cd\u09b2\u09be \u09ae\u09b9\u09be\u09b8\u09a1\u09bc\u0995",
        "type": "trunk",
        "slope": 116.05135378910103,
        "sun_diff": 0.7360952392385087,
        "length": 119.08728565511971
      }
    },
    {
      "geometry": {
        "type": "LineString",
        "coordinates": [
          [
            90.4352561,
            23.7104108
          ],
          [
            90.4361611,
            23.7107607
          ]
        ]
      },
      "type": "Feature",
      "properties": {
        "name": null,
        "type": "trunk",
        "slope": 67.10686620244539,
        "sun_diff": 2.4227977533122385,
        "length": 100.0462901451677
      }
    },
    {
      "geometry": {
        "type": "LineString",
        "coordinates": [
          [
            90.4469106,
            23.7044131
          ],
          [
            90.4483096,
            23.7037725
          ]
        ]
      },
      "type": "Feature",
      "properties": {
        "name": "\u09a2\u09be\u0995\u09be\u2013\u0995\u09c1\u09ae\u09bf\u09b2\u09cd\u09b2\u09be \u09ae\u09b9\u09be\u09b8\u09a1\u09bc\u0995",
        "type": "trunk",
        "slope": 116.56907764514455,
        "sun_diff": 1.2538190952820258,
        "length": 159.3057072564414
      }
    },
    {
      "geometry": {
        "type": "LineString",
        "coordinates": [
          [
            90.4490169,
            23.703451
          ],
          [
            90.4506359,
            23.7026835
          ]
        ]
      },
      "type": "Feature",
      "properties": {
        "name": "\u09a2\u09be\u0995\u09be\u2013\u0995\u09c1\u09ae\u09bf\u09b2\u09cd\u09b2\u09be \u09ae\u09b9\u09be\u09b8\u09a1\u09bc\u0995",
        "type": "trunk",
        "slope": 117.37204767543659,
        "sun_diff": 2.0567891255740705,
        "length": 185.678339789289
      }
    },
    {
      "geometry": {
        "type": "LineString",
        "coordinates": [
          [
            90.4368964,
            23.7090098
          ],
          [
            90.4357761,
            23.7095304
          ]
        ]
      },
      "type": "Feature",
      "properties": {
        "name": "\u09ae\u09c7\u09df\u09b0 \u09ae\u09cb\u09b9\u09be\u09ae\u09cd\u09ae\u09a6 \u09b9\u09be\u09a8\u09bf\u09ab \u09ab\u09cd\u09b2\u09be\u0987\u0993\u09ad\u09be\u09b0",
        "type": "trunk",
        "slope": 116.90939219859158,
        "sun_diff": 1.5941336487290556,
        "length": 127.94694651157526
      }
    },
    {
      "geometry": {
        "type": "LineString",
        "coordinates": [
          [
            90.4355641,
            23.7097053
          ],
          [
            90.4365442,
            23.7092431
          ]
        ]
      },
      "type": "Feature",
      "properties": {
        "name": "\u09ae\u09c7\u09df\u09b0 \u09ae\u09cb\u09b9\u09be\u09ae\u09cd\u09ae\u09a6 \u09b9\u09be\u09a8\u09bf\u09ab \u09ab\u09cd\u09b2\u09be\u0987\u0993\u09ad\u09be\u09b0",
        "type": "trunk",
        "slope": 117.25102427917375,
        "sun_diff": 1.9357657293112283,
        "length": 112.27670073229375
      }
    },
    {
      "geometry": {
        "type": "LineString",
        "coordinates": [
          [
            90.437346,
            23.7088541
          ],
          [
            90.4393299,
            23.707916
          ]
        ]
      },
      "type": "Feature",
      "properties": {
        "name": "\u09ae\u09c7\u09df\u09b0 \u09ae\u09cb\u09b9\u09be\u09ae\u09cd\u09ae\u09a6 \u09b9\u09be\u09a8\u09bf\u09ab \u09ab\u09cd\u09b2\u09be\u0987\u0993\u09ad\u09be\u09b0",
        "type": "trunk",
        "slope": 117.31365889807626,
        "sun_diff": 1.9984003482137354,
        "length": 227.39854486899546
      }
    },
    {
      "geometry": {
        "type": "LineString",
        "coordinates": [
          [
            90.3460957,
            23.6733467
          ],
          [
            90.3445391,
            23.6726508
          ]
        ]
      },
      "type": "Feature",
      "properties": {
        "name": "Rajabari School Road",
        "type": "residential",
        "slope": 63.981197876020985,
        "sun_diff": 0.7028705731121647,
        "length": 176.45466500218367
      }
    },
    {
      "geometry": {
        "type": "LineString",
        "coordinates": [
          [
            90.3331381,
            23.6772305
          ],
          [
            90.3340681,
            23.6776346
          ]
        ]
      },
      "type": "Feature",
      "properties": {
        "name": null,
        "type": "residential",
        "slope": 64.61771274048257,
        "sun_diff": 0.06635570865057616,
        "length": 104.8580866546073
      }
    },
    {
      "geometry": {
        "type": "LineString",
        "coordinates": [
          [
            90.3366388,
            23.681265
          ],
          [
            90.3381989,
            23.681969
          ]
        ]
      },
      "type": "Feature",
      "properties": {
        "name": null,
        "type": "residential",
        "slope": 63.76832402014463,
        "sun_diff": 0.9157444289885177,
        "length": 177.16209802200584
      }
    },
    {
      "geometry": {
        "type": "LineString",
        "coordinates": [
          [
            90.3406017,
            23.683099
          ],
          [
            90.3416075,
            23.6834809
          ]
        ]
      },
      "type": "Feature",
      "properties": {
        "name": null,
        "type": "residential",
        "slope": 67.48024905582398,
        "sun_diff": 2.7961806066908252,
        "length": 110.90996566217338
      }
    },
    {
      "geometry": {
        "type": "LineString",
        "coordinates": [
          [
            90.3090181,
            23.6847642
          ],
          [
            90.3099179,
            23.6843877
          ]
        ]
      },
      "type": "Feature",
      "properties": {
        "name": "Abu Imran Road",
        "type": "residential",
        "slope": 114.55618108265188,
        "sun_diff": 0.759091127588988,
        "length": 100.76868016734464
      }
    },
    {
      "geometry": {
        "type": "LineString",
        "coordinates": [
          [
            90.3196342,
            23.6806288
          ],
          [
            90.3205956,
            23.6801664
          ]
        ]
      },
      "type": "Feature",
      "properties": {
        "name": "Abu Imran Road",
        "type": "residential",
        "slope": 117.70777940366472,
        "sun_diff": 2.392507193423853,
        "length": 110.61672810677362
      }
    },
    {
      "geometry": {
        "type": "LineString",
        "coordinates": [
          [
            90.3205956,
            23.6801664
          ],
          [
            90.3216617,
            23.6796629
          ]
        ]
      },
      "type": "Feature",
      "properties": {
        "name": "Abu Imran Road",
        "type": "residential",
        "slope": 117.28022735378104,
        "sun_diff": 1.9649551435401804,
        "length": 122.18830001662171
      }
    },
    {
      "geometry": {
        "type": "LineString",
        "coordinates": [
          [
            90.3414338,
            23.7077349
          ],
          [
            90.3405163,
            23.707345
          ]
        ]
      },
      "type": "Feature",
      "properties": {
        "name": null,
        "type": "residential",
        "slope": 65.10274798217625,
        "sun_diff": 0.4186795330431039,
        "length": 103.01484765472509
      }
    },
    {
      "geometry": {
        "type": "LineString",
        "coordinates": [
          [
            90.3234585,
            23.7321208
          ],
          [
            90.3243568,
            23.7325327
          ]
        ]
      },
      "type": "Feature",
      "properties": {
        "name": null,
        "type": "unclassified",
        "slope": 63.394121802517844,
        "sun_diff": 1.2899466466153058,
        "length": 102.301088032087
      }
    },
    {
      "geometry": {
        "type": "LineString",
        "coordinates": [
          [
            90.3255223,
            23.7329416
          ],
          [
            90.3276271,
            23.7337562
          ]
        ]
      },
      "type": "Feature",
      "properties": {
        "name": null,
        "type": "unclassified",
        "slope": 67.08251661646952,
        "sun_diff": 2.398448167336369,
        "length": 232.68334149933452
      }
    },
    {
      "geometry": {
        "type": "LineString",
        "coordinates": [
          [
            90.333939,
            23.6930318
          ],
          [
            90.3329305,
            23.6925616
          ]
        ]
      },
      "type": "Feature",
      "properties": {
        "name": null,
        "type": "unclassified",
        "slope": 63.01704023712901,
        "sun_diff": 1.6670282120041406,
        "length": 115.26836005660512
      }
    },
    {
      "geometry": {
        "type": "LineString",
        "coordinates": [
          [
            90.5381453,
            23.774236
          ],
          [
            90.5367706,
            23.7735695
          ]
        ]
      },
      "type": "Feature",
      "properties": {
        "name": null,
        "type": "unclassified",
        "slope": 62.08590233479421,
        "sun_diff": 2.5790689054195752,
        "length": 158.35730176650523
      }
    },
    {
      "geometry": {
        "type": "LineString",
        "coordinates": [
          [
            90.5326051,
            23.7734518
          ],
          [
            90.5315846,
            23.7738592
          ]
        ]
      },
      "type": "Feature",
      "properties": {
        "name": null,
        "type": "unclassified",
        "slope": 113.56842846709131,
        "sun_diff": 1.7659409520689024,
        "length": 113.33192486240053
      }
    },
    {
      "geometry": {
        "type": "LineString",
        "coordinates": [
          [
            90.4869883,
            23.7742241
          ],
          [
            90.4880637,
            23.7746464
          ]
        ]
      },
      "type": "Feature",
      "properties": {
        "name": null,
        "type": "tertiary",
        "slope": 66.77554798471786,
        "sun_diff": 2.1105767445040726,
        "length": 119.11832942994076
      }
    },
    {
      "geometry": {
        "type": "LineString",
        "coordinates": [
          [
            90.5387947,
            23.8061283
          ],
          [
            90.5406336,
            23.8068205
          ]
        ]
      },
      "type": "Feature",
      "properties": {
        "name": null,
        "type": "secondary",
        "slope": 67.63633911871452,
        "sun_diff": 2.971367878500729,
        "length": 202.35668937754124
      }
    },
    {
      "geometry": {
        "type": "LineString",
        "coordinates": [
          [
            90.5382625,
            23.7698298
          ],
          [
            90.5418084,
            23.7712879
          ]
        ]
      },
      "type": "Feature",
      "properties": {
        "name": null,
        "type": "unclassified",
        "slope": 65.80430778422007,
        "sun_diff": 1.1393365440062837,
        "length": 395.71358598483295
      }
    },
    {
      "geometry": {
        "type": "LineString",
        "coordinates": [
          [
            90.528662,
            23.7575018
          ],
          [
            90.5303142,
            23.7582089
          ]
        ]
      },
      "type": "Feature",
      "properties": {
        "name": null,
        "type": "unclassified",
        "slope": 64.93909845639965,
        "sun_diff": 0.27412721618586033,
        "length": 185.6804773386026
      }
    },
    {
      "geometry": {
        "type": "LineString",
        "coordinates": [
          [
            90.5336616,
            23.7587391
          ],
          [
            90.5347774,
            23.7591712
          ]
        ]
      },
      "type": "Feature",
      "properties": {
        "name": null,
        "type": "unclassified",
        "slope": 67.0659936229871,
        "sun_diff": 2.4010223827733057,
        "length": 123.34129218923572
      }
    },
    {
      "geometry": {
        "type": "LineString",
        "coordinates": [
          [
            90.3828311,
            23.7989917
          ],
          [
            90.3842035,
            23.798391
          ]
        ]
      },
      "type": "Feature",
      "properties": {
        "name": null,
        "type": "residential",
        "slope": 115.56534425146572,
        "sun_diff": 0.23097483230550608,
        "length": 154.8306198164312
      }
    },
    {
      "geometry": {
        "type": "LineString",
        "coordinates": [
          [
            90.3071601,
            23.9283695
          ],
          [
            90.3083062,
            23.9288023
          ]
        ]
      },
      "type": "Feature",
      "properties": {
        "name": null,
        "type": "unclassified",
        "slope": 67.55264088080673,
        "sun_diff": 2.9068761325390255,
        "length": 126.07647288145562
      }
    },
    {
      "geometry": {
        "type": "LineString",
        "coordinates": [
          [
            90.3516607,
            23.7772087
          ],
          [
            90.3507511,
            23.7768044
          ]
        ]
      },
      "type": "Feature",
      "properties": {
        "name": null,
        "type": "residential",
        "slope": 64.0938570579205,
        "sun_diff": 0.5711141822932859,
        "length": 102.93052653347782
      }
    },
    {
      "geometry": {
        "type": "LineString",
        "coordinates": [
          [
            90.3509177,
            23.7759824
          ],
          [
            90.3520999,
            23.7765425
          ]
        ]
      },
      "type": "Feature",
      "properties": {
        "name": null,
        "type": "residential",
        "slope": 62.628528821948635,
        "sun_diff": 2.0364424182651533,
        "length": 135.50602877290422
      }
    },
    {
      "geometry": {
        "type": "LineString",
        "coordinates": [
          [
            90.3459915,
            23.7567762
          ],
          [
            90.3469505,
            23.7571764
          ]
        ]
      },
      "type": "Feature",
      "properties": {
        "name": null,
        "type": "residential",
        "slope": 65.48957078133532,
        "sun_diff": 0.824599541121529,
        "length": 107.29970851862721
      }
    },
    {
      "geometry": {
        "type": "LineString",
        "coordinates": [
          [
            90.5071865,
            23.6962062
          ],
          [
            90.5081465,
            23.6957542
          ]
        ]
      },
      "type": "Feature",
      "properties": {
        "name": null,
        "type": "residential",
        "slope": 117.21145130534939,
        "sun_diff": 1.8961927554868652,
        "length": 109.94640225913179
      }
    },
    {
      "geometry": {
        "type": "LineString",
        "coordinates": [
          [
            90.5081465,
            23.6957542
          ],
          [
            90.5091357,
            23.6953436
          ]
        ]
      },
      "type": "Feature",
      "properties": {
        "name": null,
        "type": "residential",
        "slope": 114.38469522294068,
        "sun_diff": 0.9305633269218418,
        "length": 110.62050633195352
      }
    },
    {
      "geometry": {
        "type": "LineString",
        "coordinates": [
          [
            90.4907547,
            23.7043182
          ],
          [
            90.4897407,
            23.7048016
          ]
        ]
      },
      "type": "Feature",
      "properties": {
        "name": null,
        "type": "residential",
        "slope": 117.50391882880768,
        "sun_diff": 2.1886602789451644,
        "length": 116.43027110189684
      }
    },
    {
      "geometry": {
        "type": "LineString",
        "coordinates": [
          [
            90.4897407,
            23.7048016
          ],
          [
            90.4887736,
            23.7051978
          ]
        ]
      },
      "type": "Feature",
      "properties": {
        "name": null,
        "type": "residential",
        "slope": 114.10516503070968,
        "sun_diff": 1.210093519152835,
        "length": 107.90386907809045
      }
    },
    {
      "geometry": {
        "type": "LineString",
        "coordinates": [
          [
            90.4984018,
            23.7104611
          ],
          [
            90.4993511,
            23.7108537
          ]
        ]
      },
      "type": "Feature",
      "properties": {
        "name": null,
        "type": "living_street",
        "slope": 65.69143592213996,
        "sun_diff": 1.0073674730068092,
        "length": 106.08241294116633
      }
    },
    {
      "geometry": {
        "type": "LineString",
        "coordinates": [
          [
            90.4514399,
            23.700012
          ],
          [
            90.4504303,
            23.6995993
          ]
        ]
      },
      "type": "Feature",
      "properties": {
        "name": null,
        "type": "residential",
        "slope": 65.94283032248336,
        "sun_diff": 1.2587618733502097,
        "length": 112.6081679407584
      }
    },
    {
      "geometry": {
        "type": "LineString",
        "coordinates": [
          [
            90.5033268,
            23.7202999
          ],
          [
            90.5014068,
            23.7195554
          ]
        ]
      },
      "type": "Feature",
      "properties": {
        "name": null,
        "type": "unclassified",
        "slope": 67.0454622847655,
        "sun_diff": 2.361393835632356,
        "length": 212.334050397013
      }
    },
    {
      "geometry": {
        "type": "LineString",
        "coordinates": [
          [
            90.5027175,
            23.728223
          ],
          [
            90.5010304,
            23.7290406
          ]
        ]
      },
      "type": "Feature",
      "properties": {
        "name": null,
        "type": "living_street",
        "slope": 117.8955084639083,
        "sun_diff": 2.5802499140457797,
        "length": 194.37787139684633
      }
    },
    {
      "geometry": {
        "type": "LineString",
        "coordinates": [
          [
            90.4983946,
            23.7274832
          ],
          [
            90.4994595,
            23.7270351
          ]
        ]
      },
      "type": "Feature",
      "properties": {
        "name": null,
        "type": "residential",
        "slope": 114.68554593910883,
        "sun_diff": 0.6297126107536855,
        "length": 119.34266763744272
      }
    },
    {
      "geometry": {
        "type": "LineString",
        "coordinates": [
          [
            90.3518999,
            23.7768459
          ],
          [
            90.3507345,
            23.7762948
          ]
        ]
      },
      "type": "Feature",
      "properties": {
        "name": null,
        "type": "residential",
        "slope": 62.6726761262851,
        "sun_diff": 1.9922951139286909,
        "length": 133.52695907494126
      }
    },
    {
      "geometry": {
        "type": "LineString",
        "coordinates": [
          [
            90.4562799,
            23.6989401
          ],
          [
            90.4551437,
            23.6984144
          ]
        ]
      },
      "type": "Feature",
      "properties": {
        "name": "\u09a4\u09bf\u09a4\u09be\u09b8 \u0997\u09cd\u09af\u09be\u09b8 \u09b0\u09cb\u09a1",
        "type": "tertiary",
        "slope": 63.19289409830469,
        "sun_diff": 1.4911743508284587,
        "length": 129.65621881095896
      }
    },
    {
      "geometry": {
        "type": "LineString",
        "coordinates": [
          [
            90.4550861,
            23.6983877
          ],
          [
            90.4541799,
            23.6979951
          ]
        ]
      },
      "type": "Feature",
      "properties": {
        "name": "\u09a4\u09bf\u09a4\u09be\u09b8 \u0997\u09cd\u09af\u09be\u09b8 \u09b0\u09cb\u09a1",
        "type": "tertiary",
        "slope": 64.67958038926349,
        "sun_diff": 0.0044880598696579455,
        "length": 102.10618829232752
      }
    },
    {
      "geometry": {
        "type": "LineString",
        "coordinates": [
          [
            90.4523505,
            23.6972023
          ],
          [
            90.4507227,
            23.6965198
          ]
        ]
      },
      "type": "Feature",
      "properties": {
        "name": "\u09a4\u09bf\u09a4\u09be\u09b8 \u0997\u09cd\u09af\u09be\u09b8 \u09b0\u09cb\u09a1",
        "type": "tertiary",
        "slope": 65.3977597409189,
        "sun_diff": 0.7136912917857501,
        "length": 182.3473865681658
      }
    },
    {
      "geometry": {
        "type": "LineString",
        "coordinates": [
          [
            90.3265685,
            23.7350898
          ],
          [
            90.3250441,
            23.7344738
          ]
        ]
      },
      "type": "Feature",
      "properties": {
        "name": "Millenium City - Bosila New Road",
        "type": "tertiary",
        "slope": 66.18193450083376,
        "sun_diff": 1.497866051700612,
        "length": 169.66744145234554
      }
    },
    {
      "geometry": {
        "type": "LineString",
        "coordinates": [
          [
            90.4381395,
            23.794908
          ],
          [
            90.4390656,
            23.7952587
          ]
        ]
      },
      "type": "Feature",
      "properties": {
        "name": null,
        "type": "residential",
        "slope": 67.51698412139083,
        "sun_diff": 2.852012881177046,
        "length": 102.00672905125941
      }
    },
    {
      "geometry": {
        "type": "LineString",
        "coordinates": [
          [
            90.3724167,
            23.8769471
          ],
          [
            90.3715123,
            23.8773162
          ]
        ]
      },
      "type": "Feature",
      "properties": {
        "name": null,
        "type": "residential",
        "slope": 114.05187469826595,
        "sun_diff": 1.3017148732186854,
        "length": 100.73269956674072
      }
    },
    {
      "geometry": {
        "type": "LineString",
        "coordinates": [
          [
            90.3304097,
            23.7459193
          ],
          [
            90.3292344,
            23.7464605
          ]
        ]
      },
      "type": "Feature",
      "properties": {
        "name": null,
        "type": "residential",
        "slope": 116.7055924663353,
        "sun_diff": 1.3903202560944408,
        "length": 133.9493895050504
      }
    },
    {
      "geometry": {
        "type": "LineString",
        "coordinates": [
          [
            90.3292344,
            23.7464605
          ],
          [
            90.3273436,
            23.7472649
          ]
        ]
      },
      "type": "Feature",
      "properties": {
        "name": null,
        "type": "residential",
        "slope": 114.9281134229264,
        "sun_diff": 0.38715878731446196,
        "length": 212.28369140005302
      }
    },
    {
      "geometry": {
        "type": "LineString",
        "coordinates": [
          [
            90.3273436,
            23.7472649
          ],
          [
            90.3264435,
            23.7476509
          ]
        ]
      },
      "type": "Feature",
      "properties": {
        "name": null,
        "type": "residential",
        "slope": 115.10360739034064,
        "sun_diff": 0.21166481990022135,
        "length": 101.20003853922542
      }
    },
    {
      "geometry": {
        "type": "LineString",
        "coordinates": [
          [
            90.3305703,
            23.7462682
          ],
          [
            90.3294121,
            23.7467653
          ]
        ]
      },
      "type": "Feature",
      "properties": {
        "name": null,
        "type": "residential",
        "slope": 115.12189447702033,
        "sun_diff": 0.19337773322052954,
        "length": 130.23914928698707
      }
    },
    {
      "geometry": {
        "type": "LineString",
        "coordinates": [
          [
            90.3297403,
            23.7473962
          ],
          [
            90.3308798,
            23.7469028
          ]
        ]
      },
      "type": "Feature",
      "properties": {
        "name": null,
        "type": "residential",
        "slope": 115.31641529763289,
        "sun_diff": 0.0011430873920232898,
        "length": 128.34085621427374
      }
    },
    {
      "geometry": {
        "type": "LineString",
        "coordinates": [
          [
            90.329912,
            23.7477154
          ],
          [
            90.3310301,
            23.7472291
          ]
        ]
      },
      "type": "Feature",
      "properties": {
        "name": null,
        "type": "residential",
        "slope": 115.41548367158205,
        "sun_diff": 0.10021146134118908,
        "length": 126.03355654424031
      }
    },
    {
      "geometry": {
        "type": "LineString",
        "coordinates": [
          [
            90.3310301,
            23.7472291
          ],
          [
            90.3329458,
            23.7464325
          ]
        ]
      },
      "type": "Feature",
      "properties": {
        "name": null,
        "type": "residential",
        "slope": 114.43176473686532,
        "sun_diff": 0.8835074733755448,
        "length": 214.2250465002766
      }
    },
    {
      "geometry": {
        "type": "LineString",
        "coordinates": [
          [
            90.3295895,
            23.747097
          ],
          [
            90.3307488,
            23.7465909
          ]
        ]
      },
      "type": "Feature",
      "properties": {
        "name": null,
        "type": "residential",
        "slope": 115.49816078278641,
        "sun_diff": 0.1828885725455507,
        "length": 130.76810034194577
      }
    },
    {
      "geometry": {
        "type": "LineString",
        "coordinates": [
          [
            90.3330672,
            23.7467283
          ],
          [
            90.3313076,
            23.747492
          ]
        ]
      },
      "type": "Feature",
      "properties": {
        "name": null,
        "type": "residential",
        "slope": 115.36877645469727,
        "sun_diff": 0.05350424445640556,
        "length": 198.2678392674607
      }
    },
    {
      "geometry": {
        "type": "LineString",
        "coordinates": [
          [
            90.3313076,
            23.747492
          ],
          [
            90.3300676,
            23.7480444
          ]
        ]
      },
      "type": "Feature",
      "properties": {
        "name": null,
        "type": "residential",
        "slope": 115.95193810303365,
        "sun_diff": 0.6366658927927915,
        "length": 140.40464207630683
      }
    },
    {
      "geometry": {
        "type": "LineString",
        "coordinates": [
          [
            90.3561571,
            23.9449218
          ],
          [
            90.3572676,
            23.9453533
          ]
        ]
      },
      "type": "Feature",
      "properties": {
        "name": null,
        "type": "residential",
        "slope": 66.96695775208346,
        "sun_diff": 2.3211930038157504,
        "length": 122.66908476164794
      }
    },
    {
      "geometry": {
        "type": "LineString",
        "coordinates": [
          [
            90.3966719,
            23.9459894
          ],
          [
            90.3976653,
            23.9455372
          ]
        ]
      },
      "type": "Feature",
      "properties": {
        "name": null,
        "type": "living_street",
        "slope": 116.47663884930023,
        "sun_diff": 1.1230492778155963,
        "length": 112.8181917805726
      }
    },
    {
      "geometry": {
        "type": "LineString",
        "coordinates": [
          [
            90.5208171,
            23.6654001
          ],
          [
            90.5217286,
            23.6649578
          ]
        ]
      },
      "type": "Feature",
      "properties": {
        "name": null,
        "type": "service",
        "slope": 117.91444302633283,
        "sun_diff": 2.599184476470313,
        "length": 105.08729976805618
      }
    },
    {
      "geometry": {
        "type": "LineString",
        "coordinates": [
          [
            90.4072815,
            23.7623285
          ],
          [
            90.4083866,
            23.7628215
          ]
        ]
      },
      "type": "Feature",
      "properties": {
        "name": null,
        "type": "residential",
        "slope": 64.01364585854515,
        "sun_diff": 0.6513253816686415,
        "length": 125.15235996058841
      }
    },
    {
      "geometry": {
        "type": "LineString",
        "coordinates": [
          [
            90.499772,
            23.6609632
          ],
          [
            90.4988634,
            23.6614016
          ]
        ]
      },
      "type": "Feature",
      "properties": {
        "name": null,
        "type": "tertiary",
        "slope": 117.77962285757826,
        "sun_diff": 2.4643643077157407,
        "length": 104.62594127657583
      }
    },
    {
      "geometry": {
        "type": "LineString",
        "coordinates": [
          [
            90.4032218,
            23.6632848
          ],
          [
            90.404284,
            23.6636975
          ]
        ]
      },
      "type": "Feature",
      "properties": {
        "name": null,
        "type": "residential",
        "slope": 67.01327924680552,
        "sun_diff": 2.329210797672374,
        "length": 117.54807700135594
      }
    },
    {
      "geometry": {
        "type": "LineString",
        "coordinates": [
          [
            90.256151,
            23.7794591
          ],
          [
            90.2570575,
            23.7798469
          ]
        ]
      },
      "type": "Feature",
      "properties": {
        "name": null,
        "type": "residential",
        "slope": 64.94446344103974,
        "sun_diff": 0.27949220082595616,
        "length": 101.85439003663457
      }
    },
    {
      "geometry": {
        "type": "LineString",
        "coordinates": [
          [
            90.3494677,
            23.6643535
          ],
          [
            90.3482161,
            23.6648685
          ]
        ]
      },
      "type": "Feature",
      "properties": {
        "name": null,
        "type": "residential",
        "slope": 114.19206493960624,
        "sun_diff": 1.123207270634623,
        "length": 139.78506149110828
      }
    },
    {
      "geometry": {
        "type": "LineString",
        "coordinates": [
          [
            90.4386784,
            23.6645608
          ],
          [
            90.439651,
            23.6641574
          ]
        ]
      },
      "type": "Feature",
      "properties": {
        "name": null,
        "type": "residential",
        "slope": 114.3630293338195,
        "sun_diff": 0.9522292160430226,
        "length": 108.77148855799668
      }
    },
    {
      "geometry": {
        "type": "LineString",
        "coordinates": [
          [
            90.3392981,
            23.701884
          ],
          [
            90.3405127,
            23.7023468
          ]
        ]
      },
      "type": "Feature",
      "properties": {
        "name": null,
        "type": "unclassified",
        "slope": 67.40618182280201,
        "sun_diff": 2.7221133736688614,
        "length": 133.98703567713787
      }
    },
    {
      "geometry": {
        "type": "LineString",
        "coordinates": [
          [
            90.2980994,
            23.7657709
          ],
          [
            90.2971619,
            23.7653375
          ]
        ]
      },
      "type": "Feature",
      "properties": {
        "name": null,
        "type": "unclassified",
        "slope": 63.2004632974141,
        "sun_diff": 1.4645079427996848,
        "length": 106.91975781320008
      }
    },
    {
      "geometry": {
        "type": "LineString",
        "coordinates": [
          [
            90.2567062,
            23.7626323
          ],
          [
            90.2582887,
            23.7632411
          ]
        ]
      },
      "type": "Feature",
      "properties": {
        "name": null,
        "type": "residential",
        "slope": 67.20077891816771,
        "sun_diff": 2.535807677953926,
        "length": 174.75180231042586
      }
    },
    {
      "geometry": {
        "type": "LineString",
        "coordinates": [
          [
            90.3240216,
            23.664378
          ],
          [
            90.3225249,
            23.6637958
          ]
        ]
      },
      "type": "Feature",
      "properties": {
        "name": null,
        "type": "residential",
        "slope": 66.98909948756554,
        "sun_diff": 2.3050310384323893,
        "length": 165.66091538231288
      }
    },
    {
      "geometry": {
        "type": "LineString",
        "coordinates": [
          [
            90.3011638,
            23.6930074
          ],
          [
            90.3001389,
            23.6934885
          ]
        ]
      },
      "type": "Feature",
      "properties": {
        "name": null,
        "type": "residential",
        "slope": 117.14064793093641,
        "sun_diff": 1.825375720695547,
        "length": 117.30715849369237
      }
    },
    {
      "geometry": {
        "type": "LineString",
        "coordinates": [
          [
            90.3343036,
            23.7465802
          ],
          [
            90.3332143,
            23.7470996
          ]
        ]
      },
      "type": "Feature",
      "properties": {
        "name": null,
        "type": "tertiary",
        "slope": 117.51616951635049,
        "sun_diff": 2.200897306109624,
        "length": 125.04978600267036
      }
    },
    {
      "geometry": {
        "type": "LineString",
        "coordinates": [
          [
            90.3332143,
            23.7470996
          ],
          [
            90.3312121,
            23.7479889
          ]
        ]
      },
      "type": "Feature",
      "properties": {
        "name": null,
        "type": "tertiary",
        "slope": 115.88496347575852,
        "sun_diff": 0.5696912655176618,
        "length": 226.57979066760154
      }
    },
    {
      "geometry": {
        "type": "LineString",
        "coordinates": [
          [
            90.2939788,
            23.7008248
          ],
          [
            90.2929784,
            23.7004399
          ]
        ]
      },
      "type": "Feature",
      "properties": {
        "name": null,
        "type": "secondary",
        "slope": 67.20859990681657,
        "sun_diff": 2.5245314576834232,
        "length": 110.51839826018151
      }
    },
    {
      "geometry": {
        "type": "LineString",
        "coordinates": [
          [
            90.3282139,
            23.7464786
          ],
          [
            90.3271741,
            23.7469386
          ]
        ]
      },
      "type": "Feature",
      "properties": {
        "name": null,
        "type": "residential",
        "slope": 115.79510396252081,
        "sun_diff": 0.47983175227994934,
        "length": 117.58085018204235
      }
    },
    {
      "geometry": {
        "type": "LineString",
        "coordinates": [
          [
            90.3271741,
            23.7469386
          ],
          [
            90.3254866,
            23.74768
          ]
        ]
      },
      "type": "Feature",
      "properties": {
        "name": null,
        "type": "residential",
        "slope": 115.6405383247639,
        "sun_diff": 0.325266114523032,
        "length": 190.57423227482153
      }
    },
    {
      "geometry": {
        "type": "LineString",
        "coordinates": [
          [
            90.327015,
            23.746615
          ],
          [
            90.3257308,
            23.7471926
          ]
        ]
      },
      "type": "Feature",
      "properties": {
        "name": null,
        "type": "residential",
        "slope": 116.16851459239416,
        "sun_diff": 0.8532423821532973,
        "length": 145.67939507897526
      }
    },
    {
      "geometry": {
        "type": "LineString",
        "coordinates": [
          [
            90.3278006,
            23.7458735
          ],
          [
            90.3268291,
            23.7462903
          ]
        ]
      },
      "type": "Feature",
      "properties": {
        "name": null,
        "type": "residential",
        "slope": 115.11292574218984,
        "sun_diff": 0.20234646805101875,
        "length": 109.23715964060598
      }
    },
    {
      "geometry": {
        "type": "LineString",
        "coordinates": [
          [
            90.3257986,
            23.7483742
          ],
          [
            90.3274875,
            23.7476073
          ]
        ]
      },
      "type": "Feature",
      "properties": {
        "name": null,
        "type": "residential",
        "slope": 116.38541539906907,
        "sun_diff": 1.0701431888282116,
        "length": 191.94550592284207
      }
    },
    {
      "geometry": {
        "type": "LineString",
        "coordinates": [
          [
            90.3298232,
            23.6711435
          ],
          [
            90.3309953,
            23.6706842
          ]
        ]
      },
      "type": "Feature",
      "properties": {
        "name": null,
        "type": "living_street",
        "slope": 113.1640086566471,
        "sun_diff": 2.1512635535937648,
        "length": 129.87392505718375
      }
    },
    {
      "geometry": {
        "type": "LineString",
        "coordinates": [
          [
            90.3306708,
            23.7210485
          ],
          [
            90.3294457,
            23.7205666
          ]
        ]
      },
      "type": "Feature",
      "properties": {
        "name": null,
        "type": "residential",
        "slope": 66.74905109142898,
        "sun_diff": 2.0649826422958313,
        "length": 135.78300460125365
      }
    },
    {
      "geometry": {
        "type": "LineString",
        "coordinates": [
          [
            90.2972692,
            23.6713327
          ],
          [
            90.2989644,
            23.6705122
          ]
        ]
      },
      "type": "Feature",
      "properties": {
        "name": null,
        "type": "residential",
        "slope": 117.85531434931028,
        "sun_diff": 2.5400421390694135,
        "length": 195.32525813135274
      }
    },
    {
      "geometry": {
        "type": "LineString",
        "coordinates": [
          [
            90.2989644,
            23.6705122
          ],
          [
            90.3007024,
            23.6696966
          ]
        ]
      },
      "type": "Feature",
      "properties": {
        "name": null,
        "type": "residential",
        "slope": 117.12964301289375,
        "sun_diff": 1.8143708026528884,
        "length": 198.94243579860873
      }
    },
    {
      "geometry": {
        "type": "LineString",
        "coordinates": [
          [
            90.2989161,
            23.6723571
          ],
          [
            90.2998307,
            23.6719566
          ]
        ]
      },
      "type": "Feature",
      "properties": {
        "name": null,
        "type": "residential",
        "slope": 115.55368831550987,
        "sun_diff": 0.23841610526901036,
        "length": 103.27299041011136
      }
    },
    {
      "geometry": {
        "type": "LineString",
        "coordinates": [
          [
            90.3665781,
            23.6816451
          ],
          [
            90.3655994,
            23.681179
          ]
        ]
      },
      "type": "Feature",
      "properties": {
        "name": null,
        "type": "living_street",
        "slope": 62.52405078457775,
        "sun_diff": 2.1600176645553972,
        "length": 112.36849323808696
      }
    },
    {
      "geometry": {
        "type": "LineString",
        "coordinates": [
          [
            90.3138895,
            23.6667782
          ],
          [
            90.3148243,
            23.667154
          ]
        ]
      },
      "type": "Feature",
      "properties": {
        "name": null,
        "type": "living_street",
        "slope": 66.301979230845,
        "sun_diff": 1.6179107817118563,
        "length": 104.00234514724166
      }
    },
    {
      "geometry": {
        "type": "LineString",
        "coordinates": [
          [
            90.315122,
            23.6666455
          ],
          [
            90.3160242,
            23.6670291
          ]
        ]
      },
      "type": "Feature",
      "properties": {
        "name": null,
        "type": "living_street",
        "slope": 65.09798426827865,
        "sun_diff": 0.413915819145501,
        "length": 101.33242967789906
      }
    },
    {
      "geometry": {
        "type": "LineString",
        "coordinates": [
          [
            90.3330598,
            23.6747475
          ],
          [
            90.3321518,
            23.6751365
          ]
        ]
      },
      "type": "Feature",
      "properties": {
        "name": "Samad Master Road",
        "type": "tertiary",
        "slope": 115.06945286580103,
        "sun_diff": 0.24581934443983755,
        "length": 102.1165137888388
      }
    },
    {
      "geometry": {
        "type": "LineString",
        "coordinates": [
          [
            90.3286984,
            23.6775011
          ],
          [
            90.3277058,
            23.6779635
          ]
        ]
      },
      "type": "Feature",
      "properties": {
        "name": "Samad Master Road",
        "type": "tertiary",
        "slope": 116.96100419429652,
        "sun_diff": 1.645731984055658,
        "length": 113.44191784583724
      }
    },
    {
      "geometry": {
        "type": "LineString",
        "coordinates": [
          [
            90.335379,
            23.7298453
          ],
          [
            90.3340798,
            23.7303426
          ]
        ]
      },
      "type": "Feature",
      "properties": {
        "name": "Ati Bazar - Kholamora Road",
        "type": "secondary",
        "slope": 112.69111190326305,
        "sun_diff": 2.6241603069778137,
        "length": 143.39036216391438
      }
    },
    {
      "geometry": {
        "type": "LineString",
        "coordinates": [
          [
            90.3328218,
            23.7432036
          ],
          [
            90.3342373,
            23.7438824
          ]
        ]
      },
      "type": "Feature",
      "properties": {
        "name": null,
        "type": "unclassified",
        "slope": 62.35026872031008,
        "sun_diff": 2.3337997288230667,
        "length": 162.69909380537953
      }
    },
    {
      "geometry": {
        "type": "LineString",
        "coordinates": [
          [
            90.3333176,
            23.7405286
          ],
          [
            90.3342331,
            23.7408837
          ]
        ]
      },
      "type": "Feature",
      "properties": {
        "name": null,
        "type": "unclassified",
        "slope": 67.03598905945327,
        "sun_diff": 2.3519206103201213,
        "length": 101.23662742329142
      }
    },
    {
      "geometry": {
        "type": "LineString",
        "coordinates": [
          [
            90.3709779,
            23.6977028
          ],
          [
            90.3697924,
            23.6971969
          ]
        ]
      },
      "type": "Feature",
      "properties": {
        "name": null,
        "type": "residential",
        "slope": 65.01284399650882,
        "sun_diff": 0.3287755473756704,
        "length": 133.21276907272178
      }
    },
    {
      "geometry": {
        "type": "LineString",
        "coordinates": [
          [
            90.341818,
            23.7277453
          ],
          [
            90.3427649,
            23.7281946
          ]
        ]
      },
      "type": "Feature",
      "properties": {
        "name": null,
        "type": "residential",
        "slope": 62.601780879876,
        "sun_diff": 2.082287569257147,
        "length": 108.60202577254897
      }
    },
    {
      "geometry": {
        "type": "LineString",
        "coordinates": [
          [
            90.5285414,
            23.7132689
          ],
          [
            90.5294388,
            23.7136355
          ]
        ]
      },
      "type": "Feature",
      "properties": {
        "name": null,
        "type": "residential",
        "slope": 65.95422224426238,
        "sun_diff": 1.2701537951292323,
        "length": 100.07427251876352
      }
    },
    {
      "geometry": {
        "type": "LineString",
        "coordinates": [
          [
            90.2641734,
            23.8012434
          ],
          [
            90.265198,
            23.8007697
          ]
        ]
      },
      "type": "Feature",
      "properties": {
        "name": "Jorpul to Bepari Para road",
        "type": "unclassified",
        "slope": 116.80748890322184,
        "sun_diff": 1.4731194840616268,
        "length": 116.82965124757258
      }
    },
    {
      "geometry": {
        "type": "LineString",
        "coordinates": [
          [
            90.2709621,
            23.7948786
          ],
          [
            90.2700207,
            23.7952638
          ]
        ]
      },
      "type": "Feature",
      "properties": {
        "name": "Joynabari Road",
        "type": "residential",
        "slope": 114.09382502645255,
        "sun_diff": 1.2405443927076618,
        "length": 104.95447794095794
      }
    },
    {
      "geometry": {
        "type": "LineString",
        "coordinates": [
          [
            90.2615288,
            23.7845569
          ],
          [
            90.2625953,
            23.7849972
          ]
        ]
      },
      "type": "Feature",
      "properties": {
        "name": null,
        "type": "residential",
        "slope": 65.71675327301199,
        "sun_diff": 1.0517820327982008,
        "length": 119.0877103660428
      }
    },
    {
      "geometry": {
        "type": "LineString",
        "coordinates": [
          [
            90.259098,
            23.785901
          ],
          [
            90.2606276,
            23.7865302
          ]
        ]
      },
      "type": "Feature",
      "properties": {
        "name": null,
        "type": "secondary",
        "slope": 65.79439668474635,
        "sun_diff": 1.1294254445325578,
        "length": 170.69235060116296
      }
    },
    {
      "geometry": {
        "type": "LineString",
        "coordinates": [
          [
            90.3645872,
            23.7589006
          ],
          [
            90.3657327,
            23.7594273
          ]
        ]
      },
      "type": "Feature",
      "properties": {
        "name": "\u0986\u09b8\u09be\u09a6 \u098f\u09ad\u09bf\u09a8\u09bf\u0989",
        "type": "secondary",
        "slope": 63.326044981037796,
        "sun_diff": 1.3389262591759916,
        "length": 130.50383293359326
      }
    },
    {
      "geometry": {
        "type": "LineString",
        "coordinates": [
          [
            90.4209652,
            23.7313415
          ],
          [
            90.4196232,
            23.7307363
          ]
        ]
      },
      "type": "Feature",
      "properties": {
        "name": "\u09a1\u09be\u09b2\u09be\u09b8\u09c7\u09b0 \u0997\u09b2\u09bf",
        "type": "residential",
        "slope": 63.77415608042418,
        "sun_diff": 0.909912368708973,
        "length": 152.329861485364
      }
    },
    {
      "geometry": {
        "type": "LineString",
        "coordinates": [
          [
            90.299883,
            23.8106986
          ],
          [
            90.2988262,
            23.810295
          ]
        ]
      },
      "type": "Feature",
      "properties": {
        "name": null,
        "type": "residential",
        "slope": 67.34254287780317,
        "sun_diff": 2.6775716375893808,
        "length": 116.53650335217175
      }
    },
    {
      "geometry": {
        "type": "LineString",
        "coordinates": [
          [
            90.2954882,
            23.8425391
          ],
          [
            90.2965874,
            23.8430188
          ]
        ]
      },
      "type": "Feature",
      "properties": {
        "name": null,
        "type": "unclassified",
        "slope": 64.49287823306707,
        "sun_diff": 0.17209300714671372,
        "length": 123.90651755323373
      }
    },
    {
      "geometry": {
        "type": "LineString",
        "coordinates": [
          [
            90.270684,
            23.9069221
          ],
          [
            90.2718384,
            23.9074586
          ]
        ]
      },
      "type": "Feature",
      "properties": {
        "name": null,
        "type": "service",
        "slope": 63.05302428879912,
        "sun_diff": 1.5927404594685868,
        "length": 131.6845045195449
      }
    },
    {
      "geometry": {
        "type": "LineString",
        "coordinates": [
          [
            90.276129,
            23.954659
          ],
          [
            90.2773033,
            23.9552144
          ]
        ]
      },
      "type": "Feature",
      "properties": {
        "name": null,
        "type": "unclassified",
        "slope": 62.63653335229844,
        "sun_diff": 1.9898883002398122,
        "length": 134.40521938314572
      }
    },
    {
      "geometry": {
        "type": "LineString",
        "coordinates": [
          [
            90.2868301,
            23.8428433
          ],
          [
            90.2879029,
            23.8432997
          ]
        ]
      },
      "type": "Feature",
      "properties": {
        "name": null,
        "type": "residential",
        "slope": 65.05567678634841,
        "sun_diff": 0.39070554613462605,
        "length": 120.37199854446848
      }
    },
    {
      "geometry": {
        "type": "LineString",
        "coordinates": [
          [
            90.2695228,
            23.9623029
          ],
          [
            90.2706188,
            23.9627935
          ]
        ]
      },
      "type": "Feature",
      "properties": {
        "name": null,
        "type": "unclassified",
        "slope": 63.902167421747095,
        "sun_diff": 0.7242542307911606,
        "length": 124.04818157521615
      }
    },
    {
      "geometry": {
        "type": "LineString",
        "coordinates": [
          [
            90.2706188,
            23.9627935
          ],
          [
            90.2716293,
            23.9632831
          ]
        ]
      },
      "type": "Feature",
      "properties": {
        "name": null,
        "type": "unclassified",
        "slope": 62.06684235842681,
        "sun_diff": 2.559579294111444,
        "length": 116.2540985035849
      }
    },
    {
      "geometry": {
        "type": "LineString",
        "coordinates": [
          [
            90.2716293,
            23.9632831
          ],
          [
            90.2728722,
            23.9638352
          ]
        ]
      },
      "type": "Feature",
      "properties": {
        "name": null,
        "type": "unclassified",
        "slope": 64.07541470138855,
        "sun_diff": 0.5510069511497022,
        "length": 140.46619153810565
      }
    },
    {
      "geometry": {
        "type": "LineString",
        "coordinates": [
          [
            90.4448691,
            23.7051128
          ],
          [
            90.4458383,
            23.7046793
          ]
        ]
      },
      "type": "Feature",
      "properties": {
        "name": null,
        "type": "residential",
        "slope": 116.03505264974868,
        "sun_diff": 0.7197940998861583,
        "length": 109.85593179833609
      }
    },
    {
      "geometry": {
        "type": "LineString",
        "coordinates": [
          [
            90.4458383,
            23.7046793
          ],
          [
            90.4468194,
            23.7042284
          ]
        ]
      },
      "type": "Feature",
      "properties": {
        "name": null,
        "type": "residential",
        "slope": 116.6535746834783,
        "sun_diff": 1.338316133615777,
        "length": 111.80121353227322
      }
    },
    {
      "geometry": {
        "type": "LineString",
        "coordinates": [
          [
            90.451662,
            23.7020522
          ],
          [
            90.4506096,
            23.7025563
          ]
        ]
      },
      "type": "Feature",
      "properties": {
        "name": "\u09a2\u09be\u0995\u09be\u2013\u0995\u09c1\u09ae\u09bf\u09b2\u09cd\u09b2\u09be \u09ae\u09b9\u09be\u09b8\u09a1\u09bc\u0995",
        "type": "trunk",
        "slope": 117.61537572094437,
        "sun_diff": 2.300117171081851,
        "length": 120.9642952410283
      }
    },
    {
      "geometry": {
        "type": "LineString",
        "coordinates": [
          [
            90.4506096,
            23.7025563
          ],
          [
            90.4486516,
            23.7034942
          ]
        ]
      },
      "type": "Feature",
      "properties": {
        "name": "\u09a2\u09be\u0995\u09be\u2013\u0995\u09c1\u09ae\u09bf\u09b2\u09cd\u09b2\u09be \u09ae\u09b9\u09be\u09b8\u09a1\u09bc\u0995",
        "type": "trunk",
        "slope": 117.61597782122155,
        "sun_diff": 2.3007192713590285,
        "length": 225.05511122656202
      }
    },
    {
      "geometry": {
        "type": "LineString",
        "coordinates": [
          [
            90.2601153,
            23.9355891
          ],
          [
            90.2610218,
            23.9359495
          ]
        ]
      },
      "type": "Feature",
      "properties": {
        "name": null,
        "type": "residential",
        "slope": 66.49184174309778,
        "sun_diff": 1.8460769948300708,
        "length": 100.4996860461527
      }
    },
    {
      "geometry": {
        "type": "LineString",
        "coordinates": [
          [
            90.3397974,
            23.851402
          ],
          [
            90.3408027,
            23.8509639
          ]
        ]
      },
      "type": "Feature",
      "properties": {
        "name": "Birulia-Akran Road",
        "type": "trunk",
        "slope": 115.47694404148501,
        "sun_diff": 0.12335447000037902,
        "length": 113.28598233460228
      }
    },
    {
      "geometry": {
        "type": "LineString",
        "coordinates": [
          [
            90.3378053,
            23.8522121
          ],
          [
            90.3397974,
            23.851402
          ]
        ]
      },
      "type": "Feature",
      "properties": {
        "name": "Birulia Bridge",
        "type": "trunk",
        "slope": 113.9713092546499,
        "sun_diff": 1.3822803168347377,
        "length": 221.7860695949086
      }
    },
    {
      "geometry": {
        "type": "LineString",
        "coordinates": [
          [
            90.3259501,
            23.7486784
          ],
          [
            90.3276507,
            23.7479168
          ]
        ]
      },
      "type": "Feature",
      "properties": {
        "name": null,
        "type": "residential",
        "slope": 116.07113291182336,
        "sun_diff": 0.7558607015824919,
        "length": 192.75315484544714
      }
    },
    {
      "geometry": {
        "type": "LineString",
        "coordinates": [
          [
            90.2793197,
            23.8635519
          ],
          [
            90.2784267,
            23.8631747
          ]
        ]
      },
      "type": "Feature",
      "properties": {
        "name": null,
        "type": "unclassified",
        "slope": 65.20869744821016,
        "sun_diff": 0.5629326999424507,
        "length": 100.05822592576996
      }
    },
    {
      "geometry": {
        "type": "LineString",
        "coordinates": [
          [
            90.2784267,
            23.8631747
          ],
          [
            90.2771607,
            23.8626204
          ]
        ]
      },
      "type": "Feature",
      "properties": {
        "name": null,
        "type": "unclassified",
        "slope": 64.41671242724544,
        "sun_diff": 0.22905232102226591,
        "length": 142.7775622134467
      }
    },
    {
      "geometry": {
        "type": "LineString",
        "coordinates": [
          [
            90.2822381,
            23.860869
          ],
          [
            90.2809077,
            23.8603023
          ]
        ]
      },
      "type": "Feature",
      "properties": {
        "name": null,
        "type": "residential",
        "slope": 65.02533904790107,
        "sun_diff": 0.37957429963336153,
        "length": 149.29236051787507
      }
    },
    {
      "geometry": {
        "type": "LineString",
        "coordinates": [
          [
            90.3489439,
            23.6525013
          ],
          [
            90.3477003,
            23.6530408
          ]
        ]
      },
      "type": "Feature",
      "properties": {
        "name": null,
        "type": "residential",
        "slope": 115.34261758188643,
        "sun_diff": 0.027345371645566274,
        "length": 140.19710218696386
      }
    },
    {
      "geometry": {
        "type": "LineString",
        "coordinates": [
          [
            90.343467,
            23.6542002
          ],
          [
            90.342051,
            23.6547687
          ]
        ]
      },
      "type": "Feature",
      "properties": {
        "name": null,
        "type": "residential",
        "slope": 113.66832100365917,
        "sun_diff": 1.64695120658169,
        "length": 157.51805546514095
      }
    },
    {
      "geometry": {
        "type": "LineString",
        "coordinates": [
          [
            90.3828162,
            23.8764299
          ],
          [
            90.3845242,
            23.8771808
          ]
        ]
      },
      "type": "Feature",
      "properties": {
        "name": "\u09b9\u09cd\u09b0\u09a6\u09c7\u09b0 \u09aa\u09be\u09b0\u09cd\u09b6\u09cd\u09ac\u09ac\u09b0\u09cd\u09a4\u09c0 \u09b0\u09be\u09b8\u09cd\u09a4\u09be",
        "type": "residential",
        "slope": 64.32245696112065,
        "sun_diff": 0.32330778714705843,
        "length": 192.7568564749121
      }
    },
    {
      "geometry": {
        "type": "LineString",
        "coordinates": [
          [
            90.5106598,
            23.8716212
          ],
          [
            90.5093883,
            23.8722097
          ]
        ]
      },
      "type": "Feature",
      "properties": {
        "name": null,
        "type": "residential",
        "slope": 116.84575957106196,
        "sun_diff": 1.492169999577328,
        "length": 144.95191847149815
      }
    },
    {
      "geometry": {
        "type": "LineString",
        "coordinates": [
          [
            90.5091259,
            23.8717796
          ],
          [
            90.5106604,
            23.8710502
          ]
        ]
      },
      "type": "Feature",
      "properties": {
        "name": null,
        "type": "residential",
        "slope": 117.46533351293857,
        "sun_diff": 2.1117439414539376,
        "length": 175.90801453016064
      }
    },
    {
      "geometry": {
        "type": "LineString",
        "coordinates": [
          [
            90.5096202,
            23.8726239
          ],
          [
            90.5106437,
            23.8721816
          ]
        ]
      },
      "type": "Feature",
      "properties": {
        "name": null,
        "type": "residential",
        "slope": 115.29415151194954,
        "sun_diff": 0.059438059535096954,
        "length": 115.14357635039475
      }
    },
    {
      "geometry": {
        "type": "LineString",
        "coordinates": [
          [
            90.4220675,
            23.8179818
          ],
          [
            90.4229793,
            23.8183724
          ]
        ]
      },
      "type": "Feature",
      "properties": {
        "name": "Road # 7",
        "type": "unclassified",
        "slope": 64.90792906701452,
        "sun_diff": 0.2429578268007333,
        "length": 102.45008272454857
      }
    },
    {
      "geometry": {
        "type": "LineString",
        "coordinates": [
          [
            90.3343036,
            23.7465802
          ],
          [
            90.3352842,
            23.7462099
          ]
        ]
      },
      "type": "Feature",
      "properties": {
        "name": null,
        "type": "tertiary",
        "slope": 112.41876694818984,
        "sun_diff": 2.896505262051022,
        "length": 108.00013917817543
      }
    },
    {
      "geometry": {
        "type": "LineString",
        "coordinates": [
          [
            90.3367084,
            23.655519
          ],
          [
            90.3344017,
            23.6564133
          ]
        ]
      },
      "type": "Feature",
      "properties": {
        "name": null,
        "type": "unclassified",
        "slope": 112.94121174440357,
        "sun_diff": 2.374060465837289,
        "length": 255.19904744498393
      }
    },
    {
      "geometry": {
        "type": "LineString",
        "coordinates": [
          [
            90.3344017,
            23.6564133
          ],
          [
            90.3324223,
            23.6571626
          ]
        ]
      },
      "type": "Feature",
      "properties": {
        "name": null,
        "type": "unclassified",
        "slope": 112.4543251346582,
        "sun_diff": 2.860947075582658,
        "length": 218.21027054653294
      }
    },
    {
      "geometry": {
        "type": "LineString",
        "coordinates": [
          [
            90.3779608,
            23.6527366
          ],
          [
            90.3788955,
            23.6523509
          ]
        ]
      },
      "type": "Feature",
      "properties": {
        "name": null,
        "type": "living_street",
        "slope": 114.25100928751817,
        "sun_diff": 1.0642492623443474,
        "length": 104.45007882737991
      }
    },
    {
      "geometry": {
        "type": "LineString",
        "coordinates": [
          [
            90.3788955,
            23.6523509
          ],
          [
            90.3800556,
            23.6519062
          ]
        ]
      },
      "type": "Feature",
      "properties": {
        "name": null,
        "type": "living_street",
        "slope": 112.70841398166198,
        "sun_diff": 2.606844568200543,
        "length": 128.13087050324006
      }
    },
    {
      "geometry": {
        "type": "LineString",
        "coordinates": [
          [
            90.3278437,
            23.6743272
          ],
          [
            90.3268513,
            23.6747693
          ]
        ]
      },
      "type": "Feature",
      "properties": {
        "name": null,
        "type": "residential",
        "slope": 115.93936877985828,
        "sun_diff": 0.6240965696174214,
        "length": 112.4201013681206
      }
    },
    {
      "geometry": {
        "type": "LineString",
        "coordinates": [
          [
            90.3295094,
            23.6674464
          ],
          [
            90.3285813,
            23.6678198
          ]
        ]
      },
      "type": "Feature",
      "properties": {
        "name": null,
        "type": "residential",
        "slope": 113.71471196376129,
        "sun_diff": 1.6005602464795743,
        "length": 103.26961068056409
      }
    },
    {
      "geometry": {
        "type": "LineString",
        "coordinates": [
          [
            90.3640509,
            23.728334
          ],
          [
            90.3656821,
            23.7289641
          ]
        ]
      },
      "type": "Feature",
      "properties": {
        "name": "Mahadi Nagar Road",
        "type": "residential",
        "slope": 67.12258102478452,
        "sun_diff": 2.438512575651373,
        "length": 180.28064906074624
      }
    },
    {
      "geometry": {
        "type": "LineString",
        "coordinates": [
          [
            90.4172556,
            23.8866444
          ],
          [
            90.4181902,
            23.8870198
          ]
        ]
      },
      "type": "Feature",
      "properties": {
        "name": null,
        "type": "unclassified",
        "slope": 66.28426875064693,
        "sun_diff": 1.6385040023792214,
        "length": 103.81853947817118
      }
    },
    {
      "geometry": {
        "type": "LineString",
        "coordinates": [
          [
            90.4689719,
            23.6937434
          ],
          [
            90.4676592,
            23.6943779
          ]
        ]
      },
      "type": "Feature",
      "properties": {
        "name": "\u09a2\u09be\u0995\u09be\u2013\u0995\u09c1\u09ae\u09bf\u09b2\u09cd\u09b2\u09be \u09ae\u09b9\u09be\u09b8\u09a1\u09bc\u0995",
        "type": "trunk",
        "slope": 117.82741113426306,
        "sun_diff": 2.512152584400539,
        "length": 151.18676990781623
      }
    },
    {
      "geometry": {
        "type": "LineString",
        "coordinates": [
          [
            90.465419,
            23.6954331
          ],
          [
            90.4642394,
            23.6959965
          ]
        ]
      },
      "type": "Feature",
      "properties": {
        "name": "\u09a2\u09be\u0995\u09be\u2013\u0995\u09c1\u09ae\u09bf\u09b2\u09cd\u09b2\u09be \u09ae\u09b9\u09be\u09b8\u09a1\u09bc\u0995",
        "type": "trunk",
        "slope": 117.54631287361036,
        "sun_diff": 2.2310543237478413,
        "length": 135.50632845492473
      }
    },
    {
      "geometry": {
        "type": "LineString",
        "coordinates": [
          [
            90.4642394,
            23.6959965
          ],
          [
            90.4631226,
            23.696524
          ]
        ]
      },
      "type": "Feature",
      "properties": {
        "name": "\u09a2\u09be\u0995\u09be\u2013\u0995\u09c1\u09ae\u09bf\u09b2\u09cd\u09b2\u09be \u09ae\u09b9\u09be\u09b8\u09a1\u09bc\u0995",
        "type": "trunk",
        "slope": 117.28568788811867,
        "sun_diff": 1.970429338256153,
        "length": 127.98931516340896
      }
    },
    {
      "geometry": {
        "type": "LineString",
        "coordinates": [
          [
            90.4620427,
            23.697039
          ],
          [
            90.4606996,
            23.6976916
          ]
        ]
      },
      "type": "Feature",
      "properties": {
        "name": "\u09a2\u09be\u0995\u09be\u2013\u0995\u09c1\u09ae\u09bf\u09b2\u09cd\u09b2\u09be \u09ae\u09b9\u09be\u09b8\u09a1\u09bc\u0995",
        "type": "trunk",
        "slope": 117.95196861173045,
        "sun_diff": 2.63671006186793,
        "length": 154.86216406112203
      }
    },
    {
      "geometry": {
        "type": "LineString",
        "coordinates": [
          [
            90.4602389,
            23.697938
          ],
          [
            90.4592827,
            23.6983985
          ]
        ]
      },
      "type": "Feature",
      "properties": {
        "name": "\u09a2\u09be\u0995\u09be\u2013\u0995\u09c1\u09ae\u09bf\u09b2\u09cd\u09b2\u09be \u09ae\u09b9\u09be\u09b8\u09a1\u09bc\u0995",
        "type": "trunk",
        "slope": 117.74188890269141,
        "sun_diff": 2.4266303528288944,
        "length": 110.03779560419504
      }
    },
    {
      "geometry": {
        "type": "LineString",
        "coordinates": [
          [
            90.4559139,
            23.6999826
          ],
          [
            90.4547579,
            23.7005426
          ]
        ]
      },
      "type": "Feature",
      "properties": {
        "name": "\u09a2\u09be\u0995\u09be\u2013\u0995\u09c1\u09ae\u09bf\u09b2\u09cd\u09b2\u09be \u09ae\u09b9\u09be\u09b8\u09a1\u09bc\u0995",
        "type": "trunk",
        "slope": 117.88106814903861,
        "sun_diff": 2.5658095991760916,
        "length": 133.1988447589661
      }
    },
    {
      "geometry": {
        "type": "LineString",
        "coordinates": [
          [
            90.5667746,
            23.6606688
          ],
          [
            90.5679845,
            23.660124
          ]
        ]
      },
      "type": "Feature",
      "properties": {
        "name": "\u09a2\u09be\u0995\u09be\u2013\u0995\u09c1\u09ae\u09bf\u09b2\u09cd\u09b2\u09be \u09ae\u09b9\u09be\u09b8\u09a1\u09bc\u0995",
        "type": "trunk",
        "slope": 116.17913458103973,
        "sun_diff": 0.8638760311772131,
        "length": 137.3544571392085
      }
    },
    {
      "geometry": {
        "type": "LineString",
        "coordinates": [
          [
            90.568226,
            23.6599142
          ],
          [
            90.5671852,
            23.6603663
          ]
        ]
      },
      "type": "Feature",
      "properties": {
        "name": "\u09a2\u09be\u0995\u09be\u2013\u0995\u09c1\u09ae\u09bf\u09b2\u09cd\u09b2\u09be \u09ae\u09b9\u09be\u09b8\u09a1\u09bc\u0995",
        "type": "trunk",
        "slope": 115.37227187809907,
        "sun_diff": 0.057013328236550365,
        "length": 117.35664655886997
      }
    },
    {
      "geometry": {
        "type": "LineString",
        "coordinates": [
          [
            90.5221971,
            23.7091286
          ],
          [
            90.5230834,
            23.7095535
          ]
        ]
      },
      "type": "Feature",
      "properties": {
        "name": null,
        "type": "living_street",
        "slope": 62.36330107181814,
        "sun_diff": 2.3207673773150077,
        "length": 101.8868903223939
      }
    },
    {
      "geometry": {
        "type": "LineString",
        "coordinates": [
          [
            90.4301571,
            23.7648114
          ],
          [
            90.4314232,
            23.7643233
          ]
        ]
      },
      "type": "Feature",
      "properties": {
        "name": null,
        "type": "residential",
        "slope": 112.84230384111922,
        "sun_diff": 2.492065578040993,
        "length": 139.8550651760389
      }
    },
    {
      "geometry": {
        "type": "LineString",
        "coordinates": [
          [
            90.3876879,
            23.8917932
          ],
          [
            90.386792,
            23.8914182
          ]
        ]
      },
      "type": "Feature",
      "properties": {
        "name": null,
        "type": "residential",
        "slope": 65.40167946926758,
        "sun_diff": 0.7559147209998685,
        "length": 100.20594015522816
      }
    },
    {
      "geometry": {
        "type": "LineString",
        "coordinates": [
          [
            90.3842892,
            23.7994959
          ],
          [
            90.3832298,
            23.7999216
          ]
        ]
      },
      "type": "Feature",
      "properties": {
        "name": "\u09ae\u09bf\u09b0\u09aa\u09c1\u09b0 \u09e7\u09ea",
        "type": "primary",
        "slope": 113.71006783317532,
        "sun_diff": 1.6243015859848953,
        "length": 117.75574325308273
      }
    },
    {
      "geometry": {
        "type": "LineString",
        "coordinates": [
          [
            90.3456358,
            23.7580862
          ],
          [
            90.3473027,
            23.758852
          ]
        ]
      },
      "type": "Feature",
      "properties": {
        "name": null,
        "type": "residential",
        "slope": 63.34532096682298,
        "sun_diff": 1.3196502733908062,
        "length": 189.8744755313002
      }
    },
    {
      "geometry": {
        "type": "LineString",
        "coordinates": [
          [
            90.4019805,
            23.7340203
          ],
          [
            90.4010021,
            23.7344995
          ]
        ]
      },
      "type": "Feature",
      "properties": {
        "name": "\u09ae\u09be\u0993\u09b2\u09be\u09a8\u09be \u09ad\u09be\u09b8\u09be\u09a8\u09c0 \u09b8\u09a1\u09bc\u0995",
        "type": "trunk",
        "slope": 118.14820775478802,
        "sun_diff": 2.832949204925498,
        "length": 112.98562620021715
      }
    },
    {
      "geometry": {
        "type": "LineString",
        "coordinates": [
          [
            90.4281151,
            23.7462215
          ],
          [
            90.4292407,
            23.7457634
          ]
        ]
      },
      "type": "Feature",
      "properties": {
        "name": "\u09ef \u09a8\u0982 \u09b0\u09cb\u09a1",
        "type": "residential",
        "slope": 113.97109236835362,
        "sun_diff": 1.3441661815088963,
        "length": 125.41807113723814
      }
    },
    {
      "geometry": {
        "type": "LineString",
        "coordinates": [
          [
            90.5411195,
            23.7755357
          ],
          [
            90.540149,
            23.775153
          ]
        ]
      },
      "type": "Feature",
      "properties": {
        "name": null,
        "type": "unclassified",
        "slope": 66.68871994125169,
        "sun_diff": 2.0237487010379027,
        "length": 107.56829386827073
      }
    },
    {
      "geometry": {
        "type": "LineString",
        "coordinates": [
          [
            90.5518342,
            23.7877658
          ],
          [
            90.5527872,
            23.787297
          ]
        ]
      },
      "type": "Feature",
      "properties": {
        "name": null,
        "type": "residential",
        "slope": 118.26198156678737,
        "sun_diff": 2.9276121476271584,
        "length": 110.12470336417772
      }
    },
    {
      "geometry": {
        "type": "LineString",
        "coordinates": [
          [
            90.5213088,
            23.7450266
          ],
          [
            90.5200589,
            23.7455275
          ]
        ]
      },
      "type": "Feature",
      "properties": {
        "name": "\u0995\u09c7\u09a8\u09be\u09b2 \u09aa\u09be\u09dc",
        "type": "residential",
        "slope": 113.64458774214503,
        "sun_diff": 1.6706708077174852,
        "length": 138.91894410944755
      }
    },
    {
      "geometry": {
        "type": "LineString",
        "coordinates": [
          [
            90.5200589,
            23.7455275
          ],
          [
            90.5179453,
            23.746333
          ]
        ]
      },
      "type": "Feature",
      "properties": {
        "name": "\u0995\u09c7\u09a8\u09be\u09b2 \u09aa\u09be\u09dc",
        "type": "residential",
        "slope": 112.60454570804092,
        "sun_diff": 2.7107128418216035,
        "length": 233.0988393916951
      }
    },
    {
      "geometry": {
        "type": "LineString",
        "coordinates": [
          [
            90.5263031,
            23.7449185
          ],
          [
            90.5273384,
            23.7444765
          ]
        ]
      },
      "type": "Feature",
      "properties": {
        "name": null,
        "type": "residential",
        "slope": 115.00486040366746,
        "sun_diff": 0.31039814619505535,
        "length": 116.30963511718842
      }
    },
    {
      "geometry": {
        "type": "LineString",
        "coordinates": [
          [
            90.3326233,
            23.784415
          ],
          [
            90.3306692,
            23.7852306
          ]
        ]
      },
      "type": "Feature",
      "properties": {
        "name": null,
        "type": "service",
        "slope": 114.51867786438137,
        "sun_diff": 0.8156915547788373,
        "length": 218.60603473431047
      }
    },
    {
      "geometry": {
        "type": "LineString",
        "coordinates": [
          [
            90.5281967,
            23.7414567
          ],
          [
            90.5292857,
            23.7418834
          ]
        ]
      },
      "type": "Feature",
      "properties": {
        "name": null,
        "type": "trunk",
        "slope": 66.82644940960304,
        "sun_diff": 2.142380960469893,
        "length": 120.60919108376223
      }
    },
    {
      "geometry": {
        "type": "LineString",
        "coordinates": [
          [
            90.5292857,
            23.7418834
          ],
          [
            90.530725,
            23.7424473
          ]
        ]
      },
      "type": "Feature",
      "properties": {
        "name": null,
        "type": "trunk",
        "slope": 66.82845932804594,
        "sun_diff": 2.1443908789127875,
        "length": 159.40268872141078
      }
    },
    {
      "geometry": {
        "type": "LineString",
        "coordinates": [
          [
            90.5312008,
            23.7426326
          ],
          [
            90.5326462,
            23.7432014
          ]
        ]
      },
      "type": "Feature",
      "properties": {
        "name": null,
        "type": "trunk",
        "slope": 66.73653191322501,
        "sun_diff": 2.0524634640918578,
        "length": 160.18755001828671
      }
    },
    {
      "geometry": {
        "type": "LineString",
        "coordinates": [
          [
            90.534199,
            23.7437571
          ],
          [
            90.535523,
            23.7443406
          ]
        ]
      },
      "type": "Feature",
      "properties": {
        "name": null,
        "type": "trunk",
        "slope": 64.29079365328195,
        "sun_diff": 0.3932747958511982,
        "length": 149.61306466879614
      }
    },
    {
      "geometry": {
        "type": "LineString",
        "coordinates": [
          [
            90.535523,
            23.7443406
          ],
          [
            90.537064,
            23.7449583
          ]
        ]
      },
      "type": "Feature",
      "properties": {
        "name": null,
        "type": "trunk",
        "slope": 66.35069575799528,
        "sun_diff": 1.6666273088621324,
        "length": 171.27996262654244
      }
    },
    {
      "geometry": {
        "type": "LineString",
        "coordinates": [
          [
            90.5374973,
            23.7451623
          ],
          [
            90.5385211,
            23.7456444
          ]
        ]
      },
      "type": "Feature",
      "properties": {
        "name": null,
        "type": "trunk",
        "slope": 62.776691776941334,
        "sun_diff": 1.9073766721918162,
        "length": 117.22121114724385
      }
    },
    {
      "geometry": {
        "type": "LineString",
        "coordinates": [
          [
            90.4976212,
            23.9348227
          ],
          [
            90.5002719,
            23.9359587
          ]
        ]
      },
      "type": "Feature",
      "properties": {
        "name": "Kaliganj-Ghorashal Highway",
        "type": "primary",
        "slope": 64.87854748121623,
        "sun_diff": 0.2327827329485217,
        "length": 297.6351031021121
      }
    },
    {
      "geometry": {
        "type": "LineString",
        "coordinates": [
          [
            90.5219053,
            23.9316788
          ],
          [
            90.522932,
            23.9312234
          ]
        ]
      },
      "type": "Feature",
      "properties": {
        "name": "Kaliganj-Ghorashal Highway",
        "type": "primary",
        "slope": 115.88612169727472,
        "sun_diff": 0.5325321257900839,
        "length": 116.02350828421046
      }
    },
    {
      "geometry": {
        "type": "LineString",
        "coordinates": [
          [
            90.3175905,
            23.6676216
          ],
          [
            90.3163717,
            23.6671426
          ]
        ]
      },
      "type": "Feature",
      "properties": {
        "name": null,
        "type": "residential",
        "slope": 66.77583658272044,
        "sun_diff": 2.091768133587294,
        "length": 135.11291276575747
      }
    },
    {
      "geometry": {
        "type": "LineString",
        "coordinates": [
          [
            90.3905612,
            23.7954593
          ],
          [
            90.3892904,
            23.7949117
          ]
        ]
      },
      "type": "Feature",
      "properties": {
        "name": null,
        "type": "residential",
        "slope": 64.78229187925962,
        "sun_diff": 0.11732063904582901,
        "length": 142.95992535053477
      }
    },
    {
      "geometry": {
        "type": "LineString",
        "coordinates": [
          [
            90.2855901,
            23.7469394
          ],
          [
            90.2867988,
            23.7464822
          ]
        ]
      },
      "type": "Feature",
      "properties": {
        "name": null,
        "type": "unclassified",
        "slope": 112.45259068796204,
        "sun_diff": 2.8626815222788196,
        "length": 133.15447777230284
      }
    },
    {
      "geometry": {
        "type": "LineString",
        "coordinates": [
          [
            90.3463322,
            23.8560414
          ],
          [
            90.3478745,
            23.855411
          ]
        ]
      },
      "type": "Feature",
      "properties": {
        "name": null,
        "type": "service",
        "slope": 114.08087661504265,
        "sun_diff": 1.2727129564419783,
        "length": 171.84979667612888
      }
    },
    {
      "geometry": {
        "type": "LineString",
        "coordinates": [
          [
            90.3845134,
            23.8948098
          ],
          [
            90.3836028,
            23.8944383
          ]
        ]
      },
      "type": "Feature",
      "properties": {
        "name": null,
        "type": "residential",
        "slope": 65.95278195893303,
        "sun_diff": 1.3070172106653217,
        "length": 101.4059185080048
      }
    },
    {
      "geometry": {
        "type": "LineString",
        "coordinates": [
          [
            90.518459,
            23.8634455
          ],
          [
            90.517523,
            23.8630325
          ]
        ]
      },
      "type": "Feature",
      "properties": {
        "name": null,
        "type": "residential",
        "slope": 64.24341500425732,
        "sun_diff": 0.4023497440103938,
        "length": 105.71393755945692
      }
    },
    {
      "geometry": {
        "type": "LineString",
        "coordinates": [
          [
            90.4010938,
            23.7477849
          ],
          [
            90.3999733,
            23.7473625
          ]
        ]
      },
      "type": "Feature",
      "properties": {
        "name": "\u09ae\u0997\u09ac\u09be\u099c\u09be\u09b0-\u09ae\u09cc\u099a\u09be\u0995 \u09ab\u09cd\u09b2\u09be\u0987\u0993\u09ad\u09be\u09b0",
        "type": "primary",
        "slope": 67.6159061300346,
        "sun_diff": 2.9318376809014524,
        "length": 123.37638351055622
      }
    },
    {
      "geometry": {
        "type": "LineString",
        "coordinates": [
          [
            90.5218656,
            23.8447697
          ],
          [
            90.5202407,
            23.8455595
          ]
        ]
      },
      "type": "Feature",
      "properties": {
        "name": "Road No. 108",
        "type": "tertiary",
        "slope": 117.9872408151337,
        "sun_diff": 2.6528713959734915,
        "length": 187.20269458106245
      }
    },
    {
      "geometry": {
        "type": "LineString",
        "coordinates": [
          [
            90.5208631,
            23.8453573
          ],
          [
            90.521844,
            23.8448829
          ]
        ]
      },
      "type": "Feature",
      "properties": {
        "name": "Road No. 108",
        "type": "tertiary",
        "slope": 117.86861885744582,
        "sun_diff": 2.534249438285613,
        "length": 112.88446382725337
      }
    },
    {
      "geometry": {
        "type": "LineString",
        "coordinates": [
          [
            90.4575063,
            23.6990923
          ],
          [
            90.4585445,
            23.698593
          ]
        ]
      },
      "type": "Feature",
      "properties": {
        "name": null,
        "type": "residential",
        "slope": 117.70930626026336,
        "sun_diff": 2.394047710400841,
        "length": 119.4379840444218
      }
    },
    {
      "geometry": {
        "type": "LineString",
        "coordinates": [
          [
            90.4610099,
            23.6973933
          ],
          [
            90.4631181,
            23.6964275
          ]
        ]
      },
      "type": "Feature",
      "properties": {
        "name": null,
        "type": "residential",
        "slope": 116.57867015184547,
        "sun_diff": 1.263411601982952,
        "length": 240.09648698112179
      }
    },
    {
      "geometry": {
        "type": "LineString",
        "coordinates": [
          [
            90.466841,
            23.6946025
          ],
          [
            90.4682419,
            23.6939962
          ]
        ]
      },
      "type": "Feature",
      "properties": {
        "name": null,
        "type": "residential",
        "slope": 115.2970117857634,
        "sun_diff": 0.01824676409911774,
        "length": 157.82080377433672
      }
    },
    {
      "geometry": {
        "type": "LineString",
        "coordinates": [
          [
            90.4468136,
            23.7043433
          ],
          [
            90.4459176,
            23.7047654
          ]
        ]
      },
      "type": "Feature",
      "properties": {
        "name": "\u09a2\u09be\u0995\u09be\u2013\u0995\u09c1\u09ae\u09bf\u09b2\u09cd\u09b2\u09be \u09ae\u09b9\u09be\u09b8\u09a1\u09bc\u0995",
        "type": "trunk",
        "slope": 117.22594633686316,
        "sun_diff": 1.91068778700064,
        "length": 102.62318204717572
      }
    },
    {
      "geometry": {
        "type": "LineString",
        "coordinates": [
          [
            90.4138882,
            23.6819047
          ],
          [
            90.4147756,
            23.6823154
          ]
        ]
      },
      "type": "Feature",
      "properties": {
        "name": null,
        "type": "secondary",
        "slope": 63.18925396537344,
        "sun_diff": 1.4948144837597113,
        "length": 101.28070532348113
      }
    },
    {
      "geometry": {
        "type": "LineString",
        "coordinates": [
          [
            90.5275393,
            23.8207103
          ],
          [
            90.5285969,
            23.8211796
          ]
        ]
      },
      "type": "Feature",
      "properties": {
        "name": null,
        "type": "residential",
        "slope": 64.12370013078612,
        "sun_diff": 0.5412711094276688,
        "length": 119.6074482196546
      }
    },
    {
      "geometry": {
        "type": "LineString",
        "coordinates": [
          [
            90.4583841,
            23.9208311
          ],
          [
            90.4596662,
            23.920223
          ]
        ]
      },
      "type": "Feature",
      "properties": {
        "name": null,
        "type": "residential",
        "slope": 117.42321000958935,
        "sun_diff": 2.069620438104721,
        "length": 146.8621358230544
      }
    },
    {
      "geometry": {
        "type": "LineString",
        "coordinates": [
          [
            90.5530767,
            23.8027127
          ],
          [
            90.55408,
            23.8022671
          ]
        ]
      },
      "type": "Feature",
      "properties": {
        "name": null,
        "type": "residential",
        "slope": 115.89298459168577,
        "sun_diff": 0.5586151725255633,
        "length": 113.49872582279876
      }
    },
    {
      "geometry": {
        "type": "LineString",
        "coordinates": [
          [
            90.5546038,
            23.8020672
          ],
          [
            90.5556357,
            23.8016733
          ]
        ]
      },
      "type": "Feature",
      "properties": {
        "name": null,
        "type": "residential",
        "slope": 112.64625895489999,
        "sun_diff": 2.6881104642602196,
        "length": 113.78898245597405
      }
    },
    {
      "geometry": {
        "type": "LineString",
        "coordinates": [
          [
            90.3222255,
            23.700333
          ],
          [
            90.3232436,
            23.6998518
          ]
        ]
      },
      "type": "Feature",
      "properties": {
        "name": "Ogrokhola Road",
        "type": "residential",
        "slope": 117.30177283792753,
        "sun_diff": 1.9865006276866666,
        "length": 116.69151067233344
      }
    },
    {
      "geometry": {
        "type": "LineString",
        "coordinates": [
          [
            90.3239629,
            23.6991948
          ],
          [
            90.3253074,
            23.6986155
          ]
        ]
      },
      "type": "Feature",
      "properties": {
        "name": "Ogrokhola Road",
        "type": "residential",
        "slope": 115.19917074097808,
        "sun_diff": 0.1161014692627873,
        "length": 151.33969295650218
      }
    },
    {
      "geometry": {
        "type": "LineString",
        "coordinates": [
          [
            90.3253074,
            23.6986155
          ],
          [
            90.3264654,
            23.6980609
          ]
        ]
      },
      "type": "Feature",
      "properties": {
        "name": "Ogrokhola Road",
        "type": "residential",
        "slope": 117.61106756102319,
        "sun_diff": 2.2957953507823277,
        "length": 133.10102901899478
      }
    },
    {
      "geometry": {
        "type": "LineString",
        "coordinates": [
          [
            90.4208972,
            23.7969864
          ],
          [
            90.4198015,
            23.7965669
          ]
        ]
      },
      "type": "Feature",
      "properties": {
        "name": "Felani Avenue",
        "type": "secondary",
        "slope": 67.29391207444965,
        "sun_diff": 2.6289408342358627,
        "length": 120.88176086486726
      }
    },
    {
      "geometry": {
        "type": "LineString",
        "coordinates": [
          [
            90.5174652,
            23.8631383
          ],
          [
            90.5184978,
            23.8635402
          ]
        ]
      },
      "type": "Feature",
      "properties": {
        "name": null,
        "type": "residential",
        "slope": 66.94563121716467,
        "sun_diff": 2.2998664688969654,
        "length": 114.15429696703502
      }
    },
    {
      "geometry": {
        "type": "LineString",
        "coordinates": [
          [
            90.5370412,
            23.7729351
          ],
          [
            90.5381216,
            23.7733617
          ]
        ]
      },
      "type": "Feature",
      "properties": {
        "name": null,
        "type": "unclassified",
        "slope": 66.66150466194051,
        "sun_diff": 1.996533421726724,
        "length": 119.7758839693263
      }
    },
    {
      "geometry": {
        "type": "LineString",
        "coordinates": [
          [
            90.3364694,
            23.7838273
          ],
          [
            90.3374364,
            23.7834509
          ]
        ]
      },
      "type": "Feature",
      "properties": {
        "name": "\u09ae\u09bf\u09b0\u09aa\u09c1\u09b0 \u09b0\u09cb\u09a1",
        "type": "trunk",
        "slope": 113.04339959003619,
        "sun_diff": 2.2909698291240232,
        "length": 106.9592091648799
      }
    },
    {
      "geometry": {
        "type": "LineString",
        "coordinates": [
          [
            90.282102,
            23.713507
          ],
          [
            90.2812003,
            23.7139212
          ]
        ]
      },
      "type": "Feature",
      "properties": {
        "name": null,
        "type": "secondary",
        "slope": 116.64370235489707,
        "sun_diff": 1.3284301446562097,
        "length": 102.73694436798779
      }
    },
    {
      "geometry": {
        "type": "LineString",
        "coordinates": [
          [
            90.4848112,
            23.7711077
          ],
          [
            90.4859708,
            23.7715499
          ]
        ]
      },
      "type": "Feature",
      "properties": {
        "name": null,
        "type": "residential",
        "slope": 67.37897462114674,
        "sun_diff": 2.714003380932951,
        "length": 127.87713323723
      }
    },
    {
      "geometry": {
        "type": "LineString",
        "coordinates": [
          [
            90.2594839,
            23.921051
          ],
          [
            90.2603987,
            23.9206707
          ]
        ]
      },
      "type": "Feature",
      "properties": {
        "name": "Road No. 4",
        "type": "residential",
        "slope": 114.45516223077857,
        "sun_diff": 0.8984273407060641,
        "length": 102.18017957351732
      }
    },
    {
      "geometry": {
        "type": "LineString",
        "coordinates": [
          [
            90.2592685,
            23.9205922
          ],
          [
            90.2601905,
            23.9202426
          ]
        ]
      },
      "type": "Feature",
      "properties": {
        "name": "Road No. 5",
        "type": "residential",
        "slope": 112.52881074860792,
        "sun_diff": 2.8247788228767092,
        "length": 101.49057256224758
      }
    },
    {
      "geometry": {
        "type": "LineString",
        "coordinates": [
          [
            90.259685,
            23.9214794
          ],
          [
            90.2606168,
            23.9211193
          ]
        ]
      },
      "type": "Feature",
      "properties": {
        "name": "Road No. 3",
        "type": "residential",
        "slope": 112.91720114087516,
        "sun_diff": 2.436388430609469,
        "length": 102.8602090767033
      }
    },
    {
      "geometry": {
        "type": "LineString",
        "coordinates": [
          [
            90.2598219,
            23.9172464
          ],
          [
            90.2589109,
            23.9176107
          ]
        ]
      },
      "type": "Feature",
      "properties": {
        "name": null,
        "type": "residential",
        "slope": 113.62720098079805,
        "sun_diff": 1.7263885906865823,
        "length": 101.1045186748137
      }
    },
    {
      "geometry": {
        "type": "LineString",
        "coordinates": [
          [
            90.4288073,
            23.7637866
          ],
          [
            90.43103,
            23.7629423
          ]
        ]
      },
      "type": "Feature",
      "properties": {
        "name": "Road 2",
        "type": "residential",
        "slope": 112.54041703903397,
        "sun_diff": 2.7939523801262425,
        "length": 244.98434982315774
      }
    },
    {
      "geometry": {
        "type": "LineString",
        "coordinates": [
          [
            90.4289665,
            23.764159
          ],
          [
            90.4311963,
            23.7633171
          ]
        ]
      },
      "type": "Feature",
      "properties": {
        "name": "Road 1",
        "type": "residential",
        "slope": 112.41829460415471,
        "sun_diff": 2.9160748150055014,
        "length": 245.5495362206334
      }
    },
    {
      "geometry": {
        "type": "LineString",
        "coordinates": [
          [
            90.3028388,
            23.7484783
          ],
          [
            90.3045233,
            23.7477799
          ]
        ]
      },
      "type": "Feature",
      "properties": {
        "name": null,
        "type": "residential",
        "slope": 114.36847848493505,
        "sun_diff": 0.9467937253058096,
        "length": 188.27462869770886
      }
    },
    {
      "geometry": {
        "type": "LineString",
        "coordinates": [
          [
            90.3045233,
            23.7477799
          ],
          [
            90.3054446,
            23.7473932
          ]
        ]
      },
      "type": "Feature",
      "properties": {
        "name": null,
        "type": "residential",
        "slope": 114.63426282634333,
        "sun_diff": 0.681009383897532,
        "length": 103.19098305410199
      }
    },
    {
      "geometry": {
        "type": "LineString",
        "coordinates": [
          [
            90.5039173,
            23.8810009
          ],
          [
            90.5049473,
            23.8805203
          ]
        ]
      },
      "type": "Feature",
      "properties": {
        "name": null,
        "type": "residential",
        "slope": 117.03461844476178,
        "sun_diff": 1.6810288732771426,
        "length": 117.60967146017745
      }
    },
    {
      "geometry": {
        "type": "LineString",
        "coordinates": [
          [
            90.5086005,
            23.8949693
          ],
          [
            90.5096412,
            23.8953862
          ]
        ]
      },
      "type": "Feature",
      "properties": {
        "name": null,
        "type": "unclassified",
        "slope": 66.33931338946337,
        "sun_diff": 1.6935486411956617,
        "length": 115.54831377158168
      }
    },
    {
      "geometry": {
        "type": "LineString",
        "coordinates": [
          [
            90.5369355,
            23.895401
          ],
          [
            90.5381478,
            23.8958913
          ]
        ]
      },
      "type": "Feature",
      "properties": {
        "name": null,
        "type": "residential",
        "slope": 66.13754805770694,
        "sun_diff": 1.4917833094392279,
        "length": 134.80930488192598
      }
    },
    {
      "geometry": {
        "type": "LineString",
        "coordinates": [
          [
            90.3725146,
            23.7237238
          ],
          [
            90.3715145,
            23.7241465
          ]
        ]
      },
      "type": "Feature",
      "properties": {
        "name": "\u09b8\u09a6\u09b0\u0998\u09be\u099f - \u0997\u09be\u09ac\u09a4\u09b2\u09c0 \u09b8\u09a1\u09bc\u0995",
        "type": "trunk",
        "slope": 114.78145792696301,
        "sun_diff": 0.5338006228995056,
        "length": 112.16982934286398
      }
    },
    {
      "geometry": {
        "type": "LineString",
        "coordinates": [
          [
            90.4653348,
            23.9431921
          ],
          [
            90.4662437,
            23.943575
          ]
        ]
      },
      "type": "Feature",
      "properties": {
        "name": null,
        "type": "residential",
        "slope": 65.252906271081,
        "sun_diff": 0.6071415228132935,
        "length": 101.74047833665239
      }
    },
    {
      "geometry": {
        "type": "LineString",
        "coordinates": [
          [
            90.457647,
            23.6993043
          ],
          [
            90.4589865,
            23.6986761
          ]
        ]
      },
      "type": "Feature",
      "properties": {
        "name": "\u09a2\u09be\u0995\u09be\u2013\u0995\u09c1\u09ae\u09bf\u09b2\u09cd\u09b2\u09be \u09ae\u09b9\u09be\u09b8\u09a1\u09bc\u0995",
        "type": "trunk",
        "slope": 117.12022738540006,
        "sun_diff": 1.8049688355375366,
        "length": 153.2807827195351
      }
    },
    {
      "geometry": {
        "type": "LineString",
        "coordinates": [
          [
            90.4589865,
            23.6986761
          ],
          [
            90.4607319,
            23.6978499
          ]
        ]
      },
      "type": "Feature",
      "properties": {
        "name": "\u09a2\u09be\u0995\u09be\u2013\u0995\u09c1\u09ae\u09bf\u09b2\u09cd\u09b2\u09be \u09ae\u09b9\u09be\u09b8\u09a1\u09bc\u0995",
        "type": "trunk",
        "slope": 117.3366521995672,
        "sun_diff": 2.0213936497046774,
        "length": 200.1181936279976
      }
    },
    {
      "geometry": {
        "type": "LineString",
        "coordinates": [
          [
            90.4617337,
            23.6973595
          ],
          [
            90.4628648,
            23.6968255
          ]
        ]
      },
      "type": "Feature",
      "properties": {
        "name": "\u09a2\u09be\u0995\u09be\u2013\u0995\u09c1\u09ae\u09bf\u09b2\u09cd\u09b2\u09be \u09ae\u09b9\u09be\u09b8\u09a1\u09bc\u0995",
        "type": "trunk",
        "slope": 117.27462756982445,
        "sun_diff": 1.959369019961926,
        "length": 129.61452734692662
      }
    },
    {
      "geometry": {
        "type": "LineString",
        "coordinates": [
          [
            90.4633653,
            23.6965915
          ],
          [
            90.4644121,
            23.6960938
          ]
        ]
      },
      "type": "Feature",
      "properties": {
        "name": "\u09a2\u09be\u0995\u09be\u2013\u0995\u09c1\u09ae\u09bf\u09b2\u09cd\u09b2\u09be \u09ae\u09b9\u09be\u09b8\u09a1\u09bc\u0995",
        "type": "trunk",
        "slope": 117.43946019732562,
        "sun_diff": 2.124201647463096,
        "length": 120.13382942972805
      }
    },
    {
      "geometry": {
        "type": "LineString",
        "coordinates": [
          [
            90.4655344,
            23.6955374
          ],
          [
            90.4665109,
            23.6950927
          ]
        ]
      },
      "type": "Feature",
      "properties": {
        "name": "\u09a2\u09be\u0995\u09be\u2013\u0995\u09c1\u09ae\u09bf\u09b2\u09cd\u09b2\u09be \u09ae\u09b9\u09be\u09b8\u09a1\u09bc\u0995",
        "type": "trunk",
        "slope": 116.44245389535203,
        "sun_diff": 1.1271953454895112,
        "length": 111.08012312528307
      }
    },
    {
      "geometry": {
        "type": "LineString",
        "coordinates": [
          [
            90.507409,
            23.6971255
          ],
          [
            90.5085713,
            23.6975731
          ]
        ]
      },
      "type": "Feature",
      "properties": {
        "name": "\u09a2\u09be\u0995\u09be\u2013\u0995\u09c1\u09ae\u09bf\u09b2\u09cd\u09b2\u09be \u09ae\u09b9\u09be\u09b8\u09a1\u09bc\u0995",
        "type": "trunk",
        "slope": 67.19030980092515,
        "sun_diff": 2.5062413517919993,
        "length": 128.4245732032472
      }
    },
    {
      "geometry": {
        "type": "LineString",
        "coordinates": [
          [
            90.5091526,
            23.6978036
          ],
          [
            90.5100844,
            23.6981731
          ]
        ]
      },
      "type": "Feature",
      "properties": {
        "name": "\u09a2\u09be\u0995\u09be\u2013\u0995\u09c1\u09ae\u09bf\u09b2\u09cd\u09b2\u09be \u09ae\u09b9\u09be\u09b8\u09a1\u09bc\u0995",
        "type": "trunk",
        "slope": 66.58439180331922,
        "sun_diff": 1.900323354186071,
        "length": 103.42146715315997
      }
    },
    {
      "geometry": {
        "type": "LineString",
        "coordinates": [
          [
            90.4231048,
            23.7676332
          ],
          [
            90.4243673,
            23.7671257
          ]
        ]
      },
      "type": "Feature",
      "properties": {
        "name": "\u09b0\u09be\u09ae\u09aa\u09c1\u09b0\u09be-\u09ac\u09a8\u09b6\u09cd\u09b0\u09c0 \u09b8\u09a1\u09bc\u0995",
        "type": "primary",
        "slope": 113.71256563613707,
        "sun_diff": 1.6218037830231395,
        "length": 140.36863619092577
      }
    },
    {
      "geometry": {
        "type": "LineString",
        "coordinates": [
          [
            90.4292465,
            23.764648
          ],
          [
            90.4301914,
            23.7642561
          ]
        ]
      },
      "type": "Feature",
      "properties": {
        "name": "\u09b0\u09be\u09ae\u09aa\u09c1\u09b0\u09be-\u09ac\u09a8\u09b6\u09cd\u09b0\u09c0 \u09b8\u09a1\u09bc\u0995",
        "type": "primary",
        "slope": 114.37895077553063,
        "sun_diff": 0.9554186436295851,
        "length": 105.60586875236501
      }
    },
    {
      "geometry": {
        "type": "LineString",
        "coordinates": [
          [
            90.4972565,
            23.6963466
          ],
          [
            90.4981935,
            23.6967849
          ]
        ]
      },
      "type": "Feature",
      "properties": {
        "name": null,
        "type": "residential",
        "slope": 62.94019373838586,
        "sun_diff": 1.743874710747292,
        "length": 107.16624623550341
      }
    },
    {
      "geometry": {
        "type": "LineString",
        "coordinates": [
          [
            90.3762642,
            23.754653
          ],
          [
            90.3747855,
            23.7540898
          ]
        ]
      },
      "type": "Feature",
      "properties": {
        "name": "Road No. 14",
        "type": "residential",
        "slope": 67.40642065868292,
        "sun_diff": 2.7414494184691307,
        "length": 163.0553181269114
      }
    },
    {
      "geometry": {
        "type": "LineString",
        "coordinates": [
          [
            90.3510912,
            23.8078906
          ],
          [
            90.3520828,
            23.8082987
          ]
        ]
      },
      "type": "Feature",
      "properties": {
        "name": null,
        "type": "service",
        "slope": 65.77998704892013,
        "sun_diff": 1.115015808706346,
        "length": 110.64931911569552
      }
    },
    {
      "geometry": {
        "type": "LineString",
        "coordinates": [
          [
            90.3466618,
            23.7600193
          ],
          [
            90.3456729,
            23.7595948
          ]
        ]
      },
      "type": "Feature",
      "properties": {
        "name": null,
        "type": "residential",
        "slope": 64.87263277216908,
        "sun_diff": 0.2076615319552957,
        "length": 111.19512953543668
      }
    },
    {
      "geometry": {
        "type": "LineString",
        "coordinates": [
          [
            90.4174555,
            23.7311166
          ],
          [
            90.4184028,
            23.7307245
          ]
        ]
      },
      "type": "Feature",
      "properties": {
        "name": null,
        "type": "residential",
        "slope": 114.32978750933697,
        "sun_diff": 0.9854710405255531,
        "length": 105.8602413451264
      }
    },
    {
      "geometry": {
        "type": "LineString",
        "coordinates": [
          [
            90.5106198,
            23.6985188
          ],
          [
            90.5117402,
            23.6990173
          ]
        ]
      },
      "type": "Feature",
      "properties": {
        "name": null,
        "type": "trunk",
        "slope": 64.0845501302318,
        "sun_diff": 0.599518318901346,
        "length": 126.87078299352434
      }
    },
    {
      "geometry": {
        "type": "LineString",
        "coordinates": [
          [
            90.5113189,
            23.6984906
          ],
          [
            90.5103269,
            23.6981121
          ]
        ]
      },
      "type": "Feature",
      "properties": {
        "name": null,
        "type": "trunk",
        "slope": 67.37902499316078,
        "sun_diff": 2.694956544027633,
        "length": 109.4560541911419
      }
    },
    {
      "geometry": {
        "type": "LineString",
        "coordinates": [
          [
            90.510912,
            23.7930864
          ],
          [
            90.5098326,
            23.793576
          ]
        ]
      },
      "type": "Feature",
      "properties": {
        "name": null,
        "type": "secondary",
        "slope": 116.36848913963578,
        "sun_diff": 1.034119720475573,
        "length": 122.6142709471175
      }
    },
    {
      "geometry": {
        "type": "LineString",
        "coordinates": [
          [
            90.5098326,
            23.793576
          ],
          [
            90.508089,
            23.7943779
          ]
        ]
      },
      "type": "Feature",
      "properties": {
        "name": null,
        "type": "secondary",
        "slope": 116.68569715535006,
        "sun_diff": 1.3513277361898446,
        "length": 198.6110514964455
      }
    },
    {
      "geometry": {
        "type": "LineString",
        "coordinates": [
          [
            90.508089,
            23.7943779
          ],
          [
            90.5070742,
            23.7948759
          ]
        ]
      },
      "type": "Feature",
      "properties": {
        "name": null,
        "type": "secondary",
        "slope": 118.20586864946219,
        "sun_diff": 2.8714992303019784,
        "length": 117.19790633227471
      }
    },
    {
      "geometry": {
        "type": "LineString",
        "coordinates": [
          [
            90.5070742,
            23.7948759
          ],
          [
            90.5058922,
            23.7954575
          ]
        ]
      },
      "type": "Feature",
      "properties": {
        "name": null,
        "type": "secondary",
        "slope": 118.26965720674079,
        "sun_diff": 2.9352877875805774,
        "length": 136.58867770892215
      }
    },
    {
      "geometry": {
        "type": "LineString",
        "coordinates": [
          [
            90.5058922,
            23.7954575
          ],
          [
            90.5048413,
            23.7959409
          ]
        ]
      },
      "type": "Feature",
      "properties": {
        "name": null,
        "type": "secondary",
        "slope": 116.68978018204444,
        "sun_diff": 1.3554107628842331,
        "length": 119.70928881879074
      }
    },
    {
      "geometry": {
        "type": "LineString",
        "coordinates": [
          [
            90.5042035,
            23.7962108
          ],
          [
            90.5031086,
            23.796686
          ]
        ]
      },
      "type": "Feature",
      "properties": {
        "name": null,
        "type": "secondary",
        "slope": 115.37681544121358,
        "sun_diff": 0.04244602205336889,
        "length": 123.33235906072404
      }
    },
    {
      "geometry": {
        "type": "LineString",
        "coordinates": [
          [
            90.3649092,
            23.7280173
          ],
          [
            90.3661128,
            23.7285287
          ]
        ]
      },
      "type": "Feature",
      "properties": {
        "name": null,
        "type": "residential",
        "slope": 65.1026508771254,
        "sun_diff": 0.41858242799224854,
        "length": 135.11605670480392
      }
    },
    {
      "geometry": {
        "type": "LineString",
        "coordinates": [
          [
            90.3696195,
            23.8810423
          ],
          [
            90.3686799,
            23.8806467
          ]
        ]
      },
      "type": "Feature",
      "properties": {
        "name": null,
        "type": "residential",
        "slope": 65.2763446823867,
        "sun_diff": 0.6305799341189982,
        "length": 105.20811657989948
      }
    },
    {
      "geometry": {
        "type": "LineString",
        "coordinates": [
          [
            90.3274875,
            23.7476073
          ],
          [
            90.3287527,
            23.7470434
          ]
        ]
      },
      "type": "Feature",
      "properties": {
        "name": null,
        "type": "residential",
        "slope": 115.96271608441273,
        "sun_diff": 0.64744387417187,
        "length": 143.27175097630004
      }
    },
    {
      "geometry": {
        "type": "LineString",
        "coordinates": [
          [
            90.3276507,
            23.7479168
          ],
          [
            90.3288281,
            23.7474042
          ]
        ]
      },
      "type": "Feature",
      "properties": {
        "name": null,
        "type": "residential",
        "slope": 115.43755963723225,
        "sun_diff": 0.12228742699139161,
        "length": 132.7420458498872
      }
    },
    {
      "geometry": {
        "type": "LineString",
        "coordinates": [
          [
            90.326044,
            23.7494395
          ],
          [
            90.3279875,
            23.748587
          ]
        ]
      },
      "type": "Feature",
      "properties": {
        "name": null,
        "type": "residential",
        "slope": 115.60473881664302,
        "sun_diff": 0.2894666064021578,
        "length": 219.41666669720877
      }
    },
    {
      "geometry": {
        "type": "LineString",
        "coordinates": [
          [
            90.3279875,
            23.748587
          ],
          [
            90.3295644,
            23.7478511
          ]
        ]
      },
      "type": "Feature",
      "properties": {
        "name": null,
        "type": "residential",
        "slope": 117.01455528015629,
        "sun_diff": 1.699283069915424,
        "length": 180.20875614437878
      }
    },
    {
      "geometry": {
        "type": "LineString",
        "coordinates": [
          [
            90.327824,
            23.7482617
          ],
          [
            90.3290765,
            23.7477053
          ]
        ]
      },
      "type": "Feature",
      "properties": {
        "name": null,
        "type": "residential",
        "slope": 115.88846677101742,
        "sun_diff": 0.5731945607765567,
        "length": 141.74355795540947
      }
    },
    {
      "geometry": {
        "type": "LineString",
        "coordinates": [
          [
            90.3252741,
            23.7493647
          ],
          [
            90.327824,
            23.7482617
          ]
        ]
      },
      "type": "Feature",
      "properties": {
        "name": null,
        "type": "residential",
        "slope": 115.29459957210781,
        "sun_diff": 0.02067263813304976,
        "length": 287.1376911156848
      }
    },
    {
      "geometry": {
        "type": "LineString",
        "coordinates": [
          [
            90.3440092,
            23.737035
          ],
          [
            90.3450279,
            23.7366351
          ]
        ]
      },
      "type": "Feature",
      "properties": {
        "name": null,
        "type": "residential",
        "slope": 113.21141460174158,
        "sun_diff": 2.1038576084992826,
        "length": 112.85950157932675
      }
    },
    {
      "geometry": {
        "type": "LineString",
        "coordinates": [
          [
            90.5035826,
            23.7966221
          ],
          [
            90.5049458,
            23.7960277
          ]
        ]
      },
      "type": "Feature",
      "properties": {
        "name": null,
        "type": "secondary",
        "slope": 115.47990478749261,
        "sun_diff": 0.14553536833240344,
        "length": 153.68603802541324
      }
    },
    {
      "geometry": {
        "type": "LineString",
        "coordinates": [
          [
            90.5072447,
            23.7949691
          ],
          [
            90.5083424,
            23.7944862
          ]
        ]
      },
      "type": "Feature",
      "properties": {
        "name": null,
        "type": "secondary",
        "slope": 115.67766548929447,
        "sun_diff": 0.343296070134258,
        "length": 123.95993133101733
      }
    },
    {
      "geometry": {
        "type": "LineString",
        "coordinates": [
          [
            90.5083424,
            23.7944862
          ],
          [
            90.5092895,
            23.7940508
          ]
        ]
      },
      "type": "Feature",
      "properties": {
        "name": null,
        "type": "secondary",
        "slope": 116.67607122269231,
        "sun_diff": 1.3417018035321036,
        "length": 107.87359771521888
      }
    },
    {
      "geometry": {
        "type": "LineString",
        "coordinates": [
          [
            90.4504472,
            23.7504513
          ],
          [
            90.4494949,
            23.750068
          ]
        ]
      },
      "type": "Feature",
      "properties": {
        "name": null,
        "type": "living_street",
        "slope": 66.26296884646806,
        "sun_diff": 1.5979976062542676,
        "length": 105.91343839048031
      }
    },
    {
      "geometry": {
        "type": "LineString",
        "coordinates": [
          [
            90.4962132,
            23.6958457
          ],
          [
            90.4971004,
            23.6962637
          ]
        ]
      },
      "type": "Feature",
      "properties": {
        "name": null,
        "type": "residential",
        "slope": 62.7730276079443,
        "sun_diff": 1.91104084118885,
        "length": 101.62282995113698
      }
    },
    {
      "geometry": {
        "type": "LineString",
        "coordinates": [
          [
            90.5019942,
            23.6599363
          ],
          [
            90.5008981,
            23.6604095
          ]
        ]
      },
      "type": "Feature",
      "properties": {
        "name": null,
        "type": "tertiary",
        "slope": 115.23603016842563,
        "sun_diff": 0.07922838143689148,
        "length": 123.45316477931283
      }
    },
    {
      "geometry": {
        "type": "LineString",
        "coordinates": [
          [
            90.3329922,
            23.7848779
          ],
          [
            90.3317729,
            23.7853475
          ]
        ]
      },
      "type": "Feature",
      "properties": {
        "name": "\u09a2\u09be\u0995\u09be - \u0986\u09b0\u09bf\u099a\u09be \u09ae\u09b9\u09be\u09b8\u09a1\u09bc\u0995",
        "type": "trunk",
        "slope": 112.82564392639648,
        "sun_diff": 2.5087254927637304,
        "length": 134.64764096712
      }
    },
    {
      "geometry": {
        "type": "LineString",
        "coordinates": [
          [
            90.5190396,
            23.7458035
          ],
          [
            90.5178515,
            23.74626
          ]
        ]
      },
      "type": "Feature",
      "properties": {
        "name": null,
        "type": "residential",
        "slope": 112.77096773129162,
        "sun_diff": 2.5442908185709,
        "length": 131.1889981084836
      }
    },
    {
      "geometry": {
        "type": "LineString",
        "coordinates": [
          [
            90.2688684,
            23.9074081
          ],
          [
            90.2697658,
            23.9077905
          ]
        ]
      },
      "type": "Feature",
      "properties": {
        "name": null,
        "type": "tertiary",
        "slope": 65.00916542679877,
        "sun_diff": 0.3634006785310646,
        "length": 100.67936180339225
      }
    },
    {
      "geometry": {
        "type": "LineString",
        "coordinates": [
          [
            90.4968692,
            23.8065708
          ],
          [
            90.4978307,
            23.8061243
          ]
        ]
      },
      "type": "Feature",
      "properties": {
        "name": null,
        "type": "residential",
        "slope": 116.9107035192059,
        "sun_diff": 1.5763341000456847,
        "length": 109.73024756245147
      }
    },
    {
      "geometry": {
        "type": "LineString",
        "coordinates": [
          [
            90.2831514,
            23.7178758
          ],
          [
            90.2841707,
            23.7182699
          ]
        ]
      },
      "type": "Feature",
      "properties": {
        "name": "Uttar Ramerkanda-Kolatiya Highway",
        "type": "tertiary",
        "slope": 67.10525628731489,
        "sun_diff": 2.421187838181737,
        "length": 112.67683696542619
      }
    },
    {
      "geometry": {
        "type": "LineString",
        "coordinates": [
          [
            90.3858759,
            23.8940528
          ],
          [
            90.384551,
            23.8934426
          ]
        ]
      },
      "type": "Feature",
      "properties": {
        "name": null,
        "type": "residential",
        "slope": 63.26410533835957,
        "sun_diff": 1.3816594099081385,
        "length": 150.8680743618234
      }
    },
    {
      "geometry": {
        "type": "LineString",
        "coordinates": [
          [
            90.4302018,
            23.7641827
          ],
          [
            90.4291927,
            23.7645991
          ]
        ]
      },
      "type": "Feature",
      "properties": {
        "name": "\u09b0\u09be\u09ae\u09aa\u09c1\u09b0\u09be-\u09ac\u09a8\u09b6\u09cd\u09b0\u09c0 \u09b8\u09a1\u09bc\u0995",
        "type": "primary",
        "slope": 114.26943081117233,
        "sun_diff": 1.0649386079878838,
        "length": 112.68371023002734
      }
    },
    {
      "geometry": {
        "type": "LineString",
        "coordinates": [
          [
            90.3319594,
            23.7853757
          ],
          [
            90.3340876,
            23.78457
          ]
        ]
      },
      "type": "Feature",
      "properties": {
        "name": "\u09a2\u09be\u0995\u09be - \u0986\u09b0\u09bf\u099a\u09be \u09ae\u09b9\u09be\u09b8\u09a1\u09bc\u0995",
        "type": "trunk",
        "slope": 112.47589972599323,
        "sun_diff": 2.858469693166981,
        "length": 234.420249375881
      }
    },
    {
      "geometry": {
        "type": "LineString",
        "coordinates": [
          [
            90.4304865,
            23.9455236
          ],
          [
            90.4293989,
            23.9460078
          ]
        ]
      },
      "type": "Feature",
      "properties": {
        "name": "\u09a2\u09be\u0995\u09be \u09ae\u09b9\u09be\u09a8\u0997\u09b0 \u09ac\u09be\u0987\u09aa\u09be\u09b8",
        "type": "trunk",
        "slope": 115.97202793929878,
        "sun_diff": 0.6184383678141501,
        "length": 122.98149058071213
      }
    },
    {
      "geometry": {
        "type": "LineString",
        "coordinates": [
          [
            90.4291145,
            23.9461181
          ],
          [
            90.4277225,
            23.9466733
          ]
        ]
      },
      "type": "Feature",
      "properties": {
        "name": "\u09a2\u09be\u0995\u09be \u09ae\u09b9\u09be\u09a8\u0997\u09b0 \u09ac\u09be\u0987\u09aa\u09be\u09b8",
        "type": "trunk",
        "slope": 113.57720977858318,
        "sun_diff": 1.7763797929014515,
        "length": 154.39326860637354
      }
    },
    {
      "geometry": {
        "type": "LineString",
        "coordinates": [
          [
            90.4277225,
            23.9466733
          ],
          [
            90.4260769,
            23.9473388
          ]
        ]
      },
      "type": "Feature",
      "properties": {
        "name": "\u09a2\u09be\u0995\u09be \u09ae\u09b9\u09be\u09a8\u0997\u09b0 \u09ac\u09be\u0987\u09aa\u09be\u09b8",
        "type": "trunk",
        "slope": 113.86952888706591,
        "sun_diff": 1.484060684418722,
        "length": 182.9300441135446
      }
    },
    {
      "geometry": {
        "type": "LineString",
        "coordinates": [
          [
            90.4260769,
            23.9473388
          ],
          [
            90.4246943,
            23.9478867
          ]
        ]
      },
      "type": "Feature",
      "properties": {
        "name": "\u09a2\u09be\u0995\u09be \u09ae\u09b9\u09be\u09a8\u0997\u09b0 \u09ac\u09be\u0987\u09aa\u09be\u09b8",
        "type": "trunk",
        "slope": 113.44201993849919,
        "sun_diff": 1.9115696329854472,
        "length": 153.19190582979888
      }
    },
    {
      "geometry": {
        "type": "LineString",
        "coordinates": [
          [
            90.4885215,
            23.8272173
          ],
          [
            90.4894445,
            23.8275903
          ]
        ]
      },
      "type": "Feature",
      "properties": {
        "name": null,
        "type": "residential",
        "slope": 66.16553520608139,
        "sun_diff": 1.5005639658675989,
        "length": 102.67070057208156
      }
    },
    {
      "geometry": {
        "type": "LineString",
        "coordinates": [
          [
            90.4247461,
            23.9479784
          ],
          [
            90.4261397,
            23.9474107
          ]
        ]
      },
      "type": "Feature",
      "properties": {
        "name": "Dhaka City Bypass",
        "type": "trunk",
        "slope": 114.02403908393262,
        "sun_diff": 1.3295504875520123,
        "length": 155.10187814316726
      }
    },
    {
      "geometry": {
        "type": "LineString",
        "coordinates": [
          [
            90.4261397,
            23.9474107
          ],
          [
            90.4277807,
            23.9467469
          ]
        ]
      },
      "type": "Feature",
      "properties": {
        "name": "Dhaka City Bypass",
        "type": "trunk",
        "slope": 113.87455248101526,
        "sun_diff": 1.479037090469376,
        "length": 182.42582321200683
      }
    },
    {
      "geometry": {
        "type": "LineString",
        "coordinates": [
          [
            90.4277807,
            23.9467469
          ],
          [
            90.4291192,
            23.9462179
          ]
        ]
      },
      "type": "Feature",
      "properties": {
        "name": "Dhaka City Bypass",
        "type": "trunk",
        "slope": 113.38558643515893,
        "sun_diff": 1.9680031363257058,
        "length": 148.24378792577656
      }
    },
    {
      "geometry": {
        "type": "LineString",
        "coordinates": [
          [
            90.4294602,
            23.946073
          ],
          [
            90.4305174,
            23.9455996
          ]
        ]
      },
      "type": "Feature",
      "properties": {
        "name": "Dhaka City Bypass",
        "type": "trunk",
        "slope": 116.10284720662014,
        "sun_diff": 0.7492576351355069,
        "length": 119.6774193313245
      }
    },
    {
      "geometry": {
        "type": "LineString",
        "coordinates": [
          [
            90.4662578,
            23.9204806
          ],
          [
            90.4653485,
            23.9209256
          ]
        ]
      },
      "type": "Feature",
      "properties": {
        "name": "\u09a2\u09be\u0995\u09be \u09ae\u09b9\u09be\u09a8\u0997\u09b0 \u09ac\u09be\u0987\u09aa\u09be\u09b8",
        "type": "trunk",
        "slope": 118.16338481448162,
        "sun_diff": 2.8097952429969837,
        "length": 104.87003482449727
      }
    },
    {
      "geometry": {
        "type": "LineString",
        "coordinates": [
          [
            90.4653485,
            23.9209256
          ],
          [
            90.4642099,
            23.9214736
          ]
        ]
      },
      "type": "Feature",
      "properties": {
        "name": "\u09a2\u09be\u0995\u09be \u09ae\u09b9\u09be\u09a8\u0997\u09b0 \u09ac\u09be\u0987\u09aa\u09be\u09b8",
        "type": "trunk",
        "slope": 117.76769258204436,
        "sun_diff": 2.414103010559728,
        "length": 130.8341898594481
      }
    },
    {
      "geometry": {
        "type": "LineString",
        "coordinates": [
          [
            90.4633784,
            23.9218683
          ],
          [
            90.4624785,
            23.9223121
          ]
        ]
      },
      "type": "Feature",
      "properties": {
        "name": "\u09a2\u09be\u0995\u09be \u09ae\u09b9\u09be\u09a8\u0997\u09b0 \u09ac\u09be\u0987\u09aa\u09be\u09b8",
        "type": "trunk",
        "slope": 118.34739810652596,
        "sun_diff": 2.9938085350413246,
        "length": 103.96410728356007
      }
    },
    {
      "geometry": {
        "type": "LineString",
        "coordinates": [
          [
            90.4608665,
            23.9230893
          ],
          [
            90.459158,
            23.9239266
          ]
        ]
      },
      "type": "Feature",
      "properties": {
        "name": "\u09a2\u09be\u0995\u09be \u09ae\u09b9\u09be\u09a8\u0997\u09b0 \u09ac\u09be\u0987\u09aa\u09be\u09b8",
        "type": "trunk",
        "slope": 118.19761961929328,
        "sun_diff": 2.844030047808644,
        "length": 197.10092025291183
      }
    },
    {
      "geometry": {
        "type": "LineString",
        "coordinates": [
          [
            90.459158,
            23.9239266
          ],
          [
            90.4576023,
            23.9246352
          ]
        ]
      },
      "type": "Feature",
      "properties": {
        "name": "\u09a2\u09be\u0995\u09be \u09ae\u09b9\u09be\u09a8\u0997\u09b0 \u09ac\u09be\u0987\u09aa\u09be\u09b8",
        "type": "trunk",
        "slope": 116.48709476086862,
        "sun_diff": 1.1335051893839818,
        "length": 176.72264503387225
      }
    },
    {
      "geometry": {
        "type": "LineString",
        "coordinates": [
          [
            90.4576023,
            23.9246352
          ],
          [
            90.4566219,
            23.9250765
          ]
        ]
      },
      "type": "Feature",
      "properties": {
        "name": "\u09a2\u09be\u0995\u09be \u09ae\u09b9\u09be\u09a8\u0997\u09b0 \u09ac\u09be\u0987\u09aa\u09be\u09b8",
        "type": "trunk",
        "slope": 116.21720417798852,
        "sun_diff": 0.8636146065038872,
        "length": 111.1103273722274
      }
    },
    {
      "geometry": {
        "type": "LineString",
        "coordinates": [
          [
            90.4453207,
            23.7051656
          ],
          [
            90.4464345,
            23.7046362
          ]
        ]
      },
      "type": "Feature",
      "properties": {
        "name": "\u099f\u09cb\u09b2 \u09b2\u09c7\u09a8",
        "type": "trunk",
        "slope": 117.43413093465824,
        "sun_diff": 2.118872384795722,
        "length": 127.80839559553539
      }
    },
    {
      "geometry": {
        "type": "LineString",
        "coordinates": [
          [
            90.4891974,
            23.8058913
          ],
          [
            90.4882693,
            23.8063257
          ]
        ]
      },
      "type": "Feature",
      "properties": {
        "name": null,
        "type": "residential",
        "slope": 117.09341375850039,
        "sun_diff": 1.7590443393401785,
        "length": 106.09088057273432
      }
    },
    {
      "geometry": {
        "type": "LineString",
        "coordinates": [
          [
            90.4882693,
            23.8063257
          ],
          [
            90.4869041,
            23.8069662
          ]
        ]
      },
      "type": "Feature",
      "properties": {
        "name": null,
        "type": "residential",
        "slope": 117.1485465046878,
        "sun_diff": 1.8141770855275894,
        "length": 156.13193219683438
      }
    },
    {
      "geometry": {
        "type": "LineString",
        "coordinates": [
          [
            90.4870167,
            23.8072877
          ],
          [
            90.4884276,
            23.8066128
          ]
        ]
      },
      "type": "Feature",
      "properties": {
        "name": null,
        "type": "residential",
        "slope": 117.60207307207537,
        "sun_diff": 2.2677036529151593,
        "length": 162.0209552549755
      }
    },
    {
      "geometry": {
        "type": "LineString",
        "coordinates": [
          [
            90.4884276,
            23.8066128
          ],
          [
            90.4894897,
            23.8060926
          ]
        ]
      },
      "type": "Feature",
      "properties": {
        "name": null,
        "type": "residential",
        "slope": 118.16157686392947,
        "sun_diff": 2.8272074447692574,
        "length": 122.5987634220599
      }
    },
    {
      "geometry": {
        "type": "LineString",
        "coordinates": [
          [
            90.5261816,
            23.8726942
          ],
          [
            90.5274939,
            23.8732019
          ]
        ]
      },
      "type": "Feature",
      "properties": {
        "name": null,
        "type": "unclassified",
        "slope": 67.06799929874433,
        "sun_diff": 2.4222345504766167,
        "length": 144.93305083909272
      }
    },
    {
      "geometry": {
        "type": "LineString",
        "coordinates": [
          [
            90.2939054,
            23.7578095
          ],
          [
            90.2927103,
            23.7583367
          ]
        ]
      },
      "type": "Feature",
      "properties": {
        "name": null,
        "type": "unclassified",
        "slope": 115.73319044323577,
        "sun_diff": 0.3988210240755592,
        "length": 135.05995380357518
      }
    },
    {
      "geometry": {
        "type": "LineString",
        "coordinates": [
          [
            90.3126933,
            23.7234623
          ],
          [
            90.3136589,
            23.7238331
          ]
        ]
      },
      "type": "Feature",
      "properties": {
        "name": null,
        "type": "residential",
        "slope": 67.24409786616417,
        "sun_diff": 2.560029417031018,
        "length": 106.62729279444274
      }
    },
    {
      "geometry": {
        "type": "LineString",
        "coordinates": [
          [
            90.3136589,
            23.7238331
          ],
          [
            90.3148726,
            23.7243168
          ]
        ]
      },
      "type": "Feature",
      "properties": {
        "name": null,
        "type": "residential",
        "slope": 66.47546707563404,
        "sun_diff": 1.791398626500893,
        "length": 134.79412027242503
      }
    },
    {
      "geometry": {
        "type": "LineString",
        "coordinates": [
          [
            90.3148726,
            23.7243168
          ],
          [
            90.315814,
            23.7246716
          ]
        ]
      },
      "type": "Feature",
      "properties": {
        "name": null,
        "type": "residential",
        "slope": 67.62418595325789,
        "sun_diff": 2.9401175041247427,
        "length": 103.6681296862852
      }
    },
    {
      "geometry": {
        "type": "LineString",
        "coordinates": [
          [
            90.3083128,
            23.6992051
          ],
          [
            90.3092258,
            23.6995499
          ]
        ]
      },
      "type": "Feature",
      "properties": {
        "name": null,
        "type": "residential",
        "slope": 67.58684944324841,
        "sun_diff": 2.902780994115261,
        "length": 100.5870526172112
      }
    },
    {
      "geometry": {
        "type": "LineString",
        "coordinates": [
          [
            90.302794,
            23.8066737
          ],
          [
            90.3042505,
            23.8073477
          ]
        ]
      },
      "type": "Feature",
      "properties": {
        "name": null,
        "type": "unclassified",
        "slope": 63.17007493658198,
        "sun_diff": 1.4948963036318048,
        "length": 166.10194786532173
      }
    },
    {
      "geometry": {
        "type": "LineString",
        "coordinates": [
          [
            90.2677244,
            23.7320858
          ],
          [
            90.2687412,
            23.7325132
          ]
        ]
      },
      "type": "Feature",
      "properties": {
        "name": null,
        "type": "residential",
        "slope": 65.33691897605169,
        "sun_diff": 0.6528505269185416,
        "length": 113.92713470866417
      }
    },
    {
      "geometry": {
        "type": "LineString",
        "coordinates": [
          [
            90.3435017,
            23.7673272
          ],
          [
            90.3425288,
            23.7668974
          ]
        ]
      },
      "type": "Feature",
      "properties": {
        "name": null,
        "type": "residential",
        "slope": 64.23296357078866,
        "sun_diff": 0.4320076694251327,
        "length": 109.97258514979178
      }
    },
    {
      "geometry": {
        "type": "LineString",
        "coordinates": [
          [
            90.5634731,
            23.8097465
          ],
          [
            90.5622876,
            23.8103305
          ]
        ]
      },
      "type": "Feature",
      "properties": {
        "name": null,
        "type": "residential",
        "slope": 118.30016073807553,
        "sun_diff": 2.965791318915322,
        "length": 137.0166905004979
      }
    }
  ]
}