{
  "type": "FeatureCollection",
  "features": [
    {
      "geometry": {
        "type": "LineString",
        "coordinates": [
          [
            93.1260028,
            55.9894005
          ],
          [
            93.1246421,
            55.9901887
          ]
        ]
      },
      "type": "Feature",
      "properties": {
        "name": null,
        "type": "tertiary",
        "slope": 136.0025936030035,
        "sun_diff": 2.505275859918669,
        "length": 121.87279713823119
      }
    },
    {
      "geometry": {
        "type": "LineString",
        "coordinates": [
          [
            92.8817818,
            55.9946744
          ],
          [
            92.8856675,
            55.9924226
          ]
        ]
      },
      "type": "Feature",
      "properties": {
        "name": "\u041a\u043e\u043c\u043c\u0443\u043d\u0430\u043b\u044c\u043d\u044b\u0439 \u043c\u043e\u0441\u0442",
        "type": "trunk",
        "slope": 136.01654278132452,
        "sun_diff": 2.519225038239682,
        "length": 348.0886445809714
      }
    },
    {
      "geometry": {
        "type": "LineString",
        "coordinates": [
          [
            92.9456067,
            56.0220234
          ],
          [
            92.954773,
            56.0166414
          ]
        ]
      },
      "type": "Feature",
      "properties": {
        "name": "\u041e\u043a\u0442\u044f\u0431\u0440\u044c\u0441\u043a\u0438\u0439 \u043c\u043e\u0441\u0442",
        "type": "primary",
        "slope": 136.4094188309822,
        "sun_diff": 2.912101087897355,
        "length": 826.496409773629
      }
    },
    {
      "geometry": {
        "type": "LineString",
        "coordinates": [
          [
            92.9657936,
            56.0640816
          ],
          [
            92.9674655,
            56.0649499
          ]
        ]
      },
      "type": "Feature",
      "properties": {
        "name": "\u0443\u043b\u0438\u0446\u0430 \u0420\u043e\u043a\u043e\u0441\u0441\u043e\u0432\u0441\u043a\u043e\u0433\u043e",
        "type": "residential",
        "slope": 47.06759030505128,
        "sun_diff": 0.7049578893437456,
        "length": 141.79484122832997
      }
    },
    {
      "geometry": {
        "type": "LineString",
        "coordinates": [
          [
            92.7750963,
            56.045518
          ],
          [
            92.7732581,
            56.0464616
          ]
        ]
      },
      "type": "Feature",
      "properties": {
        "name": "\u0443\u043b\u0438\u0446\u0430 \u041a\u0430\u043b\u0438\u043d\u0438\u043d\u0430",
        "type": "primary",
        "slope": 132.58567690628115,
        "sun_diff": 0.9116408368036844,
        "length": 155.10332098721716
      }
    },
    {
      "geometry": {
        "type": "LineString",
        "coordinates": [
          [
            92.7732581,
            56.0464616
          ],
          [
            92.7715773,
            56.0472808
          ]
        ]
      },
      "type": "Feature",
      "properties": {
        "name": "\u0443\u043b\u0438\u0446\u0430 \u041a\u0430\u043b\u0438\u043d\u0438\u043d\u0430",
        "type": "primary",
        "slope": 131.1098357350804,
        "sun_diff": 2.38748200800444,
        "length": 138.58462582744187
      }
    },
    {
      "geometry": {
        "type": "LineString",
        "coordinates": [
          [
            92.7916448,
            56.0274081
          ],
          [
            92.7895041,
            56.0262395
          ]
        ]
      },
      "type": "Feature",
      "properties": {
        "name": "\u0422\u0435\u043b\u0435\u0432\u0438\u0437\u043e\u0440\u043d\u044b\u0439 \u043f\u0435\u0440\u0435\u0443\u043b\u043e\u043a",
        "type": "tertiary",
        "slope": 45.66990854312948,
        "sun_diff": 0.8318684863495776,
        "length": 186.01007167322265
      }
    },
    {
      "geometry": {
        "type": "LineString",
        "coordinates": [
          [
            92.7893767,
            56.0261692
          ],
          [
            92.7878922,
            56.0253495
          ]
        ]
      },
      "type": "Feature",
      "properties": {
        "name": "\u0422\u0435\u043b\u0435\u0432\u0438\u0437\u043e\u0440\u043d\u044b\u0439 \u043f\u0435\u0440\u0435\u0443\u043b\u043e\u043a",
        "type": "tertiary",
        "slope": 45.3431319209061,
        "sun_diff": 1.158645108572955,
        "length": 129.71954597004338
      }
    },
    {
      "geometry": {
        "type": "LineString",
        "coordinates": [
          [
            92.8054762,
            56.0212163
          ],
          [
            92.8030958,
            56.0199618
          ]
        ]
      },
      "type": "Feature",
      "properties": {
        "name": "\u0443\u043b\u0438\u0446\u0430 \u0411\u0430\u0443\u043c\u0430\u043d\u0430",
        "type": "residential",
        "slope": 46.68220935522527,
        "sun_diff": 0.18043232574621015,
        "length": 203.3930266771496
      }
    },
    {
      "geometry": {
        "type": "LineString",
        "coordinates": [
          [
            92.8028779,
            56.0198464
          ],
          [
            92.8017245,
            56.0191864
          ]
        ]
      },
      "type": "Feature",
      "properties": {
        "name": "\u0443\u043b\u0438\u0446\u0430 \u0411\u0430\u0443\u043c\u0430\u043d\u0430",
        "type": "residential",
        "slope": 44.32603832524694,
        "sun_diff": 2.175738704232117,
        "length": 102.61940490384583
      }
    },
    {
      "geometry": {
        "type": "LineString",
        "coordinates": [
          [
            92.7857599,
            56.0234146
          ],
          [
            92.7840485,
            56.0225053
          ]
        ]
      },
      "type": "Feature",
      "properties": {
        "name": "2-\u044f \u0425\u0430\u0431\u0430\u0440\u043e\u0432\u0441\u043a\u0430\u044f \u0443\u043b\u0438\u0446\u0430",
        "type": "residential",
        "slope": 46.44749420140093,
        "sun_diff": 0.05428282807812934,
        "length": 146.7893614862727
      }
    },
    {
      "geometry": {
        "type": "LineString",
        "coordinates": [
          [
            92.7829259,
            56.021874
          ],
          [
            92.7814647,
            56.0210971
          ]
        ]
      },
      "type": "Feature",
      "properties": {
        "name": "2-\u044f \u0425\u0430\u0431\u0430\u0440\u043e\u0432\u0441\u043a\u0430\u044f \u0443\u043b\u0438\u0446\u0430",
        "type": "residential",
        "slope": 46.42878682316476,
        "sun_diff": 0.07299020631430153,
        "length": 125.37293752339129
      }
    },
    {
      "geometry": {
        "type": "LineString",
        "coordinates": [
          [
            92.8174356,
            56.003662
          ],
          [
            92.81929,
            56.0047386
          ]
        ]
      },
      "type": "Feature",
      "properties": {
        "name": "\u0443\u043b\u0438\u0446\u0430 \u042d\u043d\u0433\u0435\u043b\u044c\u0441\u0430",
        "type": "residential",
        "slope": 43.9222303082054,
        "sun_diff": 2.5795467212736582,
        "length": 166.2554907414068
      }
    },
    {
      "geometry": {
        "type": "LineString",
        "coordinates": [
          [
            92.920786,
            55.9640791
          ],
          [
            92.9195248,
            55.9634045
          ]
        ]
      },
      "type": "Feature",
      "properties": {
        "name": null,
        "type": "service",
        "slope": 46.29972415658065,
        "sun_diff": 0.20205287289840612,
        "length": 108.60737578558197
      }
    },
    {
      "geometry": {
        "type": "LineString",
        "coordinates": [
          [
            92.9744935,
            56.0530468
          ],
          [
            92.9724804,
            56.0540399
          ]
        ]
      },
      "type": "Feature",
      "properties": {
        "name": "\u0443\u043b\u0438\u0446\u0430 \u0422\u0435\u0440\u0435\u0448\u043a\u043e\u0432\u043e\u0439",
        "type": "residential",
        "slope": 131.4584581602764,
        "sun_diff": 2.178004196579934,
        "length": 166.8433901135016
      }
    },
    {
      "geometry": {
        "type": "LineString",
        "coordinates": [
          [
            92.9787792,
            56.0501222
          ],
          [
            92.9767236,
            56.0512281
          ]
        ]
      },
      "type": "Feature",
      "properties": {
        "name": "\u0424\u0435\u0440\u0433\u0430\u043d\u0441\u043a\u0430\u044f \u0443\u043b\u0438\u0446\u0430",
        "type": "residential",
        "slope": 133.93108941883332,
        "sun_diff": 0.2946270619769962,
        "length": 177.30077877941875
      }
    },
    {
      "geometry": {
        "type": "LineString",
        "coordinates": [
          [
            92.9761955,
            56.0515123
          ],
          [
            92.9745742,
            56.0523712
          ]
        ]
      },
      "type": "Feature",
      "properties": {
        "name": "\u0424\u0435\u0440\u0433\u0430\u043d\u0441\u043a\u0430\u044f \u0443\u043b\u0438\u0446\u0430",
        "type": "residential",
        "slope": 133.49055907052352,
        "sun_diff": 0.14590328633281047,
        "length": 138.81284403482297
      }
    },
    {
      "geometry": {
        "type": "LineString",
        "coordinates": [
          [
            92.9996434,
            56.0762245
          ],
          [
            92.9977937,
            56.0772604
          ]
        ]
      },
      "type": "Feature",
      "properties": {
        "name": null,
        "type": "service",
        "slope": 135.100553807501,
        "sun_diff": 1.4640914506446734,
        "length": 162.66577132495914
      }
    },
    {
      "geometry": {
        "type": "LineString",
        "coordinates": [
          [
            92.9930879,
            56.0752463
          ],
          [
            92.991789,
            56.0759491
          ]
        ]
      },
      "type": "Feature",
      "properties": {
        "name": "\u0411\u0430\u0448\u0438\u043b\u043e\u0432\u0441\u043a\u0430\u044f \u0443\u043b\u0438\u0446\u0430",
        "type": "residential",
        "slope": 134.1128634794191,
        "sun_diff": 0.4764011225627769,
        "length": 112.30514803010425
      }
    },
    {
      "geometry": {
        "type": "LineString",
        "coordinates": [
          [
            92.991789,
            56.0759491
          ],
          [
            92.9905573,
            56.0766176
          ]
        ]
      },
      "type": "Feature",
      "properties": {
        "name": "\u0411\u0430\u0448\u0438\u043b\u043e\u0432\u0441\u043a\u0430\u044f \u0443\u043b\u0438\u0446\u0430",
        "type": "residential",
        "slope": 134.20174262079357,
        "sun_diff": 0.5652802639372396,
        "length": 106.65357343175906
      }
    },
    {
      "geometry": {
        "type": "LineString",
        "coordinates": [
          [
            92.986804,
            56.0787797
          ],
          [
            92.9854543,
            56.0794505
          ]
        ]
      },
      "type": "Feature",
      "properties": {
        "name": "\u0411\u0430\u0448\u0438\u043b\u043e\u0432\u0441\u043a\u0430\u044f \u0443\u043b\u0438\u0446\u0430",
        "type": "residential",
        "slope": 131.68862894408164,
        "sun_diff": 1.9478334127746848,
        "length": 112.18664187397037
      }
    },
    {
      "geometry": {
        "type": "LineString",
        "coordinates": [
          [
            92.9827685,
            56.0812223
          ],
          [
            92.9815761,
            56.0818497
          ]
        ]
      },
      "type": "Feature",
      "properties": {
        "name": "\u0411\u0430\u0448\u0438\u043b\u043e\u0432\u0441\u043a\u0430\u044f \u0443\u043b\u0438\u0446\u0430",
        "type": "residential",
        "slope": 133.31770044980067,
        "sun_diff": 0.3187619070556593,
        "length": 101.72231580027643
      }
    },
    {
      "geometry": {
        "type": "LineString",
        "coordinates": [
          [
            92.9815761,
            56.0818497
          ],
          [
            92.9801462,
            56.0825869
          ]
        ]
      },
      "type": "Feature",
      "properties": {
        "name": "\u0411\u0430\u0448\u0438\u043b\u043e\u0432\u0441\u043a\u0430\u044f \u0443\u043b\u0438\u0446\u0430",
        "type": "residential",
        "slope": 132.73632622799994,
        "sun_diff": 0.9001361288563885,
        "length": 120.83109002750803
      }
    },
    {
      "geometry": {
        "type": "LineString",
        "coordinates": [
          [
            93.11561,
            56.0715713
          ],
          [
            93.1167973,
            56.0709394
          ]
        ]
      },
      "type": "Feature",
      "properties": {
        "name": null,
        "type": "unclassified",
        "slope": 133.63667145750497,
        "sun_diff": 0.000209100648646654,
        "length": 101.85128462567387
      }
    },
    {
      "geometry": {
        "type": "LineString",
        "coordinates": [
          [
            93.1226649,
            56.069822
          ],
          [
            93.1286081,
            56.0728604
          ]
        ]
      },
      "type": "Feature",
      "properties": {
        "name": null,
        "type": "unclassified",
        "slope": 47.511145367419374,
        "sun_diff": 1.1485129517118366,
        "length": 500.3621018906883
      }
    },
    {
      "geometry": {
        "type": "LineString",
        "coordinates": [
          [
            93.1300609,
            56.0720918
          ],
          [
            93.1323931,
            56.0707298
          ]
        ]
      },
      "type": "Feature",
      "properties": {
        "name": null,
        "type": "unclassified",
        "slope": 136.29546194513287,
        "sun_diff": 2.6589995882765436,
        "length": 209.5603149147185
      }
    },
    {
      "geometry": {
        "type": "LineString",
        "coordinates": [
          [
            92.7959688,
            56.0350306
          ],
          [
            92.7971743,
            56.0356275
          ]
        ]
      },
      "type": "Feature",
      "properties": {
        "name": "\u0413\u0435\u043e\u0434\u0435\u0437\u0438\u0447\u0435\u0441\u043a\u0430\u044f \u0443\u043b\u0438\u0446\u0430",
        "type": "residential",
        "slope": 48.44991338282557,
        "sun_diff": 1.9481363533465128,
        "length": 100.09939107096606
      }
    },
    {
      "geometry": {
        "type": "LineString",
        "coordinates": [
          [
            93.0337559,
            55.9943484
          ],
          [
            93.0349855,
            55.9949435
          ]
        ]
      },
      "type": "Feature",
      "properties": {
        "name": null,
        "type": "service",
        "slope": 49.127692446975715,
        "sun_diff": 2.625915417496657,
        "length": 101.15472495344915
      }
    },
    {
      "geometry": {
        "type": "LineString",
        "coordinates": [
          [
            93.1428668,
            56.0959611
          ],
          [
            93.1404118,
            56.097204
          ]
        ]
      },
      "type": "Feature",
      "properties": {
        "name": "\u00ab\u0421\u0438\u0431\u0438\u0440\u044c\u00bb",
        "type": "trunk",
        "slope": 132.22838761963118,
        "sun_diff": 1.4080747372251494,
        "length": 205.70055839021012
      }
    },
    {
      "geometry": {
        "type": "LineString",
        "coordinates": [
          [
            92.9893524,
            56.0835057
          ],
          [
            92.99182,
            56.0821385
          ]
        ]
      },
      "type": "Feature",
      "properties": {
        "name": "\u0422\u0435\u0445\u043d\u043e\u043b\u043e\u0433\u0438\u0447\u0435\u0441\u043a\u0430\u044f \u0443\u043b\u0438\u0446\u0430",
        "type": "service",
        "slope": 134.79683902112723,
        "sun_diff": 1.160376664270899,
        "length": 215.82903062388485
      }
    },
    {
      "geometry": {
        "type": "LineString",
        "coordinates": [
          [
            93.1014249,
            55.9465129
          ],
          [
            93.1037817,
            55.9476393
          ]
        ]
      },
      "type": "Feature",
      "properties": {
        "name": null,
        "type": "secondary",
        "slope": 49.51814196811628,
        "sun_diff": 2.878422438159646,
        "length": 192.9897420483731
      }
    },
    {
      "geometry": {
        "type": "LineString",
        "coordinates": [
          [
            93.1037817,
            55.9476393
          ],
          [
            93.1059609,
            55.9486944
          ]
        ]
      },
      "type": "Feature",
      "properties": {
        "name": null,
        "type": "secondary",
        "slope": 49.150457227901114,
        "sun_diff": 2.510737697944478,
        "length": 179.42823988267858
      }
    },
    {
      "geometry": {
        "type": "LineString",
        "coordinates": [
          [
            93.0581168,
            56.0978648
          ],
          [
            93.0593874,
            56.0984995
          ]
        ]
      },
      "type": "Feature",
      "properties": {
        "name": "\u0443\u043b\u0438\u0446\u0430 \u041f\u043e\u0433\u0440\u0430\u043d\u0438\u0447\u043d\u0438\u043a\u043e\u0432",
        "type": "primary",
        "slope": 48.152842881057325,
        "sun_diff": 1.7902104653497872,
        "length": 105.82079267365411
      }
    },
    {
      "geometry": {
        "type": "LineString",
        "coordinates": [
          [
            93.0593874,
            56.0984995
          ],
          [
            93.0607342,
            56.0992282
          ]
        ]
      },
      "type": "Feature",
      "properties": {
        "name": "\u0443\u043b\u0438\u0446\u0430 \u041f\u043e\u0433\u0440\u0430\u043d\u0438\u0447\u043d\u0438\u043a\u043e\u0432",
        "type": "primary",
        "slope": 45.870515295358786,
        "sun_diff": 0.49211712034875177,
        "length": 116.40907683357237
      }
    },
    {
      "geometry": {
        "type": "LineString",
        "coordinates": [
          [
            93.0626414,
            56.1003279
          ],
          [
            93.0639068,
            56.1010673
          ]
        ]
      },
      "type": "Feature",
      "properties": {
        "name": "\u0443\u043b\u0438\u0446\u0430 \u041f\u043e\u0433\u0440\u0430\u043d\u0438\u0447\u043d\u0438\u043a\u043e\u0432",
        "type": "primary",
        "slope": 43.66616584301036,
        "sun_diff": 2.696466572697176,
        "length": 113.69443984239834
      }
    },
    {
      "geometry": {
        "type": "LineString",
        "coordinates": [
          [
            93.0639068,
            56.1010673
          ],
          [
            93.0655477,
            56.1019443
          ]
        ]
      },
      "type": "Feature",
      "properties": {
        "name": "\u0443\u043b\u0438\u0446\u0430 \u041f\u043e\u0433\u0440\u0430\u043d\u0438\u0447\u043d\u0438\u043a\u043e\u0432",
        "type": "primary",
        "slope": 46.21972895452433,
        "sun_diff": 0.1429034611832094,
        "length": 140.9884427053364
      }
    },
    {
      "geometry": {
        "type": "LineString",
        "coordinates": [
          [
            93.0664066,
            56.1024081
          ],
          [
            93.0678264,
            56.1031562
          ]
        ]
      },
      "type": "Feature",
      "properties": {
        "name": "\u0443\u043b\u0438\u0446\u0430 \u041f\u043e\u0433\u0440\u0430\u043d\u0438\u0447\u043d\u0438\u043a\u043e\u0432",
        "type": "primary",
        "slope": 46.626309875264724,
        "sun_diff": 0.26367745955718647,
        "length": 121.16637064134169
      }
    },
    {
      "geometry": {
        "type": "LineString",
        "coordinates": [
          [
            93.0686539,
            56.1035725
          ],
          [
            93.071089,
            56.1048315
          ]
        ]
      },
      "type": "Feature",
      "properties": {
        "name": "\u0443\u043b\u0438\u0446\u0430 \u041f\u043e\u0433\u0440\u0430\u043d\u0438\u0447\u043d\u0438\u043a\u043e\u0432",
        "type": "primary",
        "slope": 47.16632995323101,
        "sun_diff": 0.8036975375234761,
        "length": 205.97923764348423
      }
    },
    {
      "geometry": {
        "type": "LineString",
        "coordinates": [
          [
            93.0738959,
            56.1062608
          ],
          [
            93.075132,
            56.106899
          ]
        ]
      },
      "type": "Feature",
      "properties": {
        "name": "\u0443\u043b\u0438\u0446\u0430 \u041f\u043e\u0433\u0440\u0430\u043d\u0438\u0447\u043d\u0438\u043a\u043e\u0432",
        "type": "primary",
        "slope": 47.20463638198828,
        "sun_diff": 0.8420039662807426,
        "length": 104.48790798779658
      }
    },
    {
      "geometry": {
        "type": "LineString",
        "coordinates": [
          [
            92.9904291,
            56.087673
          ],
          [
            92.9890627,
            56.0884641
          ]
        ]
      },
      "type": "Feature",
      "properties": {
        "name": null,
        "type": "service",
        "slope": 136.06096730609175,
        "sun_diff": 2.424504949235427,
        "length": 122.20104917124196
      }
    },
    {
      "geometry": {
        "type": "LineString",
        "coordinates": [
          [
            93.0976893,
            56.1167537
          ],
          [
            93.1001582,
            56.11531
          ]
        ]
      },
      "type": "Feature",
      "properties": {
        "name": null,
        "type": "service",
        "slope": 136.36562975789164,
        "sun_diff": 2.729167401035312,
        "length": 221.8712131177956
      }
    },
    {
      "geometry": {
        "type": "LineString",
        "coordinates": [
          [
            93.1062611,
            56.1066852
          ],
          [
            93.1132217,
            56.1031631
          ]
        ]
      },
      "type": "Feature",
      "properties": {
        "name": null,
        "type": "service",
        "slope": 132.21772093018774,
        "sun_diff": 1.4187414266685892,
        "length": 583.0090818535834
      }
    },
    {
      "geometry": {
        "type": "LineString",
        "coordinates": [
          [
            92.978798,
            56.0832648
          ],
          [
            92.9801462,
            56.0825869
          ]
        ]
      },
      "type": "Feature",
      "properties": {
        "name": null,
        "type": "service",
        "slope": 132.0224205375942,
        "sun_diff": 1.6140418192621269,
        "length": 112.63808224695839
      }
    },
    {
      "geometry": {
        "type": "LineString",
        "coordinates": [
          [
            93.0225253,
            56.0801173
          ],
          [
            93.0191965,
            56.0784195
          ]
        ]
      },
      "type": "Feature",
      "properties": {
        "name": null,
        "type": "unclassified",
        "slope": 47.57442712217056,
        "sun_diff": 1.2117947064630243,
        "length": 279.9211532889347
      }
    },
    {
      "geometry": {
        "type": "LineString",
        "coordinates": [
          [
            93.1226649,
            56.069822
          ],
          [
            93.119724,
            56.0682809
          ]
        ]
      },
      "type": "Feature",
      "properties": {
        "name": null,
        "type": "unclassified",
        "slope": 46.809038057224086,
        "sun_diff": 0.4464056415165487,
        "length": 250.4477402373056
      }
    },
    {
      "geometry": {
        "type": "LineString",
        "coordinates": [
          [
            93.0223994,
            56.1117146
          ],
          [
            93.0212447,
            56.1123937
          ]
        ]
      },
      "type": "Feature",
      "properties": {
        "name": null,
        "type": "service",
        "slope": 136.527575708612,
        "sun_diff": 2.8911133517556777,
        "length": 104.0869699644811
      }
    },
    {
      "geometry": {
        "type": "LineString",
        "coordinates": [
          [
            93.0381666,
            56.1116538
          ],
          [
            93.0393348,
            56.1123064
          ]
        ]
      },
      "type": "Feature",
      "properties": {
        "name": null,
        "type": "service",
        "slope": 44.94505542357251,
        "sun_diff": 1.4175769921350252,
        "length": 102.55789950665742
      }
    },
    {
      "geometry": {
        "type": "LineString",
        "coordinates": [
          [
            93.1175693,
            56.0689851
          ],
          [
            93.1188329,
            56.0683439
          ]
        ]
      },
      "type": "Feature",
      "properties": {
        "name": null,
        "type": "unclassified",
        "slope": 132.27263455776546,
        "sun_diff": 1.3638277990908705,
        "length": 106.02731188673285
      }
    },
    {
      "geometry": {
        "type": "LineString",
        "coordinates": [
          [
            92.9386939,
            56.1076217
          ],
          [
            92.9367698,
            56.1065788
          ]
        ]
      },
      "type": "Feature",
      "properties": {
        "name": null,
        "type": "service",
        "slope": 45.814318968077515,
        "sun_diff": 0.5483134476300222,
        "length": 166.432035971213
      }
    },
    {
      "geometry": {
        "type": "LineString",
        "coordinates": [
          [
            92.7945504,
            56.0203831
          ],
          [
            92.7957637,
            56.0197397
          ]
        ]
      },
      "type": "Feature",
      "properties": {
        "name": null,
        "type": "service",
        "slope": 133.49493569068184,
        "sun_diff": 0.00238205240299294,
        "length": 103.9749427479116
      }
    },
    {
      "geometry": {
        "type": "LineString",
        "coordinates": [
          [
            93.0399199,
            55.9910066
          ],
          [
            93.0411797,
            55.9916426
          ]
        ]
      },
      "type": "Feature",
      "properties": {
        "name": null,
        "type": "service",
        "slope": 47.93028676550699,
        "sun_diff": 1.4285097360279337,
        "length": 105.58040552905156
      }
    },
    {
      "geometry": {
        "type": "LineString",
        "coordinates": [
          [
            93.0394392,
            55.9912971
          ],
          [
            93.0406524,
            55.9920036
          ]
        ]
      },
      "type": "Feature",
      "properties": {
        "name": null,
        "type": "service",
        "slope": 43.844075649679894,
        "sun_diff": 2.657701379799164,
        "length": 108.95898144073111
      }
    },
    {
      "geometry": {
        "type": "LineString",
        "coordinates": [
          [
            93.05564,
            55.9990571
          ],
          [
            93.0544676,
            55.9996738
          ]
        ]
      },
      "type": "Feature",
      "properties": {
        "name": "4-\u044f \u0428\u0438\u043d\u043d\u0430\u044f \u0443\u043b\u0438\u0446\u0430",
        "type": "tertiary",
        "slope": 133.24860922238292,
        "sun_diff": 0.24870852070191063,
        "length": 100.11558893440821
      }
    },
    {
      "geometry": {
        "type": "LineString",
        "coordinates": [
          [
            93.0543744,
            55.9997247
          ],
          [
            93.053118,
            56.0003918
          ]
        ]
      },
      "type": "Feature",
      "properties": {
        "name": "4-\u044f \u0428\u0438\u043d\u043d\u0430\u044f \u0443\u043b\u0438\u0446\u0430",
        "type": "tertiary",
        "slope": 133.5168486642553,
        "sun_diff": 0.01953092117045685,
        "length": 107.76244957918625
      }
    },
    {
      "geometry": {
        "type": "LineString",
        "coordinates": [
          [
            92.9181065,
            56.0384798
          ],
          [
            92.919419,
            56.039131
          ]
        ]
      },
      "type": "Feature",
      "properties": {
        "name": null,
        "type": "service",
        "slope": 48.38964890049607,
        "sun_diff": 1.887871871017012,
        "length": 109.07608844257679
      }
    },
    {
      "geometry": {
        "type": "LineString",
        "coordinates": [
          [
            92.9587073,
            56.0683937
          ],
          [
            92.9599529,
            56.0690453
          ]
        ]
      },
      "type": "Feature",
      "properties": {
        "name": null,
        "type": "service",
        "slope": 46.85771705972044,
        "sun_diff": 0.49508464401290553,
        "length": 105.99059372988516
      }
    },
    {
      "geometry": {
        "type": "LineString",
        "coordinates": [
          [
            92.9065419,
            56.0408144
          ],
          [
            92.9086002,
            56.04185
          ]
        ]
      },
      "type": "Feature",
      "properties": {
        "name": null,
        "type": "service",
        "slope": 47.98983501339674,
        "sun_diff": 1.4880579839176846,
        "length": 172.11554389388291
      }
    },
    {
      "geometry": {
        "type": "LineString",
        "coordinates": [
          [
            93.1084145,
            55.9975021
          ],
          [
            93.1071941,
            55.9981565
          ]
        ]
      },
      "type": "Feature",
      "properties": {
        "name": null,
        "type": "service",
        "slope": 133.7970824301448,
        "sun_diff": 0.2997646870599624,
        "length": 105.17042148096178
      }
    },
    {
      "geometry": {
        "type": "LineString",
        "coordinates": [
          [
            92.9112818,
            56.0418859
          ],
          [
            92.9097233,
            56.0411174
          ]
        ]
      },
      "type": "Feature",
      "properties": {
        "name": null,
        "type": "service",
        "slope": 48.56353865021461,
        "sun_diff": 2.0617616207355525,
        "length": 129.1644891089683
      }
    },
    {
      "geometry": {
        "type": "LineString",
        "coordinates": [
          [
            92.9076401,
            56.0403944
          ],
          [
            92.9063294,
            56.0397405
          ]
        ]
      },
      "type": "Feature",
      "properties": {
        "name": null,
        "type": "service",
        "slope": 48.232403162628486,
        "sun_diff": 1.7306261331494284,
        "length": 109.19031618610373
      }
    },
    {
      "geometry": {
        "type": "LineString",
        "coordinates": [
          [
            92.9063687,
            56.0396303
          ],
          [
            92.9051688,
            56.0390301
          ]
        ]
      },
      "type": "Feature",
      "properties": {
        "name": null,
        "type": "service",
        "slope": 48.15800525133045,
        "sun_diff": 1.6562282218513928,
        "length": 100.07793567935094
      }
    },
    {
      "geometry": {
        "type": "LineString",
        "coordinates": [
          [
            92.9330192,
            56.063629
          ],
          [
            92.9318799,
            56.0642902
          ]
        ]
      },
      "type": "Feature",
      "properties": {
        "name": null,
        "type": "service",
        "slope": 136.11164258299834,
        "sun_diff": 2.4751802261420153,
        "length": 102.04840505139757
      }
    },
    {
      "geometry": {
        "type": "LineString",
        "coordinates": [
          [
            92.9514167,
            56.0521744
          ],
          [
            92.9501393,
            56.0528272
          ]
        ]
      },
      "type": "Feature",
      "properties": {
        "name": null,
        "type": "residential",
        "slope": 132.46276664643023,
        "sun_diff": 1.1736957104261023,
        "length": 107.55442438126681
      }
    },
    {
      "geometry": {
        "type": "LineString",
        "coordinates": [
          [
            92.707531,
            55.987567
          ],
          [
            92.7061915,
            55.9868258
          ]
        ]
      },
      "type": "Feature",
      "properties": {
        "name": "\u0411\u043e\u043b\u044c\u0448\u043e\u0439 \u0431\u0443\u043b\u044c\u0432\u0430\u0440",
        "type": "residential",
        "slope": 45.31114495405183,
        "sun_diff": 1.1906320754272315,
        "length": 117.23057162255965
      }
    },
    {
      "geometry": {
        "type": "LineString",
        "coordinates": [
          [
            92.7425645,
            56.0301306
          ],
          [
            92.7438572,
            56.0307629
          ]
        ]
      },
      "type": "Feature",
      "properties": {
        "name": null,
        "type": "service",
        "slope": 48.800891722716926,
        "sun_diff": 2.2991146932378683,
        "length": 106.7759608887213
      }
    },
    {
      "geometry": {
        "type": "LineString",
        "coordinates": [
          [
            92.9116853,
            56.0648977
          ],
          [
            92.9130284,
            56.0655544
          ]
        ]
      },
      "type": "Feature",
      "properties": {
        "name": null,
        "type": "service",
        "slope": 48.78618510546738,
        "sun_diff": 2.4235526897598447,
        "length": 110.86388547483945
      }
    },
    {
      "geometry": {
        "type": "LineString",
        "coordinates": [
          [
            92.7693005,
            56.0537768
          ],
          [
            92.7712665,
            56.0548027
          ]
        ]
      },
      "type": "Feature",
      "properties": {
        "name": "\u0411\u0438\u0439\u0445\u0435\u043c\u0441\u043a\u0430\u044f \u0443\u043b\u0438\u0446\u0430",
        "type": "residential",
        "slope": 46.93942433480578,
        "sun_diff": 0.5767919190982411,
        "length": 167.12992041100668
      }
    },
    {
      "geometry": {
        "type": "LineString",
        "coordinates": [
          [
            92.7572484,
            55.9905847
          ],
          [
            92.7594832,
            55.9916804
          ]
        ]
      },
      "type": "Feature",
      "properties": {
        "name": null,
        "type": "path",
        "slope": 48.762430049284774,
        "sun_diff": 2.2606530198057158,
        "length": 184.8888123105184
      }
    },
    {
      "geometry": {
        "type": "LineString",
        "coordinates": [
          [
            92.9153671,
            56.0522754
          ],
          [
            92.917537,
            56.0533724
          ]
        ]
      },
      "type": "Feature",
      "properties": {
        "name": null,
        "type": "service",
        "slope": 47.844595739328525,
        "sun_diff": 1.4819633236209881,
        "length": 181.80914909286048
      }
    },
    {
      "geometry": {
        "type": "LineString",
        "coordinates": [
          [
            92.911117,
            56.0402443
          ],
          [
            92.9094418,
            56.0393634
          ]
        ]
      },
      "type": "Feature",
      "properties": {
        "name": null,
        "type": "service",
        "slope": 46.73110134449877,
        "sun_diff": 0.22932431501970996,
        "length": 142.95075933382174
      }
    },
    {
      "geometry": {
        "type": "LineString",
        "coordinates": [
          [
            92.9179803,
            56.0621996
          ],
          [
            92.9194211,
            56.062891
          ]
        ]
      },
      "type": "Feature",
      "properties": {
        "name": null,
        "type": "service",
        "slope": 49.3192634063584,
        "sun_diff": 2.956630990650865,
        "length": 117.98032232674592
      }
    },
    {
      "geometry": {
        "type": "LineString",
        "coordinates": [
          [
            92.9372297,
            56.062925
          ],
          [
            92.9359111,
            56.0622708
          ]
        ]
      },
      "type": "Feature",
      "properties": {
        "name": "\u0443\u043b\u0438\u0446\u0430 \u041c\u0430\u0442\u0435 \u0417\u0430\u043b\u043a\u0438",
        "type": "tertiary",
        "slope": 48.37373626908061,
        "sun_diff": 2.011103853373072,
        "length": 109.54330275791091
      }
    },
    {
      "geometry": {
        "type": "LineString",
        "coordinates": [
          [
            92.9064691,
            56.0608617
          ],
          [
            92.9077578,
            56.0615067
          ]
        ]
      },
      "type": "Feature",
      "properties": {
        "name": null,
        "type": "service",
        "slope": 48.12456486674219,
        "sun_diff": 1.761932451034653,
        "length": 107.47885708722778
      }
    },
    {
      "geometry": {
        "type": "LineString",
        "coordinates": [
          [
            92.9089166,
            56.0567063
          ],
          [
            92.9103908,
            56.0574394
          ]
        ]
      },
      "type": "Feature",
      "properties": {
        "name": null,
        "type": "service",
        "slope": 48.3111734512961,
        "sun_diff": 1.948541035588562,
        "length": 122.6054642031652
      }
    },
    {
      "geometry": {
        "type": "LineString",
        "coordinates": [
          [
            92.9054404,
            56.0566897
          ],
          [
            92.9042049,
            56.0560622
          ]
        ]
      },
      "type": "Feature",
      "properties": {
        "name": null,
        "type": "service",
        "slope": 47.7110311546445,
        "sun_diff": 1.3483987389369645,
        "length": 103.72939682441154
      }
    },
    {
      "geometry": {
        "type": "LineString",
        "coordinates": [
          [
            92.8145649,
            56.003199
          ],
          [
            92.81662,
            56.0044017
          ]
        ]
      },
      "type": "Feature",
      "properties": {
        "name": "\u0443\u043b\u0438\u0446\u0430 \u0420\u0435\u0432\u043e\u043b\u044e\u0446\u0438\u0438",
        "type": "residential",
        "slope": 43.69355909645029,
        "sun_diff": 2.8082179330287715,
        "length": 185.01912005940227
      }
    },
    {
      "geometry": {
        "type": "LineString",
        "coordinates": [
          [
            92.81662,
            56.0044017
          ],
          [
            92.8182642,
            56.0053661
          ]
        ]
      },
      "type": "Feature",
      "properties": {
        "name": "\u0443\u043b\u0438\u0446\u0430 \u0420\u0435\u0432\u043e\u043b\u044e\u0446\u0438\u0438",
        "type": "residential",
        "slope": 43.62838875482578,
        "sun_diff": 2.87338827465328,
        "length": 148.1987156639269
      }
    },
    {
      "geometry": {
        "type": "LineString",
        "coordinates": [
          [
            92.9088218,
            56.0552853
          ],
          [
            92.910299,
            56.056032
          ]
        ]
      },
      "type": "Feature",
      "properties": {
        "name": null,
        "type": "service",
        "slope": 47.846571882637704,
        "sun_diff": 1.4839394669301669,
        "length": 123.7572699463368
      }
    },
    {
      "geometry": {
        "type": "LineString",
        "coordinates": [
          [
            92.910299,
            56.056032
          ],
          [
            92.9115603,
            56.0566865
          ]
        ]
      },
      "type": "Feature",
      "properties": {
        "name": null,
        "type": "service",
        "slope": 47.0979406535881,
        "sun_diff": 0.7353082378805595,
        "length": 106.94169225022391
      }
    },
    {
      "geometry": {
        "type": "LineString",
        "coordinates": [
          [
            92.91184,
            56.0568346
          ],
          [
            92.9139932,
            56.0579127
          ]
        ]
      },
      "type": "Feature",
      "properties": {
        "name": null,
        "type": "service",
        "slope": 48.116282314827345,
        "sun_diff": 1.7536498991198073,
        "length": 179.61959034277464
      }
    },
    {
      "geometry": {
        "type": "LineString",
        "coordinates": [
          [
            92.9269176,
            56.0632985
          ],
          [
            92.9283179,
            56.0639966
          ]
        ]
      },
      "type": "Feature",
      "properties": {
        "name": null,
        "type": "service",
        "slope": 48.23491842687284,
        "sun_diff": 1.8722860111653006,
        "length": 116.57784083932695
      }
    },
    {
      "geometry": {
        "type": "LineString",
        "coordinates": [
          [
            92.9286663,
            56.0649828
          ],
          [
            92.927351,
            56.064327
          ]
        ]
      },
      "type": "Feature",
      "properties": {
        "name": null,
        "type": "service",
        "slope": 48.231394429285245,
        "sun_diff": 1.868762013577708,
        "length": 109.50542360777406
      }
    },
    {
      "geometry": {
        "type": "LineString",
        "coordinates": [
          [
            92.9278501,
            56.0601527
          ],
          [
            92.9266414,
            56.059543
          ]
        ]
      },
      "type": "Feature",
      "properties": {
        "name": null,
        "type": "service",
        "slope": 47.90364821123123,
        "sun_diff": 1.5410157955236912,
        "length": 101.16142708845308
      }
    },
    {
      "geometry": {
        "type": "LineString",
        "coordinates": [
          [
            92.9084031,
            56.0526541
          ],
          [
            92.909779,
            56.0533721
          ]
        ]
      },
      "type": "Feature",
      "properties": {
        "name": null,
        "type": "service",
        "slope": 46.9394277609326,
        "sun_diff": 0.5767953452250651,
        "length": 116.96952412427271
      }
    },
    {
      "geometry": {
        "type": "LineString",
        "coordinates": [
          [
            92.8971412,
            56.0496977
          ],
          [
            92.8957228,
            56.0489783
          ]
        ]
      },
      "type": "Feature",
      "properties": {
        "name": null,
        "type": "service",
        "slope": 47.755619319238264,
        "sun_diff": 1.2538422897592056,
        "length": 119.02279136896259
      }
    },
    {
      "geometry": {
        "type": "LineString",
        "coordinates": [
          [
            92.8948972,
            56.0485624
          ],
          [
            92.8934421,
            56.0478334
          ]
        ]
      },
      "type": "Feature",
      "properties": {
        "name": null,
        "type": "service",
        "slope": 48.10667421592473,
        "sun_diff": 1.604897186445669,
        "length": 121.43261405458114
      }
    },
    {
      "geometry": {
        "type": "LineString",
        "coordinates": [
          [
            92.8953583,
            56.0456565
          ],
          [
            92.8968762,
            56.0464339
          ]
        ]
      },
      "type": "Feature",
      "properties": {
        "name": null,
        "type": "service",
        "slope": 47.479659482128284,
        "sun_diff": 0.9778824526492258,
        "length": 127.94303746537975
      }
    },
    {
      "geometry": {
        "type": "LineString",
        "coordinates": [
          [
            92.9117851,
            56.0443797
          ],
          [
            92.913207,
            56.0451079
          ]
        ]
      },
      "type": "Feature",
      "properties": {
        "name": null,
        "type": "service",
        "slope": 47.48193866303481,
        "sun_diff": 0.9801616335557526,
        "length": 119.85095130508826
      }
    },
    {
      "geometry": {
        "type": "LineString",
        "coordinates": [
          [
            92.8786942,
            55.9702578
          ],
          [
            92.876957,
            55.9692985
          ]
        ]
      },
      "type": "Feature",
      "properties": {
        "name": null,
        "type": "service",
        "slope": 45.38270236835018,
        "sun_diff": 1.1190746611288773,
        "length": 151.91767208194366
      }
    },
    {
      "geometry": {
        "type": "LineString",
        "coordinates": [
          [
            93.1498305,
            56.051487
          ],
          [
            93.1485672,
            56.050777
          ]
        ]
      },
      "type": "Feature",
      "properties": {
        "name": null,
        "type": "service",
        "slope": 44.8178503342678,
        "sun_diff": 1.5447820814397346,
        "length": 111.33106313832519
      }
    },
    {
      "geometry": {
        "type": "LineString",
        "coordinates": [
          [
            93.1145043,
            56.0142466
          ],
          [
            93.1157158,
            56.0136202
          ]
        ]
      },
      "type": "Feature",
      "properties": {
        "name": "\u0411\u0435\u0440\u0435\u0437\u043e\u0432\u0441\u043a\u0430\u044f \u0443\u043b\u0438\u0446\u0430",
        "type": "residential",
        "slope": 132.76738150162825,
        "sun_diff": 0.7299362414565849,
        "length": 102.60921007071335
      }
    },
    {
      "geometry": {
        "type": "LineString",
        "coordinates": [
          [
            93.1148491,
            56.014763
          ],
          [
            93.1162745,
            56.0139913
          ]
        ]
      },
      "type": "Feature",
      "properties": {
        "name": "\u041f\u043e\u0434\u0433\u043e\u0440\u043d\u0430\u044f \u0443\u043b\u0438\u0446\u0430",
        "type": "residential",
        "slope": 134.0837396335127,
        "sun_diff": 0.5864218904278573,
        "length": 123.37863100517026
      }
    },
    {
      "geometry": {
        "type": "LineString",
        "coordinates": [
          [
            92.9765858,
            56.0508604
          ],
          [
            92.978404,
            56.0499069
          ]
        ]
      },
      "type": "Feature",
      "properties": {
        "name": "\u0424\u0435\u0440\u0433\u0430\u043d\u0441\u043a\u0430\u044f \u0443\u043b\u0438\u0446\u0430",
        "type": "residential",
        "slope": 133.19896337454531,
        "sun_diff": 0.4374989823110127,
        "length": 154.93308187582818
      }
    },
    {
      "geometry": {
        "type": "LineString",
        "coordinates": [
          [
            92.9392847,
            56.0416901
          ],
          [
            92.9371993,
            56.0405534
          ]
        ]
      },
      "type": "Feature",
      "properties": {
        "name": "\u0443\u043b\u0438\u0446\u0430 \u041f\u0430\u0440\u0442\u0438\u0437\u0430\u043d\u0430 \u0416\u0435\u043b\u0435\u0437\u043d\u044f\u043a\u0430",
        "type": "primary",
        "slope": 45.702388280300454,
        "sun_diff": 0.799388749178604,
        "length": 181.037558915084
      }
    },
    {
      "geometry": {
        "type": "LineString",
        "coordinates": [
          [
            92.9286772,
            56.0361716
          ],
          [
            92.9265481,
            56.0351098
          ]
        ]
      },
      "type": "Feature",
      "properties": {
        "name": "\u0443\u043b\u0438\u0446\u0430 \u041f\u0430\u0440\u0442\u0438\u0437\u0430\u043d\u0430 \u0416\u0435\u043b\u0435\u0437\u043d\u044f\u043a\u0430",
        "type": "primary",
        "slope": 48.24639581128724,
        "sun_diff": 1.7446187818081853,
        "length": 177.35074539802247
      }
    },
    {
      "geometry": {
        "type": "LineString",
        "coordinates": [
          [
            92.9010527,
            56.0371567
          ],
          [
            92.9026115,
            56.0379215
          ]
        ]
      },
      "type": "Feature",
      "properties": {
        "name": null,
        "type": "service",
        "slope": 48.708509978313884,
        "sun_diff": 2.2067329488348264,
        "length": 128.9139740422225
      }
    },
    {
      "geometry": {
        "type": "LineString",
        "coordinates": [
          [
            92.9311133,
            56.0911347
          ],
          [
            92.9293055,
            56.0921223
          ]
        ]
      },
      "type": "Feature",
      "properties": {
        "name": null,
        "type": "service",
        "slope": 134.40017071528763,
        "sun_diff": 0.7637083584313018,
        "length": 157.00546488992342
      }
    },
    {
      "geometry": {
        "type": "LineString",
        "coordinates": [
          [
            93.00274,
            56.0776337
          ],
          [
            93.000426,
            56.078881
          ]
        ]
      },
      "type": "Feature",
      "properties": {
        "name": null,
        "type": "service",
        "slope": 134.0063607563773,
        "sun_diff": 0.36989839952096304,
        "length": 199.69842995381288
      }
    },
    {
      "geometry": {
        "type": "LineString",
        "coordinates": [
          [
            92.9981884,
            56.0800461
          ],
          [
            92.9958935,
            56.0813063
          ]
        ]
      },
      "type": "Feature",
      "properties": {
        "name": null,
        "type": "service",
        "slope": 134.54019300898935,
        "sun_diff": 0.9037306521330208,
        "length": 199.84475968037455
      }
    },
    {
      "geometry": {
        "type": "LineString",
        "coordinates": [
          [
            92.9955279,
            56.0836389
          ],
          [
            92.9941278,
            56.0843532
          ]
        ]
      },
      "type": "Feature",
      "properties": {
        "name": null,
        "type": "service",
        "slope": 132.43803297847225,
        "sun_diff": 1.198429378384077,
        "length": 117.7426834961304
      }
    },
    {
      "geometry": {
        "type": "LineString",
        "coordinates": [
          [
            92.9222791,
            56.0639121
          ],
          [
            92.9209856,
            56.0632708
          ]
        ]
      },
      "type": "Feature",
      "properties": {
        "name": null,
        "type": "service",
        "slope": 48.3928241685164,
        "sun_diff": 2.030191752808861,
        "length": 107.4235340556093
      }
    },
    {
      "geometry": {
        "type": "LineString",
        "coordinates": [
          [
            92.9069407,
            56.0618518
          ],
          [
            92.9056716,
            56.0612136
          ]
        ]
      },
      "type": "Feature",
      "properties": {
        "name": null,
        "type": "service",
        "slope": 47.99012292363847,
        "sun_diff": 1.6274905079309292,
        "length": 106.06743648946295
      }
    },
    {
      "geometry": {
        "type": "LineString",
        "coordinates": [
          [
            92.9055795,
            56.0611998
          ],
          [
            92.9043102,
            56.0605719
          ]
        ]
      },
      "type": "Feature",
      "properties": {
        "name": null,
        "type": "service",
        "slope": 48.45825210591258,
        "sun_diff": 2.095619690205041,
        "length": 105.31441130794423
      }
    },
    {
      "geometry": {
        "type": "LineString",
        "coordinates": [
          [
            92.9064092,
            56.062797
          ],
          [
            92.9051059,
            56.0621627
          ]
        ]
      },
      "type": "Feature",
      "properties": {
        "name": null,
        "type": "service",
        "slope": 48.91996530676636,
        "sun_diff": 2.5573328910588202,
        "length": 107.36782619670836
      }
    },
    {
      "geometry": {
        "type": "LineString",
        "coordinates": [
          [
            92.9226783,
            56.0636724
          ],
          [
            92.9209618,
            56.0628276
          ]
        ]
      },
      "type": "Feature",
      "properties": {
        "name": null,
        "type": "service",
        "slope": 48.60166396198201,
        "sun_diff": 2.239031546274475,
        "length": 142.09555924403224
      }
    },
    {
      "geometry": {
        "type": "LineString",
        "coordinates": [
          [
            92.9233597,
            56.0637652
          ],
          [
            92.9246253,
            56.0643821
          ]
        ]
      },
      "type": "Feature",
      "properties": {
        "name": null,
        "type": "service",
        "slope": 48.87467525337141,
        "sun_diff": 2.51204283766387,
        "length": 104.3289253574602
      }
    },
    {
      "geometry": {
        "type": "LineString",
        "coordinates": [
          [
            92.8831746,
            56.0426835
          ],
          [
            92.8819579,
            56.0420468
          ]
        ]
      },
      "type": "Feature",
      "properties": {
        "name": "\u041f\u0430\u0441\u0445\u0430\u043b\u044c\u043d\u0430\u044f \u0443\u043b\u0438\u0446\u0430",
        "type": "residential",
        "slope": 46.867930992709546,
        "sun_diff": 0.366153963230488,
        "length": 103.5857135785984
      }
    },
    {
      "geometry": {
        "type": "LineString",
        "coordinates": [
          [
            92.9382327,
            56.0703837
          ],
          [
            92.939612,
            56.0710995
          ]
        ]
      },
      "type": "Feature",
      "properties": {
        "name": null,
        "type": "primary",
        "slope": 47.08451579828406,
        "sun_diff": 0.7218833825765216,
        "length": 116.92834668635197
      }
    },
    {
      "geometry": {
        "type": "LineString",
        "coordinates": [
          [
            92.906073,
            56.0423433
          ],
          [
            92.9047388,
            56.041666
          ]
        ]
      },
      "type": "Feature",
      "properties": {
        "name": null,
        "type": "service",
        "slope": 47.735519338153324,
        "sun_diff": 1.233742308674266,
        "length": 112.01423088120079
      }
    },
    {
      "geometry": {
        "type": "LineString",
        "coordinates": [
          [
            93.1197853,
            55.9935206
          ],
          [
            93.1218215,
            55.9925409
          ]
        ]
      },
      "type": "Feature",
      "properties": {
        "name": null,
        "type": "service",
        "slope": 130.70392918966047,
        "sun_diff": 2.7933885534243643,
        "length": 167.09500628841894
      }
    },
    {
      "geometry": {
        "type": "LineString",
        "coordinates": [
          [
            93.1367705,
            55.9904468
          ],
          [
            93.1350556,
            55.9912745
          ]
        ]
      },
      "type": "Feature",
      "properties": {
        "name": null,
        "type": "unclassified",
        "slope": 130.79182248084086,
        "sun_diff": 2.7054952622439714,
        "length": 140.92106005731665
      }
    },
    {
      "geometry": {
        "type": "LineString",
        "coordinates": [
          [
            93.1067469,
            56.0057727
          ],
          [
            93.1078851,
            56.006409
          ]
        ]
      },
      "type": "Feature",
      "properties": {
        "name": null,
        "type": "unclassified",
        "slope": 45.00305274013857,
        "sun_diff": 1.4987242893404868,
        "length": 100.097478137269
      }
    },
    {
      "geometry": {
        "type": "LineString",
        "coordinates": [
          [
            93.1078851,
            56.006409
          ],
          [
            93.1092609,
            56.0071348
          ]
        ]
      },
      "type": "Feature",
      "properties": {
        "name": null,
        "type": "unclassified",
        "slope": 46.6626700507403,
        "sun_diff": 0.16089302126124494,
        "length": 117.63355853521124
      }
    },
    {
      "geometry": {
        "type": "LineString",
        "coordinates": [
          [
            93.1372182,
            55.988915
          ],
          [
            93.1384027,
            55.9882277
          ]
        ]
      },
      "type": "Feature",
      "properties": {
        "name": null,
        "type": "service",
        "slope": 136.04974126897707,
        "sun_diff": 2.5524235258922374,
        "length": 106.18615635938778
      }
    },
    {
      "geometry": {
        "type": "LineString",
        "coordinates": [
          [
            92.9490968,
            55.9702974
          ],
          [
            92.947936,
            55.9696307
          ]
        ]
      },
      "type": "Feature",
      "properties": {
        "name": null,
        "type": "service",
        "slope": 44.25664568881771,
        "sun_diff": 2.245131340661345,
        "length": 103.53873788156
      }
    },
    {
      "geometry": {
        "type": "LineString",
        "coordinates": [
          [
            92.9062877,
            56.0609767
          ],
          [
            92.9076471,
            56.0616547
          ]
        ]
      },
      "type": "Feature",
      "properties": {
        "name": "\u0421\u0432\u0435\u0442\u043b\u043e\u0433\u043e\u0440\u0441\u043a\u0438\u0439 \u043f\u0435\u0440\u0435\u0443\u043b\u043e\u043a",
        "type": "residential",
        "slope": 48.224463969269664,
        "sun_diff": 1.8618315535621264,
        "length": 113.19813664198075
      }
    },
    {
      "geometry": {
        "type": "LineString",
        "coordinates": [
          [
            92.980365,
            55.9874321
          ],
          [
            92.9790012,
            55.9880868
          ]
        ]
      },
      "type": "Feature",
      "properties": {
        "name": null,
        "type": "path",
        "slope": 130.6366917453355,
        "sun_diff": 2.860625997749338,
        "length": 111.8178479455343
      }
    },
    {
      "geometry": {
        "type": "LineString",
        "coordinates": [
          [
            92.9391934,
            56.0689848
          ],
          [
            92.9380479,
            56.0696612
          ]
        ]
      },
      "type": "Feature",
      "properties": {
        "name": null,
        "type": "service",
        "slope": 136.61070290524225,
        "sun_diff": 2.9742405483859216,
        "length": 103.53083721730631
      }
    },
    {
      "geometry": {
        "type": "LineString",
        "coordinates": [
          [
            92.7846426,
            56.044171
          ],
          [
            92.7834521,
            56.0435214
          ]
        ]
      },
      "type": "Feature",
      "properties": {
        "name": "\u0410\u0440\u0441\u043a\u0438\u0439 \u043f\u0435\u0440\u0435\u0443\u043b\u043e\u043a",
        "type": "residential",
        "slope": 45.66984218743485,
        "sun_diff": 0.8319348420442054,
        "length": 103.39929364326608
      }
    },
    {
      "geometry": {
        "type": "LineString",
        "coordinates": [
          [
            92.7832909,
            56.043429
          ],
          [
            92.7814361,
            56.0424575
          ]
        ]
      },
      "type": "Feature",
      "properties": {
        "name": null,
        "type": "residential",
        "slope": 46.8416665174675,
        "sun_diff": 0.33988948798844376,
        "length": 157.97719903169207
      }
    },
    {
      "geometry": {
        "type": "LineString",
        "coordinates": [
          [
            92.7876572,
            56.0463746
          ],
          [
            92.7892064,
            56.0455617
          ]
        ]
      },
      "type": "Feature",
      "properties": {
        "name": "\u0422\u0443\u0438\u043c\u0441\u043a\u0438\u0439 \u043f\u0435\u0440\u0435\u0443\u043b\u043e\u043a",
        "type": "residential",
        "slope": 133.2122405335485,
        "sun_diff": 0.2850772095363254,
        "length": 132.0546988845574
      }
    },
    {
      "geometry": {
        "type": "LineString",
        "coordinates": [
          [
            92.7842606,
            56.0431305
          ],
          [
            92.7857595,
            56.0423689
          ]
        ]
      },
      "type": "Feature",
      "properties": {
        "name": "\u041f\u0440\u0438\u0440\u0443\u0447\u0435\u0439\u043d\u0430\u044f \u0443\u043b\u0438\u0446\u0430",
        "type": "residential",
        "slope": 132.29088177869852,
        "sun_diff": 1.2064359643863156,
        "length": 125.89216584558491
      }
    },
    {
      "geometry": {
        "type": "LineString",
        "coordinates": [
          [
            92.8539472,
            56.0654004
          ],
          [
            92.8521925,
            56.0663795
          ]
        ]
      },
      "type": "Feature",
      "properties": {
        "name": "\u0421\u0430\u0434\u043e\u0432\u0430\u044f \u0443\u043b\u0438\u0446\u0430",
        "type": "residential",
        "slope": 134.9874274726759,
        "sun_diff": 1.3509651158195766,
        "length": 154.0498969880457
      }
    },
    {
      "geometry": {
        "type": "LineString",
        "coordinates": [
          [
            92.8468977,
            56.0772256
          ],
          [
            92.8487655,
            56.0763219
          ]
        ]
      },
      "type": "Feature",
      "properties": {
        "name": null,
        "type": "service",
        "slope": 130.9234643808942,
        "sun_diff": 2.712997975962139,
        "length": 153.45039423303305
      }
    },
    {
      "geometry": {
        "type": "LineString",
        "coordinates": [
          [
            92.8459586,
            56.0766449
          ],
          [
            92.848034,
            56.0756395
          ]
        ]
      },
      "type": "Feature",
      "properties": {
        "name": null,
        "type": "service",
        "slope": 130.95843206192234,
        "sun_diff": 2.67803029493399,
        "length": 170.59910261766984
      }
    },
    {
      "geometry": {
        "type": "LineString",
        "coordinates": [
          [
            92.8518225,
            56.078054
          ],
          [
            92.8496224,
            56.0792096
          ]
        ]
      },
      "type": "Feature",
      "properties": {
        "name": null,
        "type": "residential",
        "slope": 133.2658661554342,
        "sun_diff": 0.37059620142213134,
        "length": 187.54171843346518
      }
    },
    {
      "geometry": {
        "type": "LineString",
        "coordinates": [
          [
            92.8478318,
            56.0778841
          ],
          [
            92.8499034,
            56.076816
          ]
        ]
      },
      "type": "Feature",
      "properties": {
        "name": null,
        "type": "service",
        "slope": 132.73378179366145,
        "sun_diff": 0.9026805631948775,
        "length": 175.07360234131775
      }
    },
    {
      "geometry": {
        "type": "LineString",
        "coordinates": [
          [
            92.8508781,
            56.0774448
          ],
          [
            92.8488202,
            56.0785837
          ]
        ]
      },
      "type": "Feature",
      "properties": {
        "name": null,
        "type": "residential",
        "slope": 134.76148121843818,
        "sun_diff": 1.1250188615818502,
        "length": 179.90390945097948
      }
    },
    {
      "geometry": {
        "type": "LineString",
        "coordinates": [
          [
            92.8323461,
            56.0686672
          ],
          [
            92.8337981,
            56.0679162
          ]
        ]
      },
      "type": "Feature",
      "properties": {
        "name": null,
        "type": "service",
        "slope": 132.81710803474311,
        "sun_diff": 0.8193543221132131,
        "length": 122.90427970049825
      }
    },
    {
      "geometry": {
        "type": "LineString",
        "coordinates": [
          [
            92.7512512,
            55.995187
          ],
          [
            92.7534018,
            55.9963363
          ]
        ]
      },
      "type": "Feature",
      "properties": {
        "name": "\u0421\u0432\u043e\u0431\u043e\u0434\u043d\u044b\u0439 \u043f\u0440\u043e\u0441\u043f\u0435\u043a\u0442",
        "type": "secondary",
        "slope": 46.30096398382321,
        "sun_diff": 0.200813045655849,
        "length": 185.03827782478976
      }
    },
    {
      "geometry": {
        "type": "LineString",
        "coordinates": [
          [
            92.7534018,
            55.9963363
          ],
          [
            92.7556112,
            55.9974712
          ]
        ]
      },
      "type": "Feature",
      "properties": {
        "name": "\u0421\u0432\u043e\u0431\u043e\u0434\u043d\u044b\u0439 \u043f\u0440\u043e\u0441\u043f\u0435\u043a\u0442",
        "type": "secondary",
        "slope": 47.43160408762384,
        "sun_diff": 0.929827058144781,
        "length": 186.60956583780884
      }
    },
    {
      "geometry": {
        "type": "LineString",
        "coordinates": [
          [
            92.7566564,
            55.9980023
          ],
          [
            92.7578779,
            55.9986391
          ]
        ]
      },
      "type": "Feature",
      "properties": {
        "name": "\u0421\u0432\u043e\u0431\u043e\u0434\u043d\u044b\u0439 \u043f\u0440\u043e\u0441\u043f\u0435\u043a\u0442",
        "type": "secondary",
        "slope": 47.00810870683614,
        "sun_diff": 0.5063316773570818,
        "length": 103.87447575293795
      }
    },
    {
      "geometry": {
        "type": "LineString",
        "coordinates": [
          [
            92.7599002,
            55.9996789
          ],
          [
            92.7640898,
            56.0018222
          ]
        ]
      },
      "type": "Feature",
      "properties": {
        "name": "\u0421\u0432\u043e\u0431\u043e\u0434\u043d\u044b\u0439 \u043f\u0440\u043e\u0441\u043f\u0435\u043a\u0442",
        "type": "secondary",
        "slope": 47.54489425699083,
        "sun_diff": 1.0431172275117717,
        "length": 353.1824511561279
      }
    },
    {
      "geometry": {
        "type": "LineString",
        "coordinates": [
          [
            92.7640898,
            56.0018222
          ],
          [
            92.7658231,
            56.0027539
          ]
        ]
      },
      "type": "Feature",
      "properties": {
        "name": "\u0421\u0432\u043e\u0431\u043e\u0434\u043d\u044b\u0439 \u043f\u0440\u043e\u0441\u043f\u0435\u043a\u0442",
        "type": "secondary",
        "slope": 46.12956477494794,
        "sun_diff": 0.37221225453112083,
        "length": 149.53680998077542
      }
    },
    {
      "geometry": {
        "type": "LineString",
        "coordinates": [
          [
            93.0137633,
            55.957363
          ],
          [
            93.0172297,
            55.9555585
          ]
        ]
      },
      "type": "Feature",
      "properties": {
        "name": null,
        "type": "secondary",
        "slope": 132.91852328951325,
        "sun_diff": 0.5787944535715894,
        "length": 294.74919997561824
      }
    },
    {
      "geometry": {
        "type": "LineString",
        "coordinates": [
          [
            92.8941726,
            56.0489768
          ],
          [
            92.8967626,
            56.0502787
          ]
        ]
      },
      "type": "Feature",
      "properties": {
        "name": null,
        "type": "service",
        "slope": 48.01021268625303,
        "sun_diff": 1.508435656773969,
        "length": 216.4602000671116
      }
    },
    {
      "geometry": {
        "type": "LineString",
        "coordinates": [
          [
            92.8979294,
            56.0509147
          ],
          [
            92.8996088,
            56.0517288
          ]
        ]
      },
      "type": "Feature",
      "properties": {
        "name": null,
        "type": "service",
        "slope": 49.04044509333414,
        "sun_diff": 2.677812677626605,
        "length": 138.13752035963424
      }
    },
    {
      "geometry": {
        "type": "LineString",
        "coordinates": [
          [
            92.6968414,
            55.9841706
          ],
          [
            92.6984402,
            55.9850269
          ]
        ]
      },
      "type": "Feature",
      "properties": {
        "name": "\u0413\u0440\u0438\u0431\u043d\u0430\u044f \u0443\u043b\u0438\u0446\u0430",
        "type": "residential",
        "slope": 46.24620235589617,
        "sun_diff": 0.25557467358288477,
        "length": 137.7270632304459
      }
    },
    {
      "geometry": {
        "type": "LineString",
        "coordinates": [
          [
            92.7011182,
            55.9835263
          ],
          [
            92.6997017,
            55.9843148
          ]
        ]
      },
      "type": "Feature",
      "properties": {
        "name": "\u0443\u043b\u0438\u0446\u0430 \u042d\u043a\u043e\u043b\u043e\u0433\u043e\u0432",
        "type": "residential",
        "slope": 134.85799649022266,
        "sun_diff": 1.3606787471378254,
        "length": 124.34240023906351
      }
    },
    {
      "geometry": {
        "type": "LineString",
        "coordinates": [
          [
            93.0237939,
            55.9845018
          ],
          [
            93.0222195,
            55.9852973
          ]
        ]
      },
      "type": "Feature",
      "properties": {
        "name": null,
        "type": "service",
        "slope": 132.08928925549856,
        "sun_diff": 1.4080284875862787,
        "length": 132.0086981319143
      }
    },
    {
      "geometry": {
        "type": "LineString",
        "coordinates": [
          [
            93.0242658,
            55.9848185
          ],
          [
            93.0228043,
            55.9855346
          ]
        ]
      },
      "type": "Feature",
      "properties": {
        "name": null,
        "type": "service",
        "slope": 131.21486694799106,
        "sun_diff": 2.28245079509378,
        "length": 120.88929104359093
      }
    },
    {
      "geometry": {
        "type": "LineString",
        "coordinates": [
          [
            93.0247221,
            55.985117
          ],
          [
            93.0233763,
            55.9857701
          ]
        ]
      },
      "type": "Feature",
      "properties": {
        "name": null,
        "type": "service",
        "slope": 130.9421710959533,
        "sun_diff": 2.5551466471315223,
        "length": 110.8574558327983
      }
    },
    {
      "geometry": {
        "type": "LineString",
        "coordinates": [
          [
            93.0269248,
            55.9850838
          ],
          [
            93.0247729,
            55.9840427
          ]
        ]
      },
      "type": "Feature",
      "properties": {
        "name": null,
        "type": "service",
        "slope": 49.14585174328073,
        "sun_diff": 2.644074713801672,
        "length": 177.02822772414407
      }
    },
    {
      "geometry": {
        "type": "LineString",
        "coordinates": [
          [
            92.9055139,
            55.9624341
          ],
          [
            92.9071132,
            55.9632174
          ]
        ]
      },
      "type": "Feature",
      "properties": {
        "name": "\u041b\u0443\u0433\u043e\u0432\u0430\u044f \u0443\u043b\u0438\u0446\u0430",
        "type": "residential",
        "slope": 48.81306651938155,
        "sun_diff": 2.3112894899024923,
        "length": 132.30746514050088
      }
    },
    {
      "geometry": {
        "type": "LineString",
        "coordinates": [
          [
            92.9053447,
            55.9648051
          ],
          [
            92.9065993,
            55.9654378
          ]
        ]
      },
      "type": "Feature",
      "properties": {
        "name": "\u0412\u044b\u0441\u043e\u0442\u043d\u0430\u044f \u0443\u043b\u0438\u0446\u0430",
        "type": "residential",
        "slope": 47.97996948995123,
        "sun_diff": 1.4781924604721723,
        "length": 105.13362069725056
      }
    },
    {
      "geometry": {
        "type": "LineString",
        "coordinates": [
          [
            93.1168354,
            56.129352
          ],
          [
            93.1155121,
            56.1301181
          ]
        ]
      },
      "type": "Feature",
      "properties": {
        "name": "\u00ab\u0421\u0438\u0431\u0438\u0440\u044c\u00bb",
        "type": "trunk",
        "slope": 136.09021116749182,
        "sun_diff": 2.4537488106354886,
        "length": 118.28112621719303
      }
    },
    {
      "geometry": {
        "type": "LineString",
        "coordinates": [
          [
            93.1155121,
            56.1301181
          ],
          [
            93.1142844,
            56.1307068
          ]
        ]
      },
      "type": "Feature",
      "properties": {
        "name": "\u00ab\u0421\u0438\u0431\u0438\u0440\u044c\u00bb",
        "type": "trunk",
        "slope": 130.70949749236516,
        "sun_diff": 2.9269648644911683,
        "length": 100.39692540064476
      }
    },
    {
      "geometry": {
        "type": "LineString",
        "coordinates": [
          [
            93.1153401,
            56.130016
          ],
          [
            93.1171371,
            56.1290302
          ]
        ]
      },
      "type": "Feature",
      "properties": {
        "name": "\u00ab\u0421\u0438\u0431\u0438\u0440\u044c\u00bb",
        "type": "trunk",
        "slope": 134.54701677467824,
        "sun_diff": 0.9105544178219134,
        "length": 156.308686664812
      }
    },
    {
      "geometry": {
        "type": "LineString",
        "coordinates": [
          [
            93.1171371,
            56.1290302
          ],
          [
            93.1186027,
            56.1281858
          ]
        ]
      },
      "type": "Feature",
      "properties": {
        "name": "\u00ab\u0421\u0438\u0431\u0438\u0440\u044c\u00bb",
        "type": "trunk",
        "slope": 135.9507062824656,
        "sun_diff": 2.3142439256092757,
        "length": 130.67552291151438
      }
    },
    {
      "geometry": {
        "type": "LineString",
        "coordinates": [
          [
            92.9047872,
            56.0386804
          ],
          [
            92.9031356,
            56.0378812
          ]
        ]
      },
      "type": "Feature",
      "properties": {
        "name": null,
        "type": "service",
        "slope": 49.101100468109905,
        "sun_diff": 2.5993234386308472,
        "length": 135.77331069299498
      }
    },
    {
      "geometry": {
        "type": "LineString",
        "coordinates": [
          [
            92.9386456,
            56.1248173
          ],
          [
            92.9398104,
            56.1254544
          ]
        ]
      },
      "type": "Feature",
      "properties": {
        "name": null,
        "type": "service",
        "slope": 45.54036406530216,
        "sun_diff": 0.8222683504053805,
        "length": 101.17669386580911
      }
    },
    {
      "geometry": {
        "type": "LineString",
        "coordinates": [
          [
            92.9401573,
            56.1247141
          ],
          [
            92.93881,
            56.1240053
          ]
        ]
      },
      "type": "Feature",
      "properties": {
        "name": null,
        "type": "service",
        "slope": 46.65514064963503,
        "sun_diff": 0.29250823392749226,
        "length": 114.86116840980925
      }
    },
    {
      "geometry": {
        "type": "LineString",
        "coordinates": [
          [
            92.9382518,
            56.1237664
          ],
          [
            92.9366297,
            56.1245625
          ]
        ]
      },
      "type": "Feature",
      "properties": {
        "name": null,
        "type": "service",
        "slope": 131.36405331934031,
        "sun_diff": 2.272409037516013,
        "length": 133.99678546093307
      }
    },
    {
      "geometry": {
        "type": "LineString",
        "coordinates": [
          [
            92.7546326,
            56.0998322
          ],
          [
            92.7530652,
            56.1007141
          ]
        ]
      },
      "type": "Feature",
      "properties": {
        "name": "\u0443\u043b\u0438\u0446\u0430 \u0421\u043f\u0438\u0440\u0438\u0434\u043e\u0432\u0430",
        "type": "residential",
        "slope": 135.2514381237928,
        "sun_diff": 1.6149757669364817,
        "length": 138.12127005629796
      }
    },
    {
      "geometry": {
        "type": "LineString",
        "coordinates": [
          [
            92.9360818,
            56.0632945
          ],
          [
            92.9348332,
            56.0626647
          ]
        ]
      },
      "type": "Feature",
      "properties": {
        "name": null,
        "type": "service",
        "slope": 47.902544773673185,
        "sun_diff": 1.5399123579656475,
        "length": 104.49417670574043
      }
    },
    {
      "geometry": {
        "type": "LineString",
        "coordinates": [
          [
            92.8438475,
            55.9505121
          ],
          [
            92.8470724,
            55.9487268
          ]
        ]
      },
      "type": "Feature",
      "properties": {
        "name": null,
        "type": "service",
        "slope": 134.6739900733055,
        "sun_diff": 1.1766723302206685,
        "length": 282.4409427364132
      }
    },
    {
      "geometry": {
        "type": "LineString",
        "coordinates": [
          [
            92.9199351,
            56.0492123
          ],
          [
            92.9186894,
            56.0486048
          ]
        ]
      },
      "type": "Feature",
      "properties": {
        "name": null,
        "type": "service",
        "slope": 48.87226751917629,
        "sun_diff": 2.3704904896972323,
        "length": 102.73334593846316
      }
    },
    {
      "geometry": {
        "type": "LineString",
        "coordinates": [
          [
            92.9194899,
            56.0495166
          ],
          [
            92.9207026,
            56.0501138
          ]
        ]
      },
      "type": "Feature",
      "properties": {
        "name": null,
        "type": "service",
        "slope": 48.59425909445889,
        "sun_diff": 2.0924820649798335,
        "length": 100.43551435131194
      }
    },
    {
      "geometry": {
        "type": "LineString",
        "coordinates": [
          [
            92.9304693,
            56.0674303
          ],
          [
            92.9319955,
            56.0681957
          ]
        ]
      },
      "type": "Feature",
      "properties": {
        "name": null,
        "type": "service",
        "slope": 48.06262625164928,
        "sun_diff": 1.69999383594174,
        "length": 127.38814716329436
      }
    },
    {
      "geometry": {
        "type": "LineString",
        "coordinates": [
          [
            92.9288865,
            56.06707
          ],
          [
            92.9274278,
            56.0678991
          ]
        ]
      },
      "type": "Feature",
      "properties": {
        "name": null,
        "type": "service",
        "slope": 135.5173476916961,
        "sun_diff": 1.8808853348397747,
        "length": 129.25854457275753
      }
    },
    {
      "geometry": {
        "type": "LineString",
        "coordinates": [
          [
            92.9471549,
            56.0620732
          ],
          [
            92.9458558,
            56.0614133
          ]
        ]
      },
      "type": "Feature",
      "properties": {
        "name": null,
        "type": "service",
        "slope": 47.70283344537964,
        "sun_diff": 1.3402010296721016,
        "length": 109.06812473078514
      }
    },
    {
      "geometry": {
        "type": "LineString",
        "coordinates": [
          [
            93.1568452,
            55.9717549
          ],
          [
            93.1581491,
            55.9723916
          ]
        ]
      },
      "type": "Feature",
      "properties": {
        "name": "\u0421\u043e\u0432\u0435\u0442\u0441\u043a\u0438\u0439 \u043f\u0435\u0440\u0435\u0443\u043b\u043e\u043a",
        "type": "residential",
        "slope": 48.89181308249147,
        "sun_diff": 2.390036053012409,
        "length": 107.71438173876994
      }
    },
    {
      "geometry": {
        "type": "LineString",
        "coordinates": [
          [
            92.9077396,
            56.0444794
          ],
          [
            92.9094627,
            56.045374
          ]
        ]
      },
      "type": "Feature",
      "properties": {
        "name": null,
        "type": "service",
        "slope": 47.09137592649688,
        "sun_diff": 0.5895988970178223,
        "length": 146.15493390969382
      }
    },
    {
      "geometry": {
        "type": "LineString",
        "coordinates": [
          [
            92.9124281,
            56.0385709
          ],
          [
            92.9109751,
            56.0378398
          ]
        ]
      },
      "type": "Feature",
      "properties": {
        "name": "\u0443\u043b\u0438\u0446\u0430 \u0412\u0435\u0441\u043d\u044b",
        "type": "residential",
        "slope": 47.99097200807702,
        "sun_diff": 1.4891949785979648,
        "length": 121.50913109657733
      }
    },
    {
      "geometry": {
        "type": "LineString",
        "coordinates": [
          [
            92.9122155,
            56.0466763
          ],
          [
            92.9139712,
            56.0475718
          ]
        ]
      },
      "type": "Feature",
      "properties": {
        "name": null,
        "type": "service",
        "slope": 47.596173975923676,
        "sun_diff": 1.0943969464446184,
        "length": 147.70771149227707
      }
    },
    {
      "geometry": {
        "type": "LineString",
        "coordinates": [
          [
            92.6688127,
            56.0326472
          ],
          [
            92.6675693,
            56.033302
          ]
        ]
      },
      "type": "Feature",
      "properties": {
        "name": null,
        "type": "residential",
        "slope": 133.30640826050413,
        "sun_diff": 0.1909094825807074,
        "length": 106.18697894192073
      }
    },
    {
      "geometry": {
        "type": "LineString",
        "coordinates": [
          [
            92.6699323,
            56.0067338
          ],
          [
            92.6683244,
            56.0075639
          ]
        ]
      },
      "type": "Feature",
      "properties": {
        "name": "\u0422\u0440\u043e\u043f\u0430 \u0414\u0430\u043b\u044c\u043d\u044f\u044f",
        "type": "path",
        "slope": 132.71970326933481,
        "sun_diff": 0.7776144737500204,
        "length": 136.1007342389096
      }
    },
    {
      "geometry": {
        "type": "LineString",
        "coordinates": [
          [
            93.0940236,
            56.0597804
          ],
          [
            93.0955479,
            56.0605364
          ]
        ]
      },
      "type": "Feature",
      "properties": {
        "name": null,
        "type": "unclassified",
        "slope": 48.38458784651158,
        "sun_diff": 2.0219554308040415,
        "length": 126.6176070383141
      }
    },
    {
      "geometry": {
        "type": "LineString",
        "coordinates": [
          [
            92.8992576,
            56.0389002
          ],
          [
            92.900815,
            56.0396603
          ]
        ]
      },
      "type": "Feature",
      "properties": {
        "name": null,
        "type": "service",
        "slope": 48.85677195953528,
        "sun_diff": 2.354994930056222,
        "length": 128.50078386693184
      }
    },
    {
      "geometry": {
        "type": "LineString",
        "coordinates": [
          [
            92.8978991,
            56.0429362
          ],
          [
            92.8965029,
            56.0422271
          ]
        ]
      },
      "type": "Feature",
      "properties": {
        "name": null,
        "type": "service",
        "slope": 47.721990483482244,
        "sun_diff": 1.2202134540031864,
        "length": 117.2429406096886
      }
    },
    {
      "geometry": {
        "type": "LineString",
        "coordinates": [
          [
            92.8965029,
            56.0422271
          ],
          [
            92.8951048,
            56.0415428
          ]
        ]
      },
      "type": "Feature",
      "properties": {
        "name": null,
        "type": "service",
        "slope": 48.77446321920138,
        "sun_diff": 2.2726861897223216,
        "length": 115.4951972053537
      }
    },
    {
      "geometry": {
        "type": "LineString",
        "coordinates": [
          [
            92.9050506,
            56.043058
          ],
          [
            92.9037053,
            56.0424027
          ]
        ]
      },
      "type": "Feature",
      "properties": {
        "name": null,
        "type": "service",
        "slope": 48.9102794746897,
        "sun_diff": 2.408502445210644,
        "length": 110.90097061438053
      }
    },
    {
      "geometry": {
        "type": "LineString",
        "coordinates": [
          [
            93.1641067,
            55.9376811
          ],
          [
            93.1654479,
            55.9383568
          ]
        ]
      },
      "type": "Feature",
      "properties": {
        "name": "\u0422\u0440\u0430\u043a\u0442\u043e\u0432\u0430\u044f \u0443\u043b\u0438\u0446\u0430",
        "type": "tertiary",
        "slope": 48.028249339014934,
        "sun_diff": 1.3885298090582978,
        "length": 112.38396047471932
      }
    },
    {
      "geometry": {
        "type": "LineString",
        "coordinates": [
          [
            92.8775257,
            55.9701955
          ],
          [
            92.8763343,
            55.9695728
          ]
        ]
      },
      "type": "Feature",
      "properties": {
        "name": null,
        "type": "residential",
        "slope": 46.956434542592234,
        "sun_diff": 0.45465751311317604,
        "length": 101.47547817139039
      }
    },
    {
      "geometry": {
        "type": "LineString",
        "coordinates": [
          [
            92.9641401,
            56.0565228
          ],
          [
            92.9657333,
            56.055744
          ]
        ]
      },
      "type": "Feature",
      "properties": {
        "name": "\u0443\u043b\u0438\u0446\u0430 \u041d\u0438\u043a\u043e\u043b\u0430\u0435\u0432\u0430",
        "type": "residential",
        "slope": 131.19985351900672,
        "sun_diff": 2.4366088378496045,
        "length": 131.51197515813365
      }
    },
    {
      "geometry": {
        "type": "LineString",
        "coordinates": [
          [
            92.8990417,
            56.0506338
          ],
          [
            92.9013821,
            56.0518268
          ]
        ]
      },
      "type": "Feature",
      "properties": {
        "name": null,
        "type": "service",
        "slope": 47.610430536894796,
        "sun_diff": 1.2477981211872589,
        "length": 196.8327208669248
      }
    },
    {
      "geometry": {
        "type": "LineString",
        "coordinates": [
          [
            92.9126172,
            56.0568012
          ],
          [
            92.9139278,
            56.0574685
          ]
        ]
      },
      "type": "Feature",
      "properties": {
        "name": null,
        "type": "service",
        "slope": 47.63906130937863,
        "sun_diff": 1.2764288936710955,
        "length": 110.1575417347621
      }
    },
    {
      "geometry": {
        "type": "LineString",
        "coordinates": [
          [
            92.768602,
            56.0045532
          ],
          [
            92.7670308,
            56.0037845
          ]
        ]
      },
      "type": "Feature",
      "properties": {
        "name": null,
        "type": "service",
        "slope": 48.814190027039274,
        "sun_diff": 2.312412997560216,
        "length": 129.84280832024504
      }
    },
    {
      "geometry": {
        "type": "LineString",
        "coordinates": [
          [
            92.7671721,
            56.0036872
          ],
          [
            92.768734,
            56.0044739
          ]
        ]
      },
      "type": "Feature",
      "properties": {
        "name": null,
        "type": "service",
        "slope": 47.986412186476315,
        "sun_diff": 1.484635156997257,
        "length": 130.73974170456185
      }
    },
    {
      "geometry": {
        "type": "LineString",
        "coordinates": [
          [
            92.7660029,
            56.0062218
          ],
          [
            92.7676148,
            56.007018
          ]
        ]
      },
      "type": "Feature",
      "properties": {
        "name": null,
        "type": "service",
        "slope": 48.539746709465675,
        "sun_diff": 2.0379696799866167,
        "length": 133.7587397064941
      }
    },
    {
      "geometry": {
        "type": "LineString",
        "coordinates": [
          [
            93.0301546,
            56.0879218
          ],
          [
            93.028689,
            56.0871374
          ]
        ]
      },
      "type": "Feature",
      "properties": {
        "name": null,
        "type": "service",
        "slope": 46.19088445645062,
        "sun_diff": 0.1717479592569191,
        "length": 126.03425204069174
      }
    },
    {
      "geometry": {
        "type": "LineString",
        "coordinates": [
          [
            92.9264514,
            56.0400533
          ],
          [
            92.9252344,
            56.0394501
          ]
        ]
      },
      "type": "Feature",
      "properties": {
        "name": "\u041e\u043a\u0442\u044f\u0431\u0440\u044c\u0441\u043a\u0430\u044f \u0443\u043b\u0438\u0446\u0430",
        "type": "tertiary",
        "slope": 48.418516560734446,
        "sun_diff": 1.9167395312553879,
        "length": 101.09252385879554
      }
    },
    {
      "geometry": {
        "type": "LineString",
        "coordinates": [
          [
            92.9161426,
            56.0535236
          ],
          [
            92.9149853,
            56.0528884
          ]
        ]
      },
      "type": "Feature",
      "properties": {
        "name": "\u0443\u043b\u0438\u0446\u0430 \u0410\u043b\u0435\u043a\u0441\u0435\u0435\u0432\u0430",
        "type": "tertiary",
        "slope": 45.49485092825125,
        "sun_diff": 0.8677814874562841,
        "length": 100.79255243144077
      }
    },
    {
      "geometry": {
        "type": "LineString",
        "coordinates": [
          [
            92.9209079,
            56.0553438
          ],
          [
            92.9225008,
            56.0561963
          ]
        ]
      },
      "type": "Feature",
      "properties": {
        "name": "\u0443\u043b\u0438\u0446\u0430 \u0410\u043b\u0435\u043a\u0441\u0435\u0435\u0432\u0430",
        "type": "tertiary",
        "slope": 46.21493340768643,
        "sun_diff": 0.1476990080211067,
        "length": 137.0377764079129
      }
    },
    {
      "geometry": {
        "type": "LineString",
        "coordinates": [
          [
            92.9040472,
            56.0536749
          ],
          [
            92.9025409,
            56.0529144
          ]
        ]
      },
      "type": "Feature",
      "properties": {
        "name": "\u0443\u043b\u0438\u0446\u0430 9 \u041c\u0430\u044f",
        "type": "primary",
        "slope": 47.88294768741562,
        "sun_diff": 1.5203152717080854,
        "length": 126.13159666033995
      }
    },
    {
      "geometry": {
        "type": "LineString",
        "coordinates": [
          [
            92.9025409,
            56.0529144
          ],
          [
            92.9011632,
            56.0522214
          ]
        ]
      },
      "type": "Feature",
      "properties": {
        "name": "\u0443\u043b\u0438\u0446\u0430 9 \u041c\u0430\u044f",
        "type": "primary",
        "slope": 47.98905004887544,
        "sun_diff": 1.6264176331679039,
        "length": 115.17263667100292
      }
    },
    {
      "geometry": {
        "type": "LineString",
        "coordinates": [
          [
            92.8998733,
            56.0515707
          ],
          [
            92.8977151,
            56.0504773
          ]
        ]
      },
      "type": "Feature",
      "properties": {
        "name": "\u0443\u043b\u0438\u0446\u0430 9 \u041c\u0430\u044f",
        "type": "primary",
        "slope": 47.786310336609716,
        "sun_diff": 1.423677920902179,
        "length": 181.00639064763868
      }
    },
    {
      "geometry": {
        "type": "LineString",
        "coordinates": [
          [
            92.9121275,
            56.0577679
          ],
          [
            92.9109119,
            56.0571284
          ]
        ]
      },
      "type": "Feature",
      "properties": {
        "name": "\u0443\u043b\u0438\u0446\u0430 9 \u041c\u0430\u044f",
        "type": "primary",
        "slope": 46.705427419637886,
        "sun_diff": 0.34279500393034823,
        "length": 103.72763696235317
      }
    },
    {
      "geometry": {
        "type": "LineString",
        "coordinates": [
          [
            92.9107438,
            56.0570433
          ],
          [
            92.909446,
            56.0563864
          ]
        ]
      },
      "type": "Feature",
      "properties": {
        "name": "\u0443\u043b\u0438\u0446\u0430 9 \u041c\u0430\u044f",
        "type": "primary",
        "slope": 47.80793226231907,
        "sun_diff": 1.4452998466115332,
        "length": 108.79180331493353
      }
    },
    {
      "geometry": {
        "type": "LineString",
        "coordinates": [
          [
            92.91509,
            56.059033
          ],
          [
            92.9172262,
            56.0601084
          ]
        ]
      },
      "type": "Feature",
      "properties": {
        "name": "\u0443\u043b\u0438\u0446\u0430 9 \u041c\u0430\u044f",
        "type": "primary",
        "slope": 47.960289463714986,
        "sun_diff": 1.5976570480074486,
        "length": 178.6280680672037
      }
    },
    {
      "geometry": {
        "type": "LineString",
        "coordinates": [
          [
            92.9188065,
            56.060901
          ],
          [
            92.9202078,
            56.061596
          ]
        ]
      },
      "type": "Feature",
      "properties": {
        "name": "\u0443\u043b\u0438\u0446\u0430 9 \u041c\u0430\u044f",
        "type": "primary",
        "slope": 48.38365299770004,
        "sun_diff": 2.0210205819925022,
        "length": 116.39891761401054
      }
    },
    {
      "geometry": {
        "type": "LineString",
        "coordinates": [
          [
            92.9068215,
            56.0548571
          ],
          [
            92.9082706,
            56.0555965
          ]
        ]
      },
      "type": "Feature",
      "properties": {
        "name": "\u0443\u043b\u0438\u0446\u0430 9 \u041c\u0430\u044f",
        "type": "primary",
        "slope": 47.57934530404998,
        "sun_diff": 1.2167128883424425,
        "length": 121.92054932333254
      }
    },
    {
      "geometry": {
        "type": "LineString",
        "coordinates": [
          [
            92.9090492,
            56.0559937
          ],
          [
            92.9109105,
            56.0569433
          ]
        ]
      },
      "type": "Feature",
      "properties": {
        "name": "\u0443\u043b\u0438\u0446\u0430 9 \u041c\u0430\u044f",
        "type": "primary",
        "slope": 47.582077910672695,
        "sun_diff": 1.2194454949651572,
        "length": 156.58908410286563
      }
    },
    {
      "geometry": {
        "type": "LineString",
        "coordinates": [
          [
            93.1399695,
            55.9441476
          ],
          [
            93.1423703,
            55.9430021
          ]
        ]
      },
      "type": "Feature",
      "properties": {
        "name": "\u0426\u0432\u0435\u0442\u043e\u0447\u043d\u0430\u044f \u0443\u043b\u0438\u0446\u0430",
        "type": "residential",
        "slope": 130.43086902282084,
        "sun_diff": 2.9285062197864136,
        "length": 196.4637918816136
      }
    },
    {
      "geometry": {
        "type": "LineString",
        "coordinates": [
          [
            92.918232,
            56.030819
          ],
          [
            92.9204655,
            56.0318906
          ]
        ]
      },
      "type": "Feature",
      "properties": {
        "name": "\u0443\u043b\u0438\u0446\u0430 \u041f\u0430\u0440\u0442\u0438\u0437\u0430\u043d\u0430 \u0416\u0435\u043b\u0435\u0437\u043d\u044f\u043a\u0430",
        "type": "primary",
        "slope": 49.3471685315298,
        "sun_diff": 2.845391502050745,
        "length": 182.96176381368937
      }
    },
    {
      "geometry": {
        "type": "LineString",
        "coordinates": [
          [
            92.9218058,
            56.0325747
          ],
          [
            92.9231875,
            56.0332756
          ]
        ]
      },
      "type": "Feature",
      "properties": {
        "name": "\u0443\u043b\u0438\u0446\u0430 \u041f\u0430\u0440\u0442\u0438\u0437\u0430\u043d\u0430 \u0416\u0435\u043b\u0435\u0437\u043d\u044f\u043a\u0430",
        "type": "primary",
        "slope": 47.76258850622935,
        "sun_diff": 1.2608114767502911,
        "length": 115.97872055613327
      }
    },
    {
      "geometry": {
        "type": "LineString",
        "coordinates": [
          [
            92.9231875,
            56.0332756
          ],
          [
            92.924522,
            56.0339462
          ]
        ]
      },
      "type": "Feature",
      "properties": {
        "name": "\u0443\u043b\u0438\u0446\u0430 \u041f\u0430\u0440\u0442\u0438\u0437\u0430\u043d\u0430 \u0416\u0435\u043b\u0435\u0437\u043d\u044f\u043a\u0430",
        "type": "primary",
        "slope": 48.03098895259612,
        "sun_diff": 1.5292119231170602,
        "length": 111.54164412683127
      }
    },
    {
      "geometry": {
        "type": "LineString",
        "coordinates": [
          [
            92.8936583,
            56.0483861
          ],
          [
            92.8914787,
            56.0472859
          ]
        ]
      },
      "type": "Feature",
      "properties": {
        "name": "\u0443\u043b\u0438\u0446\u0430 9 \u041c\u0430\u044f",
        "type": "primary",
        "slope": 47.89320366039058,
        "sun_diff": 1.3914266309115249,
        "length": 182.50772949493273
      }
    },
    {
      "geometry": {
        "type": "LineString",
        "coordinates": [
          [
            92.9213394,
            56.0621592
          ],
          [
            92.9234321,
            56.0632211
          ]
        ]
      },
      "type": "Feature",
      "properties": {
        "name": "\u0443\u043b\u0438\u0446\u0430 9 \u041c\u0430\u044f",
        "type": "primary",
        "slope": 47.73163109673652,
        "sun_diff": 1.3689986810289838,
        "length": 175.60977286966727
      }
    },
    {
      "geometry": {
        "type": "LineString",
        "coordinates": [
          [
            92.9234321,
            56.0632211
          ],
          [
            92.925153,
            56.0640944
          ]
        ]
      },
      "type": "Feature",
      "properties": {
        "name": "\u0443\u043b\u0438\u0446\u0430 9 \u041c\u0430\u044f",
        "type": "primary",
        "slope": 47.72893775752374,
        "sun_diff": 1.3663053418162008,
        "length": 144.412730299234
      }
    },
    {
      "geometry": {
        "type": "LineString",
        "coordinates": [
          [
            92.9255924,
            56.0643173
          ],
          [
            92.9275097,
            56.0652902
          ]
        ]
      },
      "type": "Feature",
      "properties": {
        "name": "\u0443\u043b\u0438\u0446\u0430 9 \u041c\u0430\u044f",
        "type": "primary",
        "slope": 47.73000308865252,
        "sun_diff": 1.3673706729449862,
        "length": 160.88642931410428
      }
    },
    {
      "geometry": {
        "type": "LineString",
        "coordinates": [
          [
            92.8973329,
            56.0502819
          ],
          [
            92.8954835,
            56.0493585
          ]
        ]
      },
      "type": "Feature",
      "properties": {
        "name": "\u0443\u043b\u0438\u0446\u0430 9 \u041c\u0430\u044f",
        "type": "primary",
        "slope": 48.202300349437394,
        "sun_diff": 1.8396679337298565,
        "length": 154.10135540541953
      }
    },
    {
      "geometry": {
        "type": "LineString",
        "coordinates": [
          [
            92.8984403,
            56.0506412
          ],
          [
            92.9013613,
            56.0521015
          ]
        ]
      },
      "type": "Feature",
      "properties": {
        "name": "\u0443\u043b\u0438\u0446\u0430 9 \u041c\u0430\u044f",
        "type": "primary",
        "slope": 48.16412004178244,
        "sun_diff": 1.801487626074902,
        "length": 243.5244879272303
      }
    },
    {
      "geometry": {
        "type": "LineString",
        "coordinates": [
          [
            92.9205874,
            56.0620719
          ],
          [
            92.9193552,
            56.061453
          ]
        ]
      },
      "type": "Feature",
      "properties": {
        "name": "\u0443\u043b\u0438\u0446\u0430 9 \u041c\u0430\u044f",
        "type": "primary",
        "slope": 48.02416865818003,
        "sun_diff": 1.6615362424724935,
        "length": 102.92775313695662
      }
    },
    {
      "geometry": {
        "type": "LineString",
        "coordinates": [
          [
            92.9149471,
            56.0523435
          ],
          [
            92.9186762,
            56.0542257
          ]
        ]
      },
      "type": "Feature",
      "properties": {
        "name": "\u0443\u043b\u0438\u0446\u0430 \u0410\u043b\u0435\u043a\u0441\u0435\u0435\u0432\u0430",
        "type": "tertiary",
        "slope": 47.8902481387633,
        "sun_diff": 1.52761572305576,
        "length": 312.21937172994006
      }
    },
    {
      "geometry": {
        "type": "LineString",
        "coordinates": [
          [
            92.9086056,
            56.0494889
          ],
          [
            92.9071247,
            56.0487199
          ]
        ]
      },
      "type": "Feature",
      "properties": {
        "name": "\u0443\u043b\u0438\u0446\u0430 \u0410\u043b\u0435\u043a\u0441\u0435\u0435\u0432\u0430",
        "type": "tertiary",
        "slope": 47.08349031236261,
        "sun_diff": 0.5817132828835554,
        "length": 125.61503104165453
      }
    },
    {
      "geometry": {
        "type": "LineString",
        "coordinates": [
          [
            92.9231397,
            56.063358
          ],
          [
            92.9214709,
            56.0625173
          ]
        ]
      },
      "type": "Feature",
      "properties": {
        "name": "\u0443\u043b\u0438\u0446\u0430 9 \u041c\u0430\u044f",
        "type": "primary",
        "slope": 47.938258076360796,
        "sun_diff": 1.5756256606532588,
        "length": 139.5820683062229
      }
    },
    {
      "geometry": {
        "type": "LineString",
        "coordinates": [
          [
            92.928281,
            56.0656924
          ],
          [
            92.9296442,
            56.0663798
          ]
        ]
      },
      "type": "Feature",
      "properties": {
        "name": "\u0443\u043b\u0438\u0446\u0430 9 \u041c\u0430\u044f",
        "type": "primary",
        "slope": 47.90828861506944,
        "sun_diff": 1.5456561993619005,
        "length": 114.06469363923856
      }
    },
    {
      "geometry": {
        "type": "LineString",
        "coordinates": [
          [
            92.9323447,
            56.0679817
          ],
          [
            92.930728,
            56.0671665
          ]
        ]
      },
      "type": "Feature",
      "properties": {
        "name": "\u0443\u043b\u0438\u0446\u0430 9 \u041c\u0430\u044f",
        "type": "primary",
        "slope": 47.90870564600522,
        "sun_diff": 1.5460732302976794,
        "length": 135.2710060511534
      }
    },
    {
      "geometry": {
        "type": "LineString",
        "coordinates": [
          [
            92.9758373,
            56.0496678
          ],
          [
            92.9769881,
            56.0490384
          ]
        ]
      },
      "type": "Feature",
      "properties": {
        "name": null,
        "type": "service",
        "slope": 134.40087880625293,
        "sun_diff": 0.9035610631680981,
        "length": 100.05764909405903
      }
    },
    {
      "geometry": {
        "type": "LineString",
        "coordinates": [
          [
            92.977957,
            56.0496604
          ],
          [
            92.9764496,
            56.0504852
          ]
        ]
      },
      "type": "Feature",
      "properties": {
        "name": null,
        "type": "service",
        "slope": 134.41469832623744,
        "sun_diff": 0.9173805831526067,
        "length": 131.08996506590952
      }
    },
    {
      "geometry": {
        "type": "LineString",
        "coordinates": [
          [
            92.9045634,
            56.0389059
          ],
          [
            92.9028258,
            56.0380412
          ]
        ]
      },
      "type": "Feature",
      "properties": {
        "name": null,
        "type": "service",
        "slope": 48.30524629516191,
        "sun_diff": 1.8034692656828497,
        "length": 144.59611048422292
      }
    },
    {
      "geometry": {
        "type": "LineString",
        "coordinates": [
          [
            92.9749532,
            56.0525981
          ],
          [
            92.9765205,
            56.0517452
          ]
        ]
      },
      "type": "Feature",
      "properties": {
        "name": null,
        "type": "service",
        "slope": 134.2590664247991,
        "sun_diff": 0.622604067942774,
        "length": 135.93189639069732
      }
    },
    {
      "geometry": {
        "type": "LineString",
        "coordinates": [
          [
            92.9778499,
            56.0511093
          ],
          [
            92.9791858,
            56.0503619
          ]
        ]
      },
      "type": "Feature",
      "properties": {
        "name": null,
        "type": "service",
        "slope": 135.0517143994964,
        "sun_diff": 1.415252042640077,
        "length": 117.46152708817588
      }
    },
    {
      "geometry": {
        "type": "LineString",
        "coordinates": [
          [
            92.951016,
            56.0492176
          ],
          [
            92.9497453,
            56.0498766
          ]
        ]
      },
      "type": "Feature",
      "properties": {
        "name": null,
        "type": "residential",
        "slope": 132.88064276472326,
        "sun_diff": 0.6166749783615728,
        "length": 107.72030547399764
      }
    },
    {
      "geometry": {
        "type": "LineString",
        "coordinates": [
          [
            92.9465747,
            56.0484563
          ],
          [
            92.9478483,
            56.0478488
          ]
        ]
      },
      "type": "Feature",
      "properties": {
        "name": null,
        "type": "service",
        "slope": 130.499405237855,
        "sun_diff": 2.9979125052298343,
        "length": 104.04625511971238
      }
    },
    {
      "geometry": {
        "type": "LineString",
        "coordinates": [
          [
            92.955083,
            56.0548198
          ],
          [
            92.956707,
            56.0539733
          ]
        ]
      },
      "type": "Feature",
      "properties": {
        "name": null,
        "type": "service",
        "slope": 133.02833385453772,
        "sun_diff": 0.6081285023186069,
        "length": 137.9850947380611
      }
    },
    {
      "geometry": {
        "type": "LineString",
        "coordinates": [
          [
            92.9616963,
            56.0581176
          ],
          [
            92.9630043,
            56.0574499
          ]
        ]
      },
      "type": "Feature",
      "properties": {
        "name": null,
        "type": "service",
        "slope": 132.43467570991436,
        "sun_diff": 1.2017866469419687,
        "length": 110.0672835044445
      }
    },
    {
      "geometry": {
        "type": "LineString",
        "coordinates": [
          [
            92.9493822,
            56.0516171
          ],
          [
            92.9481214,
            56.0523368
          ]
        ]
      },
      "type": "Feature",
      "properties": {
        "name": null,
        "type": "service",
        "slope": 135.6287448577328,
        "sun_diff": 1.9922825008764846,
        "length": 111.98913353444512
      }
    },
    {
      "geometry": {
        "type": "LineString",
        "coordinates": [
          [
            92.9477031,
            56.0537076
          ],
          [
            92.9490289,
            56.0529708
          ]
        ]
      },
      "type": "Feature",
      "properties": {
        "name": null,
        "type": "service",
        "slope": 134.86185901919316,
        "sun_diff": 1.2253966623368342,
        "length": 116.18055213478802
      }
    },
    {
      "geometry": {
        "type": "LineString",
        "coordinates": [
          [
            92.9519506,
            56.0497992
          ],
          [
            92.9506746,
            56.0504288
          ]
        ]
      },
      "type": "Feature",
      "properties": {
        "name": null,
        "type": "service",
        "slope": 131.46145313101405,
        "sun_diff": 2.0358646120707817,
        "length": 105.76790393529103
      }
    },
    {
      "geometry": {
        "type": "LineString",
        "coordinates": [
          [
            92.9521925,
            56.049935
          ],
          [
            92.9509086,
            56.0505579
          ]
        ]
      },
      "type": "Feature",
      "properties": {
        "name": null,
        "type": "service",
        "slope": 130.98243680493053,
        "sun_diff": 2.514880938154306,
        "length": 105.64571596123284
      }
    },
    {
      "geometry": {
        "type": "LineString",
        "coordinates": [
          [
            92.7981014,
            56.0192026
          ],
          [
            92.7967959,
            56.0199496
          ]
        ]
      },
      "type": "Feature",
      "properties": {
        "name": "\u0443\u043b\u0438\u0446\u0430 \u0410\u043a\u0430\u0434\u0435\u043c\u0438\u043a\u0430 \u041a\u0438\u0440\u0435\u043d\u0441\u043a\u043e\u0433\u043e",
        "type": "secondary",
        "slope": 135.6731914301833,
        "sun_diff": 2.175873687098459,
        "length": 116.14906645451595
      }
    },
    {
      "geometry": {
        "type": "LineString",
        "coordinates": [
          [
            92.770662,
            56.0052253
          ],
          [
            92.774083,
            56.006997
          ]
        ]
      },
      "type": "Feature",
      "properties": {
        "name": "\u0421\u0432\u043e\u0431\u043e\u0434\u043d\u044b\u0439 \u043f\u0440\u043e\u0441\u043f\u0435\u043a\u0442",
        "type": "secondary",
        "slope": 47.19090056066432,
        "sun_diff": 0.6891235311852597,
        "length": 289.99493575448236
      }
    },
    {
      "geometry": {
        "type": "LineString",
        "coordinates": [
          [
            92.7900629,
            56.0237486
          ],
          [
            92.7913585,
            56.0229987
          ]
        ]
      },
      "type": "Feature",
      "properties": {
        "name": null,
        "type": "tertiary",
        "slope": 136.0043845082602,
        "sun_diff": 2.5070667651753524,
        "length": 115.94617436299667
      }
    },
    {
      "geometry": {
        "type": "LineString",
        "coordinates": [
          [
            92.8562495,
            56.094271
          ],
          [
            92.8586213,
            56.0930175
          ]
        ]
      },
      "type": "Feature",
      "properties": {
        "name": null,
        "type": "residential",
        "slope": 133.4526884697968,
        "sun_diff": 0.18377388705951603,
        "length": 202.72528057157896
      }
    },
    {
      "geometry": {
        "type": "LineString",
        "coordinates": [
          [
            92.8487558,
            56.0951421
          ],
          [
            92.8500531,
            56.0944335
          ]
        ]
      },
      "type": "Feature",
      "properties": {
        "name": null,
        "type": "residential",
        "slope": 134.39727516253868,
        "sun_diff": 0.7608128056823489,
        "length": 112.65549158430608
      }
    },
    {
      "geometry": {
        "type": "LineString",
        "coordinates": [
          [
            92.8503106,
            56.0941741
          ],
          [
            92.8529814,
            56.0927813
          ]
        ]
      },
      "type": "Feature",
      "properties": {
        "name": null,
        "type": "residential",
        "slope": 133.0707012110956,
        "sun_diff": 0.5657611457607175,
        "length": 226.8550985412787
      }
    },
    {
      "geometry": {
        "type": "LineString",
        "coordinates": [
          [
            92.8529814,
            56.0927813
          ],
          [
            92.8574464,
            56.0904478
          ]
        ]
      },
      "type": "Feature",
      "properties": {
        "name": null,
        "type": "residential",
        "slope": 133.1307703775338,
        "sun_diff": 0.5056919793225347,
        "length": 379.6454733573423
      }
    },
    {
      "geometry": {
        "type": "LineString",
        "coordinates": [
          [
            92.8540361,
            56.0934208
          ],
          [
            92.8579805,
            56.0913342
          ]
        ]
      },
      "type": "Feature",
      "properties": {
        "name": null,
        "type": "residential",
        "slope": 133.4785750492196,
        "sun_diff": 0.15788730763674153,
        "length": 337.2976279272367
      }
    },
    {
      "geometry": {
        "type": "LineString",
        "coordinates": [
          [
            92.8492542,
            56.0936105
          ],
          [
            92.8519712,
            56.0921637
          ]
        ]
      },
      "type": "Feature",
      "properties": {
        "name": null,
        "type": "residential",
        "slope": 133.66765472468603,
        "sun_diff": 0.03119236782970347,
        "length": 233.06555061977207
      }
    },
    {
      "geometry": {
        "type": "LineString",
        "coordinates": [
          [
            92.8519712,
            56.0921637
          ],
          [
            92.8543527,
            56.0909453
          ]
        ]
      },
      "type": "Feature",
      "properties": {
        "name": null,
        "type": "residential",
        "slope": 132.52293157324672,
        "sun_diff": 1.1135307836096047,
        "length": 200.50928381082815
      }
    },
    {
      "geometry": {
        "type": "LineString",
        "coordinates": [
          [
            92.8543527,
            56.0909453
          ],
          [
            92.856944,
            56.089562
          ]
        ]
      },
      "type": "Feature",
      "properties": {
        "name": null,
        "type": "residential",
        "slope": 133.73687790166775,
        "sun_diff": 0.10041554481142612,
        "length": 222.55488571365586
      }
    },
    {
      "geometry": {
        "type": "LineString",
        "coordinates": [
          [
            92.9667088,
            56.0613203
          ],
          [
            92.9683659,
            56.0605225
          ]
        ]
      },
      "type": "Feature",
      "properties": {
        "name": null,
        "type": "service",
        "slope": 130.77160150728878,
        "sun_diff": 2.864860849567549,
        "length": 135.8843429944992
      }
    },
    {
      "geometry": {
        "type": "LineString",
        "coordinates": [
          [
            92.9624966,
            56.0620495
          ],
          [
            92.9639206,
            56.0613094
          ]
        ]
      },
      "type": "Feature",
      "properties": {
        "name": null,
        "type": "service",
        "slope": 132.9508256813446,
        "sun_diff": 0.6856366755117165,
        "length": 120.81648052081144
      }
    },
    {
      "geometry": {
        "type": "LineString",
        "coordinates": [
          [
            92.9638232,
            56.0598221
          ],
          [
            92.9650581,
            56.0605394
          ]
        ]
      },
      "type": "Feature",
      "properties": {
        "name": null,
        "type": "service",
        "slope": 43.86647125100751,
        "sun_diff": 2.496161164700027,
        "length": 110.66615974261047
      }
    },
    {
      "geometry": {
        "type": "LineString",
        "coordinates": [
          [
            92.9674606,
            56.0633791
          ],
          [
            92.9698827,
            56.064629
          ]
        ]
      },
      "type": "Feature",
      "properties": {
        "name": null,
        "type": "service",
        "slope": 47.25044467433679,
        "sun_diff": 0.8878122586292534,
        "length": 204.81496518829297
      }
    },
    {
      "geometry": {
        "type": "LineString",
        "coordinates": [
          [
            92.9466497,
            56.0607808
          ],
          [
            92.9481091,
            56.0615393
          ]
        ]
      },
      "type": "Feature",
      "properties": {
        "name": "\u042f\u0441\u0442\u044b\u043d\u0441\u043a\u0430\u044f \u0443\u043b\u0438\u0446\u0430",
        "type": "secondary",
        "slope": 47.04894944182405,
        "sun_diff": 0.6863170261165124,
        "length": 123.82092715152412
      }
    },
    {
      "geometry": {
        "type": "LineString",
        "coordinates": [
          [
            92.9685381,
            56.0592829
          ],
          [
            92.969766,
            56.0599834
          ]
        ]
      },
      "type": "Feature",
      "properties": {
        "name": null,
        "type": "service",
        "slope": 44.38273354831688,
        "sun_diff": 1.9798988673906592,
        "length": 109.02286808708004
      }
    },
    {
      "geometry": {
        "type": "LineString",
        "coordinates": [
          [
            92.9654796,
            56.0546397
          ],
          [
            92.9666362,
            56.0539993
          ]
        ]
      },
      "type": "Feature",
      "properties": {
        "name": null,
        "type": "service",
        "slope": 134.7568539075697,
        "sun_diff": 1.1203915507133786,
        "length": 101.1664819887802
      }
    },
    {
      "geometry": {
        "type": "LineString",
        "coordinates": [
          [
            93.1517182,
            56.1284138
          ],
          [
            93.1502791,
            56.1277141
          ]
        ]
      },
      "type": "Feature",
      "properties": {
        "name": "\u042e\u0436\u043d\u0430\u044f \u0443\u043b\u0438\u0446\u0430",
        "type": "residential",
        "slope": 48.89971532373289,
        "sun_diff": 2.5370829080253543,
        "length": 118.39002082613771
      }
    },
    {
      "geometry": {
        "type": "LineString",
        "coordinates": [
          [
            92.9575268,
            56.0561032
          ],
          [
            92.959266,
            56.0552087
          ]
        ]
      },
      "type": "Feature",
      "properties": {
        "name": null,
        "type": "service",
        "slope": 132.64708304112833,
        "sun_diff": 0.9893793157280015,
        "length": 146.8594921985266
      }
    },
    {
      "geometry": {
        "type": "LineString",
        "coordinates": [
          [
            92.6288665,
            56.0265289
          ],
          [
            92.6300668,
            56.0258741
          ]
        ]
      },
      "type": "Feature",
      "properties": {
        "name": null,
        "type": "residential",
        "slope": 134.31061648695606,
        "sun_diff": 0.8132850834928718,
        "length": 104.2634012804243
      }
    },
    {
      "geometry": {
        "type": "LineString",
        "coordinates": [
          [
            92.6605573,
            56.0305761
          ],
          [
            92.658197,
            56.0317534
          ]
        ]
      },
      "type": "Feature",
      "properties": {
        "name": null,
        "type": "residential",
        "slope": 131.75593163828333,
        "sun_diff": 1.7413861048015065,
        "length": 196.63675059074697
      }
    },
    {
      "geometry": {
        "type": "LineString",
        "coordinates": [
          [
            92.912324,
            56.0387727
          ],
          [
            92.9107148,
            56.0379604
          ]
        ]
      },
      "type": "Feature",
      "properties": {
        "name": null,
        "type": "service",
        "slope": 47.89933173590231,
        "sun_diff": 1.39755470642325,
        "length": 134.76538854300185
      }
    },
    {
      "geometry": {
        "type": "LineString",
        "coordinates": [
          [
            92.9693186,
            56.0741906
          ],
          [
            92.9705681,
            56.0734644
          ]
        ]
      },
      "type": "Feature",
      "properties": {
        "name": null,
        "type": "service",
        "slope": 136.15966637439422,
        "sun_diff": 2.5232040175378927,
        "length": 111.98916476575532
      }
    },
    {
      "geometry": {
        "type": "LineString",
        "coordinates": [
          [
            92.8461753,
            56.1116138
          ],
          [
            92.847904,
            56.1124659
          ]
        ]
      },
      "type": "Feature",
      "properties": {
        "name": null,
        "type": "service",
        "slope": 48.52177629986991,
        "sun_diff": 2.1591438841623756,
        "length": 143.09900630904096
      }
    },
    {
      "geometry": {
        "type": "LineString",
        "coordinates": [
          [
            92.8513648,
            56.1130385
          ],
          [
            92.8530037,
            56.1138243
          ]
        ]
      },
      "type": "Feature",
      "properties": {
        "name": null,
        "type": "service",
        "slope": 49.30568684720396,
        "sun_diff": 2.943054431496421,
        "length": 134.0518593860988
      }
    },
    {
      "geometry": {
        "type": "LineString",
        "coordinates": [
          [
            92.885464,
            56.0942248
          ],
          [
            92.8867967,
            56.0948666
          ]
        ]
      },
      "type": "Feature",
      "properties": {
        "name": null,
        "type": "residential",
        "slope": 49.195179872781296,
        "sun_diff": 2.8325474570737583,
        "length": 109.2415676954682
      }
    },
    {
      "geometry": {
        "type": "LineString",
        "coordinates": [
          [
            92.8490364,
            56.1140116
          ],
          [
            92.8506568,
            56.114787
          ]
        ]
      },
      "type": "Feature",
      "properties": {
        "name": null,
        "type": "service",
        "slope": 49.36079941992716,
        "sun_diff": 2.9981670042196242,
        "length": 132.42586855989876
      }
    },
    {
      "geometry": {
        "type": "LineString",
        "coordinates": [
          [
            92.8535039,
            56.1135093
          ],
          [
            92.8520794,
            56.112822
          ]
        ]
      },
      "type": "Feature",
      "properties": {
        "name": null,
        "type": "service",
        "slope": 49.128661177951585,
        "sun_diff": 2.766028762244048,
        "length": 116.82799495456487
      }
    },
    {
      "geometry": {
        "type": "LineString",
        "coordinates": [
          [
            92.9518166,
            56.0767822
          ],
          [
            92.9530915,
            56.0760361
          ]
        ]
      },
      "type": "Feature",
      "properties": {
        "name": null,
        "type": "service",
        "slope": 136.3593388356457,
        "sun_diff": 2.7228764787893738,
        "length": 114.67490456469756
      }
    },
    {
      "geometry": {
        "type": "LineString",
        "coordinates": [
          [
            92.9470244,
            56.0705524
          ],
          [
            92.9485645,
            56.0713507
          ]
        ]
      },
      "type": "Feature",
      "properties": {
        "name": null,
        "type": "service",
        "slope": 47.11825910423528,
        "sun_diff": 0.755626688527741,
        "length": 130.48775240844918
      }
    },
    {
      "geometry": {
        "type": "LineString",
        "coordinates": [
          [
            92.9547145,
            56.0724504
          ],
          [
            92.9572561,
            56.0736953
          ]
        ]
      },
      "type": "Feature",
      "properties": {
        "name": null,
        "type": "service",
        "slope": 48.72992221852269,
        "sun_diff": 2.367289802815151,
        "length": 209.92926573915983
      }
    },
    {
      "geometry": {
        "type": "LineString",
        "coordinates": [
          [
            92.9566999,
            56.0748423
          ],
          [
            92.9550574,
            56.0740054
          ]
        ]
      },
      "type": "Feature",
      "properties": {
        "name": null,
        "type": "service",
        "slope": 47.60598579574528,
        "sun_diff": 1.243353380037746,
        "length": 138.06617012136562
      }
    },
    {
      "geometry": {
        "type": "LineString",
        "coordinates": [
          [
            92.9534176,
            56.0492636
          ],
          [
            92.9547652,
            56.048566
          ]
        ]
      },
      "type": "Feature",
      "properties": {
        "name": null,
        "type": "service",
        "slope": 132.82725173874815,
        "sun_diff": 0.6700660043366895,
        "length": 114.14338243105219
      }
    },
    {
      "geometry": {
        "type": "LineString",
        "coordinates": [
          [
            92.9915345,
            56.0956143
          ],
          [
            92.9901839,
            56.0949592
          ]
        ]
      },
      "type": "Feature",
      "properties": {
        "name": null,
        "type": "unclassified",
        "slope": 48.99182314836497,
        "sun_diff": 2.6291907326574346,
        "length": 111.04846918801148
      }
    },
    {
      "geometry": {
        "type": "LineString",
        "coordinates": [
          [
            92.9901839,
            56.0949592
          ],
          [
            92.9884243,
            56.0940484
          ]
        ]
      },
      "type": "Feature",
      "properties": {
        "name": null,
        "type": "unclassified",
        "slope": 47.141432508268736,
        "sun_diff": 0.7788000925611982,
        "length": 148.93977372523582
      }
    },
    {
      "geometry": {
        "type": "LineString",
        "coordinates": [
          [
            93.0020174,
            56.1066142
          ],
          [
            93.0006618,
            56.1059272
          ]
        ]
      },
      "type": "Feature",
      "properties": {
        "name": null,
        "type": "unclassified",
        "slope": 47.73622911030114,
        "sun_diff": 1.3735966945936013,
        "length": 113.61999022567119
      }
    },
    {
      "geometry": {
        "type": "LineString",
        "coordinates": [
          [
            93.0107464,
            56.0911065
          ],
          [
            93.0123031,
            56.0918733
          ]
        ]
      },
      "type": "Feature",
      "properties": {
        "name": null,
        "type": "service",
        "slope": 48.5562129004264,
        "sun_diff": 2.193580484718865,
        "length": 128.86154300937548
      }
    },
    {
      "geometry": {
        "type": "LineString",
        "coordinates": [
          [
            92.790442,
            56.0178093
          ],
          [
            92.791841,
            56.0186085
          ]
        ]
      },
      "type": "Feature",
      "properties": {
        "name": null,
        "type": "service",
        "slope": 44.37435961212583,
        "sun_diff": 2.1274174173532288,
        "length": 124.36640919316012
      }
    },
    {
      "geometry": {
        "type": "LineString",
        "coordinates": [
          [
            92.9558882,
            56.0647663
          ],
          [
            92.9572304,
            56.0639992
          ]
        ]
      },
      "type": "Feature",
      "properties": {
        "name": null,
        "type": "service",
        "slope": 135.67232215175395,
        "sun_diff": 2.0358597948976183,
        "length": 119.27498759628483
      }
    },
    {
      "geometry": {
        "type": "LineString",
        "coordinates": [
          [
            92.795638,
            56.0241559
          ],
          [
            92.7939361,
            56.0232249
          ]
        ]
      },
      "type": "Feature",
      "properties": {
        "name": null,
        "type": "service",
        "slope": 45.61242450959355,
        "sun_diff": 0.8893525198855059,
        "length": 148.03873465095248
      }
    },
    {
      "geometry": {
        "type": "LineString",
        "coordinates": [
          [
            92.9220799,
            56.0324741
          ],
          [
            92.9234468,
            56.0331701
          ]
        ]
      },
      "type": "Feature",
      "properties": {
        "name": null,
        "type": "service",
        "slope": 47.65561255434267,
        "sun_diff": 1.1538355248636094,
        "length": 114.93176022808223
      }
    },
    {
      "geometry": {
        "type": "LineString",
        "coordinates": [
          [
            92.8125373,
            56.0002765
          ],
          [
            92.814036,
            55.9994206
          ]
        ]
      },
      "type": "Feature",
      "properties": {
        "name": null,
        "type": "service",
        "slope": 135.602878661587,
        "sun_diff": 2.1055609185021638,
        "length": 133.24010470638848
      }
    },
    {
      "geometry": {
        "type": "LineString",
        "coordinates": [
          [
            93.0807962,
            56.0987819
          ],
          [
            93.0789902,
            56.0978113
          ]
        ]
      },
      "type": "Feature",
      "properties": {
        "name": null,
        "type": "service",
        "slope": 46.06427995858709,
        "sun_diff": 0.2983524571204441,
        "length": 155.5939023911184
      }
    },
    {
      "geometry": {
        "type": "LineString",
        "coordinates": [
          [
            93.112319,
            56.1038932
          ],
          [
            93.1072304,
            56.1065226
          ]
        ]
      },
      "type": "Feature",
      "properties": {
        "name": null,
        "type": "service",
        "slope": 132.81844297897317,
        "sun_diff": 0.8180193778831608,
        "length": 430.31161045317276
      }
    },
    {
      "geometry": {
        "type": "LineString",
        "coordinates": [
          [
            93.1223948,
            56.0976841
          ],
          [
            93.1505512,
            56.0827594
          ]
        ]
      },
      "type": "Feature",
      "properties": {
        "name": null,
        "type": "service",
        "slope": 133.5295325653122,
        "sun_diff": 0.10692979154413251,
        "length": 2410.097970537557
      }
    },
    {
      "geometry": {
        "type": "LineString",
        "coordinates": [
          [
            92.9699692,
            56.0553042
          ],
          [
            92.9686788,
            56.0559589
          ]
        ]
      },
      "type": "Feature",
      "properties": {
        "name": "\u0443\u043b\u0438\u0446\u0430 \u0422\u0435\u0440\u0435\u0448\u043a\u043e\u0432\u043e\u0439",
        "type": "residential",
        "slope": 132.25914625151776,
        "sun_diff": 1.377316105338565,
        "length": 108.2886823817235
      }
    },
    {
      "geometry": {
        "type": "LineString",
        "coordinates": [
          [
            92.9686788,
            56.0559589
          ],
          [
            92.9656332,
            56.0574577
          ]
        ]
      },
      "type": "Feature",
      "properties": {
        "name": "\u0443\u043b\u0438\u0446\u0430 \u0422\u0435\u0440\u0435\u0448\u043a\u043e\u0432\u043e\u0439",
        "type": "residential",
        "slope": 131.39180757786545,
        "sun_diff": 2.2446547789908777,
        "length": 252.1354151628031
      }
    },
    {
      "geometry": {
        "type": "LineString",
        "coordinates": [
          [
            92.9492561,
            56.0532659
          ],
          [
            92.9473919,
            56.054213
          ]
        ]
      },
      "type": "Feature",
      "properties": {
        "name": null,
        "type": "residential",
        "slope": 132.29629292314556,
        "sun_diff": 1.34016943371077,
        "length": 156.5408845266981
      }
    },
    {
      "geometry": {
        "type": "LineString",
        "coordinates": [
          [
            92.8795928,
            55.995167
          ],
          [
            92.8808741,
            55.9944702
          ]
        ]
      },
      "type": "Feature",
      "properties": {
        "name": null,
        "type": "service",
        "slope": 134.19755339694365,
        "sun_diff": 0.7002356538588117,
        "length": 111.17594944160439
      }
    },
    {
      "geometry": {
        "type": "LineString",
        "coordinates": [
          [
            92.885131,
            55.9906729
          ],
          [
            92.8837777,
            55.9900136
          ]
        ]
      },
      "type": "Feature",
      "properties": {
        "name": null,
        "type": "service",
        "slope": 48.94433223293373,
        "sun_diff": 2.442555203454674,
        "length": 111.65403238321079
      }
    },
    {
      "geometry": {
        "type": "LineString",
        "coordinates": [
          [
            92.7875315,
            56.0170441
          ],
          [
            92.7889202,
            56.016238
          ]
        ]
      },
      "type": "Feature",
      "properties": {
        "name": null,
        "type": "service",
        "slope": 136.08164600684302,
        "sun_diff": 2.584328263758181,
        "length": 124.4735729888138
      }
    },
    {
      "geometry": {
        "type": "LineString",
        "coordinates": [
          [
            92.9181965,
            56.0600793
          ],
          [
            92.9169609,
            56.059464
          ]
        ]
      },
      "type": "Feature",
      "properties": {
        "name": null,
        "type": "service",
        "slope": 48.27021721129006,
        "sun_diff": 1.9075847955825225,
        "length": 102.82079797478708
      }
    },
    {
      "geometry": {
        "type": "LineString",
        "coordinates": [
          [
            92.9240501,
            56.0627326
          ],
          [
            92.922663,
            56.0620658
          ]
        ]
      },
      "type": "Feature",
      "properties": {
        "name": null,
        "type": "service",
        "slope": 49.270159334389945,
        "sun_diff": 2.9075269186824073,
        "length": 113.66814006941193
      }
    },
    {
      "geometry": {
        "type": "LineString",
        "coordinates": [
          [
            92.9257479,
            56.0401149
          ],
          [
            92.923839,
            56.0391389
          ]
        ]
      },
      "type": "Feature",
      "properties": {
        "name": null,
        "type": "service",
        "slope": 47.5333359793614,
        "sun_diff": 1.0315589498823385,
        "length": 160.79061067505256
      }
    },
    {
      "geometry": {
        "type": "LineString",
        "coordinates": [
          [
            92.9189837,
            56.0306905
          ],
          [
            92.920669,
            56.031531
          ]
        ]
      },
      "type": "Feature",
      "properties": {
        "name": null,
        "type": "service",
        "slope": 48.248128171930944,
        "sun_diff": 1.7463511424518856,
        "length": 140.3940433602575
      }
    },
    {
      "geometry": {
        "type": "LineString",
        "coordinates": [
          [
            92.9059164,
            56.0414633
          ],
          [
            92.9081038,
            56.042564
          ]
        ]
      },
      "type": "Feature",
      "properties": {
        "name": null,
        "type": "service",
        "slope": 47.98554259599376,
        "sun_diff": 1.4837655665147054,
        "length": 182.91996135451956
      }
    },
    {
      "geometry": {
        "type": "LineString",
        "coordinates": [
          [
            92.9033886,
            55.9622147
          ],
          [
            92.904779,
            55.9629211
          ]
        ]
      },
      "type": "Feature",
      "properties": {
        "name": "\u0426\u0435\u043d\u0442\u0440\u0430\u043b\u044c\u043d\u0430\u044f \u0443\u043b\u0438\u0446\u0430",
        "type": "residential",
        "slope": 47.77059415042626,
        "sun_diff": 1.2688171209472046,
        "length": 116.90680725520545
      }
    },
    {
      "geometry": {
        "type": "LineString",
        "coordinates": [
          [
            92.9052857,
            55.9631425
          ],
          [
            92.9103203,
            55.9655591
          ]
        ]
      },
      "type": "Feature",
      "properties": {
        "name": "\u0426\u0435\u043d\u0442\u0440\u0430\u043b\u044c\u043d\u0430\u044f \u0443\u043b\u0438\u0446\u0430",
        "type": "residential",
        "slope": 49.3831798049485,
        "sun_diff": 2.8814027754694393,
        "length": 412.9094530917119
      }
    },
    {
      "geometry": {
        "type": "LineString",
        "coordinates": [
          [
            92.9056954,
            55.9641364
          ],
          [
            92.9094903,
            55.9660004
          ]
        ]
      },
      "type": "Feature",
      "properties": {
        "name": "\u0421\u043e\u043b\u043d\u0435\u0447\u043d\u0430\u044f \u0443\u043b\u0438\u0446\u0430",
        "type": "residential",
        "slope": 48.72945347395364,
        "sun_diff": 2.2276764444745822,
        "length": 314.3274618659936
      }
    },
    {
      "geometry": {
        "type": "LineString",
        "coordinates": [
          [
            92.9659035,
            56.066443
          ],
          [
            92.9645656,
            56.0657572
          ]
        ]
      },
      "type": "Feature",
      "properties": {
        "name": null,
        "type": "service",
        "slope": 47.44088016995036,
        "sun_diff": 1.078247754242824,
        "length": 112.78329885986152
      }
    },
    {
      "geometry": {
        "type": "LineString",
        "coordinates": [
          [
            92.8044468,
            56.019074
          ],
          [
            92.8028281,
            56.0182622
          ]
        ]
      },
      "type": "Feature",
      "properties": {
        "name": "\u0443\u043b\u0438\u0446\u0430 \u041d\u043e\u0432\u0430\u044f \u0417\u0430\u0440\u044f",
        "type": "residential",
        "slope": 48.09911514490116,
        "sun_diff": 1.5973381154221045,
        "length": 135.2049970819134
      }
    },
    {
      "geometry": {
        "type": "LineString",
        "coordinates": [
          [
            92.9519054,
            56.0619318
          ],
          [
            92.9534232,
            56.0626674
          ]
        ]
      },
      "type": "Feature",
      "properties": {
        "name": null,
        "type": "service",
        "slope": 49.038697732637644,
        "sun_diff": 2.6760653169301065,
        "length": 124.8130836152373
      }
    },
    {
      "geometry": {
        "type": "LineString",
        "coordinates": [
          [
            92.9229757,
            56.0640177
          ],
          [
            92.924196,
            56.0646392
          ]
        ]
      },
      "type": "Feature",
      "properties": {
        "name": null,
        "type": "service",
        "slope": 47.625639862888875,
        "sun_diff": 1.2630074471813373,
        "length": 102.57052174810124
      }
    },
    {
      "geometry": {
        "type": "LineString",
        "coordinates": [
          [
            92.6878182,
            56.0527939
          ],
          [
            92.6829985,
            56.0503241
          ]
        ]
      },
      "type": "Feature",
      "properties": {
        "name": "\u0426\u0435\u043d\u0442\u0440\u0430\u043b\u044c\u043d\u0430\u044f \u0443\u043b\u0438\u0446\u0430",
        "type": "residential",
        "slope": 47.46098206336296,
        "sun_diff": 1.098349647655425,
        "length": 406.3213501807198
      }
    },
    {
      "geometry": {
        "type": "LineString",
        "coordinates": [
          [
            93.0152736,
            55.9594719
          ],
          [
            93.0128459,
            55.9580452
          ]
        ]
      },
      "type": "Feature",
      "properties": {
        "name": null,
        "type": "service",
        "slope": 43.60838024039256,
        "sun_diff": 2.893396789086495,
        "length": 219.16388642193598
      }
    },
    {
      "geometry": {
        "type": "LineString",
        "coordinates": [
          [
            92.9897689,
            56.0369129
          ],
          [
            92.9911882,
            56.0377136
          ]
        ]
      },
      "type": "Feature",
      "properties": {
        "name": "\u041a\u043e\u0441\u0430 \u0424\u0435\u043e\u0444\u0430\u043d\u0438\u0445\u0430",
        "type": "path",
        "slope": 44.719123211635065,
        "sun_diff": 1.7826538178439932,
        "length": 125.34001339391635
      }
    },
    {
      "geometry": {
        "type": "LineString",
        "coordinates": [
          [
            92.9911882,
            56.0377136
          ],
          [
            92.9936193,
            56.038954
          ]
        ]
      },
      "type": "Feature",
      "properties": {
        "name": "\u041a\u043e\u0441\u0430 \u0424\u0435\u043e\u0444\u0430\u043d\u0438\u0445\u0430",
        "type": "path",
        "slope": 47.59310924325399,
        "sun_diff": 1.0913322137749333,
        "length": 204.585551017624
      }
    },
    {
      "geometry": {
        "type": "LineString",
        "coordinates": [
          [
            92.7973486,
            56.0163596
          ],
          [
            92.7992914,
            56.015255
          ]
        ]
      },
      "type": "Feature",
      "properties": {
        "name": null,
        "type": "service",
        "slope": 135.48723903622565,
        "sun_diff": 1.9899212931408101,
        "length": 172.29643552279467
      }
    },
    {
      "geometry": {
        "type": "LineString",
        "coordinates": [
          [
            92.690916,
            56.0175461
          ],
          [
            92.6922039,
            56.01828
          ]
        ]
      },
      "type": "Feature",
      "properties": {
        "name": "\u0422\u0440\u043e\u043f\u0430 \u041f\u043b\u043e\u0434\u043e\u0432\u043e-\u044f\u0433\u043e\u0434\u043d\u0430\u044f",
        "type": "path",
        "slope": 44.44602838410361,
        "sun_diff": 2.055748645375445,
        "length": 114.34482194640675
      }
    },
    {
      "geometry": {
        "type": "LineString",
        "coordinates": [
          [
            92.9210164,
            56.0446789
          ],
          [
            92.922247,
            56.0452662
          ]
        ]
      },
      "type": "Feature",
      "properties": {
        "name": null,
        "type": "service",
        "slope": 49.48751277246299,
        "sun_diff": 2.985735742983934,
        "length": 100.56062947428484
      }
    },
    {
      "geometry": {
        "type": "LineString",
        "coordinates": [
          [
            92.7887407,
            56.0232514
          ],
          [
            92.7903923,
            56.0223846
          ]
        ]
      },
      "type": "Feature",
      "properties": {
        "name": null,
        "type": "service",
        "slope": 133.20062753485527,
        "sun_diff": 0.29669020822956327,
        "length": 140.84103064919555
      }
    },
    {
      "geometry": {
        "type": "LineString",
        "coordinates": [
          [
            92.7914396,
            56.0152612
          ],
          [
            92.7901546,
            56.0158948
          ]
        ]
      },
      "type": "Feature",
      "properties": {
        "name": "\u0443\u043b\u0438\u0446\u0430 \u041b\u0443\u043d\u0430\u0447\u0430\u0440\u0441\u043a\u043e\u0433\u043e",
        "type": "residential",
        "slope": 131.416251804818,
        "sun_diff": 2.081065938266846,
        "length": 106.53503558465037
      }
    },
    {
      "geometry": {
        "type": "LineString",
        "coordinates": [
          [
            92.9066078,
            56.0561948
          ],
          [
            92.905232,
            56.0555027
          ]
        ]
      },
      "type": "Feature",
      "properties": {
        "name": null,
        "type": "service",
        "slope": 47.984331872536956,
        "sun_diff": 1.6216994568294183,
        "length": 115.0125483724509
      }
    },
    {
      "geometry": {
        "type": "LineString",
        "coordinates": [
          [
            92.8854401,
            56.0427881
          ],
          [
            92.8840597,
            56.042037
          ]
        ]
      },
      "type": "Feature",
      "properties": {
        "name": "\u0410\u0431\u044b\u0442\u0430\u0435\u0432\u0441\u043a\u0430\u044f \u0443\u043b\u0438\u0446\u0430",
        "type": "residential",
        "slope": 45.751646438869415,
        "sun_diff": 0.7501305906096434,
        "length": 119.73046324894834
      }
    },
    {
      "geometry": {
        "type": "LineString",
        "coordinates": [
          [
            92.9042299,
            56.046643
          ],
          [
            92.905511,
            56.0472955
          ]
        ]
      },
      "type": "Feature",
      "properties": {
        "name": null,
        "type": "service",
        "slope": 47.63696087248144,
        "sun_diff": 1.1351838430023804,
        "length": 107.71002369531368
      }
    },
    {
      "geometry": {
        "type": "LineString",
        "coordinates": [
          [
            92.9422356,
            56.056563
          ],
          [
            92.943686,
            56.0572867
          ]
        ]
      },
      "type": "Feature",
      "properties": {
        "name": null,
        "type": "service",
        "slope": 48.21534248964775,
        "sun_diff": 1.8527100739402158,
        "length": 120.80667084393275
      }
    },
    {
      "geometry": {
        "type": "LineString",
        "coordinates": [
          [
            93.0165593,
            56.0069588
          ],
          [
            93.0177763,
            56.0075892
          ]
        ]
      },
      "type": "Feature",
      "properties": {
        "name": null,
        "type": "service",
        "slope": 47.18464091469576,
        "sun_diff": 0.6828638852167046,
        "length": 103.17197972027033
      }
    },
    {
      "geometry": {
        "type": "LineString",
        "coordinates": [
          [
            92.8158046,
            55.9999055
          ],
          [
            92.8172405,
            56.0006651
          ]
        ]
      },
      "type": "Feature",
      "properties": {
        "name": null,
        "type": "service",
        "slope": 46.588488427372596,
        "sun_diff": 0.08671139789353788,
        "length": 122.94310796035572
      }
    },
    {
      "geometry": {
        "type": "LineString",
        "coordinates": [
          [
            92.7807526,
            56.0420686
          ],
          [
            92.7793936,
            56.0413287
          ]
        ]
      },
      "type": "Feature",
      "properties": {
        "name": null,
        "type": "service",
        "slope": 45.734977150440926,
        "sun_diff": 0.7667998790381318,
        "length": 117.90990491028053
      }
    },
    {
      "geometry": {
        "type": "LineString",
        "coordinates": [
          [
            92.7839425,
            56.0413982
          ],
          [
            92.782192,
            56.0422357
          ]
        ]
      },
      "type": "Feature",
      "properties": {
        "name": null,
        "type": "service",
        "slope": 130.58062106678162,
        "sun_diff": 2.916696676303218,
        "length": 143.20227579108345
      }
    },
    {
      "geometry": {
        "type": "LineString",
        "coordinates": [
          [
            92.7758133,
            56.0524575
          ],
          [
            92.777688,
            56.0515401
          ]
        ]
      },
      "type": "Feature",
      "properties": {
        "name": null,
        "type": "service",
        "slope": 131.22757671312422,
        "sun_diff": 2.4088856437321056,
        "length": 154.8309332345495
      }
    },
    {
      "geometry": {
        "type": "LineString",
        "coordinates": [
          [
            92.7963882,
            56.0270795
          ],
          [
            92.7978514,
            56.0277964
          ]
        ]
      },
      "type": "Feature",
      "properties": {
        "name": null,
        "type": "service",
        "slope": 48.75537397893234,
        "sun_diff": 2.253596949453282,
        "length": 120.95263798274479
      }
    },
    {
      "geometry": {
        "type": "LineString",
        "coordinates": [
          [
            92.7811456,
            56.0191332
          ],
          [
            92.782357,
            56.0184331
          ]
        ]
      },
      "type": "Feature",
      "properties": {
        "name": null,
        "type": "service",
        "slope": 135.95749481391164,
        "sun_diff": 2.460177070826802,
        "length": 108.33199262099949
      }
    },
    {
      "geometry": {
        "type": "LineString",
        "coordinates": [
          [
            92.7810973,
            56.0196561
          ],
          [
            92.7822934,
            56.018971
          ]
        ]
      },
      "type": "Feature",
      "properties": {
        "name": null,
        "type": "service",
        "slope": 135.70166302971074,
        "sun_diff": 2.204345286625909,
        "length": 106.47176802615265
      }
    },
    {
      "geometry": {
        "type": "LineString",
        "coordinates": [
          [
            92.7836805,
            56.0149293
          ],
          [
            92.7823046,
            56.0141521
          ]
        ]
      },
      "type": "Feature",
      "properties": {
        "name": null,
        "type": "service",
        "slope": 44.700307115556626,
        "sun_diff": 1.801469913922432,
        "length": 121.62059455817315
      }
    },
    {
      "geometry": {
        "type": "LineString",
        "coordinates": [
          [
            92.9328472,
            56.0694871
          ],
          [
            92.9316678,
            56.0688731
          ]
        ]
      },
      "type": "Feature",
      "properties": {
        "name": null,
        "type": "service",
        "slope": 46.99574222208295,
        "sun_diff": 0.6331098063754155,
        "length": 100.13130368489793
      }
    },
    {
      "geometry": {
        "type": "LineString",
        "coordinates": [
          [
            92.9955689,
            56.0767122
          ],
          [
            92.9936317,
            56.0777504
          ]
        ]
      },
      "type": "Feature",
      "properties": {
        "name": null,
        "type": "service",
        "slope": 133.84066076381433,
        "sun_diff": 0.20419840695799962,
        "length": 166.72021085842127
      }
    },
    {
      "geometry": {
        "type": "LineString",
        "coordinates": [
          [
            92.6702297,
            56.0202451
          ],
          [
            92.6716422,
            56.0210735
          ]
        ]
      },
      "type": "Feature",
      "properties": {
        "name": null,
        "type": "path",
        "slope": 43.620108093985635,
        "sun_diff": 2.8816689354934226,
        "length": 127.28204459843596
      }
    },
    {
      "geometry": {
        "type": "LineString",
        "coordinates": [
          [
            92.9072623,
            56.0546127
          ],
          [
            92.9086677,
            56.0553296
          ]
        ]
      },
      "type": "Feature",
      "properties": {
        "name": null,
        "type": "service",
        "slope": 47.587587820069444,
        "sun_diff": 1.224955404361907,
        "length": 118.22909303800634
      }
    },
    {
      "geometry": {
        "type": "LineString",
        "coordinates": [
          [
            92.8857829,
            55.9924848
          ],
          [
            92.8819131,
            55.9947449
          ]
        ]
      },
      "type": "Feature",
      "properties": {
        "name": "\u041a\u043e\u043c\u043c\u0443\u043d\u0430\u043b\u044c\u043d\u044b\u0439 \u043c\u043e\u0441\u0442",
        "type": "trunk",
        "slope": 136.2409548004849,
        "sun_diff": 2.743637057400065,
        "length": 348.06839198027683
      }
    },
    {
      "geometry": {
        "type": "LineString",
        "coordinates": [
          [
            92.9130637,
            56.0530035
          ],
          [
            92.9146654,
            56.0538195
          ]
        ]
      },
      "type": "Feature",
      "properties": {
        "name": null,
        "type": "service",
        "slope": 47.62481205167413,
        "sun_diff": 1.2621796359665893,
        "length": 134.66827881689468
      }
    },
    {
      "geometry": {
        "type": "LineString",
        "coordinates": [
          [
            92.9794542,
            56.0521856
          ],
          [
            92.9807955,
            56.0514767
          ]
        ]
      },
      "type": "Feature",
      "properties": {
        "name": null,
        "type": "service",
        "slope": 133.4226987223698,
        "sun_diff": 0.2137636344865257,
        "length": 114.71236499176287
      }
    },
    {
      "geometry": {
        "type": "LineString",
        "coordinates": [
          [
            92.9569732,
            56.0705725
          ],
          [
            92.9557164,
            56.0698829
          ]
        ]
      },
      "type": "Feature",
      "properties": {
        "name": null,
        "type": "service",
        "slope": 45.49102792841626,
        "sun_diff": 0.8716044872912789,
        "length": 109.41719297833549
      }
    },
    {
      "geometry": {
        "type": "LineString",
        "coordinates": [
          [
            92.9560691,
            56.0692954
          ],
          [
            92.9547675,
            56.0686519
          ]
        ]
      },
      "type": "Feature",
      "properties": {
        "name": null,
        "type": "service",
        "slope": 48.46900242872613,
        "sun_diff": 2.1063700130185907,
        "length": 107.95376852887577
      }
    },
    {
      "geometry": {
        "type": "LineString",
        "coordinates": [
          [
            92.9563211,
            56.0755616
          ],
          [
            92.9545351,
            56.0765586
          ]
        ]
      },
      "type": "Feature",
      "properties": {
        "name": null,
        "type": "service",
        "slope": 135.00749552825408,
        "sun_diff": 1.3710331713977553,
        "length": 156.81133162938116
      }
    },
    {
      "geometry": {
        "type": "LineString",
        "coordinates": [
          [
            92.8676157,
            56.0949969
          ],
          [
            92.8688563,
            56.0943794
          ]
        ]
      },
      "type": "Feature",
      "properties": {
        "name": null,
        "type": "unclassified",
        "slope": 131.74221336999042,
        "sun_diff": 1.8942489868659038,
        "length": 103.16333877826925
      }
    },
    {
      "geometry": {
        "type": "LineString",
        "coordinates": [
          [
            92.8589242,
            56.0946474
          ],
          [
            92.8614648,
            56.0959557
          ]
        ]
      },
      "type": "Feature",
      "properties": {
        "name": null,
        "type": "residential",
        "slope": 47.28720616501829,
        "sun_diff": 0.9245737493107526,
        "length": 214.53373006086028
      }
    },
    {
      "geometry": {
        "type": "LineString",
        "coordinates": [
          [
            92.8767953,
            56.034868
          ],
          [
            92.8748441,
            56.0358287
          ]
        ]
      },
      "type": "Feature",
      "properties": {
        "name": null,
        "type": "service",
        "slope": 131.38995538880465,
        "sun_diff": 2.107362354280184,
        "length": 161.61891231518604
      }
    },
    {
      "geometry": {
        "type": "LineString",
        "coordinates": [
          [
            92.7969112,
            56.0306058
          ],
          [
            92.798194,
            56.0299204
          ]
        ]
      },
      "type": "Feature",
      "properties": {
        "name": null,
        "type": "service",
        "slope": 133.71807868816535,
        "sun_diff": 0.2207609450805137,
        "length": 110.31025364754652
      }
    },
    {
      "geometry": {
        "type": "LineString",
        "coordinates": [
          [
            92.7686963,
            56.055578
          ],
          [
            92.7702276,
            56.0564272
          ]
        ]
      },
      "type": "Feature",
      "properties": {
        "name": "\u0414\u043e\u0437\u043e\u0440\u043d\u0430\u044f \u0443\u043b\u0438\u0446\u0430",
        "type": "service",
        "slope": 45.19638490130592,
        "sun_diff": 1.1662475144016184,
        "length": 134.04245155320018
      }
    },
    {
      "geometry": {
        "type": "LineString",
        "coordinates": [
          [
            92.7713563,
            56.0570593
          ],
          [
            92.772524,
            56.057696
          ]
        ]
      },
      "type": "Feature",
      "properties": {
        "name": "\u0414\u043e\u0437\u043e\u0440\u043d\u0430\u044f \u0443\u043b\u0438\u0446\u0430",
        "type": "service",
        "slope": 45.67996186358505,
        "sun_diff": 0.6826705521224881,
        "length": 101.3651450107024
      }
    },
    {
      "geometry": {
        "type": "LineString",
        "coordinates": [
          [
            92.8056019,
            56.0189041
          ],
          [
            92.8077891,
            56.0200828
          ]
        ]
      },
      "type": "Feature",
      "properties": {
        "name": null,
        "type": "residential",
        "slope": 46.04339529820027,
        "sun_diff": 0.45838173127879145,
        "length": 188.88505932794797
      }
    },
    {
      "geometry": {
        "type": "LineString",
        "coordinates": [
          [
            92.7939089,
            56.0247111
          ],
          [
            92.7926062,
            56.0240188
          ]
        ]
      },
      "type": "Feature",
      "properties": {
        "name": null,
        "type": "service",
        "slope": 46.44016315282721,
        "sun_diff": 0.06161387665184748,
        "length": 111.74392484093343
      }
    },
    {
      "geometry": {
        "type": "LineString",
        "coordinates": [
          [
            92.7921523,
            56.0248456
          ],
          [
            92.7934106,
            56.0254944
          ]
        ]
      },
      "type": "Feature",
      "properties": {
        "name": null,
        "type": "service",
        "slope": 47.30285750246418,
        "sun_diff": 0.8010804729851202,
        "length": 106.42057787651846
      }
    },
    {
      "geometry": {
        "type": "LineString",
        "coordinates": [
          [
            92.6724385,
            56.0417337
          ],
          [
            92.6710462,
            56.0425308
          ]
        ]
      },
      "type": "Feature",
      "properties": {
        "name": null,
        "type": "residential",
        "slope": 135.7055254964505,
        "sun_diff": 2.208207753365656,
        "length": 123.87076150868909
      }
    },
    {
      "geometry": {
        "type": "LineString",
        "coordinates": [
          [
            92.8952545,
            56.0360872
          ],
          [
            92.8980905,
            56.0375356
          ]
        ]
      },
      "type": "Feature",
      "properties": {
        "name": "\u0443\u043b\u0438\u0446\u0430 \u041c\u043e\u043b\u043e\u043a\u043e\u0432\u0430",
        "type": "secondary",
        "slope": 47.566344772934514,
        "sun_diff": 1.0645677434554557,
        "length": 238.77031716501668
      }
    },
    {
      "geometry": {
        "type": "LineString",
        "coordinates": [
          [
            92.8453901,
            55.9489837
          ],
          [
            92.8432395,
            55.9501432
          ]
        ]
      },
      "type": "Feature",
      "properties": {
        "name": null,
        "type": "service",
        "slope": 133.91776604830642,
        "sun_diff": 0.5583771453208044,
        "length": 185.93901983384575
      }
    },
    {
      "geometry": {
        "type": "LineString",
        "coordinates": [
          [
            93.0464703,
            56.033388
          ],
          [
            93.0484856,
            56.0343787
          ]
        ]
      },
      "type": "Feature",
      "properties": {
        "name": null,
        "type": "service",
        "slope": 48.655839691041535,
        "sun_diff": 2.1540626615624774,
        "length": 166.81720448671751
      }
    },
    {
      "geometry": {
        "type": "LineString",
        "coordinates": [
          [
            93.0493697,
            56.0348158
          ],
          [
            93.0519227,
            56.0361523
          ]
        ]
      },
      "type": "Feature",
      "properties": {
        "name": null,
        "type": "service",
        "slope": 46.861317684691414,
        "sun_diff": 0.35954065521235634,
        "length": 217.41343913526353
      }
    },
    {
      "geometry": {
        "type": "LineString",
        "coordinates": [
          [
            93.0519227,
            56.0361523
          ],
          [
            93.0596,
            56.0402471
          ]
        ]
      },
      "type": "Feature",
      "properties": {
        "name": null,
        "type": "service",
        "slope": 46.324408695817,
        "sun_diff": 0.17736833366205929,
        "length": 659.5619406092246
      }
    },
    {
      "geometry": {
        "type": "LineString",
        "coordinates": [
          [
            92.8930669,
            56.0942133
          ],
          [
            92.8915779,
            56.0933961
          ]
        ]
      },
      "type": "Feature",
      "properties": {
        "name": null,
        "type": "service",
        "slope": 45.46678118476018,
        "sun_diff": 0.8958512309473576,
        "length": 129.6072879464336
      }
    },
    {
      "geometry": {
        "type": "LineString",
        "coordinates": [
          [
            93.0970004,
            55.9391183
          ],
          [
            93.0991655,
            55.9402327
          ]
        ]
      },
      "type": "Feature",
      "properties": {
        "name": null,
        "type": "residential",
        "slope": 47.41599847898888,
        "sun_diff": 0.7762789490322461,
        "length": 183.1844451347479
      }
    },
    {
      "geometry": {
        "type": "LineString",
        "coordinates": [
          [
            92.7240759,
            56.0200304
          ],
          [
            92.722597,
            56.0207773
          ]
        ]
      },
      "type": "Feature",
      "properties": {
        "name": null,
        "type": "service",
        "slope": 132.10223742745995,
        "sun_diff": 1.395080315624881,
        "length": 123.9127625850094
      }
    },
    {
      "geometry": {
        "type": "LineString",
        "coordinates": [
          [
            92.7834107,
            56.0336381
          ],
          [
            92.7819964,
            56.034315
          ]
        ]
      },
      "type": "Feature",
      "properties": {
        "name": null,
        "type": "service",
        "slope": 130.58525769549144,
        "sun_diff": 2.9120600475933998,
        "length": 115.73056326438584
      }
    },
    {
      "geometry": {
        "type": "LineString",
        "coordinates": [
          [
            92.8030391,
            56.0253314
          ],
          [
            92.8015846,
            56.0261494
          ]
        ]
      },
      "type": "Feature",
      "properties": {
        "name": null,
        "type": "service",
        "slope": 135.1828468133848,
        "sun_diff": 1.685529070299964,
        "length": 128.2656398592319
      }
    },
    {
      "geometry": {
        "type": "LineString",
        "coordinates": [
          [
            92.9793382,
            56.0640223
          ],
          [
            92.9780126,
            56.064743
          ]
        ]
      },
      "type": "Feature",
      "properties": {
        "name": null,
        "type": "service",
        "slope": 134.24208189819598,
        "sun_diff": 0.6056195413396495,
        "length": 114.89853277223293
      }
    },
    {
      "geometry": {
        "type": "LineString",
        "coordinates": [
          [
            92.9810987,
            56.0663735
          ],
          [
            92.982731,
            56.0672799
          ]
        ]
      },
      "type": "Feature",
      "properties": {
        "name": null,
        "type": "service",
        "slope": 45.15070842193188,
        "sun_diff": 1.211923993775656,
        "length": 142.95656595781512
      }
    },
    {
      "geometry": {
        "type": "LineString",
        "coordinates": [
          [
            92.989164,
            56.0774305
          ],
          [
            92.9878836,
            56.0767285
          ]
        ]
      },
      "type": "Feature",
      "properties": {
        "name": null,
        "type": "service",
        "slope": 45.50834044837964,
        "sun_diff": 0.8542919673278959,
        "length": 111.41891548130552
      }
    },
    {
      "geometry": {
        "type": "LineString",
        "coordinates": [
          [
            92.991371,
            56.0817438
          ],
          [
            92.9902009,
            56.0810568
          ]
        ]
      },
      "type": "Feature",
      "properties": {
        "name": "\u0422\u0435\u0445\u043d\u043e\u043b\u043e\u0433\u0438\u0447\u0435\u0441\u043a\u0430\u044f \u0443\u043b\u0438\u0446\u0430",
        "type": "service",
        "slope": 43.54384864985221,
        "sun_diff": 2.818783765855329,
        "length": 105.4216052396852
      }
    },
    {
      "geometry": {
        "type": "LineString",
        "coordinates": [
          [
            92.9894118,
            56.0802915
          ],
          [
            92.986804,
            56.0787797
          ]
        ]
      },
      "type": "Feature",
      "properties": {
        "name": "\u0422\u0435\u0445\u043d\u043e\u043b\u043e\u0433\u0438\u0447\u0435\u0441\u043a\u0430\u044f \u0443\u043b\u0438\u0446\u0430",
        "type": "service",
        "slope": 43.908884855027765,
        "sun_diff": 2.4537475606797727,
        "length": 233.40575247554187
      }
    },
    {
      "geometry": {
        "type": "LineString",
        "coordinates": [
          [
            92.9880823,
            56.0843063
          ],
          [
            92.9864123,
            56.0852306
          ]
        ]
      },
      "type": "Feature",
      "properties": {
        "name": null,
        "type": "service",
        "slope": 134.76874246164678,
        "sun_diff": 1.1322801047904534,
        "length": 145.9862184485725
      }
    },
    {
      "geometry": {
        "type": "LineString",
        "coordinates": [
          [
            92.8434344,
            56.0699542
          ],
          [
            92.8421277,
            56.0706553
          ]
        ]
      },
      "type": "Feature",
      "properties": {
        "name": "\u0426\u0435\u043d\u0442\u0440\u0430\u043b\u044c\u043d\u0430\u044f \u0443\u043b\u0438\u0446\u0430",
        "type": "tertiary",
        "slope": 133.86818253576746,
        "sun_diff": 0.23172017891113228,
        "length": 112.53019669909192
      }
    },
    {
      "geometry": {
        "type": "LineString",
        "coordinates": [
          [
            92.9081376,
            56.0485532
          ],
          [
            92.9065219,
            56.0477721
          ]
        ]
      },
      "type": "Feature",
      "properties": {
        "name": null,
        "type": "service",
        "slope": 49.12025276457132,
        "sun_diff": 2.618475735092261,
        "length": 132.74961813616966
      }
    },
    {
      "geometry": {
        "type": "LineString",
        "coordinates": [
          [
            92.8288286,
            56.0640449
          ],
          [
            92.8270815,
            56.065058
          ]
        ]
      },
      "type": "Feature",
      "properties": {
        "name": null,
        "type": "service",
        "slope": 136.08847018698904,
        "sun_diff": 2.4520078301327146,
        "length": 156.4212212041598
      }
    },
    {
      "geometry": {
        "type": "LineString",
        "coordinates": [
          [
            93.0281751,
            55.9432511
          ],
          [
            93.0294136,
            55.9439195
          ]
        ]
      },
      "type": "Feature",
      "properties": {
        "name": "\u0443\u043b\u0438\u0446\u0430 \u041c\u043e\u043b\u043e\u0434\u043e\u0441\u0442\u0438",
        "type": "residential",
        "slope": 46.05853515202017,
        "sun_diff": 0.5811843779364665,
        "length": 107.13918053503654
      }
    },
    {
      "geometry": {
        "type": "LineString",
        "coordinates": [
          [
            93.0838986,
            55.9530367
          ],
          [
            93.0851796,
            55.952369
          ]
        ]
      },
      "type": "Feature",
      "properties": {
        "name": null,
        "type": "unclassified",
        "slope": 132.95262088970145,
        "sun_diff": 0.5446968533833854,
        "length": 108.99404292519006
      }
    },
    {
      "geometry": {
        "type": "LineString",
        "coordinates": [
          [
            92.7789569,
            56.0438261
          ],
          [
            92.7812874,
            56.0425292
          ]
        ]
      },
      "type": "Feature",
      "properties": {
        "name": null,
        "type": "service",
        "slope": 134.89274519203104,
        "sun_diff": 1.395427448946208,
        "length": 204.3871614611933
      }
    },
    {
      "geometry": {
        "type": "LineString",
        "coordinates": [
          [
            92.7885462,
            56.0214029
          ],
          [
            92.7897012,
            56.0207608
          ]
        ]
      },
      "type": "Feature",
      "properties": {
        "name": null,
        "type": "service",
        "slope": 134.84778353591867,
        "sun_diff": 1.3504657928338304,
        "length": 101.27307348311624
      }
    },
    {
      "geometry": {
        "type": "LineString",
        "coordinates": [
          [
            92.7843288,
            56.0217461
          ],
          [
            92.7857184,
            56.0224868
          ]
        ]
      },
      "type": "Feature",
      "properties": {
        "name": null,
        "type": "service",
        "slope": 46.35547439152552,
        "sun_diff": 0.14630263795353926,
        "length": 119.3719033344308
      }
    },
    {
      "geometry": {
        "type": "LineString",
        "coordinates": [
          [
            93.0479289,
            56.0323621
          ],
          [
            93.0491546,
            56.0317107
          ]
        ]
      },
      "type": "Feature",
      "properties": {
        "name": null,
        "type": "service",
        "slope": 133.56643676776963,
        "sun_diff": 0.06911902468479525,
        "length": 105.12956411554798
      }
    },
    {
      "geometry": {
        "type": "LineString",
        "coordinates": [
          [
            92.8264483,
            56.0928542
          ],
          [
            92.8279951,
            56.0937314
          ]
        ]
      },
      "type": "Feature",
      "properties": {
        "name": null,
        "type": "residential",
        "slope": 44.52785043457976,
        "sun_diff": 1.834781981127776,
        "length": 136.86356192266067
      }
    },
    {
      "geometry": {
        "type": "LineString",
        "coordinates": [
          [
            92.8282229,
            56.0938489
          ],
          [
            92.8300385,
            56.0948862
          ]
        ]
      },
      "type": "Feature",
      "properties": {
        "name": null,
        "type": "residential",
        "slope": 44.314647499730995,
        "sun_diff": 2.047984915976542,
        "length": 161.25392123994448
      }
    },
    {
      "geometry": {
        "type": "LineString",
        "coordinates": [
          [
            92.8260051,
            56.0935555
          ],
          [
            92.8278232,
            56.0945489
          ]
        ]
      },
      "type": "Feature",
      "properties": {
        "name": null,
        "type": "residential",
        "slope": 45.593032823490546,
        "sun_diff": 0.7695995922169914,
        "length": 157.90840967843286
      }
    },
    {
      "geometry": {
        "type": "LineString",
        "coordinates": [
          [
            92.826076,
            56.0934292
          ],
          [
            92.8303378,
            56.0958182
          ]
        ]
      },
      "type": "Feature",
      "properties": {
        "name": null,
        "type": "residential",
        "slope": 44.8588274711374,
        "sun_diff": 1.5038049445701347,
        "length": 374.8795062579457
      }
    },
    {
      "geometry": {
        "type": "LineString",
        "coordinates": [
          [
            92.8495926,
            56.0928828
          ],
          [
            92.8515181,
            56.0918339
          ]
        ]
      },
      "type": "Feature",
      "properties": {
        "name": null,
        "type": "residential",
        "slope": 134.31817210202584,
        "sun_diff": 0.6817097451695133,
        "length": 166.99270650306963
      }
    },
    {
      "geometry": {
        "type": "LineString",
        "coordinates": [
          [
            92.8508438,
            56.0950907
          ],
          [
            92.852715,
            56.0961943
          ]
        ]
      },
      "type": "Feature",
      "properties": {
        "name": null,
        "type": "residential",
        "slope": 43.40364954313074,
        "sun_diff": 2.9589828725767973,
        "length": 168.95919188608363
      }
    },
    {
      "geometry": {
        "type": "LineString",
        "coordinates": [
          [
            92.8530552,
            56.0939298
          ],
          [
            92.8550174,
            56.0950556
          ]
        ]
      },
      "type": "Feature",
      "properties": {
        "name": null,
        "type": "residential",
        "slope": 44.19359948559156,
        "sun_diff": 2.169032930115975,
        "length": 174.6519485161779
      }
    },
    {
      "geometry": {
        "type": "LineString",
        "coordinates": [
          [
            92.8592017,
            56.0957969
          ],
          [
            92.8603986,
            56.0964042
          ]
        ]
      },
      "type": "Feature",
      "properties": {
        "name": null,
        "type": "residential",
        "slope": 47.70912113450271,
        "sun_diff": 1.3464887187951717,
        "length": 100.38742043379753
      }
    },
    {
      "geometry": {
        "type": "LineString",
        "coordinates": [
          [
            92.8574937,
            56.0949143
          ],
          [
            92.8562495,
            56.094271
          ]
        ]
      },
      "type": "Feature",
      "properties": {
        "name": null,
        "type": "residential",
        "slope": 47.173216331736825,
        "sun_diff": 0.8105839160292874,
        "length": 105.25962202962533
      }
    },
    {
      "geometry": {
        "type": "LineString",
        "coordinates": [
          [
            92.8589918,
            56.0941321
          ],
          [
            92.8576115,
            56.0948292
          ]
        ]
      },
      "type": "Feature",
      "properties": {
        "name": null,
        "type": "residential",
        "slope": 132.15683945917255,
        "sun_diff": 1.4796228976837824,
        "length": 115.52898011425846
      }
    },
    {
      "geometry": {
        "type": "LineString",
        "coordinates": [
          [
            92.8574937,
            56.0949143
          ],
          [
            92.8551601,
            56.0962155
          ]
        ]
      },
      "type": "Feature",
      "properties": {
        "name": null,
        "type": "residential",
        "slope": 134.9893917521791,
        "sun_diff": 1.352929395322775,
        "length": 204.72196089102343
      }
    },
    {
      "geometry": {
        "type": "LineString",
        "coordinates": [
          [
            92.8440425,
            56.0754451
          ],
          [
            92.8461353,
            56.0744235
          ]
        ]
      },
      "type": "Feature",
      "properties": {
        "name": null,
        "type": "service",
        "slope": 131.17422037962027,
        "sun_diff": 2.4622419772360615,
        "length": 172.6002842823943
      }
    },
    {
      "geometry": {
        "type": "LineString",
        "coordinates": [
          [
            92.9429524,
            56.0546501
          ],
          [
            92.9444668,
            56.0554568
          ]
        ]
      },
      "type": "Feature",
      "properties": {
        "name": null,
        "type": "service",
        "slope": 46.34954652115172,
        "sun_diff": 0.013085894555814548,
        "length": 129.99448331428016
      }
    },
    {
      "geometry": {
        "type": "LineString",
        "coordinates": [
          [
            92.9180294,
            56.0601852
          ],
          [
            92.9201943,
            56.0612485
          ]
        ]
      },
      "type": "Feature",
      "properties": {
        "name": null,
        "type": "residential",
        "slope": 48.66120391552525,
        "sun_diff": 2.2985714998177116,
        "length": 179.06097256702643
      }
    },
    {
      "geometry": {
        "type": "LineString",
        "coordinates": [
          [
            92.9182026,
            56.0549316
          ],
          [
            92.9161809,
            56.0539245
          ]
        ]
      },
      "type": "Feature",
      "properties": {
        "name": null,
        "type": "service",
        "slope": 48.26468039699833,
        "sun_diff": 1.9020479812907922,
        "length": 168.27452482647715
      }
    },
    {
      "geometry": {
        "type": "LineString",
        "coordinates": [
          [
            92.9159593,
            56.0540776
          ],
          [
            92.9179695,
            56.0550848
          ]
        ]
      },
      "type": "Feature",
      "properties": {
        "name": null,
        "type": "service",
        "slope": 48.09858144009357,
        "sun_diff": 1.7359490243860307,
        "length": 167.74924530600504
      }
    },
    {
      "geometry": {
        "type": "LineString",
        "coordinates": [
          [
            92.9183195,
            56.0518534
          ],
          [
            92.9170997,
            56.0512426
          ]
        ]
      },
      "type": "Feature",
      "properties": {
        "name": null,
        "type": "service",
        "slope": 48.11886499973053,
        "sun_diff": 1.756232584022996,
        "length": 101.76776683705208
      }
    },
    {
      "geometry": {
        "type": "LineString",
        "coordinates": [
          [
            92.8436057,
            55.949298
          ],
          [
            92.8451633,
            55.9484672
          ]
        ]
      },
      "type": "Feature",
      "properties": {
        "name": null,
        "type": "service",
        "slope": 133.6087258273008,
        "sun_diff": 0.2493369243151733,
        "length": 133.9788749290037
      }
    },
    {
      "geometry": {
        "type": "LineString",
        "coordinates": [
          [
            92.9207905,
            56.032243
          ],
          [
            92.9190206,
            56.0313821
          ]
        ]
      },
      "type": "Feature",
      "properties": {
        "name": "\u0443\u043b\u0438\u0446\u0430 \u041f\u0430\u0440\u0442\u0438\u0437\u0430\u043d\u0430 \u0416\u0435\u043b\u0435\u0437\u043d\u044f\u043a\u0430",
        "type": "primary",
        "slope": 48.95870290665141,
        "sun_diff": 2.4569258771723526,
        "length": 145.83725729393973
      }
    },
    {
      "geometry": {
        "type": "LineString",
        "coordinates": [
          [
            92.7735472,
            56.0461736
          ],
          [
            92.7749601,
            56.045424
          ]
        ]
      },
      "type": "Feature",
      "properties": {
        "name": "\u0443\u043b\u0438\u0446\u0430 \u041a\u0430\u043b\u0438\u043d\u0438\u043d\u0430",
        "type": "primary",
        "slope": 133.5274963574679,
        "sun_diff": 0.03017861438306113,
        "length": 121.06452999547041
      }
    },
    {
      "geometry": {
        "type": "LineString",
        "coordinates": [
          [
            92.904117,
            56.0408907
          ],
          [
            92.9054016,
            56.0415405
          ]
        ]
      },
      "type": "Feature",
      "properties": {
        "name": "\u0443\u043b\u0438\u0446\u0430 \u041c\u043e\u043b\u043e\u043a\u043e\u0432\u0430",
        "type": "secondary",
        "slope": 47.83726496226845,
        "sun_diff": 1.3354879327893912,
        "length": 107.67777166331778
      }
    },
    {
      "geometry": {
        "type": "LineString",
        "coordinates": [
          [
            92.9054016,
            56.0415405
          ],
          [
            92.9068144,
            56.0422654
          ]
        ]
      },
      "type": "Feature",
      "properties": {
        "name": "\u0443\u043b\u0438\u0446\u0430 \u041c\u043e\u043b\u043e\u043a\u043e\u0432\u0430",
        "type": "secondary",
        "slope": 47.4304259961487,
        "sun_diff": 0.9286489666696411,
        "length": 119.19099324410172
      }
    },
    {
      "geometry": {
        "type": "LineString",
        "coordinates": [
          [
            92.9010849,
            56.0394813
          ],
          [
            92.8998546,
            56.0388661
          ]
        ]
      },
      "type": "Feature",
      "properties": {
        "name": "\u0443\u043b\u0438\u0446\u0430 \u041c\u043e\u043b\u043e\u043a\u043e\u0432\u0430",
        "type": "secondary",
        "slope": 48.16767446410924,
        "sun_diff": 1.6658974346301818,
        "length": 102.59837725721948
      }
    },
    {
      "geometry": {
        "type": "LineString",
        "coordinates": [
          [
            92.9078157,
            56.0429254
          ],
          [
            92.9063104,
            56.0421516
          ]
        ]
      },
      "type": "Feature",
      "properties": {
        "name": "\u0443\u043b\u0438\u0446\u0430 \u041c\u043e\u043b\u043e\u043a\u043e\u0432\u0430",
        "type": "secondary",
        "slope": 47.37738220856531,
        "sun_diff": 0.87560517908625,
        "length": 127.10194363475655
      }
    },
    {
      "geometry": {
        "type": "LineString",
        "coordinates": [
          [
            92.7969936,
            56.0200497
          ],
          [
            92.7983846,
            56.020793
          ]
        ]
      },
      "type": "Feature",
      "properties": {
        "name": "\u0421\u0432\u043e\u0431\u043e\u0434\u043d\u044b\u0439 \u043f\u0440\u043e\u0441\u043f\u0435\u043a\u0442",
        "type": "secondary",
        "slope": 46.285269868604416,
        "sun_diff": 0.2165071608746416,
        "length": 119.63731525795747
      }
    },
    {
      "geometry": {
        "type": "LineString",
        "coordinates": [
          [
            92.9113589,
            56.0445497
          ],
          [
            92.9133615,
            56.0455572
          ]
        ]
      },
      "type": "Feature",
      "properties": {
        "name": "\u0443\u043b\u0438\u0446\u0430 \u041c\u043e\u043b\u043e\u043a\u043e\u0432\u0430",
        "type": "secondary",
        "slope": 47.98923118235214,
        "sun_diff": 1.4874541528730845,
        "length": 167.44336314863133
      }
    },
    {
      "geometry": {
        "type": "LineString",
        "coordinates": [
          [
            92.7915744,
            55.9914194
          ],
          [
            92.7895838,
            55.9903346
          ]
        ]
      },
      "type": "Feature",
      "properties": {
        "name": null,
        "type": "path",
        "slope": 45.74561281932753,
        "sun_diff": 0.7561642101515247,
        "length": 172.90544717720067
      }
    },
    {
      "geometry": {
        "type": "LineString",
        "coordinates": [
          [
            92.7966946,
            56.0861213
          ],
          [
            92.7979461,
            56.0868237
          ]
        ]
      },
      "type": "Feature",
      "properties": {
        "name": null,
        "type": "service",
        "slope": 44.83052006875289,
        "sun_diff": 1.5321123469546478,
        "length": 110.16456190155631
      }
    },
    {
      "geometry": {
        "type": "LineString",
        "coordinates": [
          [
            92.7979461,
            56.0868237
          ],
          [
            92.7996198,
            56.0877306
          ]
        ]
      },
      "type": "Feature",
      "properties": {
        "name": null,
        "type": "service",
        "slope": 45.837121737275936,
        "sun_diff": 0.5255106784316013,
        "length": 144.7895484660746
      }
    },
    {
      "geometry": {
        "type": "LineString",
        "coordinates": [
          [
            92.7940635,
            56.0890018
          ],
          [
            92.7979461,
            56.0868237
          ]
        ]
      },
      "type": "Feature",
      "properties": {
        "name": null,
        "type": "service",
        "slope": 135.1563872987378,
        "sun_diff": 1.5199249418814702,
        "length": 341.6849322511887
      }
    },
    {
      "geometry": {
        "type": "LineString",
        "coordinates": [
          [
            92.7928124,
            56.0883202
          ],
          [
            92.7966946,
            56.0861213
          ]
        ]
      },
      "type": "Feature",
      "properties": {
        "name": null,
        "type": "service",
        "slope": 135.43107908393787,
        "sun_diff": 1.7946167270815465,
        "length": 343.3148565581827
      }
    },
    {
      "geometry": {
        "type": "LineString",
        "coordinates": [
          [
            92.9519515,
            56.0689532
          ],
          [
            92.9503213,
            56.0681509
          ]
        ]
      },
      "type": "Feature",
      "properties": {
        "name": null,
        "type": "service",
        "slope": 48.59866826761581,
        "sun_diff": 2.2360358519082695,
        "length": 134.93908808932008
      }
    },
    {
      "geometry": {
        "type": "LineString",
        "coordinates": [
          [
            93.0688475,
            56.0365863
          ],
          [
            93.0700859,
            56.0371843
          ]
        ]
      },
      "type": "Feature",
      "properties": {
        "name": null,
        "type": "service",
        "slope": 49.16104033941832,
        "sun_diff": 2.659263309939263,
        "length": 101.71609700532991
      }
    },
    {
      "geometry": {
        "type": "LineString",
        "coordinates": [
          [
            92.9324439,
            56.0378616
          ],
          [
            92.934745,
            56.039061
          ]
        ]
      },
      "type": "Feature",
      "properties": {
        "name": "\u0443\u043b\u0438\u0446\u0430 \u041f\u0430\u0440\u0442\u0438\u0437\u0430\u043d\u0430 \u0416\u0435\u043b\u0435\u0437\u043d\u044f\u043a\u0430",
        "type": "primary",
        "slope": 46.98352840147098,
        "sun_diff": 0.4817513719919191,
        "length": 195.55627620145228
      }
    },
    {
      "geometry": {
        "type": "LineString",
        "coordinates": [
          [
            92.7910552,
            56.0205389
          ],
          [
            92.7891798,
            56.0216327
          ]
        ]
      },
      "type": "Feature",
      "properties": {
        "name": "\u0412\u044b\u0441\u043e\u0442\u043d\u0430\u044f \u0443\u043b\u0438\u0446\u0430",
        "type": "primary",
        "slope": 136.22165306724946,
        "sun_diff": 2.7243353241646275,
        "length": 168.50464199564567
      }
    },
    {
      "geometry": {
        "type": "LineString",
        "coordinates": [
          [
            92.8898481,
            55.9951603
          ],
          [
            92.8880063,
            55.9942798
          ]
        ]
      },
      "type": "Feature",
      "properties": {
        "name": null,
        "type": "path",
        "slope": 49.47640916264885,
        "sun_diff": 2.9746321331697914,
        "length": 150.7280544865532
      }
    },
    {
      "geometry": {
        "type": "LineString",
        "coordinates": [
          [
            93.0617556,
            55.9687856
          ],
          [
            93.0636563,
            55.967716
          ]
        ]
      },
      "type": "Feature",
      "properties": {
        "name": "\u0417\u0430\u043f\u043e\u0432\u0435\u0434\u043d\u0430\u044f \u0443\u043b\u0438\u0446\u0430",
        "type": "residential",
        "slope": 135.157231049882,
        "sun_diff": 1.659913306797165,
        "length": 167.79003596759114
      }
    },
    {
      "geometry": {
        "type": "LineString",
        "coordinates": [
          [
            93.1030564,
            56.1301289
          ],
          [
            93.1053527,
            56.1313937
          ]
        ]
      },
      "type": "Feature",
      "properties": {
        "name": null,
        "type": "service",
        "slope": 45.33563189159014,
        "sun_diff": 1.0270005241173976,
        "length": 200.133946985925
      }
    },
    {
      "geometry": {
        "type": "LineString",
        "coordinates": [
          [
            92.9760341,
            56.0829949
          ],
          [
            92.9748732,
            56.0823352
          ]
        ]
      },
      "type": "Feature",
      "properties": {
        "name": null,
        "type": "service",
        "slope": 44.47780950299236,
        "sun_diff": 1.8848229127151797,
        "length": 102.83919404116202
      }
    },
    {
      "geometry": {
        "type": "LineString",
        "coordinates": [
          [
            92.9735693,
            56.0829242
          ],
          [
            92.9747596,
            56.083584
          ]
        ]
      },
      "type": "Feature",
      "properties": {
        "name": null,
        "type": "service",
        "slope": 45.18898664566544,
        "sun_diff": 1.1736457700421,
        "length": 104.132835976242
      }
    },
    {
      "geometry": {
        "type": "LineString",
        "coordinates": [
          [
            92.9644139,
            56.0732788
          ],
          [
            92.9673591,
            56.0747541
          ]
        ]
      },
      "type": "Feature",
      "properties": {
        "name": null,
        "type": "service",
        "slope": 48.091323126367826,
        "sun_diff": 1.7286907106602882,
        "length": 245.67748412373845
      }
    },
    {
      "geometry": {
        "type": "LineString",
        "coordinates": [
          [
            92.9826453,
            56.0673277
          ],
          [
            92.9841476,
            56.0681094
          ]
        ]
      },
      "type": "Feature",
      "properties": {
        "name": null,
        "type": "service",
        "slope": 47.011035315076754,
        "sun_diff": 0.6484028993692164,
        "length": 127.51760307430709
      }
    },
    {
      "geometry": {
        "type": "LineString",
        "coordinates": [
          [
            93.0654997,
            56.1050924
          ],
          [
            93.0670366,
            56.1058464
          ]
        ]
      },
      "type": "Feature",
      "properties": {
        "name": null,
        "type": "service",
        "slope": 48.66051590152745,
        "sun_diff": 2.2978834858199093,
        "length": 126.97246913452072
      }
    },
    {
      "geometry": {
        "type": "LineString",
        "coordinates": [
          [
            93.1292621,
            56.0725583
          ],
          [
            93.1254782,
            56.0705896
          ]
        ]
      },
      "type": "Feature",
      "properties": {
        "name": null,
        "type": "service",
        "slope": 47.012062438560406,
        "sun_diff": 0.6494300228528687,
        "length": 321.1512607739813
      }
    },
    {
      "geometry": {
        "type": "LineString",
        "coordinates": [
          [
            93.1286784,
            56.0684702
          ],
          [
            93.1267878,
            56.067509
          ]
        ]
      },
      "type": "Feature",
      "properties": {
        "name": null,
        "type": "service",
        "slope": 47.673462013914644,
        "sun_diff": 1.310829598207107,
        "length": 158.777144183519
      }
    },
    {
      "geometry": {
        "type": "LineString",
        "coordinates": [
          [
            93.1260677,
            56.0700452
          ],
          [
            93.1300609,
            56.0720918
          ]
        ]
      },
      "type": "Feature",
      "properties": {
        "name": null,
        "type": "service",
        "slope": 47.440258988594564,
        "sun_diff": 1.0776265728870271,
        "length": 336.5762801147312
      }
    },
    {
      "geometry": {
        "type": "LineString",
        "coordinates": [
          [
            93.0661112,
            56.1018233
          ],
          [
            93.0676008,
            56.1009615
          ]
        ]
      },
      "type": "Feature",
      "properties": {
        "name": null,
        "type": "service",
        "slope": 136.04938116650007,
        "sun_diff": 2.4129188096437417,
        "length": 133.1466352883693
      }
    },
    {
      "geometry": {
        "type": "LineString",
        "coordinates": [
          [
            93.0715812,
            56.1092027
          ],
          [
            93.0729263,
            56.1098791
          ]
        ]
      },
      "type": "Feature",
      "properties": {
        "name": null,
        "type": "service",
        "slope": 47.954909026538246,
        "sun_diff": 1.5922766108307087,
        "length": 112.34061716752014
      }
    },
    {
      "geometry": {
        "type": "LineString",
        "coordinates": [
          [
            92.9032651,
            56.0522292
          ],
          [
            92.9018833,
            56.0515333
          ]
        ]
      },
      "type": "Feature",
      "properties": {
        "name": null,
        "type": "service",
        "slope": 47.955239877542624,
        "sun_diff": 1.5926074618350867,
        "length": 115.5789004712138
      }
    },
    {
      "geometry": {
        "type": "LineString",
        "coordinates": [
          [
            92.9018833,
            56.0515333
          ],
          [
            92.9001125,
            56.0506246
          ]
        ]
      },
      "type": "Feature",
      "properties": {
        "name": null,
        "type": "service",
        "slope": 47.42071777530495,
        "sun_diff": 1.0580853595974133,
        "length": 149.38286478778804
      }
    },
    {
      "geometry": {
        "type": "LineString",
        "coordinates": [
          [
            92.995167,
            56.0776566
          ],
          [
            92.9938108,
            56.0783426
          ]
        ]
      },
      "type": "Feature",
      "properties": {
        "name": null,
        "type": "service",
        "slope": 132.18919539728512,
        "sun_diff": 1.447266959571209,
        "length": 113.61853918417539
      }
    },
    {
      "geometry": {
        "type": "LineString",
        "coordinates": [
          [
            92.9848407,
            56.0830789
          ],
          [
            92.9859857,
            56.0824306
          ]
        ]
      },
      "type": "Feature",
      "properties": {
        "name": null,
        "type": "service",
        "slope": 135.41797701733287,
        "sun_diff": 1.781514660476546,
        "length": 101.24306747891114
      }
    },
    {
      "geometry": {
        "type": "LineString",
        "coordinates": [
          [
            92.8205,
            56.1000211
          ],
          [
            92.8217609,
            56.1007518
          ]
        ]
      },
      "type": "Feature",
      "properties": {
        "name": "\u0422\u0435\u043d\u0438\u0441\u0442\u0430\u044f \u0443\u043b\u0438\u0446\u0430",
        "type": "residential",
        "slope": 43.90320598212429,
        "sun_diff": 2.4594264335832463,
        "length": 112.80308294595444
      }
    },
    {
      "geometry": {
        "type": "LineString",
        "coordinates": [
          [
            93.0331272,
            55.9949557
          ],
          [
            93.0343304,
            55.9955649
          ]
        ]
      },
      "type": "Feature",
      "properties": {
        "name": "\u0443\u043b\u0438\u0446\u0430 \u0428\u0435\u0432\u0447\u0435\u043d\u043a\u043e",
        "type": "residential",
        "slope": 47.84427108104745,
        "sun_diff": 1.3424940515683943,
        "length": 100.96358655296868
      }
    },
    {
      "geometry": {
        "type": "LineString",
        "coordinates": [
          [
            92.924037,
            56.0628545
          ],
          [
            92.9254332,
            56.0635451
          ]
        ]
      },
      "type": "Feature",
      "properties": {
        "name": null,
        "type": "service",
        "slope": 48.459154003738576,
        "sun_diff": 2.096521588031038,
        "length": 115.83392465411343
      }
    },
    {
      "geometry": {
        "type": "LineString",
        "coordinates": [
          [
            92.9081928,
            56.0442077
          ],
          [
            92.9095815,
            56.0448905
          ]
        ]
      },
      "type": "Feature",
      "properties": {
        "name": null,
        "type": "service",
        "slope": 48.6426933603058,
        "sun_diff": 2.140916330826741,
        "length": 114.94179846560513
      }
    },
    {
      "geometry": {
        "type": "LineString",
        "coordinates": [
          [
            93.0999004,
            55.9367916
          ],
          [
            93.0983725,
            55.9376607
          ]
        ]
      },
      "type": "Feature",
      "properties": {
        "name": "\u0417\u043e\u043b\u043e\u0442\u0438\u0441\u0442\u0430\u044f \u0443\u043b\u0438\u0446\u0430",
        "type": "service",
        "slope": 135.4428293355204,
        "sun_diff": 2.0834540929131435,
        "length": 135.6680721656258
      }
    },
    {
      "geometry": {
        "type": "LineString",
        "coordinates": [
          [
            93.1445256,
            55.9221567
          ],
          [
            93.1459581,
            55.9228908
          ]
        ]
      },
      "type": "Feature",
      "properties": {
        "name": null,
        "type": "service",
        "slope": 47.553800664860034,
        "sun_diff": 0.9140811349033982,
        "length": 120.98759979787881
      }
    },
    {
      "geometry": {
        "type": "LineString",
        "coordinates": [
          [
            92.821814,
            55.9980313
          ],
          [
            92.8232738,
            55.9987724
          ]
        ]
      },
      "type": "Feature",
      "properties": {
        "name": null,
        "type": "service",
        "slope": 47.7656623391056,
        "sun_diff": 1.263885309626545,
        "length": 122.6379411921785
      }
    },
    {
      "geometry": {
        "type": "LineString",
        "coordinates": [
          [
            92.9762937,
            56.0516071
          ],
          [
            92.9747371,
            56.0524757
          ]
        ]
      },
      "type": "Feature",
      "properties": {
        "name": null,
        "type": "service",
        "slope": 134.97832630958874,
        "sun_diff": 1.3418639527324103,
        "length": 136.68564350097603
      }
    },
    {
      "geometry": {
        "type": "LineString",
        "coordinates": [
          [
            92.9531636,
            56.0693092
          ],
          [
            92.9547944,
            56.070153
          ]
        ]
      },
      "type": "Feature",
      "properties": {
        "name": null,
        "type": "service",
        "slope": 47.17034892435677,
        "sun_diff": 0.8077165086492357,
        "length": 138.06030730222793
      }
    },
    {
      "geometry": {
        "type": "LineString",
        "coordinates": [
          [
            92.9439012,
            56.0591567
          ],
          [
            92.9451084,
            56.059755
          ]
        ]
      },
      "type": "Feature",
      "properties": {
        "name": null,
        "type": "service",
        "slope": 48.40557261925949,
        "sun_diff": 2.04294020355195,
        "length": 100.24666611198056
      }
    },
    {
      "geometry": {
        "type": "LineString",
        "coordinates": [
          [
            92.9437233,
            56.0556702
          ],
          [
            92.9451498,
            56.0564276
          ]
        ]
      },
      "type": "Feature",
      "properties": {
        "name": null,
        "type": "service",
        "slope": 46.44224787400651,
        "sun_diff": 0.07961545829897432,
        "length": 122.25757920743945
      }
    },
    {
      "geometry": {
        "type": "LineString",
        "coordinates": [
          [
            92.8008356,
            56.0257935
          ],
          [
            92.8023511,
            56.0249185
          ]
        ]
      },
      "type": "Feature",
      "properties": {
        "name": null,
        "type": "service",
        "slope": 135.9345876494892,
        "sun_diff": 2.4372699064043672,
        "length": 135.44788284385146
      }
    },
    {
      "geometry": {
        "type": "LineString",
        "coordinates": [
          [
            92.8798306,
            55.9893342
          ],
          [
            92.8810271,
            55.9899647
          ]
        ]
      },
      "type": "Feature",
      "properties": {
        "name": null,
        "type": "service",
        "slope": 46.707593738234095,
        "sun_diff": 0.20581670875503733,
        "length": 102.27282186990531
      }
    },
    {
      "geometry": {
        "type": "LineString",
        "coordinates": [
          [
            93.0512054,
            56.0304723
          ],
          [
            93.0527547,
            56.0312705
          ]
        ]
      },
      "type": "Feature",
      "properties": {
        "name": null,
        "type": "service",
        "slope": 47.32162654072914,
        "sun_diff": 0.8198495112500837,
        "length": 130.97282352399876
      }
    },
    {
      "geometry": {
        "type": "LineString",
        "coordinates": [
          [
            92.9009518,
            56.0456351
          ],
          [
            92.8986116,
            56.0444968
          ]
        ]
      },
      "type": "Feature",
      "properties": {
        "name": "\u0443\u043b\u0438\u0446\u0430 \u0410\u043b\u0435\u043a\u0441\u0435\u0435\u0432\u0430",
        "type": "tertiary",
        "slope": 48.94907413799078,
        "sun_diff": 2.4472971085117194,
        "length": 192.79146548728605
      }
    },
    {
      "geometry": {
        "type": "LineString",
        "coordinates": [
          [
            93.0190464,
            56.0100723
          ],
          [
            93.0178176,
            56.0094073
          ]
        ]
      },
      "type": "Feature",
      "properties": {
        "name": null,
        "type": "service",
        "slope": 45.930952132217186,
        "sun_diff": 0.5708248972618719,
        "length": 106.3477759876012
      }
    },
    {
      "geometry": {
        "type": "LineString",
        "coordinates": [
          [
            92.9064035,
            55.9758974
          ],
          [
            92.9051695,
            55.9766237
          ]
        ]
      },
      "type": "Feature",
      "properties": {
        "name": null,
        "type": "service",
        "slope": 136.44905424508033,
        "sun_diff": 2.951736501995498,
        "length": 111.46636520139967
      }
    },
    {
      "geometry": {
        "type": "LineString",
        "coordinates": [
          [
            92.9526902,
            56.0749967
          ],
          [
            92.9539104,
            56.0743024
          ]
        ]
      },
      "type": "Feature",
      "properties": {
        "name": null,
        "type": "service",
        "slope": 135.5534477627834,
        "sun_diff": 1.916985405927079,
        "length": 108.17495749868311
      }
    },
    {
      "geometry": {
        "type": "LineString",
        "coordinates": [
          [
            93.1045505,
            56.1079386
          ],
          [
            93.1026645,
            56.1090266
          ]
        ]
      },
      "type": "Feature",
      "properties": {
        "name": null,
        "type": "service",
        "slope": 135.97300085986151,
        "sun_diff": 2.336538503005187,
        "length": 168.31265771757282
      }
    },
    {
      "geometry": {
        "type": "LineString",
        "coordinates": [
          [
            92.8689043,
            56.0486808
          ],
          [
            92.8670903,
            56.0496086
          ]
        ]
      },
      "type": "Feature",
      "properties": {
        "name": null,
        "type": "service",
        "slope": 132.4842933461864,
        "sun_diff": 1.0130243968984303,
        "length": 152.80061755155415
      }
    },
    {
      "geometry": {
        "type": "LineString",
        "coordinates": [
          [
            92.9627277,
            56.0743411
          ],
          [
            92.964543,
            56.0752653
          ]
        ]
      },
      "type": "Feature",
      "properties": {
        "name": null,
        "type": "service",
        "slope": 47.62808592374415,
        "sun_diff": 1.2654535080366145,
        "length": 152.5346997851448
      }
    },
    {
      "geometry": {
        "type": "LineString",
        "coordinates": [
          [
            93.066412,
            56.1019724
          ],
          [
            93.0678601,
            56.1027368
          ]
        ]
      },
      "type": "Feature",
      "properties": {
        "name": null,
        "type": "service",
        "slope": 46.57461465929828,
        "sun_diff": 0.21198224359073947,
        "length": 123.68835074124326
      }
    },
    {
      "geometry": {
        "type": "LineString",
        "coordinates": [
          [
            93.071089,
            56.1048315
          ],
          [
            93.0744853,
            56.102829
          ]
        ]
      },
      "type": "Feature",
      "properties": {
        "name": null,
        "type": "service",
        "slope": 136.5930464837603,
        "sun_diff": 2.9565841269039765,
        "length": 306.5900606780715
      }
    },
    {
      "geometry": {
        "type": "LineString",
        "coordinates": [
          [
            93.0180673,
            56.0662783
          ],
          [
            93.0211811,
            56.0681042
          ]
        ]
      },
      "type": "Feature",
      "properties": {
        "name": null,
        "type": "service",
        "slope": 43.58953423110029,
        "sun_diff": 2.7730981846072496,
        "length": 280.40515163130925
      }
    },
    {
      "geometry": {
        "type": "LineString",
        "coordinates": [
          [
            92.8991475,
            56.0607948
          ],
          [
            92.900605,
            56.0615698
          ]
        ]
      },
      "type": "Feature",
      "properties": {
        "name": null,
        "type": "service",
        "slope": 46.39629239376711,
        "sun_diff": 0.03365997805957477,
        "length": 124.99314828570249
      }
    },
    {
      "geometry": {
        "type": "LineString",
        "coordinates": [
          [
            92.8953058,
            56.0490586
          ],
          [
            92.8971464,
            56.0499836
          ]
        ]
      },
      "type": "Feature",
      "properties": {
        "name": "\u0443\u043b\u0438\u0446\u0430 9 \u041c\u0430\u044f",
        "type": "primary",
        "slope": 48.01669854321557,
        "sun_diff": 1.5149215137365104,
        "length": 153.8139111151524
      }
    },
    {
      "geometry": {
        "type": "LineString",
        "coordinates": [
          [
            92.9274476,
            56.0353905
          ],
          [
            92.9305281,
            56.0369315
          ]
        ]
      },
      "type": "Feature",
      "properties": {
        "name": "\u0443\u043b\u0438\u0446\u0430 \u041f\u0430\u0440\u0442\u0438\u0437\u0430\u043d\u0430 \u0416\u0435\u043b\u0435\u0437\u043d\u044f\u043a\u0430",
        "type": "primary",
        "slope": 48.15755477193562,
        "sun_diff": 1.6557777424565643,
        "length": 256.9495487966289
      }
    },
    {
      "geometry": {
        "type": "LineString",
        "coordinates": [
          [
            92.9148586,
            56.0464534
          ],
          [
            92.9127463,
            56.0454251
          ]
        ]
      },
      "type": "Feature",
      "properties": {
        "name": "\u0443\u043b\u0438\u0446\u0430 \u041c\u043e\u043b\u043e\u043a\u043e\u0432\u0430",
        "type": "secondary",
        "slope": 48.924837018858256,
        "sun_diff": 2.4230599893791975,
        "length": 174.07659735662895
      }
    },
    {
      "geometry": {
        "type": "LineString",
        "coordinates": [
          [
            92.9127463,
            56.0454251
          ],
          [
            92.9110167,
            56.0445311
          ]
        ]
      },
      "type": "Feature",
      "properties": {
        "name": "\u0443\u043b\u0438\u0446\u0430 \u041c\u043e\u043b\u043e\u043a\u043e\u0432\u0430",
        "type": "secondary",
        "slope": 47.21872513082482,
        "sun_diff": 0.7169481013457641,
        "length": 146.4055278303402
      }
    },
    {
      "geometry": {
        "type": "LineString",
        "coordinates": [
          [
            92.9202046,
            56.0489827
          ],
          [
            92.9215088,
            56.0496419
          ]
        ]
      },
      "type": "Feature",
      "properties": {
        "name": "\u0443\u043b\u0438\u0446\u0430 \u041c\u043e\u043b\u043e\u043a\u043e\u0432\u0430",
        "type": "tertiary",
        "slope": 47.853516523504965,
        "sun_diff": 1.3517394940259067,
        "length": 109.26967519802534
      }
    },
    {
      "geometry": {
        "type": "LineString",
        "coordinates": [
          [
            92.911127,
            56.0570538
          ],
          [
            92.9131706,
            56.0580769
          ]
        ]
      },
      "type": "Feature",
      "properties": {
        "name": "\u0443\u043b\u0438\u0446\u0430 9 \u041c\u0430\u044f",
        "type": "primary",
        "slope": 48.11960264863083,
        "sun_diff": 1.756970232923294,
        "length": 170.467124903584
      }
    },
    {
      "geometry": {
        "type": "LineString",
        "coordinates": [
          [
            92.9237408,
            56.0354119
          ],
          [
            92.9250016,
            56.0360696
          ]
        ]
      },
      "type": "Feature",
      "properties": {
        "name": null,
        "type": "service",
        "slope": 46.96250768369242,
        "sun_diff": 0.46073065421336423,
        "length": 107.19220908143278
      }
    },
    {
      "geometry": {
        "type": "LineString",
        "coordinates": [
          [
            93.0342116,
            55.9904619
          ],
          [
            93.0354269,
            55.9898649
          ]
        ]
      },
      "type": "Feature",
      "properties": {
        "name": null,
        "type": "service",
        "slope": 131.29103388425085,
        "sun_diff": 2.2062838588339844,
        "length": 100.62967330897547
      }
    },
    {
      "geometry": {
        "type": "LineString",
        "coordinates": [
          [
            93.0384185,
            55.9893177
          ],
          [
            93.0395627,
            55.9899648
          ]
        ]
      },
      "type": "Feature",
      "properties": {
        "name": null,
        "type": "service",
        "slope": 44.683704462281526,
        "sun_diff": 1.8180725671975324,
        "length": 101.23371834267753
      }
    },
    {
      "geometry": {
        "type": "LineString",
        "coordinates": [
          [
            93.0395627,
            55.9899648
          ],
          [
            93.0407096,
            55.9906198
          ]
        ]
      },
      "type": "Feature",
      "properties": {
        "name": null,
        "type": "service",
        "slope": 44.403152660384706,
        "sun_diff": 2.0986243690943525,
        "length": 101.97698396418596
      }
    },
    {
      "geometry": {
        "type": "LineString",
        "coordinates": [
          [
            93.0354334,
            55.9885365
          ],
          [
            93.036762,
            55.989225
          ]
        ]
      },
      "type": "Feature",
      "properties": {
        "name": null,
        "type": "service",
        "slope": 47.186106800120115,
        "sun_diff": 0.6843297706410567,
        "length": 112.68384860366969
      }
    },
    {
      "geometry": {
        "type": "LineString",
        "coordinates": [
          [
            93.0387631,
            55.9903629
          ],
          [
            93.0399199,
            55.9910066
          ]
        ]
      },
      "type": "Feature",
      "properties": {
        "name": null,
        "type": "service",
        "slope": 45.14759223430826,
        "sun_diff": 1.354184795170795,
        "length": 101.51804055485594
      }
    },
    {
      "geometry": {
        "type": "LineString",
        "coordinates": [
          [
            93.0348508,
            55.9888007
          ],
          [
            93.0361861,
            55.9895245
          ]
        ]
      },
      "type": "Feature",
      "properties": {
        "name": null,
        "type": "service",
        "slope": 45.8995786675888,
        "sun_diff": 0.6021983618902595,
        "length": 115.68680932112075
      }
    },
    {
      "geometry": {
        "type": "LineString",
        "coordinates": [
          [
            93.0382285,
            55.9906583
          ],
          [
            93.0394392,
            55.9912971
          ]
        ]
      },
      "type": "Feature",
      "properties": {
        "name": null,
        "type": "service",
        "slope": 46.66999724203396,
        "sun_diff": 0.16822021255489972,
        "length": 103.54706337926704
      }
    },
    {
      "geometry": {
        "type": "LineString",
        "coordinates": [
          [
            92.7375601,
            56.1005487
          ],
          [
            92.7394601,
            56.0995781
          ]
        ]
      },
      "type": "Feature",
      "properties": {
        "name": null,
        "type": "service",
        "slope": 132.4864433072001,
        "sun_diff": 1.1500190496562368,
        "length": 159.84071638838356
      }
    },
    {
      "geometry": {
        "type": "LineString",
        "coordinates": [
          [
            92.7388097,
            56.0992425
          ],
          [
            92.7369268,
            56.1002007
          ]
        ]
      },
      "type": "Feature",
      "properties": {
        "name": null,
        "type": "service",
        "slope": 132.3779899505974,
        "sun_diff": 1.2584724062589316,
        "length": 158.12789167180551
      }
    },
    {
      "geometry": {
        "type": "LineString",
        "coordinates": [
          [
            92.7761424,
            56.0800077
          ],
          [
            92.7748586,
            56.0806967
          ]
        ]
      },
      "type": "Feature",
      "properties": {
        "name": null,
        "type": "service",
        "slope": 133.88340445402991,
        "sun_diff": 0.24694209717358717,
        "length": 110.55752249787382
      }
    },
    {
      "geometry": {
        "type": "LineString",
        "coordinates": [
          [
            93.0797183,
            56.0506576
          ],
          [
            93.0775752,
            56.0495579
          ]
        ]
      },
      "type": "Feature",
      "properties": {
        "name": null,
        "type": "service",
        "slope": 47.42277086151094,
        "sun_diff": 1.0601384458034033,
        "length": 180.78851369573837
      }
    },
    {
      "geometry": {
        "type": "LineString",
        "coordinates": [
          [
            93.0775752,
            56.0495579
          ],
          [
            93.0751796,
            56.0483629
          ]
        ]
      },
      "type": "Feature",
      "properties": {
        "name": null,
        "type": "service",
        "slope": 48.229609690887884,
        "sun_diff": 1.7278326614088257,
        "length": 199.53325575372148
      }
    },
    {
      "geometry": {
        "type": "LineString",
        "coordinates": [
          [
            93.0751796,
            56.0483629
          ],
          [
            93.0739988,
            56.0477061
          ]
        ]
      },
      "type": "Feature",
      "properties": {
        "name": null,
        "type": "service",
        "slope": 45.11664199715622,
        "sun_diff": 1.385135032322836,
        "length": 103.52697045984019
      }
    },
    {
      "geometry": {
        "type": "LineString",
        "coordinates": [
          [
            93.0739988,
            56.0477061
          ],
          [
            93.0720256,
            56.0466844
          ]
        ]
      },
      "type": "Feature",
      "properties": {
        "name": null,
        "type": "service",
        "slope": 47.16711565776461,
        "sun_diff": 0.6653386282855536,
        "length": 167.15548099520345
      }
    },
    {
      "geometry": {
        "type": "LineString",
        "coordinates": [
          [
            93.0720256,
            56.0466844
          ],
          [
            93.067598,
            56.0444173
          ]
        ]
      },
      "type": "Feature",
      "properties": {
        "name": null,
        "type": "service",
        "slope": 47.487662279847484,
        "sun_diff": 0.9858852503684261,
        "length": 373.1639215334139
      }
    },
    {
      "geometry": {
        "type": "LineString",
        "coordinates": [
          [
            93.067598,
            56.0444173
          ],
          [
            93.0660109,
            56.0435652
          ]
        ]
      },
      "type": "Feature",
      "properties": {
        "name": null,
        "type": "service",
        "slope": 46.133325945859355,
        "sun_diff": 0.36845108361970347,
        "length": 136.76879667433033
      }
    },
    {
      "geometry": {
        "type": "LineString",
        "coordinates": [
          [
            93.0651209,
            56.043096
          ],
          [
            93.0636404,
            56.0423345
          ]
        ]
      },
      "type": "Feature",
      "properties": {
        "name": null,
        "type": "service",
        "slope": 47.36042877302782,
        "sun_diff": 0.8586517435487622,
        "length": 125.04139697126595
      }
    },
    {
      "geometry": {
        "type": "LineString",
        "coordinates": [
          [
            93.061931,
            56.0414378
          ],
          [
            93.0603117,
            56.0406165
          ]
        ]
      },
      "type": "Feature",
      "properties": {
        "name": null,
        "type": "service",
        "slope": 47.761615874963695,
        "sun_diff": 1.2598388454846372,
        "length": 135.89743561938587
      }
    },
    {
      "geometry": {
        "type": "LineString",
        "coordinates": [
          [
            93.0615414,
            56.0347253
          ],
          [
            93.0638938,
            56.0359237
          ]
        ]
      },
      "type": "Feature",
      "properties": {
        "name": null,
        "type": "service",
        "slope": 47.63924982192006,
        "sun_diff": 1.1374727924410024,
        "length": 197.83271357563376
      }
    },
    {
      "geometry": {
        "type": "LineString",
        "coordinates": [
          [
            93.0638938,
            56.0359237
          ],
          [
            93.0655018,
            56.03671
          ]
        ]
      },
      "type": "Feature",
      "properties": {
        "name": null,
        "type": "service",
        "slope": 48.80457189250737,
        "sun_diff": 2.3027948630283106,
        "length": 132.79170313180433
      }
    },
    {
      "geometry": {
        "type": "LineString",
        "coordinates": [
          [
            93.0635583,
            56.0378513
          ],
          [
            93.0655018,
            56.03671
          ]
        ]
      },
      "type": "Feature",
      "properties": {
        "name": null,
        "type": "service",
        "slope": 136.42861692409815,
        "sun_diff": 2.9312991810133155,
        "length": 175.21446100838563
      }
    },
    {
      "geometry": {
        "type": "LineString",
        "coordinates": [
          [
            93.0526569,
            56.0335147
          ],
          [
            93.054015,
            56.0341942
          ]
        ]
      },
      "type": "Feature",
      "properties": {
        "name": null,
        "type": "service",
        "slope": 48.154572626402285,
        "sun_diff": 1.6527955969232266,
        "length": 113.2939577881291
      }
    },
    {
      "geometry": {
        "type": "LineString",
        "coordinates": [
          [
            93.0596919,
            56.0358785
          ],
          [
            93.0619162,
            56.0370344
          ]
        ]
      },
      "type": "Feature",
      "properties": {
        "name": null,
        "type": "service",
        "slope": 47.070676493437134,
        "sun_diff": 0.5688994639580756,
        "length": 188.77170785338475
      }
    },
    {
      "geometry": {
        "type": "LineString",
        "coordinates": [
          [
            93.0622595,
            56.0367713
          ],
          [
            93.0638938,
            56.0359237
          ]
        ]
      },
      "type": "Feature",
      "properties": {
        "name": null,
        "type": "service",
        "slope": 132.87141550185007,
        "sun_diff": 0.625902241234769,
        "length": 138.57148957015272
      }
    },
    {
      "geometry": {
        "type": "LineString",
        "coordinates": [
          [
            93.0610857,
            56.0401673
          ],
          [
            93.0624029,
            56.0408183
          ]
        ]
      },
      "type": "Feature",
      "properties": {
        "name": null,
        "type": "service",
        "slope": 48.498805840075676,
        "sun_diff": 1.9970288105966176,
        "length": 109.2771920603925
      }
    },
    {
      "geometry": {
        "type": "LineString",
        "coordinates": [
          [
            93.0522562,
            56.0359784
          ],
          [
            93.057813,
            56.0389487
          ]
        ]
      },
      "type": "Feature",
      "properties": {
        "name": null,
        "type": "service",
        "slope": 46.26267949750047,
        "sun_diff": 0.23909753197858663,
        "length": 477.8926610931108
      }
    },
    {
      "geometry": {
        "type": "LineString",
        "coordinates": [
          [
            93.057813,
            56.0389487
          ],
          [
            93.0599364,
            56.0400423
          ]
        ]
      },
      "type": "Feature",
      "properties": {
        "name": null,
        "type": "service",
        "slope": 47.32496699783337,
        "sun_diff": 0.8231899683543134,
        "length": 179.4553166508523
      }
    },
    {
      "geometry": {
        "type": "LineString",
        "coordinates": [
          [
            93.0651051,
            56.0527139
          ],
          [
            93.0636205,
            56.0519574
          ]
        ]
      },
      "type": "Feature",
      "properties": {
        "name": null,
        "type": "service",
        "slope": 47.62024504866099,
        "sun_diff": 1.2576126329534532,
        "length": 124.83642155774369
      }
    },
    {
      "geometry": {
        "type": "LineString",
        "coordinates": [
          [
            93.063017,
            56.0519316
          ],
          [
            93.0616558,
            56.0512316
          ]
        ]
      },
      "type": "Feature",
      "properties": {
        "name": null,
        "type": "service",
        "slope": 47.35945830106337,
        "sun_diff": 0.9968258853558325,
        "length": 114.9407820114862
      }
    },
    {
      "geometry": {
        "type": "LineString",
        "coordinates": [
          [
            93.0815026,
            56.0497606
          ],
          [
            93.0803132,
            56.0490665
          ]
        ]
      },
      "type": "Feature",
      "properties": {
        "name": null,
        "type": "service",
        "slope": 43.74152039647001,
        "sun_diff": 2.7602566330090497,
        "length": 106.86214101076537
      }
    },
    {
      "geometry": {
        "type": "LineString",
        "coordinates": [
          [
            93.0781663,
            56.0456449
          ],
          [
            93.0807904,
            56.0470054
          ]
        ]
      },
      "type": "Feature",
      "properties": {
        "name": null,
        "type": "service",
        "slope": 47.12965516299798,
        "sun_diff": 0.6278781335189194,
        "length": 222.4318123867207
      }
    },
    {
      "geometry": {
        "type": "LineString",
        "coordinates": [
          [
            93.0807904,
            56.0470054
          ],
          [
            93.0826085,
            56.0479587
          ]
        ]
      },
      "type": "Feature",
      "properties": {
        "name": null,
        "type": "service",
        "slope": 46.806905761436724,
        "sun_diff": 0.3051287319576659,
        "length": 154.91951930047446
      }
    },
    {
      "geometry": {
        "type": "LineString",
        "coordinates": [
          [
            93.062681,
            56.0454969
          ],
          [
            93.0639344,
            56.0461093
          ]
        ]
      },
      "type": "Feature",
      "properties": {
        "name": null,
        "type": "service",
        "slope": 48.8209791515805,
        "sun_diff": 2.3192021221014443,
        "length": 103.45689019066079
      }
    },
    {
      "geometry": {
        "type": "LineString",
        "coordinates": [
          [
            93.0667913,
            56.043471
          ],
          [
            93.0679791,
            56.0428256
          ]
        ]
      },
      "type": "Feature",
      "properties": {
        "name": null,
        "type": "service",
        "slope": 134.20890181109166,
        "sun_diff": 0.7115840680068288,
        "length": 102.95403351578034
      }
    },
    {
      "geometry": {
        "type": "LineString",
        "coordinates": [
          [
            93.0658278,
            56.0454258
          ],
          [
            93.067598,
            56.0444173
          ]
        ]
      },
      "type": "Feature",
      "properties": {
        "name": null,
        "type": "service",
        "slope": 135.56669298842957,
        "sun_diff": 2.0693752453447303,
        "length": 157.0927540875762
      }
    },
    {
      "geometry": {
        "type": "LineString",
        "coordinates": [
          [
            93.0555348,
            56.0341914
          ],
          [
            93.0571614,
            56.0350322
          ]
        ]
      },
      "type": "Feature",
      "properties": {
        "name": null,
        "type": "service",
        "slope": 47.22443441677527,
        "sun_diff": 0.7226573872962092,
        "length": 137.7097490518262
      }
    },
    {
      "geometry": {
        "type": "LineString",
        "coordinates": [
          [
            93.0597565,
            56.0355694
          ],
          [
            93.0609258,
            56.0348837
          ]
        ]
      },
      "type": "Feature",
      "properties": {
        "name": null,
        "type": "service",
        "slope": 136.3872662340059,
        "sun_diff": 2.889948490921057,
        "length": 105.34256519492428
      }
    },
    {
      "geometry": {
        "type": "LineString",
        "coordinates": [
          [
            93.0484856,
            56.0343787
          ],
          [
            93.0499421,
            56.033616
          ]
        ]
      },
      "type": "Feature",
      "properties": {
        "name": null,
        "type": "service",
        "slope": 133.14503906271048,
        "sun_diff": 0.3522786803743543,
        "length": 124.05476961676675
      }
    },
    {
      "geometry": {
        "type": "LineString",
        "coordinates": [
          [
            93.0505755,
            56.033113
          ],
          [
            93.0532814,
            56.0315687
          ]
        ]
      },
      "type": "Feature",
      "properties": {
        "name": null,
        "type": "service",
        "slope": 135.60769882021484,
        "sun_diff": 2.1103810771300004,
        "length": 240.3842118965458
      }
    },
    {
      "geometry": {
        "type": "LineString",
        "coordinates": [
          [
            93.0548675,
            56.0320677
          ],
          [
            93.0585916,
            56.0340464
          ]
        ]
      },
      "type": "Feature",
      "properties": {
        "name": null,
        "type": "service",
        "slope": 46.43874600402614,
        "sun_diff": 0.06303102545291495,
        "length": 319.37883897432016
      }
    },
    {
      "geometry": {
        "type": "LineString",
        "coordinates": [
          [
            93.0628829,
            56.0393511
          ],
          [
            93.0645272,
            56.0402031
          ]
        ]
      },
      "type": "Feature",
      "properties": {
        "name": null,
        "type": "service",
        "slope": 47.15177005785927,
        "sun_diff": 0.6499930283802087,
        "length": 139.35323641129895
      }
    },
    {
      "geometry": {
        "type": "LineString",
        "coordinates": [
          [
            93.0492294,
            56.0324307
          ],
          [
            93.0505755,
            56.033113
          ]
        ]
      },
      "type": "Feature",
      "properties": {
        "name": null,
        "type": "service",
        "slope": 47.78531078170789,
        "sun_diff": 1.2835337522288341,
        "length": 112.95028749712614
      }
    },
    {
      "geometry": {
        "type": "LineString",
        "coordinates": [
          [
            93.0511074,
            56.0333956
          ],
          [
            93.0539826,
            56.0348912
          ]
        ]
      },
      "type": "Feature",
      "properties": {
        "name": null,
        "type": "service",
        "slope": 47.044597166619724,
        "sun_diff": 0.5428201371406658,
        "length": 244.12975014954856
      }
    },
    {
      "geometry": {
        "type": "LineString",
        "coordinates": [
          [
            93.0539826,
            56.0348912
          ],
          [
            93.0568197,
            56.0363957
          ]
        ]
      },
      "type": "Feature",
      "properties": {
        "name": null,
        "type": "service",
        "slope": 46.492412487891954,
        "sun_diff": 0.009364541587103759,
        "length": 243.07770651572113
      }
    },
    {
      "geometry": {
        "type": "LineString",
        "coordinates": [
          [
            93.0568197,
            56.0363957
          ],
          [
            93.0582051,
            56.0371274
          ]
        ]
      },
      "type": "Feature",
      "properties": {
        "name": null,
        "type": "service",
        "slope": 46.607775846855816,
        "sun_diff": 0.10599881737675787,
        "length": 118.46956568203967
      }
    },
    {
      "geometry": {
        "type": "LineString",
        "coordinates": [
          [
            93.0622347,
            56.0394886
          ],
          [
            93.0645123,
            56.0406767
          ]
        ]
      },
      "type": "Feature",
      "properties": {
        "name": null,
        "type": "service",
        "slope": 46.959497037816845,
        "sun_diff": 0.4577200083377875,
        "length": 193.62682820207695
      }
    },
    {
      "geometry": {
        "type": "LineString",
        "coordinates": [
          [
            93.0507415,
            56.0340968
          ],
          [
            93.0531881,
            56.0353475
          ]
        ]
      },
      "type": "Feature",
      "properties": {
        "name": null,
        "type": "service",
        "slope": 47.54116332044029,
        "sun_diff": 1.0393862909612324,
        "length": 206.07991548231377
      }
    },
    {
      "geometry": {
        "type": "LineString",
        "coordinates": [
          [
            93.0635583,
            56.0378513
          ],
          [
            93.0619162,
            56.0370344
          ]
        ]
      },
      "type": "Feature",
      "properties": {
        "name": null,
        "type": "service",
        "slope": 48.31557856667672,
        "sun_diff": 1.8138015371976621,
        "length": 136.6306488610696
      }
    },
    {
      "geometry": {
        "type": "LineString",
        "coordinates": [
          [
            93.0433138,
            56.0463949
          ],
          [
            93.0415384,
            56.0455402
          ]
        ]
      },
      "type": "Feature",
      "properties": {
        "name": null,
        "type": "service",
        "slope": 49.24122093775378,
        "sun_diff": 2.7394439082747226,
        "length": 145.61350124636817
      }
    },
    {
      "geometry": {
        "type": "LineString",
        "coordinates": [
          [
            93.0529134,
            56.061204
          ],
          [
            93.0541939,
            56.0605457
          ]
        ]
      },
      "type": "Feature",
      "properties": {
        "name": null,
        "type": "service",
        "slope": 132.63877075242826,
        "sun_diff": 0.9976916044280699,
        "length": 108.09725522134318
      }
    },
    {
      "geometry": {
        "type": "LineString",
        "coordinates": [
          [
            92.9809983,
            56.0814583
          ],
          [
            92.9793113,
            56.0804808
          ]
        ]
      },
      "type": "Feature",
      "properties": {
        "name": null,
        "type": "service",
        "slope": 43.92201569444833,
        "sun_diff": 2.440616721259204,
        "length": 150.94935403109787
      }
    },
    {
      "geometry": {
        "type": "LineString",
        "coordinates": [
          [
            92.9008784,
            56.0458827
          ],
          [
            92.9021976,
            56.0465396
          ]
        ]
      },
      "type": "Feature",
      "properties": {
        "name": null,
        "type": "service",
        "slope": 48.28109091026201,
        "sun_diff": 1.7793138807829507,
        "length": 109.79681319779614
      }
    },
    {
      "geometry": {
        "type": "LineString",
        "coordinates": [
          [
            92.9530915,
            56.0760361
          ],
          [
            92.9543073,
            56.076682
          ]
        ]
      },
      "type": "Feature",
      "properties": {
        "name": "\u041f\u043e\u043b\u0438\u0433\u043e\u043d\u043d\u0430\u044f \u0443\u043b\u0438\u0446\u0430",
        "type": "service",
        "slope": 46.41076903355196,
        "sun_diff": 0.04813661784442047,
        "length": 104.19926439033367
      }
    },
    {
      "geometry": {
        "type": "LineString",
        "coordinates": [
          [
            92.9370667,
            56.0701508
          ],
          [
            92.9388378,
            56.0710393
          ]
        ]
      },
      "type": "Feature",
      "properties": {
        "name": "\u0443\u043b\u0438\u0446\u0430 9 \u041c\u0430\u044f",
        "type": "primary",
        "slope": 48.05151681550177,
        "sun_diff": 1.688884399794233,
        "length": 147.84432818314312
      }
    },
    {
      "geometry": {
        "type": "LineString",
        "coordinates": [
          [
            93.0762261,
            55.9561333
          ],
          [
            93.0776117,
            55.9568735
          ]
        ]
      },
      "type": "Feature",
      "properties": {
        "name": "\u0421\u043e\u0441\u043d\u043e\u0432\u0430\u044f \u0443\u043b\u0438\u0446\u0430",
        "type": "residential",
        "slope": 46.34087186355643,
        "sun_diff": 0.16090516592262816,
        "length": 119.25945658847074
      }
    },
    {
      "geometry": {
        "type": "LineString",
        "coordinates": [
          [
            93.0776117,
            55.9568735
          ],
          [
            93.079102,
            55.9577249
          ]
        ]
      },
      "type": "Feature",
      "properties": {
        "name": "\u0421\u043e\u0441\u043d\u043e\u0432\u0430\u044f \u0443\u043b\u0438\u0446\u0430",
        "type": "residential",
        "slope": 44.4179983228704,
        "sun_diff": 2.083778706608655,
        "length": 132.5883249410501
      }
    },
    {
      "geometry": {
        "type": "LineString",
        "coordinates": [
          [
            92.9200906,
            56.0491027
          ],
          [
            92.9188905,
            56.0484842
          ]
        ]
      },
      "type": "Feature",
      "properties": {
        "name": "\u0443\u043b\u0438\u0446\u0430 \u041c\u043e\u043b\u043e\u043a\u043e\u0432\u0430",
        "type": "tertiary",
        "slope": 47.29928493718538,
        "sun_diff": 0.7975079077063185,
        "length": 101.44281152136345
      }
    },
    {
      "geometry": {
        "type": "LineString",
        "coordinates": [
          [
            93.155075,
            55.95467
          ],
          [
            93.1516428,
            55.9526602
          ]
        ]
      },
      "type": "Feature",
      "properties": {
        "name": null,
        "type": "service",
        "slope": 43.71498070228836,
        "sun_diff": 2.7867963271907,
        "length": 309.2849042217309
      }
    },
    {
      "geometry": {
        "type": "LineString",
        "coordinates": [
          [
            92.9114684,
            56.0488567
          ],
          [
            92.9101361,
            56.0481929
          ]
        ]
      },
      "type": "Feature",
      "properties": {
        "name": null,
        "type": "service",
        "slope": 48.2637103400433,
        "sun_diff": 1.7619333105642454,
        "length": 110.91131628482188
      }
    },
    {
      "geometry": {
        "type": "LineString",
        "coordinates": [
          [
            92.7854256,
            56.0423388
          ],
          [
            92.7832909,
            56.043429
          ]
        ]
      },
      "type": "Feature",
      "properties": {
        "name": null,
        "type": "service",
        "slope": 132.43716142742497,
        "sun_diff": 1.0601563156598672,
        "length": 179.70817401639255
      }
    },
    {
      "geometry": {
        "type": "LineString",
        "coordinates": [
          [
            92.9233092,
            56.0384813
          ],
          [
            92.9220597,
            56.0378623
          ]
        ]
      },
      "type": "Feature",
      "properties": {
        "name": "\u041e\u043a\u0442\u044f\u0431\u0440\u044c\u0441\u043a\u0430\u044f \u0443\u043b\u0438\u0446\u0430",
        "type": "tertiary",
        "slope": 48.433857326070665,
        "sun_diff": 1.9320802965916073,
        "length": 103.77181096765626
      }
    },
    {
      "geometry": {
        "type": "LineString",
        "coordinates": [
          [
            92.9015424,
            56.0452885
          ],
          [
            92.9001101,
            56.0445593
          ]
        ]
      },
      "type": "Feature",
      "properties": {
        "name": null,
        "type": "service",
        "slope": 47.65112343037373,
        "sun_diff": 1.1493464008946717,
        "length": 120.40257185679124
      }
    },
    {
      "geometry": {
        "type": "LineString",
        "coordinates": [
          [
            92.9402466,
            56.1112592
          ],
          [
            92.9372243,
            56.1096268
          ]
        ]
      },
      "type": "Feature",
      "properties": {
        "name": null,
        "type": "service",
        "slope": 45.912667807914886,
        "sun_diff": 0.44996460779265135,
        "length": 260.9680888429662
      }
    },
    {
      "geometry": {
        "type": "LineString",
        "coordinates": [
          [
            92.9367011,
            56.1093406
          ],
          [
            92.9353153,
            56.108555
          ]
        ]
      },
      "type": "Feature",
      "properties": {
        "name": null,
        "type": "service",
        "slope": 44.5276079757997,
        "sun_diff": 1.8350244399078406,
        "length": 122.5700238368997
      }
    },
    {
      "geometry": {
        "type": "LineString",
        "coordinates": [
          [
            92.987095,
            56.0786044
          ],
          [
            92.9892648,
            56.0797933
          ]
        ]
      },
      "type": "Feature",
      "properties": {
        "name": null,
        "type": "service",
        "slope": 45.52359428857815,
        "sun_diff": 0.8390381271293847,
        "length": 188.75144698473554
      }
    },
    {
      "geometry": {
        "type": "LineString",
        "coordinates": [
          [
            92.7933953,
            56.0226551
          ],
          [
            92.795074,
            56.0217004
          ]
        ]
      },
      "type": "Feature",
      "properties": {
        "name": null,
        "type": "service",
        "slope": 135.4997287841252,
        "sun_diff": 2.002411041040375,
        "length": 148.88314612068282
      }
    },
    {
      "geometry": {
        "type": "LineString",
        "coordinates": [
          [
            92.6841741,
            56.0357502
          ],
          [
            92.6854955,
            56.0364037
          ]
        ]
      },
      "type": "Feature",
      "properties": {
        "name": null,
        "type": "service",
        "slope": 48.48359330756816,
        "sun_diff": 1.9818162780890987,
        "length": 109.66393975940778
      }
    },
    {
      "geometry": {
        "type": "LineString",
        "coordinates": [
          [
            92.6872542,
            56.0374469
          ],
          [
            92.6860183,
            56.0368076
          ]
        ]
      },
      "type": "Feature",
      "properties": {
        "name": null,
        "type": "service",
        "slope": 47.202769629024544,
        "sun_diff": 0.7009925995454864,
        "length": 104.66338608156474
      }
    },
    {
      "geometry": {
        "type": "LineString",
        "coordinates": [
          [
            92.8976689,
            56.0509813
          ],
          [
            92.8991335,
            56.0517314
          ]
        ]
      },
      "type": "Feature",
      "properties": {
        "name": null,
        "type": "service",
        "slope": 47.4758214563503,
        "sun_diff": 1.1131890406427658,
        "length": 123.44101371614491
      }
    },
    {
      "geometry": {
        "type": "LineString",
        "coordinates": [
          [
            93.0240297,
            55.9872978
          ],
          [
            93.0252537,
            55.9865917
          ]
        ]
      },
      "type": "Feature",
      "properties": {
        "name": null,
        "type": "service",
        "slope": 135.88196716478768,
        "sun_diff": 2.3846494217028464,
        "length": 109.39998064677297
      }
    },
    {
      "geometry": {
        "type": "LineString",
        "coordinates": [
          [
            92.7471237,
            56.1112535
          ],
          [
            92.7485946,
            56.112091
          ]
        ]
      },
      "type": "Feature",
      "properties": {
        "name": null,
        "type": "residential",
        "slope": 44.39961697687852,
        "sun_diff": 1.963015438829018,
        "length": 130.38269251130487
      }
    },
    {
      "geometry": {
        "type": "LineString",
        "coordinates": [
          [
            92.7454851,
            56.1113248
          ],
          [
            92.7476608,
            56.1125358
          ]
        ]
      },
      "type": "Feature",
      "properties": {
        "name": null,
        "type": "residential",
        "slope": 45.04942045104883,
        "sun_diff": 1.3132119646587057,
        "length": 190.65964206658674
      }
    },
    {
      "geometry": {
        "type": "LineString",
        "coordinates": [
          [
            92.7438196,
            56.1113719
          ],
          [
            92.7452191,
            56.1121314
          ]
        ]
      },
      "type": "Feature",
      "properties": {
        "name": null,
        "type": "residential",
        "slope": 45.77459061258716,
        "sun_diff": 0.588041803120376,
        "length": 121.12050085011725
      }
    },
    {
      "geometry": {
        "type": "LineString",
        "coordinates": [
          [
            92.9229495,
            56.0575438
          ],
          [
            92.9246909,
            56.0584214
          ]
        ]
      },
      "type": "Feature",
      "properties": {
        "name": null,
        "type": "service",
        "slope": 47.93069981580439,
        "sun_diff": 1.5680674000968509,
        "length": 145.68909585511418
      }
    },
    {
      "geometry": {
        "type": "LineString",
        "coordinates": [
          [
            92.9413787,
            56.0715634
          ],
          [
            92.9429833,
            56.0723392
          ]
        ]
      },
      "type": "Feature",
      "properties": {
        "name": null,
        "type": "service",
        "slope": 49.09976746245286,
        "sun_diff": 2.7371350467453226,
        "length": 131.7959636536648
      }
    },
    {
      "geometry": {
        "type": "LineString",
        "coordinates": [
          [
            92.8469664,
            55.9664191
          ],
          [
            92.8453249,
            55.9672148
          ]
        ]
      },
      "type": "Feature",
      "properties": {
        "name": null,
        "type": "path",
        "slope": 130.8965276790596,
        "sun_diff": 2.600790064025233,
        "length": 135.18676261225568
      }
    },
    {
      "geometry": {
        "type": "LineString",
        "coordinates": [
          [
            93.1079263,
            56.068387
          ],
          [
            93.1095288,
            56.0674488
          ]
        ]
      },
      "type": "Feature",
      "properties": {
        "name": null,
        "type": "service",
        "slope": 136.36459087743532,
        "sun_diff": 2.7281285205789914,
        "length": 144.18772877921498
      }
    },
    {
      "geometry": {
        "type": "LineString",
        "coordinates": [
          [
            92.9348553,
            56.0611778
          ],
          [
            92.9361435,
            56.060521
          ]
        ]
      },
      "type": "Feature",
      "properties": {
        "name": "\u041a\u043e\u043c\u0441\u043e\u043c\u043e\u043b\u044c\u0441\u043a\u0438\u0439 \u043f\u0440\u043e\u0441\u043f\u0435\u043a\u0442",
        "type": "secondary",
        "slope": 132.40253731048483,
        "sun_diff": 1.2339250463714961,
        "length": 108.33696241250219
      }
    },
    {
      "geometry": {
        "type": "LineString",
        "coordinates": [
          [
            92.916551,
            56.0009702
          ],
          [
            92.9182683,
            56.0018475
          ]
        ]
      },
      "type": "Feature",
      "properties": {
        "name": null,
        "type": "service",
        "slope": 47.58485032507099,
        "sun_diff": 1.0830732955919302,
        "length": 144.6743969054147
      }
    },
    {
      "geometry": {
        "type": "LineString",
        "coordinates": [
          [
            93.1077401,
            55.9495755
          ],
          [
            93.1089656,
            55.9501967
          ]
        ]
      },
      "type": "Feature",
      "properties": {
        "name": null,
        "type": "secondary",
        "slope": 47.845140823365824,
        "sun_diff": 1.205421293409188,
        "length": 102.95409797215792
      }
    },
    {
      "geometry": {
        "type": "LineString",
        "coordinates": [
          [
            93.0074321,
            55.9656328
          ],
          [
            93.0091246,
            55.9647897
          ]
        ]
      },
      "type": "Feature",
      "properties": {
        "name": null,
        "type": "service",
        "slope": 131.66930120633248,
        "sun_diff": 1.828016536752358,
        "length": 141.0545134146879
      }
    },
    {
      "geometry": {
        "type": "LineString",
        "coordinates": [
          [
            92.9029766,
            56.0443401
          ],
          [
            92.9016257,
            56.0436511
          ]
        ]
      },
      "type": "Feature",
      "properties": {
        "name": null,
        "type": "service",
        "slope": 47.600338648465936,
        "sun_diff": 1.0985616189868779,
        "length": 113.6544663293187
      }
    },
    {
      "geometry": {
        "type": "LineString",
        "coordinates": [
          [
            92.7039013,
            56.0235368
          ],
          [
            92.7010677,
            56.021943
          ]
        ]
      },
      "type": "Feature",
      "properties": {
        "name": "\u0443\u043b\u0438\u0446\u0430 \u0415\u043b\u0435\u043d\u044b \u0421\u0442\u0430\u0441\u043e\u0432\u043e\u0439",
        "type": "secondary",
        "slope": 44.816599900186276,
        "sun_diff": 1.6851771292927822,
        "length": 249.90787710848684
      }
    },
    {
      "geometry": {
        "type": "LineString",
        "coordinates": [
          [
            92.7842567,
            56.0191339
          ],
          [
            92.7826889,
            56.0200443
          ]
        ]
      },
      "type": "Feature",
      "properties": {
        "name": "\u0443\u043b\u0438\u0446\u0430 \u041a\u0443\u0440\u0447\u0430\u0442\u043e\u0432\u0430",
        "type": "residential",
        "slope": 136.09508681564358,
        "sun_diff": 2.597769072558748,
        "length": 140.54876878377914
      }
    },
    {
      "geometry": {
        "type": "LineString",
        "coordinates": [
          [
            92.945732,
            56.067534
          ],
          [
            92.9445096,
            56.0669038
          ]
        ]
      },
      "type": "Feature",
      "properties": {
        "name": null,
        "type": "service",
        "slope": 47.276255785815835,
        "sun_diff": 0.9136233701082972,
        "length": 103.3167773143149
      }
    },
    {
      "geometry": {
        "type": "LineString",
        "coordinates": [
          [
            92.8406312,
            56.0572119
          ],
          [
            92.8390062,
            56.0579989
          ]
        ]
      },
      "type": "Feature",
      "properties": {
        "name": null,
        "type": "service",
        "slope": 130.9378974361905,
        "sun_diff": 2.698564920665831,
        "length": 133.59731682721457
      }
    },
    {
      "geometry": {
        "type": "LineString",
        "coordinates": [
          [
            92.9197285,
            56.0479685
          ],
          [
            92.9213388,
            56.0488053
          ]
        ]
      },
      "type": "Feature",
      "properties": {
        "name": null,
        "type": "service",
        "slope": 47.062750617761,
        "sun_diff": 0.5609735882819393,
        "length": 136.63840233256968
      }
    },
    {
      "geometry": {
        "type": "LineString",
        "coordinates": [
          [
            92.9445096,
            56.0669038
          ],
          [
            92.9432704,
            56.0663036
          ]
        ]
      },
      "type": "Feature",
      "properties": {
        "name": null,
        "type": "service",
        "slope": 49.05382448799574,
        "sun_diff": 2.691192072288203,
        "length": 101.86903855211393
      }
    },
    {
      "geometry": {
        "type": "LineString",
        "coordinates": [
          [
            92.7760595,
            56.0966171
          ],
          [
            92.7771969,
            56.0972551
          ]
        ]
      },
      "type": "Feature",
      "properties": {
        "name": null,
        "type": "residential",
        "slope": 44.839000476757576,
        "sun_diff": 1.5236319389499613,
        "length": 100.07873771554306
      }
    },
    {
      "geometry": {
        "type": "LineString",
        "coordinates": [
          [
            92.9419365,
            56.0544493
          ],
          [
            92.9437423,
            56.0553574
          ]
        ]
      },
      "type": "Feature",
      "properties": {
        "name": "\u0443\u043b\u0438\u0446\u0430 \u0412\u043e\u0440\u043e\u043d\u043e\u0432\u0430",
        "type": "secondary",
        "slope": 47.99424835287587,
        "sun_diff": 1.631615937168334,
        "length": 150.93795987039152
      }
    },
    {
      "geometry": {
        "type": "LineString",
        "coordinates": [
          [
            92.8999406,
            56.050729
          ],
          [
            92.901699,
            56.0516363
          ]
        ]
      },
      "type": "Feature",
      "properties": {
        "name": null,
        "type": "service",
        "slope": 47.26335260330859,
        "sun_diff": 0.9007201876010527,
        "length": 148.7106790768824
      }
    },
    {
      "geometry": {
        "type": "LineString",
        "coordinates": [
          [
            92.9624971,
            56.0660584
          ],
          [
            92.961212,
            56.0653933
          ]
        ]
      },
      "type": "Feature",
      "properties": {
        "name": null,
        "type": "service",
        "slope": 47.166561476985464,
        "sun_diff": 0.8039290612779268,
        "length": 108.81298473411181
      }
    },
    {
      "geometry": {
        "type": "LineString",
        "coordinates": [
          [
            92.9464836,
            55.92447
          ],
          [
            92.939635,
            55.9204749
          ]
        ]
      },
      "type": "Feature",
      "properties": {
        "name": null,
        "type": "path",
        "slope": 43.84779308660606,
        "sun_diff": 2.791926443350576,
        "length": 616.159207752007
      }
    },
    {
      "geometry": {
        "type": "LineString",
        "coordinates": [
          [
            92.7357886,
            56.0573128
          ],
          [
            92.7370986,
            56.0580755
          ]
        ]
      },
      "type": "Feature",
      "properties": {
        "name": null,
        "type": "service",
        "slope": 43.80150681917715,
        "sun_diff": 2.5611255965303883,
        "length": 117.54254674541473
      }
    },
    {
      "geometry": {
        "type": "LineString",
        "coordinates": [
          [
            92.9377532,
            56.0406779
          ],
          [
            92.9389748,
            56.0413417
          ]
        ]
      },
      "type": "Feature",
      "properties": {
        "name": "\u0443\u043b\u0438\u0446\u0430 \u041f\u0430\u0440\u0442\u0438\u0437\u0430\u043d\u0430 \u0416\u0435\u043b\u0435\u0437\u043d\u044f\u043a\u0430",
        "type": "primary",
        "slope": 45.790710338730975,
        "sun_diff": 0.7110666907480834,
        "length": 105.88938268178032
      }
    },
    {
      "geometry": {
        "type": "LineString",
        "coordinates": [
          [
            92.8972007,
            56.0378121
          ],
          [
            92.8944844,
            56.0363601
          ]
        ]
      },
      "type": "Feature",
      "properties": {
        "name": "\u0443\u043b\u0438\u0446\u0430 \u041c\u043e\u043b\u043e\u043a\u043e\u0432\u0430",
        "type": "secondary",
        "slope": 46.263720560656,
        "sun_diff": 0.23805646882306064,
        "length": 233.61026350570455
      }
    },
    {
      "geometry": {
        "type": "LineString",
        "coordinates": [
          [
            92.9619947,
            56.0747846
          ],
          [
            92.9637058,
            56.0756869
          ]
        ]
      },
      "type": "Feature",
      "properties": {
        "name": null,
        "type": "service",
        "slope": 46.62411337332912,
        "sun_diff": 0.2614809576215862,
        "length": 146.13567068475373
      }
    },
    {
      "geometry": {
        "type": "LineString",
        "coordinates": [
          [
            93.0112456,
            56.0388234
          ],
          [
            93.0099529,
            56.0395105
          ]
        ]
      },
      "type": "Feature",
      "properties": {
        "name": null,
        "type": "service",
        "slope": 133.57608194502635,
        "sun_diff": 0.07876420194151024,
        "length": 110.87258209427631
      }
    },
    {
      "geometry": {
        "type": "LineString",
        "coordinates": [
          [
            92.7409149,
            56.0112727
          ],
          [
            92.7391333,
            56.010356
          ]
        ]
      },
      "type": "Feature",
      "properties": {
        "name": null,
        "type": "service",
        "slope": 47.37385188301238,
        "sun_diff": 0.87207485353332,
        "length": 150.56401600183295
      }
    },
    {
      "geometry": {
        "type": "LineString",
        "coordinates": [
          [
            92.7711572,
            56.0473624
          ],
          [
            92.7729445,
            56.0464972
          ]
        ]
      },
      "type": "Feature",
      "properties": {
        "name": "\u0443\u043b\u0438\u0446\u0430 \u041a\u0430\u043b\u0438\u043d\u0438\u043d\u0430",
        "type": "primary",
        "slope": 130.91623017078942,
        "sun_diff": 2.5810875722954165,
        "length": 146.93444659964672
      }
    },
    {
      "geometry": {
        "type": "LineString",
        "coordinates": [
          [
            92.9036204,
            56.0484917
          ],
          [
            92.9023467,
            56.0478501
          ]
        ]
      },
      "type": "Feature",
      "properties": {
        "name": null,
        "type": "service",
        "slope": 47.951690791972936,
        "sun_diff": 1.4499137624938783,
        "length": 106.55318062365099
      }
    },
    {
      "geometry": {
        "type": "LineString",
        "coordinates": [
          [
            92.757148,
            56.0119491
          ],
          [
            92.7559535,
            56.0113035
          ]
        ]
      },
      "type": "Feature",
      "properties": {
        "name": null,
        "type": "service",
        "slope": 45.96666916026885,
        "sun_diff": 0.5351078692102078,
        "length": 103.31186252485588
      }
    },
    {
      "geometry": {
        "type": "LineString",
        "coordinates": [
          [
            92.9017465,
            56.0451704
          ],
          [
            92.9029832,
            56.0458024
          ]
        ]
      },
      "type": "Feature",
      "properties": {
        "name": null,
        "type": "service",
        "slope": 47.5424638234291,
        "sun_diff": 1.0406867939500444,
        "length": 104.13781849087268
      }
    },
    {
      "geometry": {
        "type": "LineString",
        "coordinates": [
          [
            92.9582681,
            56.0742723
          ],
          [
            92.9603906,
            56.0753237
          ]
        ]
      },
      "type": "Feature",
      "properties": {
        "name": null,
        "type": "service",
        "slope": 48.40846119472471,
        "sun_diff": 2.045828779017171,
        "length": 176.1752938228429
      }
    },
    {
      "geometry": {
        "type": "LineString",
        "coordinates": [
          [
            92.9585963,
            56.0739933
          ],
          [
            92.9606189,
            56.0749889
          ]
        ]
      },
      "type": "Feature",
      "properties": {
        "name": null,
        "type": "service",
        "slope": 48.58845661749416,
        "sun_diff": 2.2258242017866223,
        "length": 167.41863177730704
      }
    },
    {
      "geometry": {
        "type": "LineString",
        "coordinates": [
          [
            92.9588547,
            56.0753687
          ],
          [
            92.9576705,
            56.0747573
          ]
        ]
      },
      "type": "Feature",
      "properties": {
        "name": null,
        "type": "service",
        "slope": 47.22865771699932,
        "sun_diff": 0.8660253012917849,
        "length": 100.14461820265552
      }
    },
    {
      "geometry": {
        "type": "LineString",
        "coordinates": [
          [
            92.9580966,
            56.0745008
          ],
          [
            92.9601099,
            56.0755055
          ]
        ]
      },
      "type": "Feature",
      "properties": {
        "name": null,
        "type": "service",
        "slope": 48.19814339809989,
        "sun_diff": 1.8355109823923499,
        "length": 167.65780817338398
      }
    },
    {
      "geometry": {
        "type": "LineString",
        "coordinates": [
          [
            92.9311534,
            56.1064343
          ],
          [
            92.9327457,
            56.1072629
          ]
        ]
      },
      "type": "Feature",
      "properties": {
        "name": null,
        "type": "service",
        "slope": 46.97957843570751,
        "sun_diff": 0.6169460199999719,
        "length": 135.08883230749697
      }
    },
    {
      "geometry": {
        "type": "LineString",
        "coordinates": [
          [
            92.9332208,
            56.1074307
          ],
          [
            92.9353153,
            56.108555
          ]
        ]
      },
      "type": "Feature",
      "properties": {
        "name": null,
        "type": "service",
        "slope": 46.090613439847886,
        "sun_diff": 0.27201897585965185,
        "length": 180.3216547239539
      }
    },
    {
      "geometry": {
        "type": "LineString",
        "coordinates": [
          [
            92.671805,
            56.0276073
          ],
          [
            92.6733184,
            56.0267366
          ]
        ]
      },
      "type": "Feature",
      "properties": {
        "name": null,
        "type": "service",
        "slope": 135.83457782389578,
        "sun_diff": 2.3372600808109496,
        "length": 135.010555456762
      }
    },
    {
      "geometry": {
        "type": "LineString",
        "coordinates": [
          [
            92.9008822,
            56.0585583
          ],
          [
            92.902641,
            56.0594454
          ]
        ]
      },
      "type": "Feature",
      "properties": {
        "name": null,
        "type": "service",
        "slope": 47.906447123302826,
        "sun_diff": 1.5438147075952884,
        "length": 147.19716867121164
      }
    },
    {
      "geometry": {
        "type": "LineString",
        "coordinates": [
          [
            92.7898733,
            56.0236411
          ],
          [
            92.7911728,
            56.0229031
          ]
        ]
      },
      "type": "Feature",
      "properties": {
        "name": null,
        "type": "service",
        "slope": 135.46014082595772,
        "sun_diff": 1.9628230828728874,
        "length": 115.16769069823695
      }
    },
    {
      "geometry": {
        "type": "LineString",
        "coordinates": [
          [
            92.9305771,
            56.0351145
          ],
          [
            92.9320879,
            56.0358494
          ]
        ]
      },
      "type": "Feature",
      "properties": {
        "name": null,
        "type": "service",
        "slope": 48.95428892616397,
        "sun_diff": 2.4525118966849107,
        "length": 124.4831889199564
      }
    },
    {
      "geometry": {
        "type": "LineString",
        "coordinates": [
          [
            92.911579,
            56.0444323
          ],
          [
            92.9135966,
            56.0454221
          ]
        ]
      },
      "type": "Feature",
      "properties": {
        "name": null,
        "type": "service",
        "slope": 48.70593799458277,
        "sun_diff": 2.2041609651037106,
        "length": 166.83151188245503
      }
    },
    {
      "geometry": {
        "type": "LineString",
        "coordinates": [
          [
            92.9194888,
            56.0421891
          ],
          [
            92.9207393,
            56.0428273
          ]
        ]
      },
      "type": "Feature",
      "properties": {
        "name": null,
        "type": "service",
        "slope": 47.58274494773934,
        "sun_diff": 1.080967918260285,
        "length": 105.24031876689189
      }
    },
    {
      "geometry": {
        "type": "LineString",
        "coordinates": [
          [
            92.9461679,
            56.0611309
          ],
          [
            92.9479494,
            56.0620208
          ]
        ]
      },
      "type": "Feature",
      "properties": {
        "name": null,
        "type": "service",
        "slope": 48.18007996447173,
        "sun_diff": 1.8174475487641928,
        "length": 148.44827312763957
      }
    },
    {
      "geometry": {
        "type": "LineString",
        "coordinates": [
          [
            92.78421,
            56.0136894
          ],
          [
            92.7830243,
            56.0130401
          ]
        ]
      },
      "type": "Feature",
      "properties": {
        "name": null,
        "type": "service",
        "slope": 45.58997462932513,
        "sun_diff": 0.9118024001539311,
        "length": 103.20437810232913
      }
    },
    {
      "geometry": {
        "type": "LineString",
        "coordinates": [
          [
            92.7020597,
            56.0437627
          ],
          [
            92.7033793,
            56.0430283
          ]
        ]
      },
      "type": "Feature",
      "properties": {
        "name": null,
        "type": "service",
        "slope": 134.89529113300134,
        "sun_diff": 1.3979733899165012,
        "length": 115.73427879074144
      }
    },
    {
      "geometry": {
        "type": "LineString",
        "coordinates": [
          [
            92.7033793,
            56.0430283
          ],
          [
            92.7020548,
            56.0422667
          ]
        ]
      },
      "type": "Feature",
      "properties": {
        "name": null,
        "type": "service",
        "slope": 44.169714228737746,
        "sun_diff": 2.332062800741312,
        "length": 118.10220678142349
      }
    },
    {
      "geometry": {
        "type": "LineString",
        "coordinates": [
          [
            92.8447595,
            56.0242687
          ],
          [
            92.8461129,
            56.0236101
          ]
        ]
      },
      "type": "Feature",
      "properties": {
        "name": "\u0411\u0440\u044f\u043d\u0441\u043a\u0430\u044f \u0443\u043b\u0438\u0446\u0430",
        "type": "trunk",
        "slope": 131.04810165487484,
        "sun_diff": 2.449216088209994,
        "length": 111.55239918424826
      }
    },
    {
      "geometry": {
        "type": "LineString",
        "coordinates": [
          [
            93.0801909,
            55.9590211
          ],
          [
            93.0819117,
            55.9581805
          ]
        ]
      },
      "type": "Feature",
      "properties": {
        "name": "\u0414\u0440\u0443\u0436\u043d\u044b\u0439 \u043f\u0440\u043e\u0435\u0437\u0434",
        "type": "residential",
        "slope": 131.1087707715966,
        "sun_diff": 2.388546971488239,
        "length": 142.2061737135976
      }
    },
    {
      "geometry": {
        "type": "LineString",
        "coordinates": [
          [
            93.098067,
            55.9385038
          ],
          [
            93.1009603,
            55.9400416
          ]
        ]
      },
      "type": "Feature",
      "properties": {
        "name": "\u041b\u0443\u0447\u0438\u0441\u0442\u0430\u044f \u0443\u043b\u0438\u0446\u0430",
        "type": "residential",
        "slope": 46.498569762174554,
        "sun_diff": 0.14114976778208188,
        "length": 248.4860721062648
      }
    },
    {
      "geometry": {
        "type": "LineString",
        "coordinates": [
          [
            92.8828668,
            56.0531968
          ],
          [
            92.8805398,
            56.052052
          ]
        ]
      },
      "type": "Feature",
      "properties": {
        "name": null,
        "type": "service",
        "slope": 48.62117932877854,
        "sun_diff": 2.258546913071001,
        "length": 192.6296448329449
      }
    },
    {
      "geometry": {
        "type": "LineString",
        "coordinates": [
          [
            92.7916011,
            56.016676
          ],
          [
            92.7903444,
            56.0159991
          ]
        ]
      },
      "type": "Feature",
      "properties": {
        "name": null,
        "type": "service",
        "slope": 46.06104922684517,
        "sun_diff": 0.4407278026338872,
        "length": 108.50562465880179
      }
    },
    {
      "geometry": {
        "type": "LineString",
        "coordinates": [
          [
            92.7828848,
            56.0436361
          ],
          [
            92.7814548,
            56.0444541
          ]
        ]
      },
      "type": "Feature",
      "properties": {
        "name": null,
        "type": "service",
        "slope": 135.68303362397992,
        "sun_diff": 2.1857158808950885,
        "length": 127.16739190252886
      }
    },
    {
      "geometry": {
        "type": "LineString",
        "coordinates": [
          [
            92.731273,
            55.9861882
          ],
          [
            92.73252,
            55.9868783
          ]
        ]
      },
      "type": "Feature",
      "properties": {
        "name": "\u041b\u0435\u0441\u043d\u0430\u044f \u0443\u043b\u0438\u0446\u0430",
        "type": "secondary",
        "slope": 45.307617993815114,
        "sun_diff": 1.1941590356639438,
        "length": 109.14266091425938
      }
    },
    {
      "geometry": {
        "type": "LineString",
        "coordinates": [
          [
            92.73252,
            55.9868783
          ],
          [
            92.7346081,
            55.9879607
          ]
        ]
      },
      "type": "Feature",
      "properties": {
        "name": "\u041b\u0435\u0441\u043d\u0430\u044f \u0443\u043b\u0438\u0446\u0430",
        "type": "secondary",
        "slope": 47.17870129153323,
        "sun_diff": 0.6769242620541718,
        "length": 177.12755157546562
      }
    },
    {
      "geometry": {
        "type": "LineString",
        "coordinates": [
          [
            92.830347,
            56.0638202
          ],
          [
            92.8287434,
            56.0647662
          ]
        ]
      },
      "type": "Feature",
      "properties": {
        "name": null,
        "type": "trunk",
        "slope": 136.57984235505444,
        "sun_diff": 2.943379998198111,
        "length": 144.8702552470693
      }
    },
    {
      "geometry": {
        "type": "LineString",
        "coordinates": [
          [
            92.8287434,
            56.0647662
          ],
          [
            92.8269537,
            56.065809
          ]
        ]
      },
      "type": "Feature",
      "properties": {
        "name": null,
        "type": "trunk",
        "slope": 136.2265320409779,
        "sun_diff": 2.5900696841215733,
        "length": 160.63471427770222
      }
    },
    {
      "geometry": {
        "type": "LineString",
        "coordinates": [
          [
            92.8290992,
            56.0643729
          ],
          [
            92.8306441,
            56.0634925
          ]
        ]
      },
      "type": "Feature",
      "properties": {
        "name": null,
        "type": "trunk",
        "slope": 135.5891749766322,
        "sun_diff": 1.9527126197758662,
        "length": 137.0861664036974
      }
    },
    {
      "geometry": {
        "type": "LineString",
        "coordinates": [
          [
            93.075132,
            56.106899
          ],
          [
            93.0774293,
            56.1080834
          ]
        ]
      },
      "type": "Feature",
      "properties": {
        "name": "\u0443\u043b\u0438\u0446\u0430 \u041f\u043e\u0433\u0440\u0430\u043d\u0438\u0447\u043d\u0438\u043a\u043e\u0432",
        "type": "primary",
        "slope": 47.244696946099,
        "sun_diff": 0.8820645303914603,
        "length": 194.06065657614525
      }
    },
    {
      "geometry": {
        "type": "LineString",
        "coordinates": [
          [
            93.0776943,
            56.1082216
          ],
          [
            93.0806473,
            56.109782
          ]
        ]
      },
      "type": "Feature",
      "properties": {
        "name": "\u0443\u043b\u0438\u0446\u0430 \u041f\u043e\u0433\u0440\u0430\u043d\u0438\u0447\u043d\u0438\u043a\u043e\u0432",
        "type": "primary",
        "slope": 46.53971457276478,
        "sun_diff": 0.17708215705724228,
        "length": 252.3289633434772
      }
    },
    {
      "geometry": {
        "type": "LineString",
        "coordinates": [
          [
            93.0810892,
            56.110029
          ],
          [
            93.0831634,
            56.1111614
          ]
        ]
      },
      "type": "Feature",
      "properties": {
        "name": "\u0443\u043b\u0438\u0446\u0430 \u041f\u043e\u0433\u0440\u0430\u043d\u0438\u0447\u043d\u0438\u043a\u043e\u0432",
        "type": "primary",
        "slope": 45.604227691740306,
        "sun_diff": 0.7584047239672316,
        "length": 180.03959014697435
      }
    },
    {
      "geometry": {
        "type": "LineString",
        "coordinates": [
          [
            93.0831634,
            56.1111614
          ],
          [
            93.0873452,
            56.1134443
          ]
        ]
      },
      "type": "Feature",
      "properties": {
        "name": "\u0443\u043b\u0438\u0446\u0430 \u041f\u043e\u0433\u0440\u0430\u043d\u0438\u0447\u043d\u0438\u043a\u043e\u0432",
        "type": "primary",
        "slope": 45.6042169923129,
        "sun_diff": 0.7584154233946379,
        "length": 362.95958932545614
      }
    },
    {
      "geometry": {
        "type": "LineString",
        "coordinates": [
          [
            93.0873452,
            56.1134443
          ],
          [
            93.089145,
            56.1144268
          ]
        ]
      },
      "type": "Feature",
      "properties": {
        "name": "\u0443\u043b\u0438\u0446\u0430 \u041f\u043e\u0433\u0440\u0430\u043d\u0438\u0447\u043d\u0438\u043a\u043e\u0432",
        "type": "primary",
        "slope": 45.6044959485823,
        "sun_diff": 0.7581364671252402,
        "length": 156.20767170808762
      }
    },
    {
      "geometry": {
        "type": "LineString",
        "coordinates": [
          [
            92.7955256,
            55.9974768
          ],
          [
            92.7967209,
            55.9980818
          ]
        ]
      },
      "type": "Feature",
      "properties": {
        "name": "\u0443\u043b\u0438\u0446\u0430 \u0410\u043a\u0430\u0434\u0435\u043c\u0438\u043a\u0430 \u041a\u0438\u0440\u0435\u043d\u0441\u043a\u043e\u0433\u043e",
        "type": "secondary",
        "slope": 47.85184154203441,
        "sun_diff": 1.350064512555349,
        "length": 100.28214825030936
      }
    },
    {
      "geometry": {
        "type": "LineString",
        "coordinates": [
          [
            93.0622741,
            56.1008378
          ],
          [
            93.0634944,
            56.1014848
          ]
        ]
      },
      "type": "Feature",
      "properties": {
        "name": null,
        "type": "service",
        "slope": 46.44936369851143,
        "sun_diff": 0.08673128280389619,
        "length": 104.45065782971199
      }
    },
    {
      "geometry": {
        "type": "LineString",
        "coordinates": [
          [
            92.7144348,
            56.0261466
          ],
          [
            92.7177715,
            56.0278939
          ]
        ]
      },
      "type": "Feature",
      "properties": {
        "name": null,
        "type": "service",
        "slope": 46.85873400684358,
        "sun_diff": 0.3569569773645185,
        "length": 284.2269336471546
      }
    },
    {
      "geometry": {
        "type": "LineString",
        "coordinates": [
          [
            92.9813436,
            55.9691732
          ],
          [
            92.9799935,
            55.9699018
          ]
        ]
      },
      "type": "Feature",
      "properties": {
        "name": null,
        "type": "service",
        "slope": 133.95954704258884,
        "sun_diff": 0.4622292995040027,
        "length": 116.75057972204708
      }
    },
    {
      "geometry": {
        "type": "LineString",
        "coordinates": [
          [
            92.989834,
            55.9949175
          ],
          [
            92.9879709,
            55.9939846
          ]
        ]
      },
      "type": "Feature",
      "properties": {
        "name": null,
        "type": "path",
        "slope": 48.16184263436875,
        "sun_diff": 1.6600656048896951,
        "length": 155.56392498674228
      }
    },
    {
      "geometry": {
        "type": "LineString",
        "coordinates": [
          [
            93.079102,
            55.9577249
          ],
          [
            93.0808813,
            55.9567956
          ]
        ]
      },
      "type": "Feature",
      "properties": {
        "name": null,
        "type": "service",
        "slope": 133.01343207744515,
        "sun_diff": 0.48388566563968993,
        "length": 151.52418259710686
      }
    },
    {
      "geometry": {
        "type": "LineString",
        "coordinates": [
          [
            93.0152736,
            55.9594719
          ],
          [
            93.0168294,
            55.9603668
          ]
        ]
      },
      "type": "Feature",
      "properties": {
        "name": null,
        "type": "service",
        "slope": 44.22079242039388,
        "sun_diff": 2.2809846090851806,
        "length": 138.89497966217087
      }
    },
    {
      "geometry": {
        "type": "LineString",
        "coordinates": [
          [
            92.9410918,
            56.0426751
          ],
          [
            92.9398947,
            56.0420226
          ]
        ]
      },
      "type": "Feature",
      "properties": {
        "name": "\u0443\u043b\u0438\u0446\u0430 \u041f\u0430\u0440\u0442\u0438\u0437\u0430\u043d\u0430 \u0416\u0435\u043b\u0435\u0437\u043d\u044f\u043a\u0430",
        "type": "primary",
        "slope": 45.7017202370767,
        "sun_diff": 0.8000567924023585,
        "length": 103.92009796509431
      }
    },
    {
      "geometry": {
        "type": "LineString",
        "coordinates": [
          [
            92.9884856,
            56.0839964
          ],
          [
            92.9863835,
            56.0828062
          ]
        ]
      },
      "type": "Feature",
      "properties": {
        "name": null,
        "type": "service",
        "slope": 44.5820049892954,
        "sun_diff": 1.7806274264121384,
        "length": 185.86926431865055
      }
    },
    {
      "geometry": {
        "type": "LineString",
        "coordinates": [
          [
            93.0696498,
            56.0340777
          ],
          [
            93.066998,
            56.0356248
          ]
        ]
      },
      "type": "Feature",
      "properties": {
        "name": null,
        "type": "service",
        "slope": 136.24083224023033,
        "sun_diff": 2.7435144971454974,
        "length": 238.26173383432544
      }
    },
    {
      "geometry": {
        "type": "LineString",
        "coordinates": [
          [
            92.8785051,
            56.0549239
          ],
          [
            92.8797328,
            56.0555175
          ]
        ]
      },
      "type": "Feature",
      "properties": {
        "name": null,
        "type": "service",
        "slope": 49.110921436642116,
        "sun_diff": 2.7482890209345783,
        "length": 100.86564277335154
      }
    },
    {
      "geometry": {
        "type": "LineString",
        "coordinates": [
          [
            92.7452191,
            56.1121314
          ],
          [
            92.74659,
            56.1129095
          ]
        ]
      },
      "type": "Feature",
      "properties": {
        "name": null,
        "type": "residential",
        "slope": 44.48949551977984,
        "sun_diff": 1.8731368959277006,
        "length": 121.3217240361631
      }
    },
    {
      "geometry": {
        "type": "LineString",
        "coordinates": [
          [
            92.7419166,
            56.1093187
          ],
          [
            92.7445953,
            56.1108167
          ]
        ]
      },
      "type": "Feature",
      "properties": {
        "name": null,
        "type": "residential",
        "slope": 44.91596153923828,
        "sun_diff": 1.4466708764692555,
        "length": 235.29692078339133
      }
    },
    {
      "geometry": {
        "type": "LineString",
        "coordinates": [
          [
            92.9844081,
            56.120103
          ],
          [
            92.986114,
            56.1192298
          ]
        ]
      },
      "type": "Feature",
      "properties": {
        "name": null,
        "type": "service",
        "slope": 132.55841874640805,
        "sun_diff": 1.078043610448276,
        "length": 143.6039047029537
      }
    },
    {
      "geometry": {
        "type": "LineString",
        "coordinates": [
          [
            92.7426109,
            56.1088439
          ],
          [
            92.7442449,
            56.1097623
          ]
        ]
      },
      "type": "Feature",
      "properties": {
        "name": null,
        "type": "residential",
        "slope": 44.772149397091795,
        "sun_diff": 1.5904830186157426,
        "length": 143.89658973925907
      }
    },
    {
      "geometry": {
        "type": "LineString",
        "coordinates": [
          [
            92.8810474,
            56.056732
          ],
          [
            92.8797696,
            56.0560743
          ]
        ]
      },
      "type": "Feature",
      "properties": {
        "name": null,
        "type": "service",
        "slope": 47.330308424351756,
        "sun_diff": 0.9676760086442187,
        "length": 107.93548801388857
      }
    },
    {
      "geometry": {
        "type": "LineString",
        "coordinates": [
          [
            92.8797696,
            56.0560743
          ],
          [
            92.8784737,
            56.0553427
          ]
        ]
      },
      "type": "Feature",
      "properties": {
        "name": null,
        "type": "service",
        "slope": 44.68581059852488,
        "sun_diff": 1.676821817182656,
        "length": 114.45623112445438
      }
    },
    {
      "geometry": {
        "type": "LineString",
        "coordinates": [
          [
            93.0585799,
            55.9549753
          ],
          [
            93.0573995,
            55.9542989
          ]
        ]
      },
      "type": "Feature",
      "properties": {
        "name": null,
        "type": "service",
        "slope": 44.33384685772407,
        "sun_diff": 2.167930171754989,
        "length": 105.18333421546681
      }
    },
    {
      "geometry": {
        "type": "LineString",
        "coordinates": [
          [
            93.0537857,
            55.956235
          ],
          [
            93.0549361,
            55.9555763
          ]
        ]
      },
      "type": "Feature",
      "properties": {
        "name": null,
        "type": "service",
        "slope": 135.64496590339135,
        "sun_diff": 2.1476481603065167,
        "length": 102.46794061377494
      }
    },
    {
      "geometry": {
        "type": "LineString",
        "coordinates": [
          [
            92.9185134,
            56.0583698
          ],
          [
            92.9161671,
            56.0571751
          ]
        ]
      },
      "type": "Feature",
      "properties": {
        "name": "\u0443\u043b\u0438\u0446\u0430 \u0412\u043e\u0434\u043e\u043f\u044c\u044f\u043d\u043e\u0432\u0430",
        "type": "residential",
        "slope": 47.63767814628537,
        "sun_diff": 1.2750457305778298,
        "length": 197.212642742668
      }
    },
    {
      "geometry": {
        "type": "LineString",
        "coordinates": [
          [
            92.9952304,
            56.0816949
          ],
          [
            92.9964659,
            56.0824244
          ]
        ]
      },
      "type": "Feature",
      "properties": {
        "name": null,
        "type": "service",
        "slope": 43.38153354958763,
        "sun_diff": 2.9810988661199076,
        "length": 111.64414309512358
      }
    },
    {
      "geometry": {
        "type": "LineString",
        "coordinates": [
          [
            92.9964659,
            56.0824244
          ],
          [
            92.9980087,
            56.0816007
          ]
        ]
      },
      "type": "Feature",
      "properties": {
        "name": null,
        "type": "service",
        "slope": 133.73496673132783,
        "sun_diff": 0.09850437447150284,
        "length": 132.52768431731738
      }
    }
  ]
}