{
  "type": "FeatureCollection",
  "features": [
    {
      "geometry": {
        "type": "LineString",
        "coordinates": [
          [
            -5.5796652,
            33.8893758
          ],
          [
            -5.5779887,
            33.8887028
          ]
        ]
      },
      "type": "Feature",
      "properties": {
        "name": "Avenue Annasr \u0634\u0627\u0631\u0639 \u0627\u0644\u0646\u0635\u0631",
        "type": "secondary",
        "slope": 115.80754015830902,
        "sun_diff": 2.1500453738646286,
        "length": 171.94788325886265
      }
    },
    {
      "geometry": {
        "type": "LineString",
        "coordinates": [
          [
            -5.5557259,
            33.8829887
          ],
          [
            -5.5596309,
            33.8849074
          ]
        ]
      },
      "type": "Feature",
      "properties": {
        "name": null,
        "type": "residential",
        "slope": 120.6199208021263,
        "sun_diff": 2.6623352699526492,
        "length": 419.009277774579
      }
    },
    {
      "geometry": {
        "type": "LineString",
        "coordinates": [
          [
            -5.5596309,
            33.8849074
          ],
          [
            -5.5631147,
            33.8866346
          ]
        ]
      },
      "type": "Feature",
      "properties": {
        "name": null,
        "type": "residential",
        "slope": 120.84663828292184,
        "sun_diff": 2.889052750748192,
        "length": 374.68677413997267
      }
    },
    {
      "geometry": {
        "type": "LineString",
        "coordinates": [
          [
            -5.5645303,
            33.8873995
          ],
          [
            -5.5657022,
            33.8879785
          ]
        ]
      },
      "type": "Feature",
      "properties": {
        "name": null,
        "type": "residential",
        "slope": 120.75991047029191,
        "sun_diff": 2.802324938118261,
        "length": 125.922917557597
      }
    },
    {
      "geometry": {
        "type": "LineString",
        "coordinates": [
          [
            -5.5039263,
            33.9010661
          ],
          [
            -5.5056645,
            33.9002321
          ]
        ]
      },
      "type": "Feature",
      "properties": {
        "name": "Boulevard des F.A.R \u0634\u0627\u0631\u0639 \u0627\u0644\u062c\u064a\u0634 \u0627\u0644\u0645\u0644\u0643\u064a",
        "type": "primary",
        "slope": 59.968936559317854,
        "sun_diff": 2.073870417014689,
        "length": 185.35665027354716
      }
    },
    {
      "geometry": {
        "type": "LineString",
        "coordinates": [
          [
            -5.5056645,
            33.9002321
          ],
          [
            -5.5067495,
            33.8997083
          ]
        ]
      },
      "type": "Feature",
      "properties": {
        "name": "Boulevard des F.A.R \u0634\u0627\u0631\u0639 \u0627\u0644\u062c\u064a\u0634 \u0627\u0644\u0645\u0644\u0643\u064a",
        "type": "primary",
        "slope": 59.816263742562114,
        "sun_diff": 2.2265432337704283,
        "length": 115.88105939353949
      }
    },
    {
      "geometry": {
        "type": "LineString",
        "coordinates": [
          [
            -5.4809987,
            33.9092009
          ],
          [
            -5.4799982,
            33.9087238
          ]
        ]
      },
      "type": "Feature",
      "properties": {
        "name": null,
        "type": "tertiary",
        "slope": 119.88091279941543,
        "sun_diff": 1.923327267241774,
        "length": 106.51898220839128
      }
    },
    {
      "geometry": {
        "type": "LineString",
        "coordinates": [
          [
            -5.4795285,
            33.9072256
          ],
          [
            -5.4813138,
            33.9079965
          ]
        ]
      },
      "type": "Feature",
      "properties": {
        "name": null,
        "type": "residential",
        "slope": 117.48737837922712,
        "sun_diff": 0.4702071529465286,
        "length": 185.7800637905041
      }
    },
    {
      "geometry": {
        "type": "LineString",
        "coordinates": [
          [
            -5.478715,
            33.9059628
          ],
          [
            -5.4774021,
            33.9065597
          ]
        ]
      },
      "type": "Feature",
      "properties": {
        "name": null,
        "type": "tertiary",
        "slope": 61.286250133666584,
        "sun_diff": 0.7565568426659581,
        "length": 138.19435927246204
      }
    },
    {
      "geometry": {
        "type": "LineString",
        "coordinates": [
          [
            -5.4774021,
            33.9065597
          ],
          [
            -5.4761405,
            33.9071421
          ]
        ]
      },
      "type": "Feature",
      "properties": {
        "name": null,
        "type": "tertiary",
        "slope": 60.91603570269061,
        "sun_diff": 1.1267712736419355,
        "length": 133.26815084720948
      }
    },
    {
      "geometry": {
        "type": "LineString",
        "coordinates": [
          [
            -5.4761405,
            33.9071421
          ],
          [
            -5.4749706,
            33.9076823
          ]
        ]
      },
      "type": "Feature",
      "properties": {
        "name": null,
        "type": "tertiary",
        "slope": 60.909931925018896,
        "sun_diff": 1.132875051313647,
        "length": 123.58800889072963
      }
    },
    {
      "geometry": {
        "type": "LineString",
        "coordinates": [
          [
            -5.5248675,
            33.9005642
          ],
          [
            -5.523809,
            33.9010419
          ]
        ]
      },
      "type": "Feature",
      "properties": {
        "name": null,
        "type": "residential",
        "slope": 61.46564430812049,
        "sun_diff": 0.5771626682120541,
        "length": 111.23341964299253
      }
    },
    {
      "geometry": {
        "type": "LineString",
        "coordinates": [
          [
            -5.523809,
            33.9010419
          ],
          [
            -5.5219871,
            33.9018377
          ]
        ]
      },
      "type": "Feature",
      "properties": {
        "name": null,
        "type": "residential",
        "slope": 62.243751740044644,
        "sun_diff": 0.20094476371210135,
        "length": 190.0685607438099
      }
    },
    {
      "geometry": {
        "type": "LineString",
        "coordinates": [
          [
            -5.5224262,
            33.9011139
          ],
          [
            -5.5237243,
            33.9004722
          ]
        ]
      },
      "type": "Feature",
      "properties": {
        "name": null,
        "type": "residential",
        "slope": 59.22272113032972,
        "sun_diff": 2.8200858460028257,
        "length": 139.48735450678046
      }
    },
    {
      "geometry": {
        "type": "LineString",
        "coordinates": [
          [
            -5.5234174,
            33.9001469
          ],
          [
            -5.5223309,
            33.9006861
          ]
        ]
      },
      "type": "Feature",
      "properties": {
        "name": "Zenkat 3",
        "type": "residential",
        "slope": 59.1241824514108,
        "sun_diff": 2.9186245249217393,
        "length": 116.87005918452846
      }
    },
    {
      "geometry": {
        "type": "LineString",
        "coordinates": [
          [
            -5.521989,
            33.9007435
          ],
          [
            -5.5209464,
            33.9012535
          ]
        ]
      },
      "type": "Feature",
      "properties": {
        "name": "Zenkat 3",
        "type": "residential",
        "slope": 59.48696919251117,
        "sun_diff": 2.5558377838213744,
        "length": 111.72642795289512
      }
    },
    {
      "geometry": {
        "type": "LineString",
        "coordinates": [
          [
            -5.5234716,
            33.8996963
          ],
          [
            -5.5222558,
            33.9003004
          ]
        ]
      },
      "type": "Feature",
      "properties": {
        "name": "Zenkat 1",
        "type": "residential",
        "slope": 59.09369141573703,
        "sun_diff": 2.9491155605955157,
        "length": 130.82056796369875
      }
    },
    {
      "geometry": {
        "type": "LineString",
        "coordinates": [
          [
            -5.5222558,
            33.9003004
          ],
          [
            -5.5209874,
            33.900906
          ]
        ]
      },
      "type": "Feature",
      "properties": {
        "name": "Zenkat 1",
        "type": "residential",
        "slope": 60.09072794723417,
        "sun_diff": 1.9520790290983712,
        "length": 135.09262190808093
      }
    },
    {
      "geometry": {
        "type": "LineString",
        "coordinates": [
          [
            -5.5750499,
            33.9071342
          ],
          [
            -5.5761122,
            33.9066094
          ]
        ]
      },
      "type": "Feature",
      "properties": {
        "name": null,
        "type": "pedestrian",
        "slope": 59.23698618990139,
        "sun_diff": 2.8058207864311555,
        "length": 114.12438342040083
      }
    },
    {
      "geometry": {
        "type": "LineString",
        "coordinates": [
          [
            -5.5710187,
            33.8979231
          ],
          [
            -5.5721023,
            33.8974305
          ]
        ]
      },
      "type": "Feature",
      "properties": {
        "name": null,
        "type": "residential",
        "slope": 61.29130965559682,
        "sun_diff": 0.751497320735723,
        "length": 114.06463808236545
      }
    },
    {
      "geometry": {
        "type": "LineString",
        "coordinates": [
          [
            -5.573567,
            33.8731176
          ],
          [
            -5.5720172,
            33.8725102
          ]
        ]
      },
      "type": "Feature",
      "properties": {
        "name": null,
        "type": "residential",
        "slope": 115.26897406818759,
        "sun_diff": 2.6886114639860637,
        "length": 158.27086309534593
      }
    },
    {
      "geometry": {
        "type": "LineString",
        "coordinates": [
          [
            -5.5710993,
            33.854834
          ],
          [
            -5.5671121,
            33.8531273
          ]
        ]
      },
      "type": "Feature",
      "properties": {
        "name": null,
        "type": "trunk",
        "slope": 117.26774433045773,
        "sun_diff": 0.6898412017159217,
        "length": 414.3507179874198
      }
    },
    {
      "geometry": {
        "type": "LineString",
        "coordinates": [
          [
            -5.5669555,
            33.8530575
          ],
          [
            -5.5649075,
            33.8521594
          ]
        ]
      },
      "type": "Feature",
      "properties": {
        "name": null,
        "type": "trunk",
        "slope": 117.8358432041795,
        "sun_diff": 0.12174232799415563,
        "length": 213.93566240359326
      }
    },
    {
      "geometry": {
        "type": "LineString",
        "coordinates": [
          [
            -5.5705682,
            33.8872251
          ],
          [
            -5.5716578,
            33.8867175
          ]
        ]
      },
      "type": "Feature",
      "properties": {
        "name": "Rue Oussama Bnouzaid",
        "type": "residential",
        "slope": 60.69972110659623,
        "sun_diff": 1.3430858697363135,
        "length": 115.36916714247297
      }
    },
    {
      "geometry": {
        "type": "LineString",
        "coordinates": [
          [
            -5.5401818,
            33.8961603
          ],
          [
            -5.5415372,
            33.8955985
          ]
        ]
      },
      "type": "Feature",
      "properties": {
        "name": "Zenkat Abou Ali Ben Rahhal",
        "type": "residential",
        "slope": 63.46463110413114,
        "sun_diff": 1.421824127798601,
        "length": 139.8740485092529
      }
    },
    {
      "geometry": {
        "type": "LineString",
        "coordinates": [
          [
            -5.5421313,
            33.894429
          ],
          [
            -5.5411088,
            33.8948667
          ]
        ]
      },
      "type": "Feature",
      "properties": {
        "name": null,
        "type": "residential",
        "slope": 62.719550012711125,
        "sun_diff": 0.676743036378582,
        "length": 106.2196738117146
      }
    },
    {
      "geometry": {
        "type": "LineString",
        "coordinates": [
          [
            -5.5411088,
            33.8948667
          ],
          [
            -5.5394052,
            33.895567
          ]
        ]
      },
      "type": "Feature",
      "properties": {
        "name": null,
        "type": "residential",
        "slope": 63.65387778499664,
        "sun_diff": 1.6110708086640955,
        "length": 175.52003038523657
      }
    },
    {
      "geometry": {
        "type": "LineString",
        "coordinates": [
          [
            -5.5434476,
            33.8958153
          ],
          [
            -5.5424458,
            33.896206
          ]
        ]
      },
      "type": "Feature",
      "properties": {
        "name": "Rue Mellilia \u0632\u0646\u0642\u0629 \u0645\u0644\u064a\u0644\u064a\u0629",
        "type": "residential",
        "slope": 64.83355033816463,
        "sun_diff": 2.790743361832085,
        "length": 102.19315763282093
      }
    },
    {
      "geometry": {
        "type": "LineString",
        "coordinates": [
          [
            -5.5599033,
            33.8503758
          ],
          [
            -5.5614826,
            33.8510771
          ]
        ]
      },
      "type": "Feature",
      "properties": {
        "name": null,
        "type": "residential",
        "slope": 118.13317127464,
        "sun_diff": 0.17558574246635317,
        "length": 165.43373807736964
      }
    },
    {
      "geometry": {
        "type": "LineString",
        "coordinates": [
          [
            -5.5589613,
            33.8561056
          ],
          [
            -5.5599149,
            33.8556653
          ]
        ]
      },
      "type": "Feature",
      "properties": {
        "name": null,
        "type": "residential",
        "slope": 60.926080557715466,
        "sun_diff": 1.1167264186170769,
        "length": 100.78330945512968
      }
    },
    {
      "geometry": {
        "type": "LineString",
        "coordinates": [
          [
            -5.5525449,
            33.8578945
          ],
          [
            -5.5515195,
            33.858303
          ]
        ]
      },
      "type": "Feature",
      "properties": {
        "name": null,
        "type": "residential",
        "slope": 64.37130438232813,
        "sun_diff": 2.3284974059955914,
        "length": 105.04867139259551
      }
    },
    {
      "geometry": {
        "type": "LineString",
        "coordinates": [
          [
            -5.532681,
            33.850469
          ],
          [
            -5.535302,
            33.8516687
          ]
        ]
      },
      "type": "Feature",
      "properties": {
        "name": null,
        "type": "tertiary",
        "slope": 118.86165535055594,
        "sun_diff": 0.9040698183822826,
        "length": 276.45359588466425
      }
    },
    {
      "geometry": {
        "type": "LineString",
        "coordinates": [
          [
            -5.5364512,
            33.8521937
          ],
          [
            -5.537681,
            33.8527632
          ]
        ]
      },
      "type": "Feature",
      "properties": {
        "name": null,
        "type": "tertiary",
        "slope": 119.14468678720957,
        "sun_diff": 1.1871012550359126,
        "length": 130.06853596440374
      }
    },
    {
      "geometry": {
        "type": "LineString",
        "coordinates": [
          [
            -5.5398175,
            33.8946241
          ],
          [
            -5.5415664,
            33.8939233
          ]
        ]
      },
      "type": "Feature",
      "properties": {
        "name": "Rue Bendongh \u0632\u0646\u0642\u0629 \u0628\u0627\u0646\u062f\u0648\u0646\u063a",
        "type": "residential",
        "slope": 64.23151897564719,
        "sun_diff": 2.1887119993146484,
        "length": 179.30341759858322
      }
    },
    {
      "geometry": {
        "type": "LineString",
        "coordinates": [
          [
            -5.541577,
            33.8938286
          ],
          [
            -5.539784,
            33.8945546
          ]
        ]
      },
      "type": "Feature",
      "properties": {
        "name": "Rue Bendongh \u0632\u0646\u0642\u0629 \u0628\u0627\u0646\u062f\u0648\u0646\u063a",
        "type": "residential",
        "slope": 63.996761314687944,
        "sun_diff": 1.9539543383554019,
        "length": 184.190450266226
      }
    },
    {
      "geometry": {
        "type": "LineString",
        "coordinates": [
          [
            -5.4845756,
            33.9011688
          ],
          [
            -5.4857346,
            33.901653
          ]
        ]
      },
      "type": "Feature",
      "properties": {
        "name": null,
        "type": "residential",
        "slope": 116.71814240152432,
        "sun_diff": 1.2394431306493345,
        "length": 119.78955688735103
      }
    },
    {
      "geometry": {
        "type": "LineString",
        "coordinates": [
          [
            -5.4865622,
            33.9029868
          ],
          [
            -5.4854663,
            33.903474
          ]
        ]
      },
      "type": "Feature",
      "properties": {
        "name": null,
        "type": "residential",
        "slope": 61.824907857165954,
        "sun_diff": 0.21789911916658866,
        "length": 114.77131317103672
      }
    },
    {
      "geometry": {
        "type": "LineString",
        "coordinates": [
          [
            -5.4854663,
            33.903474
          ],
          [
            -5.4844119,
            33.9039509
          ]
        ]
      },
      "type": "Feature",
      "properties": {
        "name": null,
        "type": "residential",
        "slope": 61.41177632853561,
        "sun_diff": 0.6310306477969334,
        "length": 110.85550492885152
      }
    },
    {
      "geometry": {
        "type": "LineString",
        "coordinates": [
          [
            -5.4859045,
            33.9041596
          ],
          [
            -5.4870031,
            33.9036666
          ]
        ]
      },
      "type": "Feature",
      "properties": {
        "name": null,
        "type": "residential",
        "slope": 61.60073236154096,
        "sun_diff": 0.4420746147915793,
        "length": 115.29581634625168
      }
    },
    {
      "geometry": {
        "type": "LineString",
        "coordinates": [
          [
            -5.4870031,
            33.9036666
          ],
          [
            -5.4880506,
            33.9032075
          ]
        ]
      },
      "type": "Feature",
      "properties": {
        "name": null,
        "type": "residential",
        "slope": 62.16315936453128,
        "sun_diff": 0.12035238819873939,
        "length": 109.35844743390199
      }
    },
    {
      "geometry": {
        "type": "LineString",
        "coordinates": [
          [
            -5.4757406,
            33.9016864
          ],
          [
            -5.4772519,
            33.9022858
          ]
        ]
      },
      "type": "Feature",
      "properties": {
        "name": null,
        "type": "residential",
        "slope": 115.54088481222144,
        "sun_diff": 2.4167007199522175,
        "length": 154.63428522368727
      }
    },
    {
      "geometry": {
        "type": "LineString",
        "coordinates": [
          [
            -5.4692321,
            33.8953854
          ],
          [
            -5.4727819,
            33.8967839
          ]
        ]
      },
      "type": "Feature",
      "properties": {
        "name": null,
        "type": "residential",
        "slope": 115.39054654428935,
        "sun_diff": 2.5670389878843025,
        "length": 362.7822101505206
      }
    },
    {
      "geometry": {
        "type": "LineString",
        "coordinates": [
          [
            -5.475408,
            33.8960316
          ],
          [
            -5.4764459,
            33.8964424
          ]
        ]
      },
      "type": "Feature",
      "properties": {
        "name": null,
        "type": "unclassified",
        "slope": 115.4936531618873,
        "sun_diff": 2.463932370286358,
        "length": 106.16200162426566
      }
    },
    {
      "geometry": {
        "type": "LineString",
        "coordinates": [
          [
            -5.4764459,
            33.8964424
          ],
          [
            -5.4792846,
            33.8975506
          ]
        ]
      },
      "type": "Feature",
      "properties": {
        "name": null,
        "type": "unclassified",
        "slope": 115.18895689604793,
        "sun_diff": 2.768628636125726,
        "length": 289.6243919041847
      }
    },
    {
      "geometry": {
        "type": "LineString",
        "coordinates": [
          [
            -5.4800387,
            33.8978449
          ],
          [
            -5.481819,
            33.898538
          ]
        ]
      },
      "type": "Feature",
      "properties": {
        "name": null,
        "type": "unclassified",
        "slope": 115.12849947620353,
        "sun_diff": 2.829086055970123,
        "length": 181.54642391105884
      }
    },
    {
      "geometry": {
        "type": "LineString",
        "coordinates": [
          [
            -5.4831943,
            33.8990727
          ],
          [
            -5.4841773,
            33.8994601
          ]
        ]
      },
      "type": "Feature",
      "properties": {
        "name": null,
        "type": "unclassified",
        "slope": 115.39878269932345,
        "sun_diff": 2.558802832850205,
        "length": 100.46378122287254
      }
    },
    {
      "geometry": {
        "type": "LineString",
        "coordinates": [
          [
            -5.4845381,
            33.9009116
          ],
          [
            -5.4855143,
            33.9013511
          ]
        ]
      },
      "type": "Feature",
      "properties": {
        "name": null,
        "type": "primary",
        "slope": 118.47666246890748,
        "sun_diff": 0.5190769367338248,
        "length": 102.52837825244899
      }
    },
    {
      "geometry": {
        "type": "LineString",
        "coordinates": [
          [
            -5.4720152,
            33.8958963
          ],
          [
            -5.4709862,
            33.8954961
          ]
        ]
      },
      "type": "Feature",
      "properties": {
        "name": null,
        "type": "primary",
        "slope": 115.10535356366964,
        "sun_diff": 2.8522319685040145,
        "length": 104.91578744371071
      }
    },
    {
      "geometry": {
        "type": "LineString",
        "coordinates": [
          [
            -5.4690195,
            33.8957789
          ],
          [
            -5.4725627,
            33.8971573
          ]
        ]
      },
      "type": "Feature",
      "properties": {
        "name": null,
        "type": "residential",
        "slope": 115.11175836024154,
        "sun_diff": 2.8458271719321147,
        "length": 361.2760238945467
      }
    },
    {
      "geometry": {
        "type": "LineString",
        "coordinates": [
          [
            -5.4726384,
            33.8971875
          ],
          [
            -5.474851,
            33.8980528
          ]
        ]
      },
      "type": "Feature",
      "properties": {
        "name": null,
        "type": "residential",
        "slope": 115.22798604764822,
        "sun_diff": 2.729599484525437,
        "length": 225.8160171012811
      }
    },
    {
      "geometry": {
        "type": "LineString",
        "coordinates": [
          [
            -5.4751563,
            33.8981736
          ],
          [
            -5.4769702,
            33.8989013
          ]
        ]
      },
      "type": "Feature",
      "properties": {
        "name": null,
        "type": "residential",
        "slope": 115.79613866628378,
        "sun_diff": 2.1614468658898716,
        "length": 186.0012199865821
      }
    },
    {
      "geometry": {
        "type": "LineString",
        "coordinates": [
          [
            -5.4769702,
            33.8989013
          ],
          [
            -5.4788295,
            33.8996276
          ]
        ]
      },
      "type": "Feature",
      "properties": {
        "name": null,
        "type": "residential",
        "slope": 115.20311066882195,
        "sun_diff": 2.754474863351703,
        "length": 189.71610783500753
      }
    },
    {
      "geometry": {
        "type": "LineString",
        "coordinates": [
          [
            -5.4856541,
            33.9037537
          ],
          [
            -5.4867324,
            33.903255
          ]
        ]
      },
      "type": "Feature",
      "properties": {
        "name": null,
        "type": "residential",
        "slope": 60.87228605599347,
        "sun_diff": 1.1705209203390723,
        "length": 113.9584718080306
      }
    },
    {
      "geometry": {
        "type": "LineString",
        "coordinates": [
          [
            -5.4867324,
            33.903255
          ],
          [
            -5.4879097,
            33.9027317
          ]
        ]
      },
      "type": "Feature",
      "properties": {
        "name": null,
        "type": "residential",
        "slope": 61.82911073793426,
        "sun_diff": 0.21369623839828478,
        "length": 123.29182655796575
      }
    },
    {
      "geometry": {
        "type": "LineString",
        "coordinates": [
          [
            -5.4785031,
            33.9056089
          ],
          [
            -5.4797785,
            33.9050234
          ]
        ]
      },
      "type": "Feature",
      "properties": {
        "name": null,
        "type": "residential",
        "slope": 61.05201862177108,
        "sun_diff": 0.9907883545614595,
        "length": 134.55130134607705
      }
    },
    {
      "geometry": {
        "type": "LineString",
        "coordinates": [
          [
            -5.4861799,
            33.9045896
          ],
          [
            -5.4872781,
            33.9040818
          ]
        ]
      },
      "type": "Feature",
      "properties": {
        "name": null,
        "type": "residential",
        "slope": 60.87701437844126,
        "sun_diff": 1.1657925978912829,
        "length": 116.05510586795405
      }
    },
    {
      "geometry": {
        "type": "LineString",
        "coordinates": [
          [
            -5.4703958,
            33.8967663
          ],
          [
            -5.4716536,
            33.8972576
          ]
        ]
      },
      "type": "Feature",
      "properties": {
        "name": null,
        "type": "residential",
        "slope": 115.20090102433477,
        "sun_diff": 2.7566845078388837,
        "length": 128.3423614814026
      }
    },
    {
      "geometry": {
        "type": "LineString",
        "coordinates": [
          [
            -5.4731018,
            33.8978293
          ],
          [
            -5.4742397,
            33.898269
          ]
        ]
      },
      "type": "Feature",
      "properties": {
        "name": null,
        "type": "residential",
        "slope": 114.96396396473276,
        "sun_diff": 2.993621567440897,
        "length": 115.88218158373365
      }
    },
    {
      "geometry": {
        "type": "LineString",
        "coordinates": [
          [
            -5.4756774,
            33.8988323
          ],
          [
            -5.476765,
            33.8992675
          ]
        ]
      },
      "type": "Feature",
      "properties": {
        "name": null,
        "type": "residential",
        "slope": 115.73842203178833,
        "sun_diff": 2.2191635003853207,
        "length": 111.47000038713105
      }
    },
    {
      "geometry": {
        "type": "LineString",
        "coordinates": [
          [
            -5.476765,
            33.8992675
          ],
          [
            -5.478597,
            33.9000016
          ]
        ]
      },
      "type": "Feature",
      "properties": {
        "name": null,
        "type": "residential",
        "slope": 115.77011298096272,
        "sun_diff": 2.1874725512109308,
        "length": 187.81360031613022
      }
    },
    {
      "geometry": {
        "type": "LineString",
        "coordinates": [
          [
            -5.485552,
            33.9012778
          ],
          [
            -5.4845582,
            33.9008348
          ]
        ]
      },
      "type": "Feature",
      "properties": {
        "name": null,
        "type": "primary",
        "slope": 118.23855786872414,
        "sun_diff": 0.2809723365504908,
        "length": 104.14322849988258
      }
    },
    {
      "geometry": {
        "type": "LineString",
        "coordinates": [
          [
            -5.4845582,
            33.9008348
          ],
          [
            -5.4835752,
            33.9004363
          ]
        ]
      },
      "type": "Feature",
      "properties": {
        "name": null,
        "type": "primary",
        "slope": 116.03176006005583,
        "sun_diff": 1.9258254721178218,
        "length": 100.99819065552344
      }
    },
    {
      "geometry": {
        "type": "LineString",
        "coordinates": [
          [
            -5.4832453,
            33.9003116
          ],
          [
            -5.4821965,
            33.8998953
          ]
        ]
      },
      "type": "Feature",
      "properties": {
        "name": null,
        "type": "primary",
        "slope": 115.55810783502358,
        "sun_diff": 2.3994776971500755,
        "length": 107.32978640391924
      }
    },
    {
      "geometry": {
        "type": "LineString",
        "coordinates": [
          [
            -5.5736011,
            33.8717525
          ],
          [
            -5.5721775,
            33.8710815
          ]
        ]
      },
      "type": "Feature",
      "properties": {
        "name": null,
        "type": "residential",
        "slope": 119.58266614864274,
        "sun_diff": 1.6250806164690914,
        "length": 151.1812888371383
      }
    },
    {
      "geometry": {
        "type": "LineString",
        "coordinates": [
          [
            -5.4730374,
            33.9074504
          ],
          [
            -5.4740661,
            33.9078897
          ]
        ]
      },
      "type": "Feature",
      "properties": {
        "name": null,
        "type": "residential",
        "slope": 117.22811506384443,
        "sun_diff": 0.7294704683292252,
        "length": 106.79716106503123
      }
    },
    {
      "geometry": {
        "type": "LineString",
        "coordinates": [
          [
            -5.4885836,
            33.8969388
          ],
          [
            -5.4895988,
            33.8973555
          ]
        ]
      },
      "type": "Feature",
      "properties": {
        "name": null,
        "type": "residential",
        "slope": 116.31279424928542,
        "sun_diff": 1.6447912828882352,
        "length": 104.56250047669221
      }
    },
    {
      "geometry": {
        "type": "LineString",
        "coordinates": [
          [
            -5.4745618,
            33.9038498
          ],
          [
            -5.4756861,
            33.9043472
          ]
        ]
      },
      "type": "Feature",
      "properties": {
        "name": null,
        "type": "residential",
        "slope": 118.05947681389043,
        "sun_diff": 0.10189128171677453,
        "length": 117.61749936105936
      }
    },
    {
      "geometry": {
        "type": "LineString",
        "coordinates": [
          [
            -5.4806075,
            33.8958849
          ],
          [
            -5.4796038,
            33.8954861
          ]
        ]
      },
      "type": "Feature",
      "properties": {
        "name": null,
        "type": "residential",
        "slope": 115.57942551704161,
        "sun_diff": 2.378160015132039,
        "length": 102.73804889996765
      }
    },
    {
      "geometry": {
        "type": "LineString",
        "coordinates": [
          [
            -5.4744915,
            33.8956622
          ],
          [
            -5.4731441,
            33.8951255
          ]
        ]
      },
      "type": "Feature",
      "properties": {
        "name": null,
        "type": "residential",
        "slope": 115.63506020680802,
        "sun_diff": 2.322525325365632,
        "length": 137.98363970150135
      }
    },
    {
      "geometry": {
        "type": "LineString",
        "coordinates": [
          [
            -5.4698421,
            33.8938676
          ],
          [
            -5.4688203,
            33.8934512
          ]
        ]
      },
      "type": "Feature",
      "properties": {
        "name": null,
        "type": "residential",
        "slope": 116.14819164693722,
        "sun_diff": 1.8093938852364317,
        "length": 105.09781140739352
      }
    },
    {
      "geometry": {
        "type": "LineString",
        "coordinates": [
          [
            -5.4774182,
            33.9020103
          ],
          [
            -5.4784622,
            33.9024277
          ]
        ]
      },
      "type": "Feature",
      "properties": {
        "name": null,
        "type": "residential",
        "slope": 115.72027908846016,
        "sun_diff": 2.237306443713493,
        "length": 106.98106028837795
      }
    },
    {
      "geometry": {
        "type": "LineString",
        "coordinates": [
          [
            -5.4776991,
            33.9015305
          ],
          [
            -5.4761978,
            33.9008894
          ]
        ]
      },
      "type": "Feature",
      "properties": {
        "name": null,
        "type": "residential",
        "slope": 117.22544046733626,
        "sun_diff": 0.7321450648373968,
        "length": 155.86963119737135
      }
    },
    {
      "geometry": {
        "type": "LineString",
        "coordinates": [
          [
            -5.5454287,
            33.8812647
          ],
          [
            -5.5466002,
            33.8817695
          ]
        ]
      },
      "type": "Feature",
      "properties": {
        "name": null,
        "type": "service",
        "slope": 117.43105765116462,
        "sun_diff": 0.5265278810090308,
        "length": 121.88250643492441
      }
    },
    {
      "geometry": {
        "type": "LineString",
        "coordinates": [
          [
            -5.5479672,
            33.8567963
          ],
          [
            -5.5490498,
            33.8563556
          ]
        ]
      },
      "type": "Feature",
      "properties": {
        "name": null,
        "type": "residential",
        "slope": 63.8861626342227,
        "sun_diff": 1.8433556578901573,
        "length": 111.36706385581563
      }
    },
    {
      "geometry": {
        "type": "LineString",
        "coordinates": [
          [
            -5.5915916,
            33.8580796
          ],
          [
            -5.5906492,
            33.8576252
          ]
        ]
      },
      "type": "Feature",
      "properties": {
        "name": null,
        "type": "residential",
        "slope": 120.14093019585403,
        "sun_diff": 2.183344663680373,
        "length": 100.65694561315009
      }
    },
    {
      "geometry": {
        "type": "LineString",
        "coordinates": [
          [
            -5.5679306,
            33.8572472
          ],
          [
            -5.5690136,
            33.8577341
          ]
        ]
      },
      "type": "Feature",
      "properties": {
        "name": null,
        "type": "residential",
        "slope": 118.43075191066782,
        "sun_diff": 0.4731663784941702,
        "length": 113.75414785245725
      }
    },
    {
      "geometry": {
        "type": "LineString",
        "coordinates": [
          [
            -5.5637914,
            33.8529796
          ],
          [
            -5.5648916,
            33.8534761
          ]
        ]
      },
      "type": "Feature",
      "properties": {
        "name": null,
        "type": "residential",
        "slope": 118.52002761941537,
        "sun_diff": 0.5624420872417204,
        "length": 115.66424707363475
      }
    },
    {
      "geometry": {
        "type": "LineString",
        "coordinates": [
          [
            -5.5629917,
            33.8541745
          ],
          [
            -5.5667714,
            33.8558355
          ]
        ]
      },
      "type": "Feature",
      "properties": {
        "name": null,
        "type": "residential",
        "slope": 117.88687594435814,
        "sun_diff": 0.0707095878155144,
        "length": 395.0039466453431
      }
    },
    {
      "geometry": {
        "type": "LineString",
        "coordinates": [
          [
            -5.5668935,
            33.8558879
          ],
          [
            -5.5682968,
            33.8565043
          ]
        ]
      },
      "type": "Feature",
      "properties": {
        "name": null,
        "type": "residential",
        "slope": 117.87614391109818,
        "sun_diff": 0.08144162107547004,
        "length": 146.63786081108873
      }
    },
    {
      "geometry": {
        "type": "LineString",
        "coordinates": [
          [
            -5.5683652,
            33.8564141
          ],
          [
            -5.5669632,
            33.8557887
          ]
        ]
      },
      "type": "Feature",
      "properties": {
        "name": null,
        "type": "residential",
        "slope": 118.24273067497197,
        "sun_diff": 0.2851451427983136,
        "length": 147.00291312894376
      }
    },
    {
      "geometry": {
        "type": "LineString",
        "coordinates": [
          [
            -5.5668405,
            33.8557319
          ],
          [
            -5.5655622,
            33.8551812
          ]
        ]
      },
      "type": "Feature",
      "properties": {
        "name": null,
        "type": "residential",
        "slope": 117.41865084886501,
        "sun_diff": 0.5389346833086393,
        "length": 133.0197797532062
      }
    },
    {
      "geometry": {
        "type": "LineString",
        "coordinates": [
          [
            -5.5655622,
            33.8551812
          ],
          [
            -5.5630593,
            33.8540731
          ]
        ]
      },
      "type": "Feature",
      "properties": {
        "name": null,
        "type": "residential",
        "slope": 118.06254464269742,
        "sun_diff": 0.10495911052376528,
        "length": 261.9982035776679
      }
    },
    {
      "geometry": {
        "type": "LineString",
        "coordinates": [
          [
            -5.5567495,
            33.8582307
          ],
          [
            -5.5578389,
            33.8576903
          ]
        ]
      },
      "type": "Feature",
      "properties": {
        "name": null,
        "type": "residential",
        "slope": 59.14806007708481,
        "sun_diff": 2.8947468992477354,
        "length": 117.21131562528757
      }
    },
    {
      "geometry": {
        "type": "LineString",
        "coordinates": [
          [
            -5.5660063,
            33.8544561
          ],
          [
            -5.5634887,
            33.8533974
          ]
        ]
      },
      "type": "Feature",
      "properties": {
        "name": null,
        "type": "residential",
        "slope": 116.85610164009472,
        "sun_diff": 1.1014838920789316,
        "length": 260.6709525385903
      }
    },
    {
      "geometry": {
        "type": "LineString",
        "coordinates": [
          [
            -5.493211,
            33.8852397
          ],
          [
            -5.4919396,
            33.8858486
          ]
        ]
      },
      "type": "Feature",
      "properties": {
        "name": null,
        "type": "residential",
        "slope": 60.018973081073455,
        "sun_diff": 2.023833895259088,
        "length": 135.53379725497155
      }
    },
    {
      "geometry": {
        "type": "LineString",
        "coordinates": [
          [
            -5.5952009,
            33.8972031
          ],
          [
            -5.5964725,
            33.8976972
          ]
        ]
      },
      "type": "Feature",
      "properties": {
        "name": null,
        "type": "residential",
        "slope": 115.08578554384906,
        "sun_diff": 2.8717999883245966,
        "length": 129.6275107518747
      }
    },
    {
      "geometry": {
        "type": "LineString",
        "coordinates": [
          [
            -5.5719886,
            33.8486649
          ],
          [
            -5.5736817,
            33.8479825
          ]
        ]
      },
      "type": "Feature",
      "properties": {
        "name": null,
        "type": "residential",
        "slope": 64.11286120943657,
        "sun_diff": 2.0362311363341234,
        "length": 173.85024817721492
      }
    },
    {
      "geometry": {
        "type": "LineString",
        "coordinates": [
          [
            -5.5725065,
            33.849598
          ],
          [
            -5.5741279,
            33.8489698
          ]
        ]
      },
      "type": "Feature",
      "properties": {
        "name": null,
        "type": "residential",
        "slope": 64.99034587142555,
        "sun_diff": 2.9137157983230964,
        "length": 165.27712634553137
      }
    },
    {
      "geometry": {
        "type": "LineString",
        "coordinates": [
          [
            -5.5984795,
            33.9051851
          ],
          [
            -5.5973996,
            33.9057074
          ]
        ]
      },
      "type": "Feature",
      "properties": {
        "name": null,
        "type": "residential",
        "slope": 59.76857761122821,
        "sun_diff": 2.2742293651043326,
        "length": 115.38467367905822
      }
    },
    {
      "geometry": {
        "type": "LineString",
        "coordinates": [
          [
            -5.5906569,
            33.8472202
          ],
          [
            -5.5916748,
            33.8477029
          ]
        ]
      },
      "type": "Feature",
      "properties": {
        "name": null,
        "type": "residential",
        "slope": 119.72554008907665,
        "sun_diff": 1.801763993294557,
        "length": 108.28114870574124
      }
    },
    {
      "geometry": {
        "type": "LineString",
        "coordinates": [
          [
            -5.5581728,
            33.8505158
          ],
          [
            -5.5571475,
            33.8500648
          ]
        ]
      },
      "type": "Feature",
      "properties": {
        "name": null,
        "type": "residential",
        "slope": 117.90782162058073,
        "sun_diff": 0.04976391159291893,
        "length": 107.17765743649919
      }
    },
    {
      "geometry": {
        "type": "LineString",
        "coordinates": [
          [
            -5.5915314,
            33.8459302
          ],
          [
            -5.5925573,
            33.8464036
          ]
        ]
      },
      "type": "Feature",
      "properties": {
        "name": null,
        "type": "residential",
        "slope": 119.05676003928704,
        "sun_diff": 1.1329839435049536,
        "length": 108.41864456829504
      }
    },
    {
      "geometry": {
        "type": "LineString",
        "coordinates": [
          [
            -5.4743976,
            33.8446207
          ],
          [
            -5.473153,
            33.8440504
          ]
        ]
      },
      "type": "Feature",
      "properties": {
        "name": null,
        "type": "service",
        "slope": 118.88559927670485,
        "sun_diff": 0.9618231809227638,
        "length": 131.31682564422877
      }
    },
    {
      "geometry": {
        "type": "LineString",
        "coordinates": [
          [
            -5.482651,
            33.8497018
          ],
          [
            -5.4813192,
            33.8503041
          ]
        ]
      },
      "type": "Feature",
      "properties": {
        "name": null,
        "type": "service",
        "slope": 61.429571334755025,
        "sun_diff": 0.6470587383474253,
        "length": 140.08468452643655
      }
    },
    {
      "geometry": {
        "type": "LineString",
        "coordinates": [
          [
            -5.5722979,
            33.8876777
          ],
          [
            -5.5712044,
            33.8881632
          ]
        ]
      },
      "type": "Feature",
      "properties": {
        "name": "Rue Dumarche",
        "type": "residential",
        "slope": 61.86024948708558,
        "sun_diff": 0.18255748924696036,
        "length": 114.50271859708323
      }
    },
    {
      "geometry": {
        "type": "LineString",
        "coordinates": [
          [
            -5.5718537,
            33.8870072
          ],
          [
            -5.570751,
            33.8874975
          ]
        ]
      },
      "type": "Feature",
      "properties": {
        "name": "Rue El Khalil",
        "type": "residential",
        "slope": 61.82563245112067,
        "sun_diff": 0.21717452521187397,
        "length": 115.50431899651585
      }
    },
    {
      "geometry": {
        "type": "LineString",
        "coordinates": [
          [
            -5.5720488,
            33.8872996
          ],
          [
            -5.570963,
            33.887806
          ]
        ]
      },
      "type": "Feature",
      "properties": {
        "name": "\u0632\u0646\u0642\u0629 \u0627\u0644\u0623\u0631\u062f\u0646",
        "type": "residential",
        "slope": 60.67184891321014,
        "sun_diff": 1.3709580631224014,
        "length": 114.99727459523082
      }
    },
    {
      "geometry": {
        "type": "LineString",
        "coordinates": [
          [
            -5.576326,
            33.9068742
          ],
          [
            -5.5752038,
            33.9074234
          ]
        ]
      },
      "type": "Feature",
      "properties": {
        "name": null,
        "type": "pedestrian",
        "slope": 59.47316125877566,
        "sun_diff": 2.569645717556881,
        "length": 120.26487394661913
      }
    },
    {
      "geometry": {
        "type": "LineString",
        "coordinates": [
          [
            -5.576023,
            33.9064832
          ],
          [
            -5.5749684,
            33.9069808
          ]
        ]
      },
      "type": "Feature",
      "properties": {
        "name": null,
        "type": "pedestrian",
        "slope": 60.381022856850706,
        "sun_diff": 1.6617841194818368,
        "length": 111.98856070347172
      }
    },
    {
      "geometry": {
        "type": "LineString",
        "coordinates": [
          [
            -5.5980862,
            33.8849168
          ],
          [
            -5.5971126,
            33.8853187
          ]
        ]
      },
      "type": "Feature",
      "properties": {
        "name": null,
        "type": "residential",
        "slope": 63.56096085004771,
        "sun_diff": 1.518153873715164,
        "length": 100.40161323104633
      }
    },
    {
      "geometry": {
        "type": "LineString",
        "coordinates": [
          [
            -5.5573871,
            33.8489544
          ],
          [
            -5.558482,
            33.8494323
          ]
        ]
      },
      "type": "Feature",
      "properties": {
        "name": null,
        "type": "trunk",
        "slope": 117.72453465259471,
        "sun_diff": 0.19924144318737547,
        "length": 114.26147582849416
      }
    },
    {
      "geometry": {
        "type": "LineString",
        "coordinates": [
          [
            -5.5599216,
            33.8500825
          ],
          [
            -5.5639025,
            33.8518071
          ]
        ]
      },
      "type": "Feature",
      "properties": {
        "name": null,
        "type": "trunk",
        "slope": 117.54869645999196,
        "sun_diff": 0.4088890721816938,
        "length": 414.76221977788714
      }
    },
    {
      "geometry": {
        "type": "LineString",
        "coordinates": [
          [
            -5.5685328,
            33.8543771
          ],
          [
            -5.5696767,
            33.8549156
          ]
        ]
      },
      "type": "Feature",
      "properties": {
        "name": null,
        "type": "residential",
        "slope": 119.54761198155597,
        "sun_diff": 1.5900264493823215,
        "length": 121.45962851673346
      }
    },
    {
      "geometry": {
        "type": "LineString",
        "coordinates": [
          [
            -5.5624369,
            33.852112
          ],
          [
            -5.5611281,
            33.8526197
          ]
        ]
      },
      "type": "Feature",
      "properties": {
        "name": null,
        "type": "residential",
        "slope": 64.96280400839251,
        "sun_diff": 2.9199970320599675,
        "length": 133.43726677658344
      }
    },
    {
      "geometry": {
        "type": "LineString",
        "coordinates": [
          [
            -5.5410853,
            33.8932928
          ],
          [
            -5.5393749,
            33.8940067
          ]
        ]
      },
      "type": "Feature",
      "properties": {
        "name": null,
        "type": "residential",
        "slope": 63.30519435534714,
        "sun_diff": 1.2623873790145979,
        "length": 176.75985188254026
      }
    },
    {
      "geometry": {
        "type": "LineString",
        "coordinates": [
          [
            -5.5392201,
            33.8932244
          ],
          [
            -5.5404914,
            33.8927072
          ]
        ]
      },
      "type": "Feature",
      "properties": {
        "name": "Rue Benimguild \u0632\u0646\u0642\u0629 \u0628\u0646\u064a \u0645\u0643\u064a\u0644\u062f",
        "type": "residential",
        "slope": 63.890311862436846,
        "sun_diff": 1.8475048861043035,
        "length": 130.71825524365576
      }
    },
    {
      "geometry": {
        "type": "LineString",
        "coordinates": [
          [
            -5.5925801,
            33.8549812
          ],
          [
            -5.5942889,
            33.8557706
          ]
        ]
      },
      "type": "Feature",
      "properties": {
        "name": null,
        "type": "residential",
        "slope": 119.08647088401517,
        "sun_diff": 1.128885351841518,
        "length": 180.62105343507346
      }
    },
    {
      "geometry": {
        "type": "LineString",
        "coordinates": [
          [
            -5.5619149,
            33.8508578
          ],
          [
            -5.5598872,
            33.849967
          ]
        ]
      },
      "type": "Feature",
      "properties": {
        "name": null,
        "type": "trunk",
        "slope": 117.87784319527691,
        "sun_diff": 0.07974233689674293,
        "length": 211.9026317101424
      }
    },
    {
      "geometry": {
        "type": "LineString",
        "coordinates": [
          [
            -5.5591695,
            33.8496472
          ],
          [
            -5.5574419,
            33.8488863
          ]
        ]
      },
      "type": "Feature",
      "properties": {
        "name": null,
        "type": "trunk",
        "slope": 117.93799821274092,
        "sun_diff": 0.014222116958833908,
        "length": 180.6438170037556
      }
    },
    {
      "geometry": {
        "type": "LineString",
        "coordinates": [
          [
            -5.566976,
            33.8527539
          ],
          [
            -5.5653004,
            33.8520201
          ]
        ]
      },
      "type": "Feature",
      "properties": {
        "name": null,
        "type": "service",
        "slope": 117.80381914847067,
        "sun_diff": 0.1537663837029868,
        "length": 174.98327107824687
      }
    },
    {
      "geometry": {
        "type": "LineString",
        "coordinates": [
          [
            -5.4841048,
            33.9016602
          ],
          [
            -5.4829783,
            33.9011672
          ]
        ]
      },
      "type": "Feature",
      "properties": {
        "name": null,
        "type": "residential",
        "slope": 117.80155890785772,
        "sun_diff": 0.15602662431592762,
        "length": 117.57059347454839
      }
    },
    {
      "geometry": {
        "type": "LineString",
        "coordinates": [
          [
            -5.4814884,
            33.9005749
          ],
          [
            -5.480386,
            33.9001358
          ]
        ]
      },
      "type": "Feature",
      "properties": {
        "name": null,
        "type": "residential",
        "slope": 115.63581654581262,
        "sun_diff": 2.321768986361036,
        "length": 112.88797781873257
      }
    },
    {
      "geometry": {
        "type": "LineString",
        "coordinates": [
          [
            -5.5826078,
            33.8505948
          ],
          [
            -5.5836488,
            33.8510755
          ]
        ]
      },
      "type": "Feature",
      "properties": {
        "name": null,
        "type": "residential",
        "slope": 119.07490630530356,
        "sun_diff": 1.1173207731299044,
        "length": 110.02778925318331
      }
    },
    {
      "geometry": {
        "type": "LineString",
        "coordinates": [
          [
            -5.5842908,
            33.851372
          ],
          [
            -5.5853702,
            33.8518636
          ]
        ]
      },
      "type": "Feature",
      "properties": {
        "name": null,
        "type": "residential",
        "slope": 118.74050468964566,
        "sun_diff": 0.7829191574720085,
        "length": 113.71831105658282
      }
    },
    {
      "geometry": {
        "type": "LineString",
        "coordinates": [
          [
            -5.5870247,
            33.8526171
          ],
          [
            -5.5884036,
            33.8532515
          ]
        ]
      },
      "type": "Feature",
      "properties": {
        "name": null,
        "type": "residential",
        "slope": 118.98635303338315,
        "sun_diff": 1.0287675012095008,
        "length": 145.61332955457704
      }
    },
    {
      "geometry": {
        "type": "LineString",
        "coordinates": [
          [
            -5.5230838,
            33.912772
          ],
          [
            -5.5219375,
            33.9122246
          ]
        ]
      },
      "type": "Feature",
      "properties": {
        "name": "Rue 2 \u0632\u0646\u0642\u0629",
        "type": "residential",
        "slope": 119.91694396116915,
        "sun_diff": 1.9593584289955004,
        "length": 122.08077413263159
      }
    },
    {
      "geometry": {
        "type": "LineString",
        "coordinates": [
          [
            -5.4750877,
            33.8973556
          ],
          [
            -5.4730093,
            33.8965435
          ]
        ]
      },
      "type": "Feature",
      "properties": {
        "name": null,
        "type": "residential",
        "slope": 115.20809724441227,
        "sun_diff": 2.7494882877613804,
        "length": 212.08705512396702
      }
    },
    {
      "geometry": {
        "type": "LineString",
        "coordinates": [
          [
            -5.4729395,
            33.8965155
          ],
          [
            -5.4706402,
            33.8956063
          ]
        ]
      },
      "type": "Feature",
      "properties": {
        "name": null,
        "type": "residential",
        "slope": 115.47236875150361,
        "sun_diff": 2.4852167806700436,
        "length": 235.14397273916964
      }
    },
    {
      "geometry": {
        "type": "LineString",
        "coordinates": [
          [
            -5.4706402,
            33.8956063
          ],
          [
            -5.4694735,
            33.8951421
          ]
        ]
      },
      "type": "Feature",
      "properties": {
        "name": null,
        "type": "residential",
        "slope": 115.60990412584266,
        "sun_diff": 2.3476814063309916,
        "length": 119.45349637982937
      }
    },
    {
      "geometry": {
        "type": "LineString",
        "coordinates": [
          [
            -5.5698917,
            33.8882999
          ],
          [
            -5.5689057,
            33.8887575
          ]
        ]
      },
      "type": "Feature",
      "properties": {
        "name": "\u0632\u0646\u0642\u0629 \u0627\u0644\u0623\u0631\u062f\u0646",
        "type": "residential",
        "slope": 60.79168979110776,
        "sun_diff": 1.2511171852247855,
        "length": 104.30391088865403
      }
    },
    {
      "geometry": {
        "type": "LineString",
        "coordinates": [
          [
            -5.5957156,
            33.8802821
          ],
          [
            -5.5945779,
            33.8798036
          ]
        ]
      },
      "type": "Feature",
      "properties": {
        "name": null,
        "type": "residential",
        "slope": 116.86686118352134,
        "sun_diff": 1.0907243486523157,
        "length": 117.77193686989517
      }
    },
    {
      "geometry": {
        "type": "LineString",
        "coordinates": [
          [
            -5.5590834,
            33.9108212
          ],
          [
            -5.5581124,
            33.9104049
          ]
        ]
      },
      "type": "Feature",
      "properties": {
        "name": null,
        "type": "residential",
        "slope": 117.32094442153155,
        "sun_diff": 0.6366411106421026,
        "length": 100.88775025531523
      }
    },
    {
      "geometry": {
        "type": "LineString",
        "coordinates": [
          [
            -5.558987,
            33.9138849
          ],
          [
            -5.5599558,
            33.9143298
          ]
        ]
      },
      "type": "Feature",
      "properties": {
        "name": null,
        "type": "residential",
        "slope": 118.95889036376124,
        "sun_diff": 1.0013048315875892,
        "length": 102.20589793233529
      }
    },
    {
      "geometry": {
        "type": "LineString",
        "coordinates": [
          [
            -5.5491908,
            33.904624
          ],
          [
            -5.550473,
            33.9051791
          ]
        ]
      },
      "type": "Feature",
      "properties": {
        "name": "Avenue Khalid Ibn Oualid",
        "type": "secondary",
        "slope": 117.54761282276118,
        "sun_diff": 0.40997270941247166,
        "length": 133.50435941420648
      }
    },
    {
      "geometry": {
        "type": "LineString",
        "coordinates": [
          [
            -5.4946105,
            33.9171126
          ],
          [
            -5.4936292,
            33.9167198
          ]
        ]
      },
      "type": "Feature",
      "properties": {
        "name": null,
        "type": "residential",
        "slope": 115.75075379489024,
        "sun_diff": 2.2068317372834088,
        "length": 100.56458067025763
      }
    },
    {
      "geometry": {
        "type": "LineString",
        "coordinates": [
          [
            -5.4951516,
            33.9080576
          ],
          [
            -5.496372,
            33.9075467
          ]
        ]
      },
      "type": "Feature",
      "properties": {
        "name": null,
        "type": "service",
        "slope": 63.232957101321205,
        "sun_diff": 1.1901501249886621,
        "length": 126.18055783863412
      }
    },
    {
      "geometry": {
        "type": "LineString",
        "coordinates": [
          [
            -5.4996818,
            33.9117283
          ],
          [
            -5.5007172,
            33.9121823
          ]
        ]
      },
      "type": "Feature",
      "properties": {
        "name": null,
        "type": "service",
        "slope": 117.84992543531672,
        "sun_diff": 0.10766009685693234,
        "length": 108.09732471496393
      }
    },
    {
      "geometry": {
        "type": "LineString",
        "coordinates": [
          [
            -5.5005683,
            33.9114945
          ],
          [
            -5.502492,
            33.9123236
          ]
        ]
      },
      "type": "Feature",
      "properties": {
        "name": null,
        "type": "service",
        "slope": 117.44444461755006,
        "sun_diff": 0.513140914623591,
        "length": 200.09404059908962
      }
    },
    {
      "geometry": {
        "type": "LineString",
        "coordinates": [
          [
            -5.5035456,
            33.9083158
          ],
          [
            -5.504656,
            33.9088634
          ]
        ]
      },
      "type": "Feature",
      "properties": {
        "name": null,
        "type": "residential",
        "slope": 120.71947510369407,
        "sun_diff": 2.7618895715204133,
        "length": 119.23533557289423
      }
    },
    {
      "geometry": {
        "type": "LineString",
        "coordinates": [
          [
            -5.4780243,
            33.9058137
          ],
          [
            -5.4770306,
            33.9054185
          ]
        ]
      },
      "type": "Feature",
      "properties": {
        "name": null,
        "type": "residential",
        "slope": 115.60311958988888,
        "sun_diff": 2.354465942284776,
        "length": 101.7227543488439
      }
    },
    {
      "geometry": {
        "type": "LineString",
        "coordinates": [
          [
            -5.4764669,
            33.8980367
          ],
          [
            -5.4754414,
            33.8976332
          ]
        ]
      },
      "type": "Feature",
      "properties": {
        "name": null,
        "type": "residential",
        "slope": 115.36263469091014,
        "sun_diff": 2.594950841263511,
        "length": 104.77781488813298
      }
    },
    {
      "geometry": {
        "type": "LineString",
        "coordinates": [
          [
            -5.4827104,
            33.900389
          ],
          [
            -5.4804826,
            33.8994835
          ]
        ]
      },
      "type": "Feature",
      "properties": {
        "name": null,
        "type": "residential",
        "slope": 116.09073104720423,
        "sun_diff": 1.8668544849694229,
        "length": 229.01223879379697
      }
    },
    {
      "geometry": {
        "type": "LineString",
        "coordinates": [
          [
            -5.4776889,
            33.9069706
          ],
          [
            -5.475975,
            33.9077238
          ]
        ]
      },
      "type": "Feature",
      "properties": {
        "name": null,
        "type": "residential",
        "slope": 62.09803319397713,
        "sun_diff": 0.055226217644587905,
        "length": 179.02934523980323
      }
    },
    {
      "geometry": {
        "type": "LineString",
        "coordinates": [
          [
            -5.48673,
            33.9023564
          ],
          [
            -5.48521,
            33.9030953
          ]
        ]
      },
      "type": "Feature",
      "properties": {
        "name": null,
        "type": "tertiary",
        "slope": 59.6426032481815,
        "sun_diff": 2.400203728151041,
        "length": 162.62216691733462
      }
    },
    {
      "geometry": {
        "type": "LineString",
        "coordinates": [
          [
            -5.48521,
            33.9030953
          ],
          [
            -5.4841461,
            33.9035706
          ]
        ]
      },
      "type": "Feature",
      "properties": {
        "name": null,
        "type": "tertiary",
        "slope": 61.70772516123486,
        "sun_diff": 0.33508181509768065,
        "length": 111.54231457544721
      }
    },
    {
      "geometry": {
        "type": "LineString",
        "coordinates": [
          [
            -5.5904619,
            33.8540207
          ],
          [
            -5.5894235,
            33.8535295
          ]
        ]
      },
      "type": "Feature",
      "properties": {
        "name": null,
        "type": "residential",
        "slope": 119.665991638794,
        "sun_diff": 1.7084061066203446,
        "length": 110.38841982961165
      }
    },
    {
      "geometry": {
        "type": "LineString",
        "coordinates": [
          [
            -5.53526,
            33.8901259
          ],
          [
            -5.5339283,
            33.889468
          ]
        ]
      },
      "type": "Feature",
      "properties": {
        "name": null,
        "type": "service",
        "slope": 120.75834851446388,
        "sun_diff": 2.800762982290223,
        "length": 143.08814979621985
      }
    },
    {
      "geometry": {
        "type": "LineString",
        "coordinates": [
          [
            -5.5421014,
            33.8594617
          ],
          [
            -5.5432644,
            33.8589856
          ]
        ]
      },
      "type": "Feature",
      "properties": {
        "name": null,
        "type": "residential",
        "slope": 63.757839005803106,
        "sun_diff": 1.7150320294705637,
        "length": 119.76589638563303
      }
    },
    {
      "geometry": {
        "type": "LineString",
        "coordinates": [
          [
            -5.4749903,
            33.9077409
          ],
          [
            -5.4761735,
            33.9071923
          ]
        ]
      },
      "type": "Feature",
      "properties": {
        "name": null,
        "type": "tertiary",
        "slope": 60.80953167979081,
        "sun_diff": 1.2332752965417342,
        "length": 125.11529828151262
      }
    },
    {
      "geometry": {
        "type": "LineString",
        "coordinates": [
          [
            -5.4761735,
            33.9071923
          ],
          [
            -5.4774401,
            33.9066141
          ]
        ]
      },
      "type": "Feature",
      "properties": {
        "name": null,
        "type": "tertiary",
        "slope": 61.18780869570142,
        "sun_diff": 0.854998280631122,
        "length": 133.4458766527891
      }
    },
    {
      "geometry": {
        "type": "LineString",
        "coordinates": [
          [
            -5.4774401,
            33.9066141
          ],
          [
            -5.4787512,
            33.9060207
          ]
        ]
      },
      "type": "Feature",
      "properties": {
        "name": null,
        "type": "tertiary",
        "slope": 61.39512436448618,
        "sun_diff": 0.6476826118463634,
        "length": 137.8617686520803
      }
    },
    {
      "geometry": {
        "type": "LineString",
        "coordinates": [
          [
            -5.55757,
            33.8544644
          ],
          [
            -5.5586227,
            33.8540311
          ]
        ]
      },
      "type": "Feature",
      "properties": {
        "name": null,
        "type": "residential",
        "slope": 63.63518370803976,
        "sun_diff": 1.592376731707219,
        "length": 108.5282808950416
      }
    },
    {
      "geometry": {
        "type": "LineString",
        "coordinates": [
          [
            -5.5520091,
            33.8504153
          ],
          [
            -5.5508397,
            33.8508885
          ]
        ]
      },
      "type": "Feature",
      "properties": {
        "name": null,
        "type": "residential",
        "slope": 64.02258192553461,
        "sun_diff": 1.979774949202067,
        "length": 120.16449196781281
      }
    },
    {
      "geometry": {
        "type": "LineString",
        "coordinates": [
          [
            -5.5487284,
            33.856769
          ],
          [
            -5.5477476,
            33.8571653
          ]
        ]
      },
      "type": "Feature",
      "properties": {
        "name": null,
        "type": "service",
        "slope": 64.05405518587773,
        "sun_diff": 2.0112482095451867,
        "length": 100.75005506065078
      }
    },
    {
      "geometry": {
        "type": "LineString",
        "coordinates": [
          [
            -5.4758153,
            33.9008859
          ],
          [
            -5.4748271,
            33.9004897
          ]
        ]
      },
      "type": "Feature",
      "properties": {
        "name": null,
        "type": "residential",
        "slope": 115.78263340067818,
        "sun_diff": 2.1749521314954734,
        "length": 101.31819111543642
      }
    },
    {
      "geometry": {
        "type": "LineString",
        "coordinates": [
          [
            -5.4828707,
            33.9041204
          ],
          [
            -5.4818525,
            33.904571
          ]
        ]
      },
      "type": "Feature",
      "properties": {
        "name": null,
        "type": "tertiary",
        "slope": 61.93309310631656,
        "sun_diff": 0.10971387001598032,
        "length": 106.52501788624905
      }
    },
    {
      "geometry": {
        "type": "LineString",
        "coordinates": [
          [
            -5.5919166,
            33.8577232
          ],
          [
            -5.5908567,
            33.8572049
          ]
        ]
      },
      "type": "Feature",
      "properties": {
        "name": null,
        "type": "residential",
        "slope": 120.49224142044804,
        "sun_diff": 2.5346558882743864,
        "length": 113.6141687095268
      }
    },
    {
      "geometry": {
        "type": "LineString",
        "coordinates": [
          [
            -5.4899282,
            33.9036023
          ],
          [
            -5.4885827,
            33.9041223
          ]
        ]
      },
      "type": "Feature",
      "properties": {
        "name": null,
        "type": "residential",
        "slope": 65.0311348496094,
        "sun_diff": 2.988327873276859,
        "length": 137.0199856075001
      }
    },
    {
      "geometry": {
        "type": "LineString",
        "coordinates": [
          [
            -5.4841711,
            33.9036089
          ],
          [
            -5.4852366,
            33.9031346
          ]
        ]
      },
      "type": "Feature",
      "properties": {
        "name": null,
        "type": "tertiary",
        "slope": 61.79405927312217,
        "sun_diff": 0.24874770321036976,
        "length": 111.61974655440395
      }
    },
    {
      "geometry": {
        "type": "LineString",
        "coordinates": [
          [
            -5.4852366,
            33.9031346
          ],
          [
            -5.4867663,
            33.9024092
          ]
        ]
      },
      "type": "Feature",
      "properties": {
        "name": null,
        "type": "tertiary",
        "slope": 60.25869410278699,
        "sun_diff": 1.7841128735455527,
        "length": 162.64531641064875
      }
    },
    {
      "geometry": {
        "type": "LineString",
        "coordinates": [
          [
            -5.480665,
            33.8992976
          ],
          [
            -5.4792944,
            33.8987538
          ]
        ]
      },
      "type": "Feature",
      "properties": {
        "name": null,
        "type": "primary",
        "slope": 115.54829811954335,
        "sun_diff": 2.409287412630306,
        "length": 140.2517576376425
      }
    },
    {
      "geometry": {
        "type": "LineString",
        "coordinates": [
          [
            -5.4788223,
            33.8985885
          ],
          [
            -5.476681,
            33.897738
          ]
        ]
      },
      "type": "Feature",
      "properties": {
        "name": null,
        "type": "primary",
        "slope": 115.57208137871157,
        "sun_diff": 2.3855041534620796,
        "length": 219.16230504903703
      }
    },
    {
      "geometry": {
        "type": "LineString",
        "coordinates": [
          [
            -5.4748618,
            33.8970154
          ],
          [
            -5.4736604,
            33.8965381
          ]
        ]
      },
      "type": "Feature",
      "properties": {
        "name": null,
        "type": "primary",
        "slope": 115.57726453171446,
        "sun_diff": 2.3803210004591904,
        "length": 122.97070323643638
      }
    },
    {
      "geometry": {
        "type": "LineString",
        "coordinates": [
          [
            -5.4732801,
            33.8964784
          ],
          [
            -5.4754164,
            33.8973213
          ]
        ]
      },
      "type": "Feature",
      "properties": {
        "name": null,
        "type": "primary",
        "slope": 115.42418782073099,
        "sun_diff": 2.5333977114426602,
        "length": 218.3843772426438
      }
    },
    {
      "geometry": {
        "type": "LineString",
        "coordinates": [
          [
            -5.4755732,
            33.8973833
          ],
          [
            -5.4782411,
            33.8984322
          ]
        ]
      },
      "type": "Feature",
      "properties": {
        "name": null,
        "type": "primary",
        "slope": 115.34531460616145,
        "sun_diff": 2.612270926012201,
        "length": 272.54609357924534
      }
    },
    {
      "geometry": {
        "type": "LineString",
        "coordinates": [
          [
            -5.4792528,
            33.8988245
          ],
          [
            -5.4805655,
            33.8993434
          ]
        ]
      },
      "type": "Feature",
      "properties": {
        "name": null,
        "type": "primary",
        "slope": 115.46588599051665,
        "sun_diff": 2.491699541656999,
        "length": 134.23452271842666
      }
    },
    {
      "geometry": {
        "type": "LineString",
        "coordinates": [
          [
            -5.5489114,
            33.8561268
          ],
          [
            -5.5478319,
            33.856587
          ]
        ]
      },
      "type": "Feature",
      "properties": {
        "name": null,
        "type": "service",
        "slope": 62.82603833243817,
        "sun_diff": 0.783231356105631,
        "length": 112.08405236806693
      }
    },
    {
      "geometry": {
        "type": "LineString",
        "coordinates": [
          [
            -5.5600912,
            33.8835978
          ],
          [
            -5.5579299,
            33.8825921
          ]
        ]
      },
      "type": "Feature",
      "properties": {
        "name": null,
        "type": "service",
        "slope": 119.27089044344913,
        "sun_diff": 1.3133049112754804,
        "length": 228.78777668615695
      }
    },
    {
      "geometry": {
        "type": "LineString",
        "coordinates": [
          [
            -5.5579299,
            33.8825921
          ],
          [
            -5.5565125,
            33.8820076
          ]
        ]
      },
      "type": "Feature",
      "properties": {
        "name": null,
        "type": "service",
        "slope": 116.41473629003428,
        "sun_diff": 1.5428492421393685,
        "length": 146.14226829413798
      }
    },
    {
      "geometry": {
        "type": "LineString",
        "coordinates": [
          [
            -5.5716667,
            33.8621092
          ],
          [
            -5.5705298,
            33.8626601
          ]
        ]
      },
      "type": "Feature",
      "properties": {
        "name": null,
        "type": "residential",
        "slope": 59.734424484409146,
        "sun_diff": 2.308382491923396,
        "length": 121.57856008222483
      }
    },
    {
      "geometry": {
        "type": "LineString",
        "coordinates": [
          [
            -5.5775683,
            33.8722884
          ],
          [
            -5.5761033,
            33.8717206
          ]
        ]
      },
      "type": "Feature",
      "properties": {
        "name": null,
        "type": "residential",
        "slope": 115.02308715302678,
        "sun_diff": 2.9344983791468735,
        "length": 149.31111634873082
      }
    },
    {
      "geometry": {
        "type": "LineString",
        "coordinates": [
          [
            -5.5490061,
            33.9003366
          ],
          [
            -5.5503146,
            33.8996998
          ]
        ]
      },
      "type": "Feature",
      "properties": {
        "name": "Avenue Hassan II \u0634\u0627\u0631\u0639 \u0627\u0644\u062d\u0633\u0646 \u0627\u0644\u062b\u0627\u0646\u064a",
        "type": "secondary",
        "slope": 59.6155579430941,
        "sun_diff": 2.4272490332384393,
        "length": 140.03761422258893
      }
    },
    {
      "geometry": {
        "type": "LineString",
        "coordinates": [
          [
            -5.5066966,
            33.8996289
          ],
          [
            -5.5056087,
            33.9001646
          ]
        ]
      },
      "type": "Feature",
      "properties": {
        "name": "Boulevard des F.A.R \u0634\u0627\u0631\u0639 \u0627\u0644\u062c\u064a\u0634 \u0627\u0644\u0645\u0644\u0643\u064a",
        "type": "primary",
        "slope": 59.32081217544379,
        "sun_diff": 2.7219948008887513,
        "length": 116.7824232326378
      }
    },
    {
      "geometry": {
        "type": "LineString",
        "coordinates": [
          [
            -5.5447188,
            33.8828861
          ],
          [
            -5.5460787,
            33.8834472
          ]
        ]
      },
      "type": "Feature",
      "properties": {
        "name": "Avenue Abderahmane Ben Zidane \u0639\u0628\u062f \u0627\u0644\u0631\u062d\u0645\u0646 \u0628\u0646 \u0632\u064a\u062f\u0627\u0646",
        "type": "secondary",
        "slope": 116.42780231886513,
        "sun_diff": 1.5297832133085194,
        "length": 140.22795766754197
      }
    },
    {
      "geometry": {
        "type": "LineString",
        "coordinates": [
          [
            -5.5467318,
            33.8837088
          ],
          [
            -5.547751,
            33.8841141
          ]
        ]
      },
      "type": "Feature",
      "properties": {
        "name": "Avenue Abderahmane Ben Zidane \u0639\u0628\u062f \u0627\u0644\u0631\u062d\u0645\u0646 \u0628\u0646 \u0632\u064a\u062f\u0627\u0646",
        "type": "secondary",
        "slope": 115.59525690167624,
        "sun_diff": 2.362328630497416,
        "length": 104.35273404149241
      }
    },
    {
      "geometry": {
        "type": "LineString",
        "coordinates": [
          [
            -5.4818866,
            33.9046194
          ],
          [
            -5.482903,
            33.9041713
          ]
        ]
      },
      "type": "Feature",
      "properties": {
        "name": null,
        "type": "tertiary",
        "slope": 62.02336391750751,
        "sun_diff": 0.019443058825032722,
        "length": 106.2476372162341
      }
    },
    {
      "geometry": {
        "type": "LineString",
        "coordinates": [
          [
            -5.5780581,
            33.8888132
          ],
          [
            -5.5796255,
            33.8894504
          ]
        ]
      },
      "type": "Feature",
      "properties": {
        "name": "Avenue Annasr \u0634\u0627\u0631\u0639 \u0627\u0644\u0646\u0635\u0631",
        "type": "secondary",
        "slope": 116.09242864290346,
        "sun_diff": 1.865156889270196,
        "length": 161.14724958263358
      }
    },
    {
      "geometry": {
        "type": "LineString",
        "coordinates": [
          [
            -5.5562749,
            33.854001
          ],
          [
            -5.5552142,
            33.8544507
          ]
        ]
      },
      "type": "Feature",
      "properties": {
        "name": null,
        "type": "residential",
        "slope": 62.9547134935882,
        "sun_diff": 0.9119065172556589,
        "length": 110.00825511534228
      }
    },
    {
      "geometry": {
        "type": "LineString",
        "coordinates": [
          [
            -5.5441962,
            33.8937141
          ],
          [
            -5.5451636,
            33.8932927
          ]
        ]
      },
      "type": "Feature",
      "properties": {
        "name": null,
        "type": "service",
        "slope": 62.31081705284805,
        "sun_diff": 0.2680100765155089,
        "length": 100.87087300957519
      }
    },
    {
      "geometry": {
        "type": "LineString",
        "coordinates": [
          [
            -5.5627114,
            33.850631
          ],
          [
            -5.563735,
            33.8510559
          ]
        ]
      },
      "type": "Feature",
      "properties": {
        "name": null,
        "type": "residential",
        "slope": 116.55728740764386,
        "sun_diff": 1.4002981245297974,
        "length": 105.70891133266726
      }
    },
    {
      "geometry": {
        "type": "LineString",
        "coordinates": [
          [
            -5.5611004,
            33.8501805
          ],
          [
            -5.5597532,
            33.8495857
          ]
        ]
      },
      "type": "Feature",
      "properties": {
        "name": null,
        "type": "residential",
        "slope": 117.99581458099132,
        "sun_diff": 0.03822904881766931,
        "length": 140.9423301774861
      }
    },
    {
      "geometry": {
        "type": "LineString",
        "coordinates": [
          [
            -5.5596301,
            33.8495335
          ],
          [
            -5.5584196,
            33.8490055
          ]
        ]
      },
      "type": "Feature",
      "properties": {
        "name": null,
        "type": "residential",
        "slope": 117.70847707048009,
        "sun_diff": 0.21529902530200218,
        "length": 126.30669954486945
      }
    },
    {
      "geometry": {
        "type": "LineString",
        "coordinates": [
          [
            -5.5614395,
            33.8503296
          ],
          [
            -5.5625691,
            33.8508409
          ]
        ]
      },
      "type": "Feature",
      "properties": {
        "name": null,
        "type": "residential",
        "slope": 118.59148880592986,
        "sun_diff": 0.6339032737562036,
        "length": 118.83938282322883
      }
    },
    {
      "geometry": {
        "type": "LineString",
        "coordinates": [
          [
            -5.5926206,
            33.8477418
          ],
          [
            -5.5936371,
            33.8482116
          ]
        ]
      },
      "type": "Feature",
      "properties": {
        "name": null,
        "type": "residential",
        "slope": 119.09551261371541,
        "sun_diff": 1.1717365179333257,
        "length": 107.46337141165125
      }
    },
    {
      "geometry": {
        "type": "LineString",
        "coordinates": [
          [
            -5.593686,
            33.8481258
          ],
          [
            -5.5926829,
            33.8476532
          ]
        ]
      },
      "type": "Feature",
      "properties": {
        "name": null,
        "type": "residential",
        "slope": 119.56543917245148,
        "sun_diff": 1.6416630766693885,
        "length": 106.53681880066131
      }
    },
    {
      "geometry": {
        "type": "LineString",
        "coordinates": [
          [
            -5.5938808,
            33.8483104
          ],
          [
            -5.594922,
            33.8488082
          ]
        ]
      },
      "type": "Feature",
      "properties": {
        "name": null,
        "type": "residential",
        "slope": 119.92786431450006,
        "sun_diff": 2.0040882187179676,
        "length": 110.98276798545203
      }
    },
    {
      "geometry": {
        "type": "LineString",
        "coordinates": [
          [
            -5.5949763,
            33.8487293
          ],
          [
            -5.5939318,
            33.8482384
          ]
        ]
      },
      "type": "Feature",
      "properties": {
        "name": null,
        "type": "residential",
        "slope": 119.50535096061765,
        "sun_diff": 1.5815748648355594,
        "length": 110.86714614546128
      }
    },
    {
      "geometry": {
        "type": "LineString",
        "coordinates": [
          [
            -5.5743894,
            33.8695425
          ],
          [
            -5.573127,
            33.8690542
          ]
        ]
      },
      "type": "Feature",
      "properties": {
        "name": null,
        "type": "service",
        "slope": 114.97853797129204,
        "sun_diff": 2.979047560881611,
        "length": 128.6197816623037
      }
    },
    {
      "geometry": {
        "type": "LineString",
        "coordinates": [
          [
            -5.4839459,
            33.8547491
          ],
          [
            -5.4861581,
            33.8536978
          ]
        ]
      },
      "type": "Feature",
      "properties": {
        "name": null,
        "type": "service",
        "slope": 60.219861124268505,
        "sun_diff": 1.8229458520640378,
        "length": 235.43730301683462
      }
    },
    {
      "geometry": {
        "type": "LineString",
        "coordinates": [
          [
            -5.4843852,
            33.8551122
          ],
          [
            -5.4858309,
            33.8544484
          ]
        ]
      },
      "type": "Feature",
      "properties": {
        "name": null,
        "type": "service",
        "slope": 61.062009763075764,
        "sun_diff": 0.9807972132567784,
        "length": 152.5931524116267
      }
    },
    {
      "geometry": {
        "type": "LineString",
        "coordinates": [
          [
            -5.4829852,
            33.8511829
          ],
          [
            -5.4816781,
            33.8517771
          ]
        ]
      },
      "type": "Feature",
      "properties": {
        "name": null,
        "type": "service",
        "slope": 61.304307931291646,
        "sun_diff": 0.7384990450408964,
        "length": 137.64845390977155
      }
    },
    {
      "geometry": {
        "type": "LineString",
        "coordinates": [
          [
            -5.5648127,
            33.8877487
          ],
          [
            -5.5636393,
            33.8871764
          ]
        ]
      },
      "type": "Feature",
      "properties": {
        "name": null,
        "type": "service",
        "slope": 120.43538643360128,
        "sun_diff": 2.477800901427628,
        "length": 125.66305086218011
      }
    },
    {
      "geometry": {
        "type": "LineString",
        "coordinates": [
          [
            -5.5619503,
            33.8862585
          ],
          [
            -5.560907,
            33.8857494
          ]
        ]
      },
      "type": "Feature",
      "properties": {
        "name": null,
        "type": "service",
        "slope": 120.44742856465652,
        "sun_diff": 2.4898430324828666,
        "length": 111.74593880211889
      }
    },
    {
      "geometry": {
        "type": "LineString",
        "coordinates": [
          [
            -5.5974504,
            33.9125333
          ],
          [
            -5.598599,
            33.911965
          ]
        ]
      },
      "type": "Feature",
      "properties": {
        "name": null,
        "type": "residential",
        "slope": 59.19699131097906,
        "sun_diff": 2.8458156653534843,
        "length": 123.43925752377464
      }
    },
    {
      "geometry": {
        "type": "LineString",
        "coordinates": [
          [
            -5.5648753,
            33.8522266
          ],
          [
            -5.5680044,
            33.8536033
          ]
        ]
      },
      "type": "Feature",
      "properties": {
        "name": null,
        "type": "trunk",
        "slope": 117.9139487151152,
        "sun_diff": 0.04363681705845579,
        "length": 327.10183819290506
      }
    },
    {
      "geometry": {
        "type": "LineString",
        "coordinates": [
          [
            -5.5684176,
            33.8537791
          ],
          [
            -5.5710607,
            33.8549045
          ]
        ]
      },
      "type": "Feature",
      "properties": {
        "name": null,
        "type": "trunk",
        "slope": 117.14507029862136,
        "sun_diff": 0.8125152335522898,
        "length": 274.36727880433483
      }
    },
    {
      "geometry": {
        "type": "LineString",
        "coordinates": [
          [
            -5.5976148,
            33.8748474
          ],
          [
            -5.5962854,
            33.8742873
          ]
        ]
      },
      "type": "Feature",
      "properties": {
        "name": null,
        "type": "residential",
        "slope": 116.9055802526625,
        "sun_diff": 1.0520052795111496,
        "length": 137.67226175367136
      }
    },
    {
      "geometry": {
        "type": "LineString",
        "coordinates": [
          [
            -5.590002,
            33.8522605
          ],
          [
            -5.5889959,
            33.8517989
          ]
        ]
      },
      "type": "Feature",
      "properties": {
        "name": null,
        "type": "residential",
        "slope": 118.91855965121806,
        "sun_diff": 0.9609741190444083,
        "length": 106.1770071144484
      }
    },
    {
      "geometry": {
        "type": "LineString",
        "coordinates": [
          [
            -5.5870544,
            33.8509189
          ],
          [
            -5.5849433,
            33.8499684
          ]
        ]
      },
      "type": "Feature",
      "properties": {
        "name": null,
        "type": "residential",
        "slope": 118.46349165125449,
        "sun_diff": 0.5059061190808336,
        "length": 221.82919154073105
      }
    },
    {
      "geometry": {
        "type": "LineString",
        "coordinates": [
          [
            -5.5849433,
            33.8499684
          ],
          [
            -5.5837519,
            33.8494262
          ]
        ]
      },
      "type": "Feature",
      "properties": {
        "name": null,
        "type": "residential",
        "slope": 118.72160085544962,
        "sun_diff": 0.7978247596675345,
        "length": 125.49817340353553
      }
    },
    {
      "geometry": {
        "type": "LineString",
        "coordinates": [
          [
            -5.5970065,
            33.8579608
          ],
          [
            -5.5958253,
            33.8574285
          ]
        ]
      },
      "type": "Feature",
      "properties": {
        "name": null,
        "type": "residential",
        "slope": 118.48713661657047,
        "sun_diff": 0.5295510843968145,
        "length": 124.13476630431788
      }
    },
    {
      "geometry": {
        "type": "LineString",
        "coordinates": [
          [
            -5.5950485,
            33.8570785
          ],
          [
            -5.5939425,
            33.8565802
          ]
        ]
      },
      "type": "Feature",
      "properties": {
        "name": null,
        "type": "residential",
        "slope": 118.48151890008904,
        "sun_diff": 0.5239333679153901,
        "length": 116.22683064629209
      }
    },
    {
      "geometry": {
        "type": "LineString",
        "coordinates": [
          [
            -5.5900051,
            33.8526977
          ],
          [
            -5.5879781,
            33.8517896
          ]
        ]
      },
      "type": "Feature",
      "properties": {
        "name": null,
        "type": "residential",
        "slope": 118.34458046173575,
        "sun_diff": 0.3869949295620927,
        "length": 212.74875596047326
      }
    },
    {
      "geometry": {
        "type": "LineString",
        "coordinates": [
          [
            -5.5879781,
            33.8517896
          ],
          [
            -5.5864104,
            33.8510802
          ]
        ]
      },
      "type": "Feature",
      "properties": {
        "name": null,
        "type": "residential",
        "slope": 118.58474452427825,
        "sun_diff": 0.6271589921045972,
        "length": 164.91767174353285
      }
    },
    {
      "geometry": {
        "type": "LineString",
        "coordinates": [
          [
            -5.5864104,
            33.8510802
          ],
          [
            -5.5847796,
            33.8503423
          ]
        ]
      },
      "type": "Feature",
      "properties": {
        "name": null,
        "type": "residential",
        "slope": 118.5827951704517,
        "sun_diff": 0.6252096382780508,
        "length": 171.55389560450286
      }
    },
    {
      "geometry": {
        "type": "LineString",
        "coordinates": [
          [
            -5.5847796,
            33.8503423
          ],
          [
            -5.5831408,
            33.8496008
          ]
        ]
      },
      "type": "Feature",
      "properties": {
        "name": null,
        "type": "residential",
        "slope": 118.58194288689384,
        "sun_diff": 0.624357354720189,
        "length": 172.3955613367414
      }
    },
    {
      "geometry": {
        "type": "LineString",
        "coordinates": [
          [
            -5.583522,
            33.849972
          ],
          [
            -5.5847018,
            33.8505055
          ]
        ]
      },
      "type": "Feature",
      "properties": {
        "name": null,
        "type": "residential",
        "slope": 118.56783571234027,
        "sun_diff": 0.6440596165581809,
        "length": 124.09325513724119
      }
    },
    {
      "geometry": {
        "type": "LineString",
        "coordinates": [
          [
            -5.5847018,
            33.8505055
          ],
          [
            -5.5863135,
            33.8512342
          ]
        ]
      },
      "type": "Feature",
      "properties": {
        "name": null,
        "type": "residential",
        "slope": 118.56463531305215,
        "sun_diff": 0.6070497808784978,
        "length": 169.51473746333502
      }
    },
    {
      "geometry": {
        "type": "LineString",
        "coordinates": [
          [
            -5.5863135,
            33.8512342
          ],
          [
            -5.5878258,
            33.8519179
          ]
        ]
      },
      "type": "Feature",
      "properties": {
        "name": null,
        "type": "residential",
        "slope": 118.56278157152119,
        "sun_diff": 0.6051960393475326,
        "length": 159.0559771392442
      }
    },
    {
      "geometry": {
        "type": "LineString",
        "coordinates": [
          [
            -5.5882596,
            33.8521144
          ],
          [
            -5.5899332,
            33.8528726
          ]
        ]
      },
      "type": "Feature",
      "properties": {
        "name": null,
        "type": "residential",
        "slope": 118.6131883351776,
        "sun_diff": 0.6556028030039442,
        "length": 176.1031850544715
      }
    },
    {
      "geometry": {
        "type": "LineString",
        "coordinates": [
          [
            -5.6008124,
            33.8533466
          ],
          [
            -5.5996138,
            33.8527925
          ]
        ]
      },
      "type": "Feature",
      "properties": {
        "name": null,
        "type": "residential",
        "slope": 119.10288674776444,
        "sun_diff": 1.1453012155907913,
        "length": 126.71650477127028
      }
    },
    {
      "geometry": {
        "type": "LineString",
        "coordinates": [
          [
            -5.5930397,
            33.8548703
          ],
          [
            -5.5945483,
            33.8555471
          ]
        ]
      },
      "type": "Feature",
      "properties": {
        "name": null,
        "type": "residential",
        "slope": 118.37907158750059,
        "sun_diff": 0.4214860553269375,
        "length": 158.3844471098356
      }
    },
    {
      "geometry": {
        "type": "LineString",
        "coordinates": [
          [
            -5.5946813,
            33.8554325
          ],
          [
            -5.5931866,
            33.854744
          ]
        ]
      },
      "type": "Feature",
      "properties": {
        "name": null,
        "type": "residential",
        "slope": 119.01583992716593,
        "sun_diff": 1.0582543949922751,
        "length": 157.88327676786147
      }
    },
    {
      "geometry": {
        "type": "LineString",
        "coordinates": [
          [
            -5.5950795,
            33.8550894
          ],
          [
            -5.5938332,
            33.8545082
          ]
        ]
      },
      "type": "Feature",
      "properties": {
        "name": null,
        "type": "residential",
        "slope": 119.31630672283762,
        "sun_diff": 1.358721190663971,
        "length": 132.03138885727907
      }
    },
    {
      "geometry": {
        "type": "LineString",
        "coordinates": [
          [
            -5.5829387,
            33.8506131
          ],
          [
            -5.5843446,
            33.8512587
          ]
        ]
      },
      "type": "Feature",
      "properties": {
        "name": null,
        "type": "residential",
        "slope": 118.93987884837637,
        "sun_diff": 0.9822933162027141,
        "length": 148.40139296409933
      }
    },
    {
      "geometry": {
        "type": "LineString",
        "coordinates": [
          [
            -5.5843446,
            33.8512587
          ],
          [
            -5.585848,
            33.851949
          ]
        ]
      },
      "type": "Feature",
      "properties": {
        "name": null,
        "type": "residential",
        "slope": 118.93751830729818,
        "sun_diff": 0.9799327751245244,
        "length": 158.6882522373918
      }
    },
    {
      "geometry": {
        "type": "LineString",
        "coordinates": [
          [
            -5.585848,
            33.851949
          ],
          [
            -5.5871095,
            33.8525283
          ]
        ]
      },
      "type": "Feature",
      "properties": {
        "name": null,
        "type": "residential",
        "slope": 118.94064076214372,
        "sun_diff": 0.9830552299700628,
        "length": 133.15804514704445
      }
    },
    {
      "geometry": {
        "type": "LineString",
        "coordinates": [
          [
            -5.5877873,
            33.8528387
          ],
          [
            -5.5888538,
            33.8533272
          ]
        ]
      },
      "type": "Feature",
      "properties": {
        "name": null,
        "type": "residential",
        "slope": 118.87875264577755,
        "sun_diff": 0.9211671136039001,
        "length": 112.50652617343083
      }
    },
    {
      "geometry": {
        "type": "LineString",
        "coordinates": [
          [
            -5.5964896,
            33.8464667
          ],
          [
            -5.5953848,
            33.8459819
          ]
        ]
      },
      "type": "Feature",
      "properties": {
        "name": null,
        "type": "residential",
        "slope": 117.8496164659422,
        "sun_diff": 0.07415962983988322,
        "length": 115.43148136240032
      }
    },
    {
      "geometry": {
        "type": "LineString",
        "coordinates": [
          [
            -5.5951255,
            33.845864
          ],
          [
            -5.5941083,
            33.8454157
          ]
        ]
      },
      "type": "Feature",
      "properties": {
        "name": null,
        "type": "residential",
        "slope": 117.95221784799156,
        "sun_diff": 0.028441752209474203,
        "length": 106.38041910471406
      }
    },
    {
      "geometry": {
        "type": "LineString",
        "coordinates": [
          [
            -5.5827834,
            33.8494163
          ],
          [
            -5.5807982,
            33.8485151
          ]
        ]
      },
      "type": "Feature",
      "properties": {
        "name": null,
        "type": "residential",
        "slope": 118.66105985558428,
        "sun_diff": 0.737283759802196,
        "length": 208.99546249307872
      }
    },
    {
      "geometry": {
        "type": "LineString",
        "coordinates": [
          [
            -5.5807795,
            33.8487023
          ],
          [
            -5.5818119,
            33.8491681
          ]
        ]
      },
      "type": "Feature",
      "properties": {
        "name": null,
        "type": "residential",
        "slope": 118.51349566223848,
        "sun_diff": 0.5897195664563952,
        "length": 108.53515510300143
      }
    },
    {
      "geometry": {
        "type": "LineString",
        "coordinates": [
          [
            -5.5803143,
            33.849423
          ],
          [
            -5.5813391,
            33.8498818
          ]
        ]
      },
      "type": "Feature",
      "properties": {
        "name": null,
        "type": "residential",
        "slope": 118.32775172353192,
        "sun_diff": 0.40397562774982987,
        "length": 107.54643052744684
      }
    },
    {
      "geometry": {
        "type": "LineString",
        "coordinates": [
          [
            -5.5825246,
            33.8488393
          ],
          [
            -5.5811942,
            33.8482369
          ]
        ]
      },
      "type": "Feature",
      "properties": {
        "name": null,
        "type": "residential",
        "slope": 118.59916078671091,
        "sun_diff": 0.6753846909288228,
        "length": 139.9782938161461
      }
    },
    {
      "geometry": {
        "type": "LineString",
        "coordinates": [
          [
            -5.6003972,
            33.8539331
          ],
          [
            -5.5992039,
            33.853375
          ]
        ]
      },
      "type": "Feature",
      "properties": {
        "name": null,
        "type": "residential",
        "slope": 119.38696720593717,
        "sun_diff": 1.4293816737635154,
        "length": 126.50603484626404
      }
    },
    {
      "geometry": {
        "type": "LineString",
        "coordinates": [
          [
            -5.5951947,
            33.8484031
          ],
          [
            -5.594058,
            33.8478929
          ]
        ]
      },
      "type": "Feature",
      "properties": {
        "name": null,
        "type": "residential",
        "slope": 118.38842017590804,
        "sun_diff": 0.46464408012595015,
        "length": 119.36009554418101
      }
    },
    {
      "geometry": {
        "type": "LineString",
        "coordinates": [
          [
            -5.5939722,
            33.8478521
          ],
          [
            -5.5928649,
            33.8473675
          ]
        ]
      },
      "type": "Feature",
      "properties": {
        "name": null,
        "type": "residential",
        "slope": 117.78679062034493,
        "sun_diff": 0.13698547543715733,
        "length": 115.62389306773014
      }
    },
    {
      "geometry": {
        "type": "LineString",
        "coordinates": [
          [
            -5.4728505,
            33.8968121
          ],
          [
            -5.4750364,
            33.8976747
          ]
        ]
      },
      "type": "Feature",
      "properties": {
        "name": null,
        "type": "residential",
        "slope": 115.42762297739185,
        "sun_diff": 2.529962554781804,
        "length": 223.46022689361527
      }
    },
    {
      "geometry": {
        "type": "LineString",
        "coordinates": [
          [
            -5.5971905,
            33.8576878
          ],
          [
            -5.5958858,
            33.8570953
          ]
        ]
      },
      "type": "Feature",
      "properties": {
        "name": null,
        "type": "residential",
        "slope": 118.67241032192493,
        "sun_diff": 0.7148247897512761,
        "length": 137.35588449029407
      }
    },
    {
      "geometry": {
        "type": "LineString",
        "coordinates": [
          [
            -5.5968063,
            33.8582536
          ],
          [
            -5.5958351,
            33.8578111
          ]
        ]
      },
      "type": "Feature",
      "properties": {
        "name": null,
        "type": "residential",
        "slope": 118.75192991202414,
        "sun_diff": 0.7943443798504859,
        "length": 102.3227249847251
      }
    },
    {
      "geometry": {
        "type": "LineString",
        "coordinates": [
          [
            -5.5949437,
            33.8552064
          ],
          [
            -5.593547,
            33.8545726
          ]
        ]
      },
      "type": "Feature",
      "properties": {
        "name": null,
        "type": "residential",
        "slope": 118.6534528329739,
        "sun_diff": 0.695867300800245,
        "length": 147.01916006492007
      }
    },
    {
      "geometry": {
        "type": "LineString",
        "coordinates": [
          [
            -5.5875271,
            33.8521595
          ],
          [
            -5.5861295,
            33.8515205
          ]
        ]
      },
      "type": "Feature",
      "properties": {
        "name": null,
        "type": "residential",
        "slope": 118.83442339490637,
        "sun_diff": 0.8768378627327138,
        "length": 147.3742402355669
      }
    },
    {
      "geometry": {
        "type": "LineString",
        "coordinates": [
          [
            -5.5861295,
            33.8515205
          ],
          [
            -5.5845606,
            33.8508033
          ]
        ]
      },
      "type": "Feature",
      "properties": {
        "name": null,
        "type": "residential",
        "slope": 118.83015437753932,
        "sun_diff": 0.872568845365663,
        "length": 165.43204214197914
      }
    },
    {
      "geometry": {
        "type": "LineString",
        "coordinates": [
          [
            -5.5845606,
            33.8508033
          ],
          [
            -5.5832946,
            33.8502219
          ]
        ]
      },
      "type": "Feature",
      "properties": {
        "name": null,
        "type": "residential",
        "slope": 118.94138504915469,
        "sun_diff": 0.983799516981037,
        "length": 133.636916902361
      }
    },
    {
      "geometry": {
        "type": "LineString",
        "coordinates": [
          [
            -5.5823628,
            33.8508479
          ],
          [
            -5.5835095,
            33.8513682
          ]
        ]
      },
      "type": "Feature",
      "properties": {
        "name": null,
        "type": "residential",
        "slope": 118.65004547233198,
        "sun_diff": 0.6924599401583293,
        "length": 120.70494342313556
      }
    }
  ]
}