{
  "type": "FeatureCollection",
  "features": [
    {
      "geometry": {
        "type": "LineString",
        "coordinates": [
          [
            72.8306402,
            18.9208963
          ],
          [
            72.8318368,
            18.9203617
          ]
        ]
      },
      "type": "Feature",
      "properties": {
        "name": "Henry Road",
        "type": "residential",
        "slope": 115.28057940425884,
        "sun_diff": 0.7529441185363481,
        "length": 139.24176693284087
      }
    },
    {
      "geometry": {
        "type": "LineString",
        "coordinates": [
          [
            72.8739313,
            19.0201875
          ],
          [
            72.8723153,
            19.0208145
          ]
        ]
      },
      "type": "Feature",
      "properties": {
        "name": null,
        "type": "living_street",
        "slope": 112.31339132646593,
        "sun_diff": 2.2282116961092413,
        "length": 183.6878834028594
      }
    },
    {
      "geometry": {
        "type": "LineString",
        "coordinates": [
          [
            72.8554847,
            19.0000451
          ],
          [
            72.8564285,
            18.999663
          ]
        ]
      },
      "type": "Feature",
      "properties": {
        "name": "Sewri Koliwada Road",
        "type": "residential",
        "slope": 113.17962838689726,
        "sun_diff": 1.3619746356779103,
        "length": 107.9757349491409
      }
    },
    {
      "geometry": {
        "type": "LineString",
        "coordinates": [
          [
            72.8569506,
            18.9996253
          ],
          [
            72.8578412,
            18.9999955
          ]
        ]
      },
      "type": "Feature",
      "properties": {
        "name": "Sewri Koliwada Road",
        "type": "residential",
        "slope": 66.26844743729359,
        "sun_diff": 0.8105185551980014,
        "length": 102.31611713251976
      }
    },
    {
      "geometry": {
        "type": "LineString",
        "coordinates": [
          [
            72.8420203,
            18.9997195
          ],
          [
            72.8402923,
            19.0004561
          ]
        ]
      },
      "type": "Feature",
      "properties": {
        "name": "Shri Parmar Guruji Marg",
        "type": "residential",
        "slope": 114.2675913115504,
        "sun_diff": 0.2740117110247695,
        "length": 199.34864095230435
      }
    },
    {
      "geometry": {
        "type": "LineString",
        "coordinates": [
          [
            72.8414062,
            18.9966601
          ],
          [
            72.840476,
            18.9971164
          ]
        ]
      },
      "type": "Feature",
      "properties": {
        "name": "R Kamal Marg",
        "type": "residential",
        "slope": 117.42009965890591,
        "sun_diff": 2.8784966363307376,
        "length": 110.2127960890284
      }
    },
    {
      "geometry": {
        "type": "LineString",
        "coordinates": [
          [
            72.8541447,
            19.0305192
          ],
          [
            72.8532527,
            19.0308881
          ]
        ]
      },
      "type": "Feature",
      "properties": {
        "name": "Road No 2",
        "type": "residential",
        "slope": 113.62823275119277,
        "sun_diff": 0.913370271382405,
        "length": 102.37692089890487
      }
    },
    {
      "geometry": {
        "type": "LineString",
        "coordinates": [
          [
            72.8538625,
            19.0380177
          ],
          [
            72.8551074,
            19.0374517
          ]
        ]
      },
      "type": "Feature",
      "properties": {
        "name": "Sulochana Shetty Marg",
        "type": "secondary",
        "slope": 115.68573396653841,
        "sun_diff": 1.1441309439632334,
        "length": 145.2490920286443
      }
    },
    {
      "geometry": {
        "type": "LineString",
        "coordinates": [
          [
            72.8475324,
            18.9785633
          ],
          [
            72.8488598,
            18.9780008
          ]
        ]
      },
      "type": "Feature",
      "properties": {
        "name": "South Wharf Road",
        "type": "service",
        "slope": 114.13805335033922,
        "sun_diff": 0.40354967223595395,
        "length": 152.99850370120885
      }
    },
    {
      "geometry": {
        "type": "LineString",
        "coordinates": [
          [
            72.8483065,
            18.9870263
          ],
          [
            72.8466404,
            18.9877553
          ]
        ]
      },
      "type": "Feature",
      "properties": {
        "name": null,
        "type": "service",
        "slope": 114.83123510169054,
        "sun_diff": 0.28963207911536415,
        "length": 193.08797051567157
      }
    },
    {
      "geometry": {
        "type": "LineString",
        "coordinates": [
          [
            72.8495167,
            18.9891126
          ],
          [
            72.8485592,
            18.9895299
          ]
        ]
      },
      "type": "Feature",
      "properties": {
        "name": null,
        "type": "service",
        "slope": 114.74525244574485,
        "sun_diff": 0.20364942316967927,
        "length": 110.88862303736407
      }
    },
    {
      "geometry": {
        "type": "LineString",
        "coordinates": [
          [
            72.8497914,
            18.9896456
          ],
          [
            72.8485277,
            18.9902177
          ]
        ]
      },
      "type": "Feature",
      "properties": {
        "name": null,
        "type": "service",
        "slope": 115.58398088899713,
        "sun_diff": 1.0423778664219583,
        "length": 147.35925531752167
      }
    },
    {
      "geometry": {
        "type": "LineString",
        "coordinates": [
          [
            72.8314887,
            18.9717368
          ],
          [
            72.8305686,
            18.9721451
          ]
        ]
      },
      "type": "Feature",
      "properties": {
        "name": "Sheik Hafizuddin Marg",
        "type": "residential",
        "slope": 115.13818356304907,
        "sun_diff": 0.5965805404738944,
        "length": 106.90886159340145
      }
    },
    {
      "geometry": {
        "type": "LineString",
        "coordinates": [
          [
            72.8316816,
            18.9874179
          ],
          [
            72.8300302,
            18.9867184
          ]
        ]
      },
      "type": "Feature",
      "properties": {
        "name": null,
        "type": "residential",
        "slope": 65.86994825008688,
        "sun_diff": 0.4120193679912916,
        "length": 190.321388590496
      }
    },
    {
      "geometry": {
        "type": "LineString",
        "coordinates": [
          [
            72.8301149,
            18.9572161
          ],
          [
            72.8313992,
            18.9578491
          ]
        ]
      },
      "type": "Feature",
      "properties": {
        "name": "P L Patil Marg",
        "type": "living_street",
        "slope": 62.474022375366815,
        "sun_diff": 2.983906506728772,
        "length": 152.34983871497164
      }
    },
    {
      "geometry": {
        "type": "LineString",
        "coordinates": [
          [
            72.8275174,
            18.965517
          ],
          [
            72.8262065,
            18.9661181
          ]
        ]
      },
      "type": "Feature",
      "properties": {
        "name": "11th Lane",
        "type": "residential",
        "slope": 115.8670151051235,
        "sun_diff": 1.3254120825483255,
        "length": 153.24965867092268
      }
    },
    {
      "geometry": {
        "type": "LineString",
        "coordinates": [
          [
            72.827411,
            18.9649592
          ],
          [
            72.8261653,
            18.9655312
          ]
        ]
      },
      "type": "Feature",
      "properties": {
        "name": "9th Lane",
        "type": "residential",
        "slope": 115.89830390784476,
        "sun_diff": 1.3567008852695892,
        "length": 145.666601220665
      }
    },
    {
      "geometry": {
        "type": "LineString",
        "coordinates": [
          [
            72.8259053,
            18.9635835
          ],
          [
            72.8247266,
            18.9641506
          ]
        ]
      },
      "type": "Feature",
      "properties": {
        "name": "2nd Lane",
        "type": "residential",
        "slope": 116.96409812072048,
        "sun_diff": 2.422495098145305,
        "length": 139.11349362567256
      }
    },
    {
      "geometry": {
        "type": "LineString",
        "coordinates": [
          [
            72.8276304,
            18.9660351
          ],
          [
            72.8262279,
            18.9667051
          ]
        ]
      },
      "type": "Feature",
      "properties": {
        "name": "13th Lane",
        "type": "residential",
        "slope": 116.8003414472141,
        "sun_diff": 2.2587384246389206,
        "length": 165.28485376431757
      }
    },
    {
      "geometry": {
        "type": "LineString",
        "coordinates": [
          [
            72.8274717,
            18.9652419
          ],
          [
            72.8261835,
            18.9658587
          ]
        ]
      },
      "type": "Feature",
      "properties": {
        "name": "10th Lane",
        "type": "residential",
        "slope": 116.85277760180352,
        "sun_diff": 2.31117457922835,
        "length": 151.8856115594681
      }
    },
    {
      "geometry": {
        "type": "LineString",
        "coordinates": [
          [
            72.8261835,
            18.9658587
          ],
          [
            72.8250747,
            18.966369
          ]
        ]
      },
      "type": "Feature",
      "properties": {
        "name": "10th Lane",
        "type": "residential",
        "slope": 115.949759935526,
        "sun_diff": 1.4081569129508296,
        "length": 129.7140689183089
      }
    },
    {
      "geometry": {
        "type": "LineString",
        "coordinates": [
          [
            72.8273154,
            18.9643834
          ],
          [
            72.8261007,
            18.964943
          ]
        ]
      },
      "type": "Feature",
      "properties": {
        "name": "7th Lane",
        "type": "residential",
        "slope": 115.97222320856446,
        "sun_diff": 1.4306201859892838,
        "length": 142.13124661715352
      }
    },
    {
      "geometry": {
        "type": "LineString",
        "coordinates": [
          [
            72.8261007,
            18.964943
          ],
          [
            72.8249301,
            18.9654475
          ]
        ]
      },
      "type": "Feature",
      "properties": {
        "name": "7th Lane",
        "type": "residential",
        "slope": 114.49942465635766,
        "sun_diff": 0.04217836621751303,
        "length": 135.3211287106625
      }
    },
    {
      "geometry": {
        "type": "LineString",
        "coordinates": [
          [
            72.8273704,
            18.9646675
          ],
          [
            72.8261392,
            18.9652553
          ]
        ]
      },
      "type": "Feature",
      "properties": {
        "name": "8th Lane",
        "type": "residential",
        "slope": 116.78575725553321,
        "sun_diff": 2.2441542329580386,
        "length": 145.07970442293873
      }
    },
    {
      "geometry": {
        "type": "LineString",
        "coordinates": [
          [
            72.8172271,
            18.9601615
          ],
          [
            72.8162811,
            18.9605368
          ]
        ]
      },
      "type": "Feature",
      "properties": {
        "name": "Chunam Lane",
        "type": "residential",
        "slope": 112.75722636669775,
        "sun_diff": 1.7843766558774234,
        "length": 107.9153399340923
      }
    },
    {
      "geometry": {
        "type": "LineString",
        "coordinates": [
          [
            72.8093936,
            18.9565472
          ],
          [
            72.8081692,
            18.9560194
          ]
        ]
      },
      "type": "Feature",
      "properties": {
        "name": "B N Cross Lane 3",
        "type": "residential",
        "slope": 65.49714701276679,
        "sun_diff": 0.039218130671201834,
        "length": 141.55189742197075
      }
    },
    {
      "geometry": {
        "type": "LineString",
        "coordinates": [
          [
            72.8687149,
            19.0824408
          ],
          [
            72.870048,
            19.0818159
          ]
        ]
      },
      "type": "Feature",
      "properties": {
        "name": "Air India Road",
        "type": "tertiary",
        "slope": 116.38194116626448,
        "sun_diff": 1.8262747841882572,
        "length": 156.4239296068615
      }
    },
    {
      "geometry": {
        "type": "LineString",
        "coordinates": [
          [
            72.8596605,
            19.0785447
          ],
          [
            72.8587645,
            19.0789524
          ]
        ]
      },
      "type": "Feature",
      "properties": {
        "name": "St Anthony Road",
        "type": "residential",
        "slope": 115.7094160510388,
        "sun_diff": 1.1537496689625755,
        "length": 104.53596023055191
      }
    },
    {
      "geometry": {
        "type": "LineString",
        "coordinates": [
          [
            72.8399581,
            19.0885172
          ],
          [
            72.8410137,
            19.0890285
          ]
        ]
      },
      "type": "Feature",
      "properties": {
        "name": null,
        "type": "residential",
        "slope": 62.862427951473734,
        "sun_diff": 2.581430740931637,
        "length": 124.68388699735215
      }
    },
    {
      "geometry": {
        "type": "LineString",
        "coordinates": [
          [
            72.8422643,
            19.0963133
          ],
          [
            72.841233,
            19.0967251
          ]
        ]
      },
      "type": "Feature",
      "properties": {
        "name": "Vallabhbhai Road",
        "type": "residential",
        "slope": 112.90678634025099,
        "sun_diff": 1.6488800418252367,
        "length": 117.67883775524358
      }
    },
    {
      "geometry": {
        "type": "LineString",
        "coordinates": [
          [
            72.841233,
            19.0967251
          ],
          [
            72.8397122,
            19.0973942
          ]
        ]
      },
      "type": "Feature",
      "properties": {
        "name": "Vallabhbhai Road",
        "type": "residential",
        "slope": 114.96622173879925,
        "sun_diff": 0.4105553567230231,
        "length": 176.3251530096784
      }
    },
    {
      "geometry": {
        "type": "LineString",
        "coordinates": [
          [
            72.8419861,
            19.0971661
          ],
          [
            72.8411,
            19.0974997
          ]
        ]
      },
      "type": "Feature",
      "properties": {
        "name": "Baptista Road",
        "type": "residential",
        "slope": 111.7227493088495,
        "sun_diff": 2.8329170732267244,
        "length": 100.25597564839904
      }
    },
    {
      "geometry": {
        "type": "LineString",
        "coordinates": [
          [
            72.8833,
            19.2385
          ],
          [
            72.8849,
            19.2392
          ]
        ]
      },
      "type": "Feature",
      "properties": {
        "name": "Lion Safari Road",
        "type": "service",
        "slope": 65.13797496046342,
        "sun_diff": 0.291731579981672,
        "length": 185.19177649810754
      }
    },
    {
      "geometry": {
        "type": "LineString",
        "coordinates": [
          [
            72.8885,
            19.2451
          ],
          [
            72.8897488,
            19.2455898
          ]
        ]
      },
      "type": "Feature",
      "properties": {
        "name": "Lion Safari Road",
        "type": "service",
        "slope": 67.44037604698173,
        "sun_diff": 2.0106695065366296,
        "length": 142.00756418526922
      }
    },
    {
      "geometry": {
        "type": "LineString",
        "coordinates": [
          [
            72.7980092,
            19.1427357
          ],
          [
            72.7991585,
            19.1432175
          ]
        ]
      },
      "type": "Feature",
      "properties": {
        "name": "Bhaskar Bhopi Marg",
        "type": "tertiary",
        "slope": 66.07073214068703,
        "sun_diff": 0.6268734482816569,
        "length": 132.12393704307706
      }
    },
    {
      "geometry": {
        "type": "LineString",
        "coordinates": [
          [
            72.7991585,
            19.1432175
          ],
          [
            72.8000758,
            19.143595
          ]
        ]
      },
      "type": "Feature",
      "properties": {
        "name": "Bhaskar Bhopi Marg",
        "type": "tertiary",
        "slope": 66.4609027888009,
        "sun_diff": 1.017044096395523,
        "length": 105.13759790955775
      }
    },
    {
      "geometry": {
        "type": "LineString",
        "coordinates": [
          [
            72.8521197,
            19.1031864
          ],
          [
            72.8511243,
            19.102718
          ]
        ]
      },
      "type": "Feature",
      "properties": {
        "name": "Prarthana Samaj Road",
        "type": "residential",
        "slope": 63.52728960745199,
        "sun_diff": 1.9165690849533803,
        "length": 116.87600819665086
      }
    },
    {
      "geometry": {
        "type": "LineString",
        "coordinates": [
          [
            72.8309125,
            18.9213318
          ],
          [
            72.8320475,
            18.9208214
          ]
        ]
      },
      "type": "Feature",
      "properties": {
        "name": "JA Allana Marg",
        "type": "residential",
        "slope": 115.42535925884854,
        "sun_diff": 0.8977239731260482,
        "length": 132.2315862760667
      }
    },
    {
      "geometry": {
        "type": "LineString",
        "coordinates": [
          [
            72.864974,
            19.0065642
          ],
          [
            72.8670155,
            19.0075149
          ]
        ]
      },
      "type": "Feature",
      "properties": {
        "name": "M P T Road",
        "type": "service",
        "slope": 63.77779660119927,
        "sun_diff": 1.6801322808963164,
        "length": 239.3246610228959
      }
    },
    {
      "geometry": {
        "type": "LineString",
        "coordinates": [
          [
            72.8670155,
            19.0075149
          ],
          [
            72.8688841,
            19.0084113
          ]
        ]
      },
      "type": "Feature",
      "properties": {
        "name": "M P T Road",
        "type": "service",
        "slope": 63.09745836820434,
        "sun_diff": 2.3604705138912436,
        "length": 220.3586878730448
      }
    },
    {
      "geometry": {
        "type": "LineString",
        "coordinates": [
          [
            72.8593171,
            18.9999894
          ],
          [
            72.8580215,
            18.9994712
          ]
        ]
      },
      "type": "Feature",
      "properties": {
        "name": null,
        "type": "residential",
        "slope": 67.07094412563015,
        "sun_diff": 1.6130152435345622,
        "length": 147.948016569812
      }
    },
    {
      "geometry": {
        "type": "LineString",
        "coordinates": [
          [
            72.8279434,
            18.9435764
          ],
          [
            72.8267843,
            18.9430431
          ]
        ]
      },
      "type": "Feature",
      "properties": {
        "name": "2nd Marine St",
        "type": "residential",
        "slope": 64.05970689584794,
        "sun_diff": 1.4121828929111757,
        "length": 135.60618025999207
      }
    },
    {
      "geometry": {
        "type": "LineString",
        "coordinates": [
          [
            72.8266209,
            18.9433444
          ],
          [
            72.8277861,
            18.9438399
          ]
        ]
      },
      "type": "Feature",
      "properties": {
        "name": "3rd Marine Street",
        "type": "residential",
        "slope": 65.79129309727261,
        "sun_diff": 0.3194033085135004,
        "length": 134.40528256021076
      }
    },
    {
      "geometry": {
        "type": "LineString",
        "coordinates": [
          [
            72.8287484,
            18.967067
          ],
          [
            72.8300188,
            18.9665565
          ]
        ]
      },
      "type": "Feature",
      "properties": {
        "name": "Sofia Zubair Marg",
        "type": "primary",
        "slope": 113.02117357073234,
        "sun_diff": 1.5204294518428298,
        "length": 145.19797320841772
      }
    },
    {
      "geometry": {
        "type": "LineString",
        "coordinates": [
          [
            72.8424225,
            19.2128189
          ],
          [
            72.8409131,
            19.213559
          ]
        ]
      },
      "type": "Feature",
      "properties": {
        "name": "Boraspada Road",
        "type": "secondary",
        "slope": 117.44060904493045,
        "sun_diff": 2.8707768505156253,
        "length": 178.6375424834371
      }
    },
    {
      "geometry": {
        "type": "LineString",
        "coordinates": [
          [
            72.8554889,
            18.985899
          ],
          [
            72.854412,
            18.98636
          ]
        ]
      },
      "type": "Feature",
      "properties": {
        "name": null,
        "type": "service",
        "slope": 114.35672878453056,
        "sun_diff": 0.184874238044614,
        "length": 124.33306364548012
      }
    },
    {
      "geometry": {
        "type": "LineString",
        "coordinates": [
          [
            72.8367181,
            18.9257213
          ],
          [
            72.8356188,
            18.9261468
          ]
        ]
      },
      "type": "Feature",
      "properties": {
        "name": null,
        "type": "service",
        "slope": 112.25369787012173,
        "sun_diff": 2.27393741560077,
        "length": 124.97307105979478
      }
    },
    {
      "geometry": {
        "type": "LineString",
        "coordinates": [
          [
            72.8346503,
            19.1092383
          ],
          [
            72.8337559,
            19.1096499
          ]
        ]
      },
      "type": "Feature",
      "properties": {
        "name": "East West Road No 3",
        "type": "tertiary",
        "slope": 115.96772430608573,
        "sun_diff": 1.4120579240095026,
        "length": 104.55795583818056
      }
    },
    {
      "geometry": {
        "type": "LineString",
        "coordinates": [
          [
            72.8258017,
            19.1158741
          ],
          [
            72.8246296,
            19.1154323
          ]
        ]
      },
      "type": "Feature",
      "properties": {
        "name": "Janaradan Rajimhatre Marg",
        "type": "residential",
        "slope": 68.25161738460412,
        "sun_diff": 2.807758692198746,
        "length": 132.6238687767163
      }
    },
    {
      "geometry": {
        "type": "LineString",
        "coordinates": [
          [
            72.8107454,
            19.1368304
          ],
          [
            72.8097495,
            19.1363649
          ]
        ]
      },
      "type": "Feature",
      "properties": {
        "name": "Yari Road",
        "type": "tertiary",
        "slope": 63.67581460761281,
        "sun_diff": 1.7680440847925638,
        "length": 116.7605790323321
      }
    },
    {
      "geometry": {
        "type": "LineString",
        "coordinates": [
          [
            72.8571727,
            19.2228781
          ],
          [
            72.8580919,
            19.2224265
          ]
        ]
      },
      "type": "Feature",
      "properties": {
        "name": "Rajendra Nagar Road",
        "type": "tertiary",
        "slope": 117.48818777067771,
        "sun_diff": 2.9183624064520473,
        "length": 108.82813548014533
      }
    },
    {
      "geometry": {
        "type": "LineString",
        "coordinates": [
          [
            72.8741061,
            19.2294336
          ],
          [
            72.8731759,
            19.2290701
          ]
        ]
      },
      "type": "Feature",
      "properties": {
        "name": null,
        "type": "residential",
        "slope": 67.5169989576182,
        "sun_diff": 2.087292417173103,
        "length": 105.72965914027986
      }
    },
    {
      "geometry": {
        "type": "LineString",
        "coordinates": [
          [
            72.898833,
            19.0638363
          ],
          [
            72.8997922,
            19.0634616
          ]
        ]
      },
      "type": "Feature",
      "properties": {
        "name": "Prakash Thorat Marg",
        "type": "residential",
        "slope": 112.45553984067593,
        "sun_diff": 2.1001265414003,
        "length": 109.11372658848809
      }
    },
    {
      "geometry": {
        "type": "LineString",
        "coordinates": [
          [
            72.903487,
            19.0617295
          ],
          [
            72.9044683,
            19.0613038
          ]
        ]
      },
      "type": "Feature",
      "properties": {
        "name": "Prakash Thorat Marg",
        "type": "residential",
        "slope": 114.65409152598164,
        "sun_diff": 0.09842514390541623,
        "length": 113.51249941448106
      }
    },
    {
      "geometry": {
        "type": "LineString",
        "coordinates": [
          [
            72.9051425,
            19.0609834
          ],
          [
            72.9063104,
            19.0604171
          ]
        ]
      },
      "type": "Feature",
      "properties": {
        "name": "Prakash Thorat Marg",
        "type": "residential",
        "slope": 117.15843596204391,
        "sun_diff": 2.602769579967685,
        "length": 137.99761392755957
      }
    },
    {
      "geometry": {
        "type": "LineString",
        "coordinates": [
          [
            72.9036062,
            19.0629322
          ],
          [
            72.904571,
            19.0625325
          ]
        ]
      },
      "type": "Feature",
      "properties": {
        "name": "P.L. Lokhande Marg",
        "type": "secondary",
        "slope": 113.66875173751401,
        "sun_diff": 0.8869146445622107,
        "length": 110.74530959352963
      }
    },
    {
      "geometry": {
        "type": "LineString",
        "coordinates": [
          [
            72.9058872,
            19.0620052
          ],
          [
            72.907015,
            19.0615776
          ]
        ]
      },
      "type": "Feature",
      "properties": {
        "name": "P.L. Lokhande Marg",
        "type": "secondary",
        "slope": 111.85772107935776,
        "sun_diff": 2.697945302718466,
        "length": 127.75030202703614
      }
    },
    {
      "geometry": {
        "type": "LineString",
        "coordinates": [
          [
            72.8433435,
            19.2153643
          ],
          [
            72.8423733,
            19.2157283
          ]
        ]
      },
      "type": "Feature",
      "properties": {
        "name": null,
        "type": "residential",
        "slope": 111.6687381367015,
        "sun_diff": 2.9010940577133226,
        "length": 109.65151605091495
      }
    },
    {
      "geometry": {
        "type": "LineString",
        "coordinates": [
          [
            72.9294687,
            19.0587031
          ],
          [
            72.9311762,
            19.0594919
          ]
        ]
      },
      "type": "Feature",
      "properties": {
        "name": "Kachra Depot Road",
        "type": "residential",
        "slope": 63.95267333517867,
        "sun_diff": 1.4911853572266978,
        "length": 199.8077479912517
      }
    },
    {
      "geometry": {
        "type": "LineString",
        "coordinates": [
          [
            72.9562443,
            19.1666986
          ],
          [
            72.9573308,
            19.1672078
          ]
        ]
      },
      "type": "Feature",
      "properties": {
        "name": "Chafekar Bandhu Marg",
        "type": "residential",
        "slope": 63.61095194493504,
        "sun_diff": 1.8187545955100575,
        "length": 127.43058297680776
      }
    },
    {
      "geometry": {
        "type": "LineString",
        "coordinates": [
          [
            72.9592844,
            19.1679365
          ],
          [
            72.9601836,
            19.1682741
          ]
        ]
      },
      "type": "Feature",
      "properties": {
        "name": "Chafekar Bandhu Marg",
        "type": "residential",
        "slope": 68.3230746095044,
        "sun_diff": 2.8933680690593064,
        "length": 101.66219974219123
      }
    },
    {
      "geometry": {
        "type": "LineString",
        "coordinates": [
          [
            72.8429988,
            19.0749695
          ],
          [
            72.8439634,
            19.0754284
          ]
        ]
      },
      "type": "Feature",
      "properties": {
        "name": null,
        "type": "living_street",
        "slope": 63.28012121272809,
        "sun_diff": 2.1637374796772804,
        "length": 113.52344966123646
      }
    },
    {
      "geometry": {
        "type": "LineString",
        "coordinates": [
          [
            72.9489298,
            19.0341702
          ],
          [
            72.9480325,
            19.0337608
          ]
        ]
      },
      "type": "Feature",
      "properties": {
        "name": null,
        "type": "living_street",
        "slope": 64.23592673752552,
        "sun_diff": 1.2220021445700695,
        "length": 104.76411339923906
      }
    },
    {
      "geometry": {
        "type": "LineString",
        "coordinates": [
          [
            72.8435881,
            19.1259133
          ],
          [
            72.8446632,
            19.1263396
          ]
        ]
      },
      "type": "Feature",
      "properties": {
        "name": "Bhardawadi road",
        "type": "residential",
        "slope": 67.23275516827402,
        "sun_diff": 1.788896475868654,
        "length": 122.52903903081817
      }
    },
    {
      "geometry": {
        "type": "LineString",
        "coordinates": [
          [
            72.8378742,
            19.1432846
          ],
          [
            72.836911,
            19.1428243
          ]
        ]
      },
      "type": "Feature",
      "properties": {
        "name": "Behrambaug Road",
        "type": "primary",
        "slope": 63.1670628318532,
        "sun_diff": 2.27679586055217,
        "length": 113.42513042346717
      }
    },
    {
      "geometry": {
        "type": "LineString",
        "coordinates": [
          [
            72.9581227,
            19.2002553
          ],
          [
            72.9563357,
            19.1993793
          ]
        ]
      },
      "type": "Feature",
      "properties": {
        "name": "Road Number 29",
        "type": "residential",
        "slope": 62.56715704644719,
        "sun_diff": 2.8625494939979035,
        "length": 211.49404464841683
      }
    },
    {
      "geometry": {
        "type": "LineString",
        "coordinates": [
          [
            72.9548415,
            19.1957511
          ],
          [
            72.9536598,
            19.1962059
          ]
        ]
      },
      "type": "Feature",
      "properties": {
        "name": "Road Number 16U",
        "type": "residential",
        "slope": 112.17230102700393,
        "sun_diff": 2.397524337221739,
        "length": 134.04426988504437
      }
    },
    {
      "geometry": {
        "type": "LineString",
        "coordinates": [
          [
            72.9579516,
            19.2011914
          ],
          [
            72.9568338,
            19.2006943
          ]
        ]
      },
      "type": "Feature",
      "properties": {
        "name": null,
        "type": "residential",
        "slope": 64.78386294358481,
        "sun_diff": 0.6458435968602885,
        "length": 129.78369536418995
      }
    },
    {
      "geometry": {
        "type": "LineString",
        "coordinates": [
          [
            72.9568338,
            19.2006943
          ],
          [
            72.9557061,
            19.2001909
          ]
        ]
      },
      "type": "Feature",
      "properties": {
        "name": null,
        "type": "residential",
        "slope": 64.70043784449038,
        "sun_diff": 0.7292686959547154,
        "length": 131.02352396282393
      }
    },
    {
      "geometry": {
        "type": "LineString",
        "coordinates": [
          [
            72.8259191,
            18.9638924
          ],
          [
            72.8247704,
            18.9644296
          ]
        ]
      },
      "type": "Feature",
      "properties": {
        "name": "3rd Lane",
        "type": "residential",
        "slope": 116.3124101099269,
        "sun_diff": 1.7708070873517272,
        "length": 134.80129411868919
      }
    },
    {
      "geometry": {
        "type": "LineString",
        "coordinates": [
          [
            72.8753767,
            19.1916007
          ],
          [
            72.8763114,
            19.1912203
          ]
        ]
      },
      "type": "Feature",
      "properties": {
        "name": null,
        "type": "residential",
        "slope": 113.31233633888195,
        "sun_diff": 1.257489025343716,
        "length": 106.9172701919329
      }
    },
    {
      "geometry": {
        "type": "LineString",
        "coordinates": [
          [
            72.8548735,
            18.9968922
          ],
          [
            72.8558536,
            18.9973053
          ]
        ]
      },
      "type": "Feature",
      "properties": {
        "name": "Sewri Fort Road",
        "type": "residential",
        "slope": 65.97427466243408,
        "sun_diff": 0.5163457803384972,
        "length": 112.85633174700634
      }
    },
    {
      "geometry": {
        "type": "LineString",
        "coordinates": [
          [
            72.8558536,
            18.9973053
          ],
          [
            72.8568708,
            18.9977012
          ]
        ]
      },
      "type": "Feature",
      "properties": {
        "name": "Sewri Fort Road",
        "type": "residential",
        "slope": 67.6266471104644,
        "sun_diff": 2.1687182283688173,
        "length": 115.68909092178811
      }
    },
    {
      "geometry": {
        "type": "LineString",
        "coordinates": [
          [
            72.8574169,
            18.997924
          ],
          [
            72.8584668,
            18.9983361
          ]
        ]
      },
      "type": "Feature",
      "properties": {
        "name": "Sewri Fort Road",
        "type": "residential",
        "slope": 67.4553759285154,
        "sun_diff": 1.9974470464198077,
        "length": 119.55534644991454
      }
    },
    {
      "geometry": {
        "type": "LineString",
        "coordinates": [
          [
            72.8584668,
            18.9983361
          ],
          [
            72.8596629,
            18.9988056
          ]
        ]
      },
      "type": "Feature",
      "properties": {
        "name": "Sewri Fort Road",
        "type": "residential",
        "slope": 67.45469139987077,
        "sun_diff": 1.9967625177751813,
        "length": 136.20390200950555
      }
    },
    {
      "geometry": {
        "type": "LineString",
        "coordinates": [
          [
            72.9159326,
            19.0413517
          ],
          [
            72.915015,
            19.0409721
          ]
        ]
      },
      "type": "Feature",
      "properties": {
        "name": "C V Raman Road",
        "type": "tertiary",
        "slope": 66.36423956034668,
        "sun_diff": 0.9063106782510886,
        "length": 105.31455244295641
      }
    },
    {
      "geometry": {
        "type": "LineString",
        "coordinates": [
          [
            72.8984818,
            19.0587804
          ],
          [
            72.8972497,
            19.0592947
          ]
        ]
      },
      "type": "Feature",
      "properties": {
        "name": "Road No 15",
        "type": "residential",
        "slope": 113.82754286569488,
        "sun_diff": 0.7281235163813449,
        "length": 141.603192326586
      }
    },
    {
      "geometry": {
        "type": "LineString",
        "coordinates": [
          [
            72.8632711,
            19.129916
          ],
          [
            72.8644925,
            19.1293749
          ]
        ]
      },
      "type": "Feature",
      "properties": {
        "name": null,
        "type": "residential",
        "slope": 115.12229758857603,
        "sun_diff": 0.5666312064998067,
        "length": 141.7645170451836
      }
    },
    {
      "geometry": {
        "type": "LineString",
        "coordinates": [
          [
            72.8628493,
            19.1295604
          ],
          [
            72.8638473,
            19.1291073
          ]
        ]
      },
      "type": "Feature",
      "properties": {
        "name": null,
        "type": "residential",
        "slope": 115.66625526861202,
        "sun_diff": 1.110588886535794,
        "length": 116.35854698062117
      }
    },
    {
      "geometry": {
        "type": "LineString",
        "coordinates": [
          [
            72.8633278,
            19.1281525
          ],
          [
            72.8623826,
            19.128567
          ]
        ]
      },
      "type": "Feature",
      "properties": {
        "name": null,
        "type": "residential",
        "slope": 114.8988340421584,
        "sun_diff": 0.34316766008217314,
        "length": 109.50810673956
      }
    },
    {
      "geometry": {
        "type": "LineString",
        "coordinates": [
          [
            72.8619418,
            19.1277211
          ],
          [
            72.8634996,
            19.12703
          ]
        ]
      },
      "type": "Feature",
      "properties": {
        "name": null,
        "type": "residential",
        "slope": 115.15291137500554,
        "sun_diff": 0.5972449929293191,
        "length": 180.85737170682043
      }
    },
    {
      "geometry": {
        "type": "LineString",
        "coordinates": [
          [
            72.8635439,
            19.1274908
          ],
          [
            72.862141,
            19.1281259
          ]
        ]
      },
      "type": "Feature",
      "properties": {
        "name": "Unique Lane",
        "type": "residential",
        "slope": 115.60189717836403,
        "sun_diff": 1.0462307962878015,
        "length": 163.4798092801807
      }
    },
    {
      "geometry": {
        "type": "LineString",
        "coordinates": [
          [
            72.8302895,
            18.9575333
          ],
          [
            72.8313418,
            18.9580144
          ]
        ]
      },
      "type": "Feature",
      "properties": {
        "name": "Brig. Usman Marg",
        "type": "tertiary",
        "slope": 64.20037966250271,
        "sun_diff": 1.2575492195928746,
        "length": 122.95414763586314
      }
    },
    {
      "geometry": {
        "type": "LineString",
        "coordinates": [
          [
            72.8247902,
            18.9819783
          ],
          [
            72.8257533,
            18.9815846
          ]
        ]
      },
      "type": "Feature",
      "properties": {
        "name": "Mahalakshmi Station Flyover",
        "type": "secondary",
        "slope": 113.37838106606156,
        "sun_diff": 1.1632219565136097,
        "length": 110.36030257102014
      }
    },
    {
      "geometry": {
        "type": "LineString",
        "coordinates": [
          [
            72.8607027,
            19.1279658
          ],
          [
            72.8627586,
            19.1270445
          ]
        ]
      },
      "type": "Feature",
      "properties": {
        "name": "Prem Lane",
        "type": "residential",
        "slope": 115.37542837953913,
        "sun_diff": 0.8197619974629049,
        "length": 239.12347131107143
      }
    },
    {
      "geometry": {
        "type": "LineString",
        "coordinates": [
          [
            72.8588549,
            19.1401847
          ],
          [
            72.8579332,
            19.1406072
          ]
        ]
      },
      "type": "Feature",
      "properties": {
        "name": "Sant Gadge Maharaj Marg",
        "type": "primary",
        "slope": 115.88342370251215,
        "sun_diff": 1.3277573204359214,
        "length": 107.6521963249238
      }
    },
    {
      "geometry": {
        "type": "LineString",
        "coordinates": [
          [
            72.8250154,
            19.1260208
          ],
          [
            72.8235623,
            19.1266805
          ]
        ]
      },
      "type": "Feature",
      "properties": {
        "name": "Navkiran Marg",
        "type": "residential",
        "slope": 115.66528086028629,
        "sun_diff": 1.1096144782100623,
        "length": 169.42101131758062
      }
    },
    {
      "geometry": {
        "type": "LineString",
        "coordinates": [
          [
            72.8470217,
            19.1377341
          ],
          [
            72.8480389,
            19.1381327
          ]
        ]
      },
      "type": "Feature",
      "properties": {
        "name": null,
        "type": "residential",
        "slope": 67.47207031338769,
        "sun_diff": 2.0282116209823187,
        "length": 115.720052521297
      }
    },
    {
      "geometry": {
        "type": "LineString",
        "coordinates": [
          [
            72.9567271,
            19.2160592
          ],
          [
            72.9576631,
            19.2156841
          ]
        ]
      },
      "type": "Feature",
      "properties": {
        "name": null,
        "type": "residential",
        "slope": 112.99599507548379,
        "sun_diff": 1.573830288741874,
        "length": 106.79758736545828
      }
    },
    {
      "geometry": {
        "type": "LineString",
        "coordinates": [
          [
            72.8285211,
            19.0039847
          ],
          [
            72.8276369,
            19.0043474
          ]
        ]
      },
      "type": "Feature",
      "properties": {
        "name": null,
        "type": "residential",
        "slope": 113.45354959031525,
        "sun_diff": 1.088053432259926,
        "length": 101.36317460070944
      }
    },
    {
      "geometry": {
        "type": "LineString",
        "coordinates": [
          [
            72.8460013,
            18.9892445
          ],
          [
            72.8448324,
            18.9898036
          ]
        ]
      },
      "type": "Feature",
      "properties": {
        "name": null,
        "type": "service",
        "slope": 116.83223321732356,
        "sun_diff": 2.2906301947483882,
        "length": 137.774681511555
      }
    },
    {
      "geometry": {
        "type": "LineString",
        "coordinates": [
          [
            72.8462712,
            18.9896774
          ],
          [
            72.8451503,
            18.9902037
          ]
        ]
      },
      "type": "Feature",
      "properties": {
        "name": null,
        "type": "service",
        "slope": 116.40711125093517,
        "sun_diff": 1.8655082283599995,
        "length": 131.6263435873916
      }
    },
    {
      "geometry": {
        "type": "LineString",
        "coordinates": [
          [
            72.8450428,
            18.989998
          ],
          [
            72.8461371,
            18.9894826
          ]
        ]
      },
      "type": "Feature",
      "properties": {
        "name": null,
        "type": "service",
        "slope": 116.47757773237123,
        "sun_diff": 1.9359747097960565,
        "length": 128.58158476620835
      }
    },
    {
      "geometry": {
        "type": "LineString",
        "coordinates": [
          [
            72.8040668,
            19.1878676
          ],
          [
            72.8029684,
            19.1874481
          ]
        ]
      },
      "type": "Feature",
      "properties": {
        "name": "Chikku Wadi Rd",
        "type": "residential",
        "slope": 67.98241447257456,
        "sun_diff": 2.552707932129465,
        "length": 124.46509794013372
      }
    },
    {
      "geometry": {
        "type": "LineString",
        "coordinates": [
          [
            72.8247321,
            19.2056871
          ],
          [
            72.8258121,
            19.2052721
          ]
        ]
      },
      "type": "Feature",
      "properties": {
        "name": null,
        "type": "unclassified",
        "slope": 112.14165899406748,
        "sun_diff": 2.428173200347345,
        "length": 122.4743873035411
      }
    },
    {
      "geometry": {
        "type": "LineString",
        "coordinates": [
          [
            72.8683775,
            19.2314133
          ],
          [
            72.8694051,
            19.2318518
          ]
        ]
      },
      "type": "Feature",
      "properties": {
        "name": "Abhinav Nagar Road Number 3",
        "type": "residential",
        "slope": 65.6797000581648,
        "sun_diff": 0.24999351771970169,
        "length": 118.4310954994349
      }
    },
    {
      "geometry": {
        "type": "LineString",
        "coordinates": [
          [
            72.8685703,
            19.2309804
          ],
          [
            72.8701676,
            19.2317077
          ]
        ]
      },
      "type": "Feature",
      "properties": {
        "name": null,
        "type": "residential",
        "slope": 64.25464550330054,
        "sun_diff": 1.175061037144559,
        "length": 186.2402746325627
      }
    },
    {
      "geometry": {
        "type": "LineString",
        "coordinates": [
          [
            72.870402,
            19.2312386
          ],
          [
            72.8692979,
            19.2307294
          ]
        ]
      },
      "type": "Feature",
      "properties": {
        "name": null,
        "type": "residential",
        "slope": 63.96701489593195,
        "sun_diff": 1.4626916445131428,
        "length": 129.04908440230113
      }
    },
    {
      "geometry": {
        "type": "LineString",
        "coordinates": [
          [
            72.9553515,
            19.2011771
          ],
          [
            72.9573186,
            19.2020875
          ]
        ]
      },
      "type": "Feature",
      "properties": {
        "name": "Road Number 31",
        "type": "residential",
        "slope": 63.89149005471751,
        "sun_diff": 1.5382164857275882,
        "length": 230.10721080069868
      }
    },
    {
      "geometry": {
        "type": "LineString",
        "coordinates": [
          [
            72.9563093,
            19.2165739
          ],
          [
            72.9552856,
            19.2170105
          ]
        ]
      },
      "type": "Feature",
      "properties": {
        "name": null,
        "type": "residential",
        "slope": 114.30675136275786,
        "sun_diff": 0.2630740014677997,
        "length": 117.97967139225983
      }
    },
    {
      "geometry": {
        "type": "LineString",
        "coordinates": [
          [
            72.9529003,
            19.1929608
          ],
          [
            72.9517705,
            19.1934594
          ]
        ]
      },
      "type": "Feature",
      "properties": {
        "name": "Rd S",
        "type": "residential",
        "slope": 115.04630724007293,
        "sun_diff": 0.47648187584727,
        "length": 131.00078740144497
      }
    },
    {
      "geometry": {
        "type": "LineString",
        "coordinates": [
          [
            72.9541933,
            19.1995227
          ],
          [
            72.9531005,
            19.199015
          ]
        ]
      },
      "type": "Feature",
      "properties": {
        "name": null,
        "type": "residential",
        "slope": 63.80523540181139,
        "sun_diff": 1.6244711386337087,
        "length": 127.92991225201204
      }
    },
    {
      "geometry": {
        "type": "LineString",
        "coordinates": [
          [
            72.9530621,
            19.1873418
          ],
          [
            72.9520991,
            19.1877045
          ]
        ]
      },
      "type": "Feature",
      "properties": {
        "name": "Road Number 3",
        "type": "residential",
        "slope": 111.74159431979956,
        "sun_diff": 2.8282310444261043,
        "length": 108.91142846628728
      }
    },
    {
      "geometry": {
        "type": "LineString",
        "coordinates": [
          [
            72.9527231,
            19.1974825
          ],
          [
            72.9549288,
            19.1965906
          ]
        ]
      },
      "type": "Feature",
      "properties": {
        "name": "Road V",
        "type": "residential",
        "slope": 113.1791267041597,
        "sun_diff": 1.390698660065965,
        "length": 252.0423980206683
      }
    },
    {
      "geometry": {
        "type": "LineString",
        "coordinates": [
          [
            72.7895373,
            19.1518157
          ],
          [
            72.7904722,
            19.1522046
          ]
        ]
      },
      "type": "Feature",
      "properties": {
        "name": null,
        "type": "residential",
        "slope": 66.23352773303486,
        "sun_diff": 0.8038211925897656,
        "length": 107.33565932838182
      }
    },
    {
      "geometry": {
        "type": "LineString",
        "coordinates": [
          [
            72.8746238,
            19.1661979
          ],
          [
            72.8735536,
            19.1666949
          ]
        ]
      },
      "type": "Feature",
      "properties": {
        "name": null,
        "type": "service",
        "slope": 116.18116685542796,
        "sun_diff": 1.611341491202296,
        "length": 125.2944890007963
      }
    },
    {
      "geometry": {
        "type": "LineString",
        "coordinates": [
          [
            72.8868642,
            19.1542474
          ],
          [
            72.885573,
            19.1548617
          ]
        ]
      },
      "type": "Feature",
      "properties": {
        "name": null,
        "type": "residential",
        "slope": 116.73179524024141,
        "sun_diff": 2.161969876015746,
        "length": 151.90386095741704
      }
    },
    {
      "geometry": {
        "type": "LineString",
        "coordinates": [
          [
            72.9348537,
            19.1410884
          ],
          [
            72.9329461,
            19.1418564
          ]
        ]
      },
      "type": "Feature",
      "properties": {
        "name": null,
        "type": "service",
        "slope": 113.08190066562403,
        "sun_diff": 1.473765716452192,
        "length": 217.89423741576988
      }
    },
    {
      "geometry": {
        "type": "LineString",
        "coordinates": [
          [
            72.9337008,
            19.1433893
          ],
          [
            72.9350177,
            19.142773
          ]
        ]
      },
      "type": "Feature",
      "properties": {
        "name": null,
        "type": "service",
        "slope": 116.35315602966301,
        "sun_diff": 1.7974896475867865,
        "length": 154.42762886709554
      }
    },
    {
      "geometry": {
        "type": "LineString",
        "coordinates": [
          [
            72.9356689,
            19.1424466
          ],
          [
            72.9366627,
            19.1420002
          ]
        ]
      },
      "type": "Feature",
      "properties": {
        "name": null,
        "type": "service",
        "slope": 115.42989631621137,
        "sun_diff": 0.874229934135144,
        "length": 115.63157847751967
      }
    },
    {
      "geometry": {
        "type": "LineString",
        "coordinates": [
          [
            72.9304482,
            19.1405986
          ],
          [
            72.9313392,
            19.1402589
          ]
        ]
      },
      "type": "Feature",
      "properties": {
        "name": null,
        "type": "residential",
        "slope": 111.9773613223071,
        "sun_diff": 2.5783050597691215,
        "length": 100.96387112422256
      }
    },
    {
      "geometry": {
        "type": "LineString",
        "coordinates": [
          [
            72.9388287,
            19.156255
          ],
          [
            72.9398239,
            19.1557865
          ]
        ]
      },
      "type": "Feature",
      "properties": {
        "name": null,
        "type": "residential",
        "slope": 116.48953373766534,
        "sun_diff": 1.9197083734396756,
        "length": 116.83207858224793
      }
    },
    {
      "geometry": {
        "type": "LineString",
        "coordinates": [
          [
            72.8371682,
            18.9243235
          ],
          [
            72.8354817,
            18.9236813
          ]
        ]
      },
      "type": "Feature",
      "properties": {
        "name": null,
        "type": "service",
        "slope": 68.07296416739126,
        "sun_diff": 2.6010743786321484,
        "length": 191.2876075513188
      }
    },
    {
      "geometry": {
        "type": "LineString",
        "coordinates": [
          [
            72.8356889,
            18.9262495
          ],
          [
            72.8379173,
            18.9272472
          ]
        ]
      },
      "type": "Feature",
      "properties": {
        "name": null,
        "type": "service",
        "slope": 64.6712571648394,
        "sun_diff": 0.8006326239197108,
        "length": 259.4000265282144
      }
    },
    {
      "geometry": {
        "type": "LineString",
        "coordinates": [
          [
            72.8051998,
            18.972733
          ],
          [
            72.8043003,
            18.9731558
          ]
        ]
      },
      "type": "Feature",
      "properties": {
        "name": null,
        "type": "service",
        "slope": 116.42934018569048,
        "sun_diff": 1.887737163115304,
        "length": 105.65867549626542
      }
    },
    {
      "geometry": {
        "type": "LineString",
        "coordinates": [
          [
            72.8670383,
            19.1096942
          ],
          [
            72.8683662,
            19.1091298
          ]
        ]
      },
      "type": "Feature",
      "properties": {
        "name": null,
        "type": "residential",
        "slope": 114.21909486262763,
        "sun_diff": 0.3365715194485972,
        "length": 153.03241873963952
      }
    },
    {
      "geometry": {
        "type": "LineString",
        "coordinates": [
          [
            72.871072,
            19.0795442
          ],
          [
            72.8701102,
            19.0800153
          ]
        ]
      },
      "type": "Feature",
      "properties": {
        "name": null,
        "type": "service",
        "slope": 117.3969725306512,
        "sun_diff": 2.841306148574972,
        "length": 113.87614049717845
      }
    },
    {
      "geometry": {
        "type": "LineString",
        "coordinates": [
          [
            72.8698664,
            19.0795542
          ],
          [
            72.8708433,
            19.0791239
          ]
        ]
      },
      "type": "Feature",
      "properties": {
        "name": null,
        "type": "service",
        "slope": 114.98916759135503,
        "sun_diff": 0.433501209278802,
        "length": 113.29742371672145
      }
    },
    {
      "geometry": {
        "type": "LineString",
        "coordinates": [
          [
            72.8703323,
            19.0804352
          ],
          [
            72.8713006,
            19.0799642
          ]
        ]
      },
      "type": "Feature",
      "properties": {
        "name": null,
        "type": "service",
        "slope": 117.2346611279238,
        "sun_diff": 2.678994745847575,
        "length": 114.47789162676165
      }
    },
    {
      "geometry": {
        "type": "LineString",
        "coordinates": [
          [
            72.8706397,
            19.2566733
          ],
          [
            72.8693432,
            19.2560468
          ]
        ]
      },
      "type": "Feature",
      "properties": {
        "name": null,
        "type": "residential",
        "slope": 62.89388664743228,
        "sun_diff": 2.5215584580258223,
        "length": 152.93960600685645
      }
    },
    {
      "geometry": {
        "type": "LineString",
        "coordinates": [
          [
            72.8730339,
            19.0725167
          ],
          [
            72.8740818,
            19.0720787
          ]
        ]
      },
      "type": "Feature",
      "properties": {
        "name": null,
        "type": "residential",
        "slope": 113.85764813745925,
        "sun_diff": 0.6980182446169749,
        "length": 120.45178541374989
      }
    },
    {
      "geometry": {
        "type": "LineString",
        "coordinates": [
          [
            72.9283799,
            19.100774
          ],
          [
            72.9269094,
            19.1013412
          ]
        ]
      },
      "type": "Feature",
      "properties": {
        "name": "Godrej Foods Factory Marg",
        "type": "service",
        "slope": 112.20497728062998,
        "sun_diff": 2.3506891014462497,
        "length": 166.9386408662774
      }
    },
    {
      "geometry": {
        "type": "LineString",
        "coordinates": [
          [
            72.9280289,
            19.1030537
          ],
          [
            72.9269766,
            19.1035232
          ]
        ]
      },
      "type": "Feature",
      "properties": {
        "name": null,
        "type": "residential",
        "slope": 115.27520204603692,
        "sun_diff": 0.7195356639606985,
        "length": 122.31044706636577
      }
    },
    {
      "geometry": {
        "type": "LineString",
        "coordinates": [
          [
            72.968344,
            19.2598618
          ],
          [
            72.9674135,
            19.2595025
          ]
        ]
      },
      "type": "Feature",
      "properties": {
        "name": null,
        "type": "residential",
        "slope": 67.75406344323036,
        "sun_diff": 2.3386183377722602,
        "length": 105.56428586948675
      }
    },
    {
      "geometry": {
        "type": "LineString",
        "coordinates": [
          [
            72.9246599,
            19.0652225
          ],
          [
            72.9257499,
            19.0647991
          ]
        ]
      },
      "type": "Feature",
      "properties": {
        "name": null,
        "type": "residential",
        "slope": 112.34182285460071,
        "sun_diff": 2.213843527475518,
        "length": 123.89047171005066
      }
    },
    {
      "geometry": {
        "type": "LineString",
        "coordinates": [
          [
            72.9306599,
            19.0641617
          ],
          [
            72.9297835,
            19.0645165
          ]
        ]
      },
      "type": "Feature",
      "properties": {
        "name": null,
        "type": "living_street",
        "slope": 113.1869688828927,
        "sun_diff": 1.3686974991835257,
        "length": 100.2313624738162
      }
    },
    {
      "geometry": {
        "type": "LineString",
        "coordinates": [
          [
            72.8574371,
            19.0094904
          ],
          [
            72.8594268,
            19.0104045
          ]
        ]
      },
      "type": "Feature",
      "properties": {
        "name": null,
        "type": "residential",
        "slope": 64.08403738943292,
        "sun_diff": 1.3738914926626649,
        "length": 232.63896807629214
      }
    },
    {
      "geometry": {
        "type": "LineString",
        "coordinates": [
          [
            72.8707078,
            19.0406794
          ],
          [
            72.8720891,
            19.0412626
          ]
        ]
      },
      "type": "Feature",
      "properties": {
        "name": null,
        "type": "residential",
        "slope": 65.93207675964328,
        "sun_diff": 0.4741478775476935,
        "length": 159.06389341180278
      }
    },
    {
      "geometry": {
        "type": "LineString",
        "coordinates": [
          [
            72.8576801,
            19.0341945
          ],
          [
            72.8587264,
            19.0337944
          ]
        ]
      },
      "type": "Feature",
      "properties": {
        "name": null,
        "type": "residential",
        "slope": 112.02388343461672,
        "sun_diff": 2.517719587958453,
        "length": 118.67689260004663
      }
    },
    {
      "geometry": {
        "type": "LineString",
        "coordinates": [
          [
            72.8834874,
            19.043809
          ],
          [
            72.8850219,
            19.044558
          ]
        ]
      },
      "type": "Feature",
      "properties": {
        "name": null,
        "type": "service",
        "slope": 62.68951061355443,
        "sun_diff": 2.7684182685411542,
        "length": 181.58036791583572
      }
    },
    {
      "geometry": {
        "type": "LineString",
        "coordinates": [
          [
            72.8850219,
            19.044558
          ],
          [
            72.8866092,
            19.0453328
          ]
        ]
      },
      "type": "Feature",
      "properties": {
        "name": null,
        "type": "service",
        "slope": 62.68855873516392,
        "sun_diff": 2.7693701469316636,
        "length": 187.82904063100136
      }
    },
    {
      "geometry": {
        "type": "LineString",
        "coordinates": [
          [
            72.9011661,
            19.0130768
          ],
          [
            72.8995053,
            19.0124529
          ]
        ]
      },
      "type": "Feature",
      "properties": {
        "name": null,
        "type": "service",
        "slope": 68.33019521775097,
        "sun_diff": 2.8722663356553824,
        "length": 187.93461350134078
      }
    },
    {
      "geometry": {
        "type": "LineString",
        "coordinates": [
          [
            72.9134166,
            19.0496496
          ],
          [
            72.9143063,
            19.0493077
          ]
        ]
      },
      "type": "Feature",
      "properties": {
        "name": null,
        "type": "service",
        "slope": 112.12421671125608,
        "sun_diff": 2.417386311319092,
        "length": 100.97675824184596
      }
    },
    {
      "geometry": {
        "type": "LineString",
        "coordinates": [
          [
            72.8892739,
            19.0372464
          ],
          [
            72.89015,
            19.0376757
          ]
        ]
      },
      "type": "Feature",
      "properties": {
        "name": null,
        "type": "service",
        "slope": 62.59936204500761,
        "sun_diff": 2.8585668370879773,
        "length": 103.75926271641241
      }
    },
    {
      "geometry": {
        "type": "LineString",
        "coordinates": [
          [
            72.8870449,
            19.0331884
          ],
          [
            72.8861418,
            19.0327579
          ]
        ]
      },
      "type": "Feature",
      "properties": {
        "name": null,
        "type": "service",
        "slope": 63.24010763467942,
        "sun_diff": 2.2178212474161683,
        "length": 106.35006340024219
      }
    },
    {
      "geometry": {
        "type": "LineString",
        "coordinates": [
          [
            72.9089768,
            19.0196653
          ],
          [
            72.9098676,
            19.0200204
          ]
        ]
      },
      "type": "Feature",
      "properties": {
        "name": null,
        "type": "residential",
        "slope": 67.13725227918647,
        "sun_diff": 1.679323397090883,
        "length": 101.66078394029763
      }
    },
    {
      "geometry": {
        "type": "LineString",
        "coordinates": [
          [
            72.8864349,
            19.0404206
          ],
          [
            72.885537,
            19.0400168
          ]
        ]
      },
      "type": "Feature",
      "properties": {
        "name": null,
        "type": "service",
        "slope": 64.55753588878903,
        "sun_diff": 0.9003929933065535,
        "length": 104.5486275113282
      }
    },
    {
      "geometry": {
        "type": "LineString",
        "coordinates": [
          [
            72.8624917,
            19.1266219
          ],
          [
            72.8609157,
            19.1273472
          ]
        ]
      },
      "type": "Feature",
      "properties": {
        "name": null,
        "type": "residential",
        "slope": 115.97106845840796,
        "sun_diff": 1.4154020763317305,
        "length": 184.22462742870408
      }
    },
    {
      "geometry": {
        "type": "LineString",
        "coordinates": [
          [
            72.955332,
            18.949741
          ],
          [
            72.9565939,
            18.9492174
          ]
        ]
      },
      "type": "Feature",
      "properties": {
        "name": null,
        "type": "tertiary",
        "slope": 113.68728695109493,
        "sun_diff": 0.8403483346275635,
        "length": 144.96738656753982
      }
    },
    {
      "geometry": {
        "type": "LineString",
        "coordinates": [
          [
            72.8876574,
            19.0814584
          ],
          [
            72.8885385,
            19.0810289
          ]
        ]
      },
      "type": "Feature",
      "properties": {
        "name": "Kohinoor - Vidyavihar Road",
        "type": "tertiary",
        "slope": 117.28460475159451,
        "sun_diff": 2.728938369518289,
        "length": 104.2147517824239
      }
    },
    {
      "geometry": {
        "type": "LineString",
        "coordinates": [
          [
            72.8598444,
            19.0480377
          ],
          [
            72.8607186,
            19.0476102
          ]
        ]
      },
      "type": "Feature",
      "properties": {
        "name": "Sant Rohidas Marg",
        "type": "primary",
        "slope": 117.35452846056444,
        "sun_diff": 2.8129254379892643,
        "length": 103.48469681344419
      }
    },
    {
      "geometry": {
        "type": "LineString",
        "coordinates": [
          [
            72.9472835,
            19.1467968
          ],
          [
            72.9482547,
            19.1464254
          ]
        ]
      },
      "type": "Feature",
      "properties": {
        "name": "30 Feet Road",
        "type": "tertiary",
        "slope": 112.03839638668367,
        "sun_diff": 2.517269995392553,
        "length": 110.09502501000662
      }
    },
    {
      "geometry": {
        "type": "LineString",
        "coordinates": [
          [
            72.8370401,
            19.1429633
          ],
          [
            72.8380639,
            19.1434567
          ]
        ]
      },
      "type": "Feature",
      "properties": {
        "name": "Behrambaug Road",
        "type": "primary",
        "slope": 62.97202550659239,
        "sun_diff": 2.471833185812983,
        "length": 120.76977985389459
      }
    },
    {
      "geometry": {
        "type": "LineString",
        "coordinates": [
          [
            72.8709551,
            19.0743008
          ],
          [
            72.8700482,
            19.0739234
          ]
        ]
      },
      "type": "Feature",
      "properties": {
        "name": "Santa Cruz \u2013 Chembur Link Road",
        "type": "trunk",
        "slope": 66.23527508438704,
        "sun_diff": 0.7914163919816701,
        "length": 104.16869337528686
      }
    },
    {
      "geometry": {
        "type": "LineString",
        "coordinates": [
          [
            72.8647605,
            19.0715926
          ],
          [
            72.8638826,
            19.0712045
          ]
        ]
      },
      "type": "Feature",
      "properties": {
        "name": "Santa Cruz \u2013 Chembur Link Road",
        "type": "trunk",
        "slope": 64.9321094381051,
        "sun_diff": 0.5117492543002697,
        "length": 101.88597122795704
      }
    },
    {
      "geometry": {
        "type": "LineString",
        "coordinates": [
          [
            72.9205351,
            19.0564454
          ],
          [
            72.9192907,
            19.0570451
          ]
        ]
      },
      "type": "Feature",
      "properties": {
        "name": "D P Road",
        "type": "tertiary",
        "slope": 117.01533114858387,
        "sun_diff": 2.459664766507643,
        "length": 146.85245031674685
      }
    },
    {
      "geometry": {
        "type": "LineString",
        "coordinates": [
          [
            72.8841685,
            19.0320824
          ],
          [
            72.88519,
            19.0325797
          ]
        ]
      },
      "type": "Feature",
      "properties": {
        "name": null,
        "type": "service",
        "slope": 62.75218212668159,
        "sun_diff": 2.7057467554139976,
        "length": 120.81656192758471
      }
    },
    {
      "geometry": {
        "type": "LineString",
        "coordinates": [
          [
            72.8824837,
            19.0278805
          ],
          [
            72.8857743,
            19.0291388
          ]
        ]
      },
      "type": "Feature",
      "properties": {
        "name": null,
        "type": "service",
        "slope": 67.97682262312736,
        "sun_diff": 2.518893741031775,
        "length": 373.24749800495186
      }
    },
    {
      "geometry": {
        "type": "LineString",
        "coordinates": [
          [
            72.883026,
            19.0342301
          ],
          [
            72.881626,
            19.0336892
          ]
        ]
      },
      "type": "Feature",
      "properties": {
        "name": null,
        "type": "service",
        "slope": 67.77006130998527,
        "sun_diff": 2.3121324278896793,
        "length": 159.0278403926765
      }
    },
    {
      "geometry": {
        "type": "LineString",
        "coordinates": [
          [
            72.9121037,
            19.1335836
          ],
          [
            72.9104697,
            19.1341997
          ]
        ]
      },
      "type": "Feature",
      "properties": {
        "name": "Main Gate Road",
        "type": "service",
        "slope": 111.75689448588705,
        "sun_diff": 2.79877189618918,
        "length": 184.87862100894773
      }
    },
    {
      "geometry": {
        "type": "LineString",
        "coordinates": [
          [
            72.8589713,
            19.0354196
          ],
          [
            72.8579339,
            19.0358511
          ]
        ]
      },
      "type": "Feature",
      "properties": {
        "name": "Sulochana Shetty Marg",
        "type": "secondary",
        "slope": 113.74976097953251,
        "sun_diff": 0.7918420430426636,
        "length": 119.1721286262389
      }
    },
    {
      "geometry": {
        "type": "LineString",
        "coordinates": [
          [
            72.8549526,
            18.992513
          ],
          [
            72.8564208,
            18.9931189
          ]
        ]
      },
      "type": "Feature",
      "properties": {
        "name": "Fosbery Road",
        "type": "residential",
        "slope": 66.42146539288859,
        "sun_diff": 0.9635365107930056,
        "length": 168.48324795057627
      }
    },
    {
      "geometry": {
        "type": "LineString",
        "coordinates": [
          [
            72.8658575,
            19.1040386
          ],
          [
            72.8667804,
            19.1036716
          ]
        ]
      },
      "type": "Feature",
      "properties": {
        "name": null,
        "type": "service",
        "slope": 112.82310299015987,
        "sun_diff": 1.7325633919163579,
        "length": 105.24013886607145
      }
    },
    {
      "geometry": {
        "type": "LineString",
        "coordinates": [
          [
            72.8990351,
            19.0045241
          ],
          [
            72.900306,
            19.003981
          ]
        ]
      },
      "type": "Feature",
      "properties": {
        "name": null,
        "type": "service",
        "slope": 114.32149853083382,
        "sun_diff": 0.2201044917413526,
        "length": 146.6745551648276
      }
    },
    {
      "geometry": {
        "type": "LineString",
        "coordinates": [
          [
            72.9750856,
            19.1732076
          ],
          [
            72.9738393,
            19.1737415
          ]
        ]
      },
      "type": "Feature",
      "properties": {
        "name": null,
        "type": "service",
        "slope": 114.39655797741648,
        "sun_diff": 0.17326738680918652,
        "length": 143.77370293787789
      }
    },
    {
      "geometry": {
        "type": "LineString",
        "coordinates": [
          [
            72.7867077,
            19.1617768
          ],
          [
            72.7876116,
            19.1621543
          ]
        ]
      },
      "type": "Feature",
      "properties": {
        "name": "Madh Marve Road",
        "type": "tertiary",
        "slope": 66.14825841969852,
        "sun_diff": 0.7185518792534253,
        "length": 103.83845807235234
      }
    },
    {
      "geometry": {
        "type": "LineString",
        "coordinates": [
          [
            72.8421462,
            19.1137029
          ],
          [
            72.8431148,
            19.1132355
          ]
        ]
      },
      "type": "Feature",
      "properties": {
        "name": null,
        "type": "residential",
        "slope": 117.053658030191,
        "sun_diff": 2.497991648114777,
        "length": 114.30505336279201
      }
    },
    {
      "geometry": {
        "type": "LineString",
        "coordinates": [
          [
            72.8581013,
            19.035884
          ],
          [
            72.8598014,
            19.0352176
          ]
        ]
      },
      "type": "Feature",
      "properties": {
        "name": "Sulochana Shetty Marg",
        "type": "secondary",
        "slope": 112.52137776217512,
        "sun_diff": 2.0202252604000535,
        "length": 193.51956358425576
      }
    },
    {
      "geometry": {
        "type": "LineString",
        "coordinates": [
          [
            72.9580804,
            19.1402307
          ],
          [
            72.9596044,
            19.1408235
          ]
        ]
      },
      "type": "Feature",
      "properties": {
        "name": null,
        "type": "service",
        "slope": 67.62111644281549,
        "sun_diff": 2.1772577504101207,
        "length": 173.18628505303136
      }
    },
    {
      "geometry": {
        "type": "LineString",
        "coordinates": [
          [
            72.9596044,
            19.1408235
          ],
          [
            72.9611169,
            19.1414119
          ]
        ]
      },
      "type": "Feature",
      "properties": {
        "name": null,
        "type": "service",
        "slope": 67.61853388555267,
        "sun_diff": 2.1746751931472943,
        "length": 171.88200865317552
      }
    },
    {
      "geometry": {
        "type": "LineString",
        "coordinates": [
          [
            72.9611169,
            19.1414119
          ],
          [
            72.9626602,
            19.1420181
          ]
        ]
      },
      "type": "Feature",
      "properties": {
        "name": null,
        "type": "service",
        "slope": 67.42324545873456,
        "sun_diff": 1.9793867663291849,
        "length": 175.62904060313056
      }
    },
    {
      "geometry": {
        "type": "LineString",
        "coordinates": [
          [
            72.9626602,
            19.1420181
          ],
          [
            72.9640356,
            19.1425528
          ]
        ]
      },
      "type": "Feature",
      "properties": {
        "name": null,
        "type": "service",
        "slope": 67.63214591332232,
        "sun_diff": 2.1882872209169477,
        "length": 156.28544072007017
      }
    },
    {
      "geometry": {
        "type": "LineString",
        "coordinates": [
          [
            72.9629284,
            19.1445327
          ],
          [
            72.9617256,
            19.1440291
          ]
        ]
      },
      "type": "Feature",
      "properties": {
        "name": null,
        "type": "service",
        "slope": 66.09708226575833,
        "sun_diff": 0.6532235733529603,
        "length": 138.24509291730607
      }
    },
    {
      "geometry": {
        "type": "LineString",
        "coordinates": [
          [
            72.9612656,
            19.1438667
          ],
          [
            72.9602425,
            19.1434759
          ]
        ]
      },
      "type": "Feature",
      "properties": {
        "name": null,
        "type": "service",
        "slope": 67.98474427762147,
        "sun_diff": 2.5408855852161025,
        "length": 115.96151529197024
      }
    },
    {
      "geometry": {
        "type": "LineString",
        "coordinates": [
          [
            72.9602425,
            19.1434759
          ],
          [
            72.9587407,
            19.1429023
          ]
        ]
      },
      "type": "Feature",
      "properties": {
        "name": null,
        "type": "service",
        "slope": 67.98662108527645,
        "sun_diff": 2.542762392871083,
        "length": 170.21720216374987
      }
    },
    {
      "geometry": {
        "type": "LineString",
        "coordinates": [
          [
            72.9587407,
            19.1429023
          ],
          [
            72.9573716,
            19.1423793
          ]
        ]
      },
      "type": "Feature",
      "properties": {
        "name": null,
        "type": "service",
        "slope": 67.98349889681248,
        "sun_diff": 2.5396402044071067,
        "length": 155.1806334592688
      }
    },
    {
      "geometry": {
        "type": "LineString",
        "coordinates": [
          [
            72.8386709,
            19.0505624
          ],
          [
            72.8398269,
            19.0510339
          ]
        ]
      },
      "type": "Feature",
      "properties": {
        "name": null,
        "type": "residential",
        "slope": 66.65949576073717,
        "sun_diff": 1.2156370683318016,
        "length": 132.3716128021355
      }
    },
    {
      "geometry": {
        "type": "LineString",
        "coordinates": [
          [
            72.854115,
            19.0333365
          ],
          [
            72.8529916,
            19.0338842
          ]
        ]
      },
      "type": "Feature",
      "properties": {
        "name": null,
        "type": "residential",
        "slope": 117.2817512142725,
        "sun_diff": 2.7401481916973296,
        "length": 132.908182183374
      }
    },
    {
      "geometry": {
        "type": "LineString",
        "coordinates": [
          [
            72.8744345,
            19.0797167
          ],
          [
            72.8704892,
            19.0815865
          ]
        ]
      },
      "type": "Feature",
      "properties": {
        "name": "Kalina Kurla Road",
        "type": "tertiary",
        "slope": 116.63310668548337,
        "sun_diff": 2.077440303407144,
        "length": 463.9521889851449
      }
    },
    {
      "geometry": {
        "type": "LineString",
        "coordinates": [
          [
            72.8276964,
            19.1466094
          ],
          [
            72.8285795,
            19.1469698
          ]
        ]
      },
      "type": "Feature",
      "properties": {
        "name": "Maharana Pratap Marg",
        "type": "secondary",
        "slope": 66.63535440240008,
        "sun_diff": 1.1914957099947117,
        "length": 101.08204084054528
      }
    },
    {
      "geometry": {
        "type": "LineString",
        "coordinates": [
          [
            72.8153073,
            18.9856117
          ],
          [
            72.8163968,
            18.9860507
          ]
        ]
      },
      "type": "Feature",
      "properties": {
        "name": null,
        "type": "service",
        "slope": 66.9202281639763,
        "sun_diff": 1.4622992818807177,
        "length": 124.56227753714417
      }
    },
    {
      "geometry": {
        "type": "LineString",
        "coordinates": [
          [
            72.8403144,
            18.9274509
          ],
          [
            72.8377509,
            18.926275
          ]
        ]
      },
      "type": "Feature",
      "properties": {
        "name": null,
        "type": "service",
        "slope": 64.13007242295558,
        "sun_diff": 1.3418173658035357,
        "length": 299.7614490039081
      }
    },
    {
      "geometry": {
        "type": "LineString",
        "coordinates": [
          [
            72.9174315,
            19.1066151
          ],
          [
            72.9182866,
            19.1062017
          ]
        ]
      },
      "type": "Feature",
      "properties": {
        "name": null,
        "type": "residential",
        "slope": 117.09594258687645,
        "sun_diff": 2.5402762048002216,
        "length": 100.9532343658977
      }
    },
    {
      "geometry": {
        "type": "LineString",
        "coordinates": [
          [
            72.9563422,
            19.2176896
          ],
          [
            72.9553021,
            19.2181491
          ]
        ]
      },
      "type": "Feature",
      "properties": {
        "name": null,
        "type": "residential",
        "slope": 115.07287784832684,
        "sun_diff": 0.5030524841011754,
        "length": 120.60807020018366
      }
    },
    {
      "geometry": {
        "type": "LineString",
        "coordinates": [
          [
            72.9548272,
            19.2178182
          ],
          [
            72.9564358,
            19.2170492
          ]
        ]
      },
      "type": "Feature",
      "properties": {
        "name": null,
        "type": "residential",
        "slope": 116.85151249853942,
        "sun_diff": 2.2816871343137564,
        "length": 189.3721464018794
      }
    },
    {
      "geometry": {
        "type": "LineString",
        "coordinates": [
          [
            72.8684965,
            19.1251566
          ],
          [
            72.8675476,
            19.1255176
          ]
        ]
      },
      "type": "Feature",
      "properties": {
        "name": null,
        "type": "tertiary",
        "slope": 111.93299227432877,
        "sun_diff": 2.622674107747457,
        "length": 107.50105353420366
      }
    },
    {
      "geometry": {
        "type": "LineString",
        "coordinates": [
          [
            72.8317576,
            19.1117691
          ],
          [
            72.8308575,
            19.1121148
          ]
        ]
      },
      "type": "Feature",
      "properties": {
        "name": null,
        "type": "path",
        "slope": 112.12043264739424,
        "sun_diff": 2.4352337346819866,
        "length": 102.11582124810943
      }
    },
    {
      "geometry": {
        "type": "LineString",
        "coordinates": [
          [
            72.9439919,
            19.1617127
          ],
          [
            72.9430144,
            19.1621448
          ]
        ]
      },
      "type": "Feature",
      "properties": {
        "name": "Mulund-Goregaon Link Road",
        "type": "primary",
        "slope": 115.07841490113256,
        "sun_diff": 0.5085895369068965,
        "length": 113.39277718841625
      }
    },
    {
      "geometry": {
        "type": "LineString",
        "coordinates": [
          [
            72.8922285,
            19.1616508
          ],
          [
            72.8931029,
            19.1620485
          ]
        ]
      },
      "type": "Feature",
      "properties": {
        "name": null,
        "type": "service",
        "slope": 64.28898019117486,
        "sun_diff": 1.1407263492702384,
        "length": 101.96598910419635
      }
    },
    {
      "geometry": {
        "type": "LineString",
        "coordinates": [
          [
            72.8924149,
            19.0312587
          ],
          [
            72.8913823,
            19.0308682
          ]
        ]
      },
      "type": "Feature",
      "properties": {
        "name": null,
        "type": "residential",
        "slope": 68.19679368037478,
        "sun_diff": 2.738864798279195,
        "length": 116.94370248244437
      }
    },
    {
      "geometry": {
        "type": "LineString",
        "coordinates": [
          [
            72.8788082,
            19.0522802
          ],
          [
            72.8801127,
            19.0528016
          ]
        ]
      },
      "type": "Feature",
      "properties": {
        "name": "Sion Panvel Highway",
        "type": "trunk",
        "slope": 67.0785232118678,
        "sun_diff": 1.634664519462433,
        "length": 148.90858968079257
      }
    },
    {
      "geometry": {
        "type": "LineString",
        "coordinates": [
          [
            72.8557961,
            19.0318919
          ],
          [
            72.8547978,
            19.0323327
          ]
        ]
      },
      "type": "Feature",
      "properties": {
        "name": null,
        "type": "residential",
        "slope": 115.0365217449031,
        "sun_diff": 0.4949187223279239,
        "length": 115.85690303389674
      }
    },
    {
      "geometry": {
        "type": "LineString",
        "coordinates": [
          [
            72.9166507,
            19.0626493
          ],
          [
            72.9197358,
            19.0613967
          ]
        ]
      },
      "type": "Feature",
      "properties": {
        "name": "Ghatkopar - Mankhurd Link Road Flyover",
        "type": "trunk",
        "slope": 113.24689335053796,
        "sun_diff": 1.3087730315382657,
        "length": 352.9975918149279
      }
    },
    {
      "geometry": {
        "type": "LineString",
        "coordinates": [
          [
            72.9068679,
            19.0593096
          ],
          [
            72.9055747,
            19.0599025
          ]
        ]
      },
      "type": "Feature",
      "properties": {
        "name": "N G Acharya Marg",
        "type": "secondary",
        "slope": 115.87652234826373,
        "sun_diff": 1.3208559661875086,
        "length": 151.10736669735604
      }
    },
    {
      "geometry": {
        "type": "LineString",
        "coordinates": [
          [
            72.9055747,
            19.0599025
          ],
          [
            72.9041871,
            19.0605386
          ]
        ]
      },
      "type": "Feature",
      "properties": {
        "name": "N G Acharya Marg",
        "type": "secondary",
        "slope": 115.87377760979422,
        "sun_diff": 1.318111227717992,
        "length": 162.13341169403674
      }
    },
    {
      "geometry": {
        "type": "LineString",
        "coordinates": [
          [
            72.9041871,
            19.0605386
          ],
          [
            72.9030126,
            19.0611088
          ]
        ]
      },
      "type": "Feature",
      "properties": {
        "name": "N G Acharya Marg",
        "type": "secondary",
        "slope": 117.18711681106524,
        "sun_diff": 2.6314504289890124,
        "length": 138.81292405023052
      }
    },
    {
      "geometry": {
        "type": "LineString",
        "coordinates": [
          [
            72.9028073,
            19.0611952
          ],
          [
            72.9017485,
            19.0616529
          ]
        ]
      },
      "type": "Feature",
      "properties": {
        "name": "N G Acharya Marg",
        "type": "secondary",
        "slope": 114.57745768418556,
        "sun_diff": 0.02179130210933522,
        "length": 122.4023408559306
      }
    },
    {
      "geometry": {
        "type": "LineString",
        "coordinates": [
          [
            72.9017485,
            19.0616529
          ],
          [
            72.9006787,
            19.0620934
          ]
        ]
      },
      "type": "Feature",
      "properties": {
        "name": "N G Acharya Marg",
        "type": "secondary",
        "slope": 113.54024687065427,
        "sun_diff": 1.0154195114219533,
        "length": 122.67810845051623
      }
    },
    {
      "geometry": {
        "type": "LineString",
        "coordinates": [
          [
            72.925279,
            19.0498059
          ],
          [
            72.9267225,
            19.0492468
          ]
        ]
      },
      "type": "Feature",
      "properties": {
        "name": "Deonar Road",
        "type": "tertiary",
        "slope": 112.2819388829306,
        "sun_diff": 2.2596641396445705,
        "length": 164.01459419268846
      }
    },
    {
      "geometry": {
        "type": "LineString",
        "coordinates": [
          [
            72.9208968,
            19.0563662
          ],
          [
            72.9218743,
            19.0559337
          ]
        ]
      },
      "type": "Feature",
      "properties": {
        "name": "D P Road",
        "type": "tertiary",
        "slope": 115.08464124378304,
        "sun_diff": 0.5289748617068142,
        "length": 113.47115394315297
      }
    },
    {
      "geometry": {
        "type": "LineString",
        "coordinates": [
          [
            72.9704913,
            19.253769
          ],
          [
            72.9715208,
            19.2541565
          ]
        ]
      },
      "type": "Feature",
      "properties": {
        "name": null,
        "type": "service",
        "slope": 68.2629581973205,
        "sun_diff": 2.847513091862396,
        "length": 116.38156044987961
      }
    },
    {
      "geometry": {
        "type": "LineString",
        "coordinates": [
          [
            72.8559074,
            19.1732359
          ],
          [
            72.8571819,
            19.1737289
          ]
        ]
      },
      "type": "Feature",
      "properties": {
        "name": "Goregaon Mulund Link Road",
        "type": "secondary",
        "slope": 67.72910664686992,
        "sun_diff": 2.2994001064248266,
        "length": 144.69232080189136
      }
    },
    {
      "geometry": {
        "type": "LineString",
        "coordinates": [
          [
            72.8915083,
            19.1568945
          ],
          [
            72.8926992,
            19.1564384
          ]
        ]
      },
      "type": "Feature",
      "properties": {
        "name": null,
        "type": "service",
        "slope": 112.06952047607103,
        "sun_diff": 2.5003048881546306,
        "length": 135.02165814102148
      }
    },
    {
      "geometry": {
        "type": "LineString",
        "coordinates": [
          [
            72.8869839,
            19.1446039
          ],
          [
            72.8878837,
            19.1441641
          ]
        ]
      },
      "type": "Feature",
      "properties": {
        "name": null,
        "type": "service",
        "slope": 117.3565363717052,
        "sun_diff": 2.8008699896289784,
        "length": 106.45493639017761
      }
    },
    {
      "geometry": {
        "type": "LineString",
        "coordinates": [
          [
            72.8824511,
            19.1790428
          ],
          [
            72.8844919,
            19.1798634
          ]
        ]
      },
      "type": "Feature",
      "properties": {
        "name": null,
        "type": "service",
        "slope": 66.93915797922898,
        "sun_diff": 1.5094514387838842,
        "length": 233.0187374950907
      }
    },
    {
      "geometry": {
        "type": "LineString",
        "coordinates": [
          [
            72.9516688,
            19.1571334
          ],
          [
            72.953065,
            19.1577306
          ]
        ]
      },
      "type": "Feature",
      "properties": {
        "name": null,
        "type": "service",
        "slope": 65.63852657721307,
        "sun_diff": 0.20882003676797467,
        "length": 161.03720717205886
      }
    },
    {
      "geometry": {
        "type": "LineString",
        "coordinates": [
          [
            72.8550532,
            19.0373713
          ],
          [
            72.8538261,
            19.0379509
          ]
        ]
      },
      "type": "Feature",
      "properties": {
        "name": "60 Feet Road",
        "type": "secondary",
        "slope": 116.54961908449127,
        "sun_diff": 2.008016061916095,
        "length": 144.2345476541405
      }
    },
    {
      "geometry": {
        "type": "LineString",
        "coordinates": [
          [
            72.8550273,
            19.0769494
          ],
          [
            72.8561335,
            19.0774946
          ]
        ]
      },
      "type": "Feature",
      "properties": {
        "name": null,
        "type": "residential",
        "slope": 62.45793107726524,
        "sun_diff": 2.9859276151401275,
        "length": 131.14752134290933
      }
    },
    {
      "geometry": {
        "type": "LineString",
        "coordinates": [
          [
            72.8383029,
            19.0020817
          ],
          [
            72.8373462,
            19.0025087
          ]
        ]
      },
      "type": "Feature",
      "properties": {
        "name": null,
        "type": "residential",
        "slope": 115.26968292487757,
        "sun_diff": 0.7280799023023974,
        "length": 111.26136790378015
      }
    },
    {
      "geometry": {
        "type": "LineString",
        "coordinates": [
          [
            72.9163127,
            19.1189595
          ],
          [
            72.917366,
            19.1185436
          ]
        ]
      },
      "type": "Feature",
      "properties": {
        "name": null,
        "type": "residential",
        "slope": 112.68027687124436,
        "sun_diff": 1.875389510831866,
        "length": 119.97360912119848
      }
    },
    {
      "geometry": {
        "type": "LineString",
        "coordinates": [
          [
            72.8804586,
            19.0525905
          ],
          [
            72.8794513,
            19.0521887
          ]
        ]
      },
      "type": "Feature",
      "properties": {
        "name": "Sewri-Chembur Road",
        "type": "primary",
        "slope": 67.12001919089542,
        "sun_diff": 1.6761604984900487,
        "length": 114.94820951763869
      }
    },
    {
      "geometry": {
        "type": "LineString",
        "coordinates": [
          [
            72.9344827,
            19.1435719
          ],
          [
            72.9358587,
            19.1429131
          ]
        ]
      },
      "type": "Feature",
      "properties": {
        "name": "MV Shinde Marg",
        "type": "residential",
        "slope": 116.87605096044402,
        "sun_diff": 2.3203845783677934,
        "length": 162.09748383739839
      }
    },
    {
      "geometry": {
        "type": "LineString",
        "coordinates": [
          [
            72.9132853,
            19.0543802
          ],
          [
            72.9143542,
            19.0539424
          ]
        ]
      },
      "type": "Feature",
      "properties": {
        "name": null,
        "type": "residential",
        "slope": 113.42809213577061,
        "sun_diff": 1.1275742463056133,
        "length": 122.47644392836268
      }
    },
    {
      "geometry": {
        "type": "LineString",
        "coordinates": [
          [
            72.9255399,
            19.1338677
          ],
          [
            72.9270191,
            19.1331404
          ]
        ]
      },
      "type": "Feature",
      "properties": {
        "name": null,
        "type": "service",
        "slope": 117.4939891510883,
        "sun_diff": 2.938322769012075,
        "length": 175.23306420169936
      }
    },
    {
      "geometry": {
        "type": "LineString",
        "coordinates": [
          [
            72.8518081,
            19.2434663
          ],
          [
            72.8508434,
            19.2430145
          ]
        ]
      },
      "type": "Feature",
      "properties": {
        "name": null,
        "type": "residential",
        "slope": 63.616443799566326,
        "sun_diff": 1.8132627408787698,
        "length": 113.08744498953752
      }
    },
    {
      "geometry": {
        "type": "LineString",
        "coordinates": [
          [
            72.8599043,
            19.1395679
          ],
          [
            72.8587787,
            19.1401179
          ]
        ]
      },
      "type": "Feature",
      "properties": {
        "name": null,
        "type": "residential",
        "slope": 117.34893010357561,
        "sun_diff": 2.793263721499386,
        "length": 133.16366766475934
      }
    },
    {
      "geometry": {
        "type": "LineString",
        "coordinates": [
          [
            72.9224548,
            19.1693767
          ],
          [
            72.9234305,
            19.1690097
          ]
        ]
      },
      "type": "Feature",
      "properties": {
        "name": null,
        "type": "service",
        "slope": 111.71342932362771,
        "sun_diff": 2.856396040597957,
        "length": 110.33844345189976
      }
    },
    {
      "geometry": {
        "type": "LineString",
        "coordinates": [
          [
            72.92433,
            19.1678288
          ],
          [
            72.9255939,
            19.1672536
          ]
        ]
      },
      "type": "Feature",
      "properties": {
        "name": null,
        "type": "service",
        "slope": 115.72517464035255,
        "sun_diff": 1.1553492761268842,
        "length": 147.39909833085653
      }
    },
    {
      "geometry": {
        "type": "LineString",
        "coordinates": [
          [
            72.861069,
            19.2298818
          ],
          [
            72.8620681,
            19.2302999
          ]
        ]
      },
      "type": "Feature",
      "properties": {
        "name": "Kasturba Gandhi Road",
        "type": "secondary",
        "slope": 66.09676646534155,
        "sun_diff": 0.6670599248964493,
        "length": 114.77301375425809
      }
    },
    {
      "geometry": {
        "type": "LineString",
        "coordinates": [
          [
            72.8597684,
            19.2292867
          ],
          [
            72.8588243,
            19.2288699
          ]
        ]
      },
      "type": "Feature",
      "properties": {
        "name": "Kasturba Gandhi Road",
        "type": "secondary",
        "slope": 64.94091202204521,
        "sun_diff": 0.4887945183998852,
        "length": 109.45638384926907
      }
    },
    {
      "geometry": {
        "type": "LineString",
        "coordinates": [
          [
            72.9448736,
            19.1609423
          ],
          [
            72.9457762,
            19.1605082
          ]
        ]
      },
      "type": "Feature",
      "properties": {
        "name": null,
        "type": "residential",
        "slope": 116.98289119016925,
        "sun_diff": 2.4130658259435904,
        "length": 106.41882595835362
      }
    },
    {
      "geometry": {
        "type": "LineString",
        "coordinates": [
          [
            72.9231665,
            19.1689189
          ],
          [
            72.9217971,
            19.1694529
          ]
        ]
      },
      "type": "Feature",
      "properties": {
        "name": null,
        "type": "service",
        "slope": 112.4329557066649,
        "sun_diff": 2.1368696575607657,
        "length": 155.65116998903594
      }
    },
    {
      "geometry": {
        "type": "LineString",
        "coordinates": [
          [
            72.7795918,
            19.2361225
          ],
          [
            72.7805588,
            19.2364986
          ]
        ]
      },
      "type": "Feature",
      "properties": {
        "name": null,
        "type": "residential",
        "slope": 67.6115463021751,
        "sun_diff": 2.1818397617300036,
        "length": 109.83285041379015
      }
    },
    {
      "geometry": {
        "type": "LineString",
        "coordinates": [
          [
            72.9251489,
            19.0162439
          ],
          [
            72.9263053,
            19.015788
          ]
        ]
      },
      "type": "Feature",
      "properties": {
        "name": null,
        "type": "service",
        "slope": 112.6359776629501,
        "sun_diff": 1.905625359625077,
        "length": 131.75609587654654
      }
    },
    {
      "geometry": {
        "type": "LineString",
        "coordinates": [
          [
            72.9277782,
            19.0229494
          ],
          [
            72.9263174,
            19.0236203
          ]
        ]
      },
      "type": "Feature",
      "properties": {
        "name": null,
        "type": "service",
        "slope": 115.9105408607141,
        "sun_diff": 1.368937838138919,
        "length": 170.7775873513403
      }
    },
    {
      "geometry": {
        "type": "LineString",
        "coordinates": [
          [
            72.9243763,
            19.0678666
          ],
          [
            72.9254226,
            19.0674688
          ]
        ]
      },
      "type": "Feature",
      "properties": {
        "name": "Ahilyabai Holkar Marg",
        "type": "tertiary",
        "slope": 111.91331886787546,
        "sun_diff": 2.6423475142007646,
        "length": 118.5604830384025
      }
    },
    {
      "geometry": {
        "type": "LineString",
        "coordinates": [
          [
            72.9274821,
            19.0664098
          ],
          [
            72.9283457,
            19.0660176
          ]
        ]
      },
      "type": "Feature",
      "properties": {
        "name": "Ahilyabai Holkar Marg",
        "type": "tertiary",
        "slope": 115.6644970689182,
        "sun_diff": 1.1088306868419693,
        "length": 100.72554298464684
      }
    },
    {
      "geometry": {
        "type": "LineString",
        "coordinates": [
          [
            72.9624943,
            19.225444
          ],
          [
            72.9598774,
            19.2266384
          ]
        ]
      },
      "type": "Feature",
      "properties": {
        "name": null,
        "type": "service",
        "slope": 115.79815490796153,
        "sun_diff": 1.2283295437358674,
        "length": 305.2680636545166
      }
    },
    {
      "geometry": {
        "type": "LineString",
        "coordinates": [
          [
            72.8561131,
            18.9955604
          ],
          [
            72.857688,
            18.9961693
          ]
        ]
      },
      "type": "Feature",
      "properties": {
        "name": null,
        "type": "service",
        "slope": 67.76054038302638,
        "sun_diff": 2.3026115009307944,
        "length": 178.94802328457976
      }
    },
    {
      "geometry": {
        "type": "LineString",
        "coordinates": [
          [
            72.8586403,
            18.9964455
          ],
          [
            72.8599192,
            18.9969613
          ]
        ]
      },
      "type": "Feature",
      "properties": {
        "name": null,
        "type": "service",
        "slope": 66.8994803674507,
        "sun_diff": 1.4415514853551201,
        "length": 146.2293545722646
      }
    },
    {
      "geometry": {
        "type": "LineString",
        "coordinates": [
          [
            72.8448853,
            19.2548355
          ],
          [
            72.8459339,
            19.2543286
          ]
        ]
      },
      "type": "Feature",
      "properties": {
        "name": null,
        "type": "residential",
        "slope": 117.11464014694499,
        "sun_diff": 2.530546517543172,
        "length": 123.70722444608383
      }
    },
    {
      "geometry": {
        "type": "LineString",
        "coordinates": [
          [
            72.8459339,
            19.2543286
          ],
          [
            72.8472029,
            19.2537106
          ]
        ]
      },
      "type": "Feature",
      "properties": {
        "name": null,
        "type": "residential",
        "slope": 117.2869622178109,
        "sun_diff": 2.702868588409075,
        "length": 149.9407441080279
      }
    },
    {
      "geometry": {
        "type": "LineString",
        "coordinates": [
          [
            72.9196755,
            19.0612809
          ],
          [
            72.9165971,
            19.0625306
          ]
        ]
      },
      "type": "Feature",
      "properties": {
        "name": "Ghatkopar - Mankhurd Link Road Flyover",
        "type": "trunk",
        "slope": 113.24404810223905,
        "sun_diff": 1.3116182798371767,
        "length": 352.2232987352295
      }
    },
    {
      "geometry": {
        "type": "LineString",
        "coordinates": [
          [
            72.9221208,
            19.0566152
          ],
          [
            72.921006,
            19.0571092
          ]
        ]
      },
      "type": "Feature",
      "properties": {
        "name": null,
        "type": "service",
        "slope": 115.11827952422237,
        "sun_diff": 0.562613142146148,
        "length": 129.4443289880361
      }
    },
    {
      "geometry": {
        "type": "LineString",
        "coordinates": [
          [
            72.9522175,
            18.9603063
          ],
          [
            72.9570131,
            18.9582381
          ]
        ]
      },
      "type": "Feature",
      "properties": {
        "name": null,
        "type": "service",
        "slope": 114.51327498858603,
        "sun_diff": 0.028321203799976047,
        "length": 554.451935037665
      }
    },
    {
      "geometry": {
        "type": "LineString",
        "coordinates": [
          [
            72.9570131,
            18.9582381
          ],
          [
            72.9589339,
            18.9574097
          ]
        ]
      },
      "type": "Feature",
      "properties": {
        "name": null,
        "type": "service",
        "slope": 114.5135839718125,
        "sun_diff": 0.02801222057351538,
        "length": 222.07908545295018
      }
    },
    {
      "geometry": {
        "type": "LineString",
        "coordinates": [
          [
            72.9589339,
            18.9574097
          ],
          [
            72.9606692,
            18.9566614
          ]
        ]
      },
      "type": "Feature",
      "properties": {
        "name": null,
        "type": "service",
        "slope": 114.51065993946727,
        "sun_diff": 0.030936252918735363,
        "length": 200.62821459659284
      }
    },
    {
      "geometry": {
        "type": "LineString",
        "coordinates": [
          [
            72.947898,
            18.9572241
          ],
          [
            72.9501131,
            18.9562744
          ]
        ]
      },
      "type": "Feature",
      "properties": {
        "name": null,
        "type": "service",
        "slope": 114.38594450953752,
        "sun_diff": 0.15565851303765044,
        "length": 255.84785868562764
      }
    },
    {
      "geometry": {
        "type": "LineString",
        "coordinates": [
          [
            72.9470217,
            18.9502655
          ],
          [
            72.950321,
            18.9487923
          ]
        ]
      },
      "type": "Feature",
      "properties": {
        "name": null,
        "type": "service",
        "slope": 115.27211728953733,
        "sun_diff": 0.7305142669621603,
        "length": 383.82841240527756
      }
    },
    {
      "geometry": {
        "type": "LineString",
        "coordinates": [
          [
            72.9008929,
            19.1155988
          ],
          [
            72.9019576,
            19.1151442
          ]
        ]
      },
      "type": "Feature",
      "properties": {
        "name": null,
        "type": "residential",
        "slope": 114.3177786064376,
        "sun_diff": 0.23788777563862595,
        "length": 122.79110073522494
      }
    },
    {
      "geometry": {
        "type": "LineString",
        "coordinates": [
          [
            72.8857731,
            19.0350578
          ],
          [
            72.886929,
            19.0356276
          ]
        ]
      },
      "type": "Feature",
      "properties": {
        "name": null,
        "type": "service",
        "slope": 62.45953392962366,
        "sun_diff": 2.9983949524719264,
        "length": 137.0723967085486
      }
    },
    {
      "geometry": {
        "type": "LineString",
        "coordinates": [
          [
            72.9286449,
            19.1363083
          ],
          [
            72.9277504,
            19.1366841
          ]
        ]
      },
      "type": "Feature",
      "properties": {
        "name": null,
        "type": "service",
        "slope": 113.97458548458809,
        "sun_diff": 0.5810808974881354,
        "length": 102.87221868074964
      }
    },
    {
      "geometry": {
        "type": "LineString",
        "coordinates": [
          [
            72.9285101,
            19.1360776
          ],
          [
            72.9276182,
            19.1364513
          ]
        ]
      },
      "type": "Feature",
      "properties": {
        "name": null,
        "type": "service",
        "slope": 113.91732317156573,
        "sun_diff": 0.6383432105104987,
        "length": 102.5278331157715
      }
    },
    {
      "geometry": {
        "type": "LineString",
        "coordinates": [
          [
            72.8842261,
            19.0359178
          ],
          [
            72.8858381,
            19.0366379
          ]
        ]
      },
      "type": "Feature",
      "properties": {
        "name": null,
        "type": "service",
        "slope": 64.70663509917378,
        "sun_diff": 0.751293782921806,
        "length": 187.4690503235241
      }
    },
    {
      "geometry": {
        "type": "LineString",
        "coordinates": [
          [
            72.8924299,
            19.1306448
          ],
          [
            72.8914519,
            19.1302357
          ]
        ]
      },
      "type": "Feature",
      "properties": {
        "name": null,
        "type": "service",
        "slope": 66.11847848682567,
        "sun_diff": 0.6746197944202947,
        "length": 112.39828956730923
      }
    },
    {
      "geometry": {
        "type": "LineString",
        "coordinates": [
          [
            72.9375502,
            19.0456444
          ],
          [
            72.9365587,
            19.0461052
          ]
        ]
      },
      "type": "Feature",
      "properties": {
        "name": null,
        "type": "service",
        "slope": 116.1817767552113,
        "sun_diff": 1.6401737326361285,
        "length": 116.16588527397063
      }
    },
    {
      "geometry": {
        "type": "LineString",
        "coordinates": [
          [
            72.8578861,
            19.2073001
          ],
          [
            72.8568485,
            19.2077731
          ]
        ]
      },
      "type": "Feature",
      "properties": {
        "name": null,
        "type": "service",
        "slope": 115.7681164269355,
        "sun_diff": 1.198291062709842,
        "length": 121.02171235449495
      }
    },
    {
      "geometry": {
        "type": "LineString",
        "coordinates": [
          [
            72.9651631,
            19.205558
          ],
          [
            72.966253,
            19.2060121
          ]
        ]
      },
      "type": "Feature",
      "properties": {
        "name": null,
        "type": "residential",
        "slope": 66.19292284188083,
        "sun_diff": 0.7632163014357332,
        "length": 125.12940903001143
      }
    },
    {
      "geometry": {
        "type": "LineString",
        "coordinates": [
          [
            72.8322785,
            18.9736259
          ],
          [
            72.8313102,
            18.9740431
          ]
        ]
      },
      "type": "Feature",
      "properties": {
        "name": null,
        "type": "service",
        "slope": 114.49465145403511,
        "sun_diff": 0.046951568540066546,
        "length": 111.92524353936004
      }
    },
    {
      "geometry": {
        "type": "LineString",
        "coordinates": [
          [
            72.8261212,
            18.9667514
          ],
          [
            72.8251458,
            18.9671808
          ]
        ]
      },
      "type": "Feature",
      "properties": {
        "name": "13th Lane",
        "type": "residential",
        "slope": 114.96217785114294,
        "sun_diff": 0.42057482856776573,
        "length": 113.17509268719417
      }
    },
    {
      "geometry": {
        "type": "LineString",
        "coordinates": [
          [
            72.8166933,
            19.011953
          ],
          [
            72.8176762,
            19.0115713
          ]
        ]
      },
      "type": "Feature",
      "properties": {
        "name": null,
        "type": "service",
        "slope": 112.33019389374954,
        "sun_diff": 2.211409128825636,
        "length": 111.74389331456732
      }
    },
    {
      "geometry": {
        "type": "LineString",
        "coordinates": [
          [
            72.8368995,
            19.0462123
          ],
          [
            72.8377897,
            19.046555
          ]
        ]
      },
      "type": "Feature",
      "properties": {
        "name": null,
        "type": "service",
        "slope": 67.84060501958032,
        "sun_diff": 2.3826761374847365,
        "length": 101.0606056441439
      }
    },
    {
      "geometry": {
        "type": "LineString",
        "coordinates": [
          [
            72.887539,
            19.0292171
          ],
          [
            72.8864043,
            19.0287532
          ]
        ]
      },
      "type": "Feature",
      "properties": {
        "name": null,
        "type": "residential",
        "slope": 66.6133322503648,
        "sun_diff": 1.1554033682692193,
        "length": 129.9949527103438
      }
    },
    {
      "geometry": {
        "type": "LineString",
        "coordinates": [
          [
            72.8998715,
            19.0173002
          ],
          [
            72.9014146,
            19.0178827
          ]
        ]
      },
      "type": "Feature",
      "properties": {
        "name": null,
        "type": "service",
        "slope": 68.23411985112597,
        "sun_diff": 2.776190969030381,
        "length": 174.7272938244329
      }
    },
    {
      "geometry": {
        "type": "LineString",
        "coordinates": [
          [
            72.9614646,
            18.9329238
          ],
          [
            72.9602443,
            18.9334045
          ]
        ]
      },
      "type": "Feature",
      "properties": {
        "name": null,
        "type": "residential",
        "slope": 112.60933775123934,
        "sun_diff": 1.918297534483159,
        "length": 139.0787714676896
      }
    },
    {
      "geometry": {
        "type": "LineString",
        "coordinates": [
          [
            72.8565243,
            18.9942513
          ],
          [
            72.8606763,
            18.9958059
          ]
        ]
      },
      "type": "Feature",
      "properties": {
        "name": null,
        "type": "service",
        "slope": 68.39710617087911,
        "sun_diff": 2.939177288783526,
        "length": 469.66859477243463
      }
    },
    {
      "geometry": {
        "type": "LineString",
        "coordinates": [
          [
            72.8753295,
            19.0795138
          ],
          [
            72.8709697,
            19.0815857
          ]
        ]
      },
      "type": "Feature",
      "properties": {
        "name": null,
        "type": "service",
        "slope": 116.69591419394638,
        "sun_diff": 2.140247811870154,
        "length": 512.9783595013032
      }
    },
    {
      "geometry": {
        "type": "LineString",
        "coordinates": [
          [
            72.8492261,
            19.0736973
          ],
          [
            72.8478979,
            19.0742075
          ]
        ]
      },
      "type": "Feature",
      "properties": {
        "name": "BKC - WEH Connector",
        "type": "secondary",
        "slope": 112.11900146524363,
        "sun_diff": 2.436664916832598,
        "length": 150.7165633748013
      }
    },
    {
      "geometry": {
        "type": "LineString",
        "coordinates": [
          [
            72.9607363,
            19.2454644
          ],
          [
            72.9593433,
            19.2460159
          ]
        ]
      },
      "type": "Feature",
      "properties": {
        "name": null,
        "type": "path",
        "slope": 112.75047056442062,
        "sun_diff": 1.8193547998050406,
        "length": 158.62529215514664
      }
    },
    {
      "geometry": {
        "type": "LineString",
        "coordinates": [
          [
            72.8655819,
            19.010775
          ],
          [
            72.8635887,
            19.0098362
          ]
        ]
      },
      "type": "Feature",
      "properties": {
        "name": "Mahul Road",
        "type": "tertiary",
        "slope": 63.51887829401835,
        "sun_diff": 1.9390505880772366,
        "length": 234.18176241495067
      }
    },
    {
      "geometry": {
        "type": "LineString",
        "coordinates": [
          [
            72.8633569,
            19.0097193
          ],
          [
            72.862197,
            19.0091789
          ]
        ]
      },
      "type": "Feature",
      "properties": {
        "name": "Mahul Road",
        "type": "tertiary",
        "slope": 63.767073375540036,
        "sun_diff": 1.6908555065555504,
        "length": 135.98554578579018
      }
    },
    {
      "geometry": {
        "type": "LineString",
        "coordinates": [
          [
            72.8722752,
            19.0971469
          ],
          [
            72.8731628,
            19.0975609
          ]
        ]
      },
      "type": "Feature",
      "properties": {
        "name": null,
        "type": "service",
        "slope": 63.72941141238945,
        "sun_diff": 1.7144472800159178,
        "length": 104.03989787206625
      }
    },
    {
      "geometry": {
        "type": "LineString",
        "coordinates": [
          [
            72.8989824,
            19.1037859
          ],
          [
            72.8999063,
            19.1042147
          ]
        ]
      },
      "type": "Feature",
      "properties": {
        "name": null,
        "type": "residential",
        "slope": 63.84107687295764,
        "sun_diff": 1.6027818194477277,
        "length": 108.18657843960273
      }
    },
    {
      "geometry": {
        "type": "LineString",
        "coordinates": [
          [
            72.9175475,
            19.1666052
          ],
          [
            72.9159563,
            19.1673687
          ]
        ]
      },
      "type": "Feature",
      "properties": {
        "name": null,
        "type": "service",
        "slope": 116.93000447486085,
        "sun_diff": 2.360179110635187,
        "length": 187.51120015794282
      }
    },
    {
      "geometry": {
        "type": "LineString",
        "coordinates": [
          [
            72.9579289,
            18.9529199
          ],
          [
            72.9592251,
            18.9523353
          ]
        ]
      },
      "type": "Feature",
      "properties": {
        "name": null,
        "type": "service",
        "slope": 115.49468905759991,
        "sun_diff": 0.9530928652139039,
        "length": 151.07045456700604
      }
    },
    {
      "geometry": {
        "type": "LineString",
        "coordinates": [
          [
            72.9464442,
            18.9490584
          ],
          [
            72.9494687,
            18.9477154
          ]
        ]
      },
      "type": "Feature",
      "properties": {
        "name": null,
        "type": "service",
        "slope": 115.14906594896718,
        "sun_diff": 0.6214306632446807,
        "length": 351.50598772669514
      }
    },
    {
      "geometry": {
        "type": "LineString",
        "coordinates": [
          [
            72.9461771,
            18.9536271
          ],
          [
            72.9483493,
            18.9526975
          ]
        ]
      },
      "type": "Feature",
      "properties": {
        "name": null,
        "type": "service",
        "slope": 114.34597711163593,
        "sun_diff": 0.19562591093924198,
        "length": 250.81897304513024
      }
    },
    {
      "geometry": {
        "type": "LineString",
        "coordinates": [
          [
            72.9596082,
            18.9541579
          ],
          [
            72.960589,
            18.9537346
          ]
        ]
      },
      "type": "Feature",
      "properties": {
        "name": null,
        "type": "service",
        "slope": 114.52854362385699,
        "sun_diff": 0.013052568529019482,
        "length": 113.41426982523053
      }
    },
    {
      "geometry": {
        "type": "LineString",
        "coordinates": [
          [
            72.9600629,
            18.954104
          ],
          [
            72.961183,
            18.953649
          ]
        ]
      },
      "type": "Feature",
      "properties": {
        "name": null,
        "type": "service",
        "slope": 113.24354929041272,
        "sun_diff": 1.2980469019732936,
        "length": 128.2421021210703
      }
    },
    {
      "geometry": {
        "type": "LineString",
        "coordinates": [
          [
            72.960491,
            18.9560028
          ],
          [
            72.9586398,
            18.9567952
          ]
        ]
      },
      "type": "Feature",
      "properties": {
        "name": null,
        "type": "service",
        "slope": 114.35120445454146,
        "sun_diff": 0.19039173784454988,
        "length": 213.7583267966252
      }
    },
    {
      "geometry": {
        "type": "LineString",
        "coordinates": [
          [
            72.9586398,
            18.9567952
          ],
          [
            72.9567165,
            18.9576183
          ]
        ]
      },
      "type": "Feature",
      "properties": {
        "name": null,
        "type": "service",
        "slope": 114.34707094761148,
        "sun_diff": 0.1945252447745247,
        "length": 222.07539462460346
      }
    },
    {
      "geometry": {
        "type": "LineString",
        "coordinates": [
          [
            72.9564838,
            18.9571319
          ],
          [
            72.9584071,
            18.9563088
          ]
        ]
      },
      "type": "Feature",
      "properties": {
        "name": null,
        "type": "service",
        "slope": 114.34690200502155,
        "sun_diff": 0.19469418736446187,
        "length": 222.07593212925684
      }
    },
    {
      "geometry": {
        "type": "LineString",
        "coordinates": [
          [
            72.9584071,
            18.9563088
          ],
          [
            72.9602583,
            18.9555165
          ]
        ]
      },
      "type": "Feature",
      "properties": {
        "name": null,
        "type": "service",
        "slope": 114.34832325823874,
        "sun_diff": 0.19327293414727365,
        "length": 213.75425799533335
      }
    },
    {
      "geometry": {
        "type": "LineString",
        "coordinates": [
          [
            72.9600162,
            18.9550106
          ],
          [
            72.958165,
            18.9558029
          ]
        ]
      },
      "type": "Feature",
      "properties": {
        "name": null,
        "type": "service",
        "slope": 114.34836020643704,
        "sun_diff": 0.19323598594897362,
        "length": 213.7547960484205
      }
    },
    {
      "geometry": {
        "type": "LineString",
        "coordinates": [
          [
            72.958165,
            18.9558029
          ],
          [
            72.9562417,
            18.956626
          ]
        ]
      },
      "type": "Feature",
      "properties": {
        "name": null,
        "type": "service",
        "slope": 114.34694292686984,
        "sun_diff": 0.19465326551616613,
        "length": 222.07649116768872
      }
    },
    {
      "geometry": {
        "type": "LineString",
        "coordinates": [
          [
            72.9559679,
            18.9560537
          ],
          [
            72.9578911,
            18.9552305
          ]
        ]
      },
      "type": "Feature",
      "properties": {
        "name": null,
        "type": "service",
        "slope": 114.35049639998653,
        "sun_diff": 0.19109979239948416,
        "length": 222.0721254123473
      }
    },
    {
      "geometry": {
        "type": "LineString",
        "coordinates": [
          [
            72.9578911,
            18.9552305
          ],
          [
            72.9597423,
            18.9544382
          ]
        ]
      },
      "type": "Feature",
      "properties": {
        "name": null,
        "type": "service",
        "slope": 114.34818415384211,
        "sun_diff": 0.19341203854389732,
        "length": 213.75540481470676
      }
    },
    {
      "geometry": {
        "type": "LineString",
        "coordinates": [
          [
            72.9594975,
            18.9539264
          ],
          [
            72.9576463,
            18.9547188
          ]
        ]
      },
      "type": "Feature",
      "properties": {
        "name": null,
        "type": "service",
        "slope": 114.35093655665145,
        "sun_diff": 0.19065963573456202,
        "length": 213.76053509009628
      }
    },
    {
      "geometry": {
        "type": "LineString",
        "coordinates": [
          [
            72.9576463,
            18.9547188
          ],
          [
            72.955723,
            18.9555419
          ]
        ]
      },
      "type": "Feature",
      "properties": {
        "name": null,
        "type": "service",
        "slope": 114.34680307143924,
        "sun_diff": 0.1947931209467697,
        "length": 222.07768909272764
      }
    },
    {
      "geometry": {
        "type": "LineString",
        "coordinates": [
          [
            72.9554998,
            18.9550754
          ],
          [
            72.957423,
            18.9542522
          ]
        ]
      },
      "type": "Feature",
      "properties": {
        "name": null,
        "type": "service",
        "slope": 114.35037018896807,
        "sun_diff": 0.19122600341793827,
        "length": 222.0732063151967
      }
    },
    {
      "geometry": {
        "type": "LineString",
        "coordinates": [
          [
            72.957423,
            18.9542522
          ],
          [
            72.9592743,
            18.9534599
          ]
        ]
      },
      "type": "Feature",
      "properties": {
        "name": null,
        "type": "service",
        "slope": 114.34689547476452,
        "sun_diff": 0.19470071762148677,
        "length": 213.76602950219066
      }
    },
    {
      "geometry": {
        "type": "LineString",
        "coordinates": [
          [
            72.9553349,
            18.9547309
          ],
          [
            72.9572582,
            18.9539077
          ]
        ]
      },
      "type": "Feature",
      "properties": {
        "name": null,
        "type": "service",
        "slope": 114.3492067046472,
        "sun_diff": 0.19238948773880793,
        "length": 222.0831710101476
      }
    },
    {
      "geometry": {
        "type": "LineString",
        "coordinates": [
          [
            72.9572582,
            18.9539077
          ],
          [
            72.9585459,
            18.9533566
          ]
        ]
      },
      "type": "Feature",
      "properties": {
        "name": null,
        "type": "service",
        "slope": 114.34702389532819,
        "sun_diff": 0.19457229705781742,
        "length": 148.68855991795374
      }
    },
    {
      "geometry": {
        "type": "LineString",
        "coordinates": [
          [
            72.9476015,
            18.9514776
          ],
          [
            72.9455656,
            18.9523488
          ]
        ]
      },
      "type": "Feature",
      "properties": {
        "name": null,
        "type": "service",
        "slope": 114.34420380190673,
        "sun_diff": 0.1973992206684443,
        "length": 235.07897564692115
      }
    },
    {
      "geometry": {
        "type": "LineString",
        "coordinates": [
          [
            72.945611,
            18.9524436
          ],
          [
            72.9483721,
            18.9512621
          ]
        ]
      },
      "type": "Feature",
      "properties": {
        "name": null,
        "type": "service",
        "slope": 114.34357639193053,
        "sun_diff": 0.1980266306446481,
        "length": 318.8144098698635
      }
    },
    {
      "geometry": {
        "type": "LineString",
        "coordinates": [
          [
            72.9569399,
            18.9533073
          ],
          [
            72.953015,
            18.9549897
          ]
        ]
      },
      "type": "Feature",
      "properties": {
        "name": null,
        "type": "service",
        "slope": 114.38119300573311,
        "sun_diff": 0.16040318665289988,
        "length": 453.32211598732
      }
    },
    {
      "geometry": {
        "type": "LineString",
        "coordinates": [
          [
            72.9544298,
            18.9545159
          ],
          [
            72.9570066,
            18.9534331
          ]
        ]
      },
      "type": "Feature",
      "properties": {
        "name": null,
        "type": "service",
        "slope": 113.95556687200437,
        "sun_diff": 0.5860293203816411,
        "length": 296.62811068403295
      }
    },
    {
      "geometry": {
        "type": "LineString",
        "coordinates": [
          [
            72.9577076,
            18.9507007
          ],
          [
            72.9561274,
            18.9513968
          ]
        ]
      },
      "type": "Feature",
      "properties": {
        "name": null,
        "type": "service",
        "slope": 114.97425306883588,
        "sun_diff": 0.43265687644986883,
        "length": 183.3851517276
      }
    },
    {
      "geometry": {
        "type": "LineString",
        "coordinates": [
          [
            72.9561811,
            18.9515085
          ],
          [
            72.9577861,
            18.9508075
          ]
        ]
      },
      "type": "Feature",
      "properties": {
        "name": null,
        "type": "service",
        "slope": 114.7870296781652,
        "sun_diff": 0.24543348577918778,
        "length": 185.98119336664362
      }
    },
    {
      "geometry": {
        "type": "LineString",
        "coordinates": [
          [
            72.9506208,
            18.9629157
          ],
          [
            72.9519488,
            18.9623474
          ]
        ]
      },
      "type": "Feature",
      "properties": {
        "name": null,
        "type": "service",
        "slope": 114.34639336378996,
        "sun_diff": 0.1952028285960523,
        "length": 153.3328978327304
      }
    },
    {
      "geometry": {
        "type": "LineString",
        "coordinates": [
          [
            72.949803,
            18.9612063
          ],
          [
            72.9519404,
            18.9602917
          ]
        ]
      },
      "type": "Feature",
      "properties": {
        "name": null,
        "type": "service",
        "slope": 114.3444340474426,
        "sun_diff": 0.1971689751325698,
        "length": 246.78646262281532
      }
    },
    {
      "geometry": {
        "type": "LineString",
        "coordinates": [
          [
            72.9487714,
            18.9590499
          ],
          [
            72.9509873,
            18.9581017
          ]
        ]
      },
      "type": "Feature",
      "properties": {
        "name": null,
        "type": "service",
        "slope": 114.34436958121353,
        "sun_diff": 0.19723344136164656,
        "length": 255.85336351935175
      }
    },
    {
      "geometry": {
        "type": "LineString",
        "coordinates": [
          [
            72.9470184,
            18.9553855
          ],
          [
            72.9492342,
            18.9544373
          ]
        ]
      },
      "type": "Feature",
      "properties": {
        "name": null,
        "type": "service",
        "slope": 114.34486799960706,
        "sun_diff": 0.19673502296811307,
        "length": 255.84844458234488
      }
    },
    {
      "geometry": {
        "type": "LineString",
        "coordinates": [
          [
            72.831118,
            19.0049645
          ],
          [
            72.8333773,
            19.0058575
          ]
        ]
      },
      "type": "Feature",
      "properties": {
        "name": "Balasheth Mandurkar Marg",
        "type": "residential",
        "slope": 67.31288948786136,
        "sun_diff": 1.8549606057657684,
        "length": 257.5287935765955
      }
    },
    {
      "geometry": {
        "type": "LineString",
        "coordinates": [
          [
            72.8753364,
            19.2161689
          ],
          [
            72.8741986,
            19.2156395
          ]
        ]
      },
      "type": "Feature",
      "properties": {
        "name": null,
        "type": "service",
        "slope": 63.76887765614782,
        "sun_diff": 1.660828884297274,
        "length": 133.22603561776813
      }
    },
    {
      "geometry": {
        "type": "LineString",
        "coordinates": [
          [
            72.9461581,
            19.0473036
          ],
          [
            72.9471695,
            19.0468575
          ]
        ]
      },
      "type": "Feature",
      "properties": {
        "name": null,
        "type": "residential",
        "slope": 115.01461275740132,
        "sun_diff": 0.4730097348261495,
        "length": 117.34573730715493
      }
    },
    {
      "geometry": {
        "type": "LineString",
        "coordinates": [
          [
            72.8059245,
            19.2290378
          ],
          [
            72.8049052,
            19.2286542
          ]
        ]
      },
      "type": "Feature",
      "properties": {
        "name": null,
        "type": "pedestrian",
        "slope": 68.26914139169159,
        "sun_diff": 2.8394348512464944,
        "length": 115.24119634807948
      }
    },
    {
      "geometry": {
        "type": "LineString",
        "coordinates": [
          [
            72.8756067,
            19.1935283
          ],
          [
            72.8768496,
            19.1930486
          ]
        ]
      },
      "type": "Feature",
      "properties": {
        "name": null,
        "type": "residential",
        "slope": 112.22823765956875,
        "sun_diff": 2.3415877046569165,
        "length": 141.04494017099657
      }
    },
    {
      "geometry": {
        "type": "LineString",
        "coordinates": [
          [
            72.8850531,
            19.0846094
          ],
          [
            72.8859346,
            19.0849506
          ]
        ]
      },
      "type": "Feature",
      "properties": {
        "name": "Lal Bahadur Shastri Marg",
        "type": "primary",
        "slope": 67.72696808617201,
        "sun_diff": 2.2831093937666367,
        "length": 100.13083396573609
      }
    },
    {
      "geometry": {
        "type": "LineString",
        "coordinates": [
          [
            72.9591942,
            19.2099539
          ],
          [
            72.9582388,
            19.2095162
          ]
        ]
      },
      "type": "Feature",
      "properties": {
        "name": null,
        "type": "residential",
        "slope": 64.11990159469832,
        "sun_diff": 1.3098049457467766,
        "length": 111.53823317125448
      }
    },
    {
      "geometry": {
        "type": "LineString",
        "coordinates": [
          [
            72.8389287,
            19.101551
          ],
          [
            72.8369214,
            19.1024425
          ]
        ]
      },
      "type": "Feature",
      "properties": {
        "name": "Vaikunthlal Mehta Road",
        "type": "secondary",
        "slope": 115.17399619132775,
        "sun_diff": 0.6183298092515201,
        "length": 233.1192698892758
      }
    },
    {
      "geometry": {
        "type": "LineString",
        "coordinates": [
          [
            72.9780677,
            19.2556996
          ],
          [
            72.9771948,
            19.255334
          ]
        ]
      },
      "type": "Feature",
      "properties": {
        "name": null,
        "type": "residential",
        "slope": 66.07541587376647,
        "sun_diff": 0.6599707683083693,
        "length": 100.27668704516847
      }
    },
    {
      "geometry": {
        "type": "LineString",
        "coordinates": [
          [
            72.8939029,
            19.0794863
          ],
          [
            72.8927935,
            19.0790467
          ]
        ]
      },
      "type": "Feature",
      "properties": {
        "name": "Ramdev Pir Road",
        "type": "tertiary",
        "slope": 67.25257249507345,
        "sun_diff": 1.8087138026680805,
        "length": 126.45572628073192
      }
    },
    {
      "geometry": {
        "type": "LineString",
        "coordinates": [
          [
            72.9670635,
            19.1996049
          ],
          [
            72.9683158,
            19.199051
          ]
        ]
      },
      "type": "Feature",
      "properties": {
        "name": null,
        "type": "residential",
        "slope": 115.0962877109578,
        "sun_diff": 0.5264623467321314,
        "length": 145.25866658823844
      }
    },
    {
      "geometry": {
        "type": "LineString",
        "coordinates": [
          [
            72.9768938,
            19.254906
          ],
          [
            72.9784245,
            19.2554908
          ]
        ]
      },
      "type": "Feature",
      "properties": {
        "name": null,
        "type": "living_street",
        "slope": 67.96747827277702,
        "sun_diff": 2.5520331673189105,
        "length": 173.39807092302252
      }
    },
    {
      "geometry": {
        "type": "LineString",
        "coordinates": [
          [
            72.9298063,
            19.1365435
          ],
          [
            72.9307757,
            19.1361245
          ]
        ]
      },
      "type": "Feature",
      "properties": {
        "name": null,
        "type": "residential",
        "slope": 114.584418855846,
        "sun_diff": 0.02875247376977086,
        "length": 112.02282822483058
      }
    },
    {
      "geometry": {
        "type": "LineString",
        "coordinates": [
          [
            72.9305468,
            19.135761
          ],
          [
            72.9296202,
            19.1361771
          ]
        ]
      },
      "type": "Feature",
      "properties": {
        "name": null,
        "type": "residential",
        "slope": 115.42298542842121,
        "sun_diff": 0.8673190463449885,
        "length": 107.81050932413324
      }
    },
    {
      "geometry": {
        "type": "LineString",
        "coordinates": [
          [
            72.8723592,
            19.074995
          ],
          [
            72.8672098,
            19.072745
          ]
        ]
      },
      "type": "Feature",
      "properties": {
        "name": null,
        "type": "trunk",
        "slope": 65.18778451908253,
        "sun_diff": 0.256074173322844,
        "length": 596.3739834478965
      }
    },
    {
      "geometry": {
        "type": "LineString",
        "coordinates": [
          [
            72.8659382,
            19.0721893
          ],
          [
            72.8640533,
            19.0713657
          ]
        ]
      },
      "type": "Feature",
      "properties": {
        "name": null,
        "type": "trunk",
        "slope": 65.18785892104381,
        "sun_diff": 0.2559997713615587,
        "length": 218.30077075005985
      }
    },
    {
      "geometry": {
        "type": "LineString",
        "coordinates": [
          [
            72.8664424,
            19.0725062
          ],
          [
            72.8723164,
            19.0750749
          ]
        ]
      },
      "type": "Feature",
      "properties": {
        "name": "SCLR Flyover",
        "type": "trunk",
        "slope": 65.16970583256273,
        "sun_diff": 0.27415285984264415,
        "length": 680.3908719068892
      }
    },
    {
      "geometry": {
        "type": "LineString",
        "coordinates": [
          [
            72.8714491,
            19.0746467
          ],
          [
            72.8723378,
            19.075035
          ]
        ]
      },
      "type": "Feature",
      "properties": {
        "name": "BKC - SCLR Connector",
        "type": "primary",
        "slope": 65.18817031567218,
        "sun_diff": 0.25568837673318967,
        "length": 102.92307084051696
      }
    },
    {
      "geometry": {
        "type": "LineString",
        "coordinates": [
          [
            72.8728582,
            19.0752968
          ],
          [
            72.8744292,
            19.0760495
          ]
        ]
      },
      "type": "Feature",
      "properties": {
        "name": "BKC - SCLR Connector",
        "type": "primary",
        "slope": 63.11676776821159,
        "sun_diff": 2.327090924193783,
        "length": 185.15638175970005
      }
    },
    {
      "geometry": {
        "type": "LineString",
        "coordinates": [
          [
            72.8748731,
            19.1063919
          ],
          [
            72.873841,
            19.1068062
          ]
        ]
      },
      "type": "Feature",
      "properties": {
        "name": null,
        "type": "service",
        "slope": 113.01664870624163,
        "sun_diff": 1.5390176758346001,
        "length": 117.85865800622817
      }
    },
    {
      "geometry": {
        "type": "LineString",
        "coordinates": [
          [
            72.8110998,
            19.1405089
          ],
          [
            72.8120203,
            19.1409426
          ]
        ]
      },
      "type": "Feature",
      "properties": {
        "name": null,
        "type": "tertiary",
        "slope": 63.49322273871172,
        "sun_diff": 1.9506359536936486,
        "length": 108.0888034359621
      }
    },
    {
      "geometry": {
        "type": "LineString",
        "coordinates": [
          [
            72.8129467,
            19.1411934
          ],
          [
            72.8120832,
            19.1408075
          ]
        ]
      },
      "type": "Feature",
      "properties": {
        "name": null,
        "type": "tertiary",
        "slope": 64.68329079742645,
        "sun_diff": 0.7605678949789194,
        "length": 100.37743965343779
      }
    },
    {
      "geometry": {
        "type": "LineString",
        "coordinates": [
          [
            72.9245123,
            19.0584254
          ],
          [
            72.9255626,
            19.057908
          ]
        ]
      },
      "type": "Feature",
      "properties": {
        "name": null,
        "type": "service",
        "slope": 117.52798350942317,
        "sun_diff": 2.9723171273469404,
        "length": 124.51863713653654
      }
    },
    {
      "geometry": {
        "type": "LineString",
        "coordinates": [
          [
            72.9255626,
            19.057908
          ],
          [
            72.9267825,
            19.0573262
          ]
        ]
      },
      "type": "Feature",
      "properties": {
        "name": null,
        "type": "service",
        "slope": 116.77455829155653,
        "sun_diff": 2.2188919094803055,
        "length": 143.65401605854166
      }
    },
    {
      "geometry": {
        "type": "LineString",
        "coordinates": [
          [
            72.9367894,
            19.165473
          ],
          [
            72.9377213,
            19.1651069
          ]
        ]
      },
      "type": "Feature",
      "properties": {
        "name": "Nirmal Lifestyle Road",
        "type": "residential",
        "slope": 112.5826305433821,
        "sun_diff": 1.9871948208435697,
        "length": 106.04053957550951
      }
    },
    {
      "geometry": {
        "type": "LineString",
        "coordinates": [
          [
            72.8984996,
            19.0597361
          ],
          [
            72.8995596,
            19.0593098
          ]
        ]
      },
      "type": "Feature",
      "properties": {
        "name": "Road No 20",
        "type": "residential",
        "slope": 113.04950997224961,
        "sun_diff": 1.506156409826616,
        "length": 121.10863043161258
      }
    },
    {
      "geometry": {
        "type": "LineString",
        "coordinates": [
          [
            72.9004591,
            19.0621931
          ],
          [
            72.8995422,
            19.0626186
          ]
        ]
      },
      "type": "Feature",
      "properties": {
        "name": "N G Acharya Marg",
        "type": "tertiary",
        "slope": 116.15050364267563,
        "sun_diff": 1.5948372605994052,
        "length": 107.38611349781824
      }
    },
    {
      "geometry": {
        "type": "LineString",
        "coordinates": [
          [
            72.8835712,
            19.1032506
          ],
          [
            72.8845103,
            19.1028243
          ]
        ]
      },
      "type": "Feature",
      "properties": {
        "name": null,
        "type": "service",
        "slope": 115.65960788749624,
        "sun_diff": 1.1039415054200106,
        "length": 109.50260669459841
      }
    },
    {
      "geometry": {
        "type": "LineString",
        "coordinates": [
          [
            72.8225036,
            19.0125426
          ],
          [
            72.8234217,
            19.0129665
          ]
        ]
      },
      "type": "Feature",
      "properties": {
        "name": "Dr Annie Besant Road",
        "type": "primary",
        "slope": 63.97111639381495,
        "sun_diff": 1.4868124882806342,
        "length": 107.44707416834893
      }
    },
    {
      "geometry": {
        "type": "LineString",
        "coordinates": [
          [
            72.9449925,
            19.1612607
          ],
          [
            72.9440954,
            19.1616701
          ]
        ]
      },
      "type": "Feature",
      "properties": {
        "name": "Mulund-Goregaon Link Road",
        "type": "primary",
        "slope": 115.78641632463734,
        "sun_diff": 1.2165909604116791,
        "length": 104.67975411402877
      }
    },
    {
      "geometry": {
        "type": "LineString",
        "coordinates": [
          [
            72.9444015,
            19.161659
          ],
          [
            72.9453095,
            19.1612243
          ]
        ]
      },
      "type": "Feature",
      "properties": {
        "name": "Mulund-Goregaon Link Road",
        "type": "primary",
        "slope": 116.87694676870157,
        "sun_diff": 2.3071214044759074,
        "length": 106.9545241147858
      }
    },
    {
      "geometry": {
        "type": "LineString",
        "coordinates": [
          [
            72.9533847,
            19.1840435
          ],
          [
            72.9544503,
            19.1844583
          ]
        ]
      },
      "type": "Feature",
      "properties": {
        "name": "Lal Bahadur Shastri Marg",
        "type": "primary",
        "slope": 67.60084736914422,
        "sun_diff": 2.171140828699123,
        "length": 121.07957726420904
      }
    },
    {
      "geometry": {
        "type": "LineString",
        "coordinates": [
          [
            72.8757781,
            19.1094242
          ],
          [
            72.8748703,
            19.109769
          ]
        ]
      },
      "type": "Feature",
      "properties": {
        "name": "Mathuradas Vasanji Road (Andheri Kurla Road)",
        "type": "primary",
        "slope": 111.8986818883549,
        "sun_diff": 2.6569844937213247,
        "length": 102.82984496332874
      }
    },
    {
      "geometry": {
        "type": "LineString",
        "coordinates": [
          [
            72.8861203,
            19.0849504
          ],
          [
            72.8850744,
            19.0845367
          ]
        ]
      },
      "type": "Feature",
      "properties": {
        "name": "Lal Bahadur Shastri Marg",
        "type": "primary",
        "slope": 67.28829380200398,
        "sun_diff": 1.8444351095986065,
        "length": 119.18255961475404
      }
    },
    {
      "geometry": {
        "type": "LineString",
        "coordinates": [
          [
            72.9109815,
            18.9018121
          ],
          [
            72.9119637,
            18.9014038
          ]
        ]
      },
      "type": "Feature",
      "properties": {
        "name": null,
        "type": "tertiary",
        "slope": 113.7203328658087,
        "sun_diff": 0.8073024199137961,
        "length": 112.89628837979922
      }
    },
    {
      "geometry": {
        "type": "LineString",
        "coordinates": [
          [
            72.8800761,
            19.1078335
          ],
          [
            72.8788265,
            19.1083002
          ]
        ]
      },
      "type": "Feature",
      "properties": {
        "name": "Mathuradas Vasanji Road (Andheri Kurla Road)",
        "type": "primary",
        "slope": 111.56678692127667,
        "sun_diff": 2.988879460799552,
        "length": 141.2216304798522
      }
    },
    {
      "geometry": {
        "type": "LineString",
        "coordinates": [
          [
            72.8786046,
            19.2230443
          ],
          [
            72.8800637,
            19.2236927
          ]
        ]
      },
      "type": "Feature",
      "properties": {
        "name": "Kanheri Caves Road",
        "type": "unclassified",
        "slope": 64.79713027271856,
        "sun_diff": 0.6325762677265345,
        "length": 169.36912194863456
      }
    },
    {
      "geometry": {
        "type": "LineString",
        "coordinates": [
          [
            72.8811366,
            19.2242397
          ],
          [
            72.8820808,
            19.2246652
          ]
        ]
      },
      "type": "Feature",
      "properties": {
        "name": "Kanheri Caves Road",
        "type": "unclassified",
        "slope": 64.48669423474314,
        "sun_diff": 0.9430123057019557,
        "length": 109.88175127666722
      }
    },
    {
      "geometry": {
        "type": "LineString",
        "coordinates": [
          [
            72.8640104,
            19.0714455
          ],
          [
            72.8664424,
            19.0725062
          ]
        ]
      },
      "type": "Feature",
      "properties": {
        "name": null,
        "type": "trunk",
        "slope": 65.22783789670956,
        "sun_diff": 0.21602079569581178,
        "length": 281.57208694180827
      }
    },
    {
      "geometry": {
        "type": "LineString",
        "coordinates": [
          [
            72.8733435,
            19.0756082
          ],
          [
            72.8742213,
            19.0760069
          ]
        ]
      },
      "type": "Feature",
      "properties": {
        "name": "Santa Cruz \u2013 Chembur Link Road",
        "type": "trunk",
        "slope": 64.33128574565367,
        "sun_diff": 1.1125729467516976,
        "length": 102.37940150197984
      }
    },
    {
      "geometry": {
        "type": "LineString",
        "coordinates": [
          [
            72.9395655,
            19.1650831
          ],
          [
            72.9383145,
            19.165569
          ]
        ]
      },
      "type": "Feature",
      "properties": {
        "name": null,
        "type": "service",
        "slope": 112.35249156248182,
        "sun_diff": 2.217333801743848,
        "length": 142.11445699348366
      }
    },
    {
      "geometry": {
        "type": "LineString",
        "coordinates": [
          [
            72.9565028,
            18.9491074
          ],
          [
            72.9552837,
            18.9496405
          ]
        ]
      },
      "type": "Feature",
      "properties": {
        "name": null,
        "type": "tertiary",
        "slope": 114.8133190528417,
        "sun_diff": 0.2856837671192096,
        "length": 141.2959655924081
      }
    },
    {
      "geometry": {
        "type": "LineString",
        "coordinates": [
          [
            72.9551964,
            18.949678
          ],
          [
            72.9542397,
            18.9500891
          ]
        ]
      },
      "type": "Feature",
      "properties": {
        "name": null,
        "type": "tertiary",
        "slope": 114.43373015487376,
        "sun_diff": 0.0939051308487393,
        "length": 110.54679937932374
      }
    },
    {
      "geometry": {
        "type": "LineString",
        "coordinates": [
          [
            72.9520732,
            18.95102
          ],
          [
            72.950957,
            18.9514996
          ]
        ]
      },
      "type": "Feature",
      "properties": {
        "name": null,
        "type": "tertiary",
        "slope": 114.43219618587878,
        "sun_diff": 0.10940000650722936,
        "length": 128.9744064126642
      }
    },
    {
      "geometry": {
        "type": "LineString",
        "coordinates": [
          [
            72.9579289,
            18.9529199
          ],
          [
            72.9570272,
            18.9532699
          ]
        ]
      },
      "type": "Feature",
      "properties": {
        "name": null,
        "type": "service",
        "slope": 112.31355959225885,
        "sun_diff": 2.2280366001271545,
        "length": 102.53628877978824
      }
    },
    {
      "geometry": {
        "type": "LineString",
        "coordinates": [
          [
            72.8620946,
            19.230206
          ],
          [
            72.8611096,
            19.229793
          ]
        ]
      },
      "type": "Feature",
      "properties": {
        "name": null,
        "type": "secondary",
        "slope": 66.05562540979957,
        "sun_diff": 0.6259188693544786,
        "length": 113.18941740809694
      }
    },
    {
      "geometry": {
        "type": "LineString",
        "coordinates": [
          [
            72.8387515,
            18.9980299
          ],
          [
            72.8378047,
            18.9976445
          ]
        ]
      },
      "type": "Feature",
      "properties": {
        "name": "Dr Ernest Borges Marg",
        "type": "secondary",
        "slope": 66.70792600783798,
        "sun_diff": 1.2499971257423965,
        "length": 108.41157344006187
      }
    },
    {
      "geometry": {
        "type": "LineString",
        "coordinates": [
          [
            72.8191992,
            18.9641638
          ],
          [
            72.8200709,
            18.9645274
          ]
        ]
      },
      "type": "Feature",
      "properties": {
        "name": "Allibhai Premji Marg (Foras Road)",
        "type": "tertiary",
        "slope": 66.19980831501175,
        "sun_diff": 0.7418794329161642,
        "length": 100.21897881327247
      }
    },
    {
      "geometry": {
        "type": "LineString",
        "coordinates": [
          [
            72.8642121,
            19.1102117
          ],
          [
            72.8657106,
            19.1095873
          ]
        ]
      },
      "type": "Feature",
      "properties": {
        "name": null,
        "type": "residential",
        "slope": 113.79671943224378,
        "sun_diff": 0.758946949832449,
        "length": 172.12644064035103
      }
    },
    {
      "geometry": {
        "type": "LineString",
        "coordinates": [
          [
            72.8414782,
            19.2025035
          ],
          [
            72.8404266,
            19.2019985
          ]
        ]
      },
      "type": "Feature",
      "properties": {
        "name": null,
        "type": "service",
        "slope": 63.046130243570474,
        "sun_diff": 2.3835762968746224,
        "length": 123.92310944747165
      }
    },
    {
      "geometry": {
        "type": "LineString",
        "coordinates": [
          [
            72.8927677,
            19.079094
          ],
          [
            72.8939241,
            19.0795612
          ]
        ]
      },
      "type": "Feature",
      "properties": {
        "name": "Nathani Road",
        "type": "tertiary",
        "slope": 66.8534501588573,
        "sun_diff": 1.4095914664519285,
        "length": 132.20228031255036
      }
    },
    {
      "geometry": {
        "type": "LineString",
        "coordinates": [
          [
            72.8787283,
            19.0247179
          ],
          [
            72.8796795,
            19.0251228
          ]
        ]
      },
      "type": "Feature",
      "properties": {
        "name": null,
        "type": "tertiary",
        "slope": 65.75946662146316,
        "sun_diff": 0.3015377393675749,
        "length": 109.69433298738771
      }
    },
    {
      "geometry": {
        "type": "LineString",
        "coordinates": [
          [
            72.9564939,
            19.2179744
          ],
          [
            72.9554848,
            19.2184172
          ]
        ]
      },
      "type": "Feature",
      "properties": {
        "name": null,
        "type": "residential",
        "slope": 114.92450800193134,
        "sun_diff": 0.35468263770567887,
        "length": 116.87196960831106
      }
    },
    {
      "geometry": {
        "type": "LineString",
        "coordinates": [
          [
            72.8653192,
            19.2362948
          ],
          [
            72.8642111,
            19.2367141
          ]
        ]
      },
      "type": "Feature",
      "properties": {
        "name": null,
        "type": "residential",
        "slope": 111.83955043227454,
        "sun_diff": 2.7302749319511292,
        "length": 125.36998329954962
      }
    },
    {
      "geometry": {
        "type": "LineString",
        "coordinates": [
          [
            72.8742615,
            19.1387127
          ],
          [
            72.8733087,
            19.1391117
          ]
        ]
      },
      "type": "Feature",
      "properties": {
        "name": null,
        "type": "living_street",
        "slope": 113.90613888962221,
        "sun_diff": 0.6495274924540126,
        "length": 109.5173194528399
      }
    },
    {
      "geometry": {
        "type": "LineString",
        "coordinates": [
          [
            72.9061371,
            19.1397178
          ],
          [
            72.9049462,
            19.1402828
          ]
        ]
      },
      "type": "Feature",
      "properties": {
        "name": null,
        "type": "path",
        "slope": 116.66548382489236,
        "sun_diff": 2.109817442816137,
        "length": 140.0348482970952
      }
    },
    {
      "geometry": {
        "type": "LineString",
        "coordinates": [
          [
            72.8407213,
            19.0004032
          ],
          [
            72.8419849,
            18.9998964
          ]
        ]
      },
      "type": "Feature",
      "properties": {
        "name": null,
        "type": "service",
        "slope": 112.98599227402599,
        "sun_diff": 1.555610748549185,
        "length": 144.3542390858012
      }
    },
    {
      "geometry": {
        "type": "LineString",
        "coordinates": [
          [
            72.9574611,
            19.1396443
          ],
          [
            72.9623016,
            19.141493
          ]
        ]
      },
      "type": "Feature",
      "properties": {
        "name": null,
        "type": "unclassified",
        "slope": 67.98774580748889,
        "sun_diff": 2.543887115083521,
        "length": 548.6363421760306
      }
    },
    {
      "geometry": {
        "type": "LineString",
        "coordinates": [
          [
            72.9623016,
            19.141493
          ],
          [
            72.9640876,
            19.142177
          ]
        ]
      },
      "type": "Feature",
      "properties": {
        "name": null,
        "type": "unclassified",
        "slope": 67.93266913840236,
        "sun_diff": 2.4888104459969895,
        "length": 202.50777090468927
      }
    },
    {
      "geometry": {
        "type": "LineString",
        "coordinates": [
          [
            72.8296196,
            19.0027488
          ],
          [
            72.8286063,
            19.0032072
          ]
        ]
      },
      "type": "Feature",
      "properties": {
        "name": null,
        "type": "service",
        "slope": 115.56921067277057,
        "sun_diff": 1.0276076501953924,
        "length": 118.13643884655258
      }
    },
    {
      "geometry": {
        "type": "LineString",
        "coordinates": [
          [
            72.8429023,
            19.0236996
          ],
          [
            72.843815,
            19.0233375
          ]
        ]
      },
      "type": "Feature",
      "properties": {
        "name": null,
        "type": "residential",
        "slope": 112.76555157637532,
        "sun_diff": 1.7760514461998582,
        "length": 104.08350857798524
      }
    },
    {
      "geometry": {
        "type": "LineString",
        "coordinates": [
          [
            72.8411,
            19.0974997
          ],
          [
            72.839712,
            19.0981685
          ]
        ]
      },
      "type": "Feature",
      "properties": {
        "name": "Baptista Road",
        "type": "residential",
        "slope": 117.01749630050242,
        "sun_diff": 2.46182991842619,
        "length": 163.7613084349888
      }
    },
    {
      "geometry": {
        "type": "LineString",
        "coordinates": [
          [
            72.8909449,
            19.0344726
          ],
          [
            72.8922992,
            19.0351337
          ]
        ]
      },
      "type": "Feature",
      "properties": {
        "name": "RCF Road",
        "type": "tertiary",
        "slope": 62.68882749880089,
        "sun_diff": 2.7691013832946965,
        "length": 160.26700187949518
      }
    },
    {
      "geometry": {
        "type": "LineString",
        "coordinates": [
          [
            72.8992463,
            19.0219858
          ],
          [
            72.9013395,
            19.0228892
          ]
        ]
      },
      "type": "Feature",
      "properties": {
        "name": null,
        "type": "service",
        "slope": 65.462390625821,
        "sun_diff": 0.004461743725414635,
        "length": 241.96379974057402
      }
    },
    {
      "geometry": {
        "type": "LineString",
        "coordinates": [
          [
            72.8318066,
            19.1793132
          ],
          [
            72.8327055,
            19.1797411
          ]
        ]
      },
      "type": "Feature",
      "properties": {
        "name": null,
        "type": "service",
        "slope": 63.251799703756234,
        "sun_diff": 2.1779068366888623,
        "length": 105.7507799170747
      }
    },
    {
      "geometry": {
        "type": "LineString",
        "coordinates": [
          [
            72.9025869,
            19.0349994
          ],
          [
            72.9039616,
            19.0355134
          ]
        ]
      },
      "type": "Feature",
      "properties": {
        "name": null,
        "type": "residential",
        "slope": 68.41978545971111,
        "sun_diff": 2.961856577615521,
        "length": 155.44228687496613
      }
    },
    {
      "geometry": {
        "type": "LineString",
        "coordinates": [
          [
            72.8804028,
            19.0527172
          ],
          [
            72.8788803,
            19.0521013
          ]
        ]
      },
      "type": "Feature",
      "properties": {
        "name": "Sion Panvel Highway",
        "type": "trunk",
        "slope": 66.83025629553512,
        "sun_diff": 1.3863976031297511,
        "length": 174.11416360259793
      }
    },
    {
      "geometry": {
        "type": "LineString",
        "coordinates": [
          [
            72.8323964,
            19.0151211
          ],
          [
            72.8310936,
            19.0144909
          ]
        ]
      },
      "type": "Feature",
      "properties": {
        "name": null,
        "type": "primary",
        "slope": 62.90368816153497,
        "sun_diff": 2.554240720560614,
        "length": 153.89427765967676
      }
    },
    {
      "geometry": {
        "type": "LineString",
        "coordinates": [
          [
            72.8310248,
            19.0145668
          ],
          [
            72.8323361,
            19.0152128
          ]
        ]
      },
      "type": "Feature",
      "properties": {
        "name": "Shankar Ghanekar Marg",
        "type": "primary",
        "slope": 62.477113282770546,
        "sun_diff": 2.980815599325041,
        "length": 155.49476828706614
      }
    },
    {
      "geometry": {
        "type": "LineString",
        "coordinates": [
          [
            72.8720364,
            19.2585754
          ],
          [
            72.8730098,
            19.25818
          ]
        ]
      },
      "type": "Feature",
      "properties": {
        "name": null,
        "type": "residential",
        "slope": 113.28138046687332,
        "sun_diff": 1.302713162528505,
        "length": 111.27277365096296
      }
    },
    {
      "geometry": {
        "type": "LineString",
        "coordinates": [
          [
            72.8227666,
            18.9517959
          ],
          [
            72.8217253,
            18.9512919
          ]
        ]
      },
      "type": "Feature",
      "properties": {
        "name": "Dr Babasaheb Jaykar Marg",
        "type": "secondary",
        "slope": 62.89891428314817,
        "sun_diff": 2.559014598947414,
        "length": 123.0563488765052
      }
    },
    {
      "geometry": {
        "type": "LineString",
        "coordinates": [
          [
            72.8409551,
            19.2136295
          ],
          [
            72.842377,
            19.2129288
          ]
        ]
      },
      "type": "Feature",
      "properties": {
        "name": "Boraspada Road",
        "type": "secondary",
        "slope": 117.55815097288126,
        "sun_diff": 2.988318778466436,
        "length": 168.46178568836888
      }
    },
    {
      "geometry": {
        "type": "LineString",
        "coordinates": [
          [
            72.9454358,
            19.1611627
          ],
          [
            72.946451,
            19.1606702
          ]
        ]
      },
      "type": "Feature",
      "properties": {
        "name": "Goregaon Mulund Link Road",
        "type": "primary",
        "slope": 117.1840027761994,
        "sun_diff": 2.614177411973742,
        "length": 119.9095511458571
      }
    },
    {
      "geometry": {
        "type": "LineString",
        "coordinates": [
          [
            72.8588054,
            19.1403016
          ],
          [
            72.8601618,
            19.1396698
          ]
        ]
      },
      "type": "Feature",
      "properties": {
        "name": "Jogeshwari Vikhroli Link Road",
        "type": "primary",
        "slope": 116.24543382409959,
        "sun_diff": 1.689767442023367,
        "length": 158.91489168291852
      }
    },
    {
      "geometry": {
        "type": "LineString",
        "coordinates": [
          [
            72.8623679,
            19.0094123
          ],
          [
            72.8632829,
            19.0098488
          ]
        ]
      },
      "type": "Feature",
      "properties": {
        "name": "Mahul Road",
        "type": "tertiary",
        "slope": 63.22599785634617,
        "sun_diff": 2.231931025749418,
        "length": 107.77988578267362
      }
    },
    {
      "geometry": {
        "type": "LineString",
        "coordinates": [
          [
            72.8644059,
            19.0104018
          ],
          [
            72.8652718,
            19.0108193
          ]
        ]
      },
      "type": "Feature",
      "properties": {
        "name": "Mahul Road",
        "type": "tertiary",
        "slope": 62.979660084215595,
        "sun_diff": 2.4782687978799913,
        "length": 102.21837748244178
      }
    },
    {
      "geometry": {
        "type": "LineString",
        "coordinates": [
          [
            72.8787986,
            19.0523993
          ],
          [
            72.8800701,
            19.0528956
          ]
        ]
      },
      "type": "Feature",
      "properties": {
        "name": "Bhagwan Swaminarayan Flyover",
        "type": "primary",
        "slope": 67.56188554906225,
        "sun_diff": 2.1180268566568827,
        "length": 144.63075665069158
      }
    },
    {
      "geometry": {
        "type": "LineString",
        "coordinates": [
          [
            72.8572975,
            19.1736815
          ],
          [
            72.8552956,
            19.1729085
          ]
        ]
      },
      "type": "Feature",
      "properties": {
        "name": "Goregaon Mulund Link Road",
        "type": "secondary",
        "slope": 67.76480974652392,
        "sun_diff": 2.335103206078827,
        "length": 227.21553597198948
      }
    },
    {
      "geometry": {
        "type": "LineString",
        "coordinates": [
          [
            72.8402666,
            19.0195413
          ],
          [
            72.8391985,
            19.0199593
          ]
        ]
      },
      "type": "Feature",
      "properties": {
        "name": "Raobahadur S.K. Bole Marg",
        "type": "primary",
        "slope": 112.4870410611305,
        "sun_diff": 2.0545619614446764,
        "length": 121.56137125663065
      }
    },
    {
      "geometry": {
        "type": "LineString",
        "coordinates": [
          [
            72.8738429,
            19.0756853
          ],
          [
            72.8728796,
            19.0752569
          ]
        ]
      },
      "type": "Feature",
      "properties": {
        "name": "Flyover",
        "type": "trunk",
        "slope": 64.80021780998493,
        "sun_diff": 0.643640882420442,
        "length": 111.91524815982909
      }
    },
    {
      "geometry": {
        "type": "LineString",
        "coordinates": [
          [
            72.8824608,
            19.1349715
          ],
          [
            72.8835695,
            19.1345011
          ]
        ]
      },
      "type": "Feature",
      "properties": {
        "name": null,
        "type": "service",
        "slope": 114.18447990821818,
        "sun_diff": 0.37118647385804593,
        "length": 127.71667938008417
      }
    },
    {
      "geometry": {
        "type": "LineString",
        "coordinates": [
          [
            72.8477211,
            19.0744144
          ],
          [
            72.8492647,
            19.073765
          ]
        ]
      },
      "type": "Feature",
      "properties": {
        "name": "BKC - WEH Connector",
        "type": "secondary",
        "slope": 113.99594317999984,
        "sun_diff": 0.559723202076384,
        "length": 177.61867775686994
      }
    },
    {
      "geometry": {
        "type": "LineString",
        "coordinates": [
          [
            72.8735814,
            19.1070047
          ],
          [
            72.8749155,
            19.1064904
          ]
        ]
      },
      "type": "Feature",
      "properties": {
        "name": null,
        "type": "service",
        "slope": 112.19438374493063,
        "sun_diff": 2.3612826371455924,
        "length": 151.437253639221
      }
    },
    {
      "geometry": {
        "type": "LineString",
        "coordinates": [
          [
            72.8822339,
            19.0460747
          ],
          [
            72.8836224,
            19.0467041
          ]
        ]
      },
      "type": "Feature",
      "properties": {
        "name": null,
        "type": "service",
        "slope": 64.3800068706228,
        "sun_diff": 1.0779220114727934,
        "length": 161.90586968602733
      }
    },
    {
      "geometry": {
        "type": "LineString",
        "coordinates": [
          [
            72.8216054,
            18.9651206
          ],
          [
            72.8225822,
            18.9654909
          ]
        ]
      },
      "type": "Feature",
      "properties": {
        "name": "R S Nimkar Marg",
        "type": "secondary",
        "slope": 68.1563396115074,
        "sun_diff": 2.698410729411819,
        "length": 110.69923795659861
      }
    },
    {
      "geometry": {
        "type": "LineString",
        "coordinates": [
          [
            72.8225331,
            18.9654253
          ],
          [
            72.8216202,
            18.9650825
          ]
        ]
      },
      "type": "Feature",
      "properties": {
        "name": "R S Nimkar Marg",
        "type": "secondary",
        "slope": 68.34393646633993,
        "sun_diff": 2.8860075842443393,
        "length": 103.32255786482025
      }
    },
    {
      "geometry": {
        "type": "LineString",
        "coordinates": [
          [
            72.8913581,
            19.0458033
          ],
          [
            72.889944,
            19.0463447
          ]
        ]
      },
      "type": "Feature",
      "properties": {
        "name": null,
        "type": "residential",
        "slope": 112.04951539103294,
        "sun_diff": 2.4920876315422333,
        "length": 160.41202933091986
      }
    },
    {
      "geometry": {
        "type": "LineString",
        "coordinates": [
          [
            72.9270182,
            19.1036163
          ],
          [
            72.9280637,
            19.1031295
          ]
        ]
      },
      "type": "Feature",
      "properties": {
        "name": null,
        "type": "residential",
        "slope": 116.23176165015704,
        "sun_diff": 1.6760952680808145,
        "length": 122.50278201323884
      }
    },
    {
      "geometry": {
        "type": "LineString",
        "coordinates": [
          [
            72.9442321,
            19.0467194
          ],
          [
            72.9457161,
            19.0473757
          ]
        ]
      },
      "type": "Feature",
      "properties": {
        "name": null,
        "type": "service",
        "slope": 64.92666566230002,
        "sun_diff": 0.5312632197955622,
        "length": 172.26064457490088
      }
    },
    {
      "geometry": {
        "type": "LineString",
        "coordinates": [
          [
            72.8915798,
            19.0885922
          ],
          [
            72.8927302,
            19.0890818
          ]
        ]
      },
      "type": "Feature",
      "properties": {
        "name": null,
        "type": "residential",
        "slope": 65.75531405903075,
        "sun_diff": 0.3114553666253812,
        "length": 132.61969355710696
      }
    },
    {
      "geometry": {
        "type": "LineString",
        "coordinates": [
          [
            72.8698496,
            19.0740791
          ],
          [
            72.870865,
            19.0745228
          ]
        ]
      },
      "type": "Feature",
      "properties": {
        "name": "Santa Cruz \u2013 Chembur Link Road",
        "type": "trunk",
        "slope": 65.1862246672861,
        "sun_diff": 0.25763402511927325,
        "length": 117.59881216465104
      }
    },
    {
      "geometry": {
        "type": "LineString",
        "coordinates": [
          [
            72.8311095,
            19.0731022
          ],
          [
            72.8301915,
            19.0735282
          ]
        ]
      },
      "type": "Feature",
      "properties": {
        "name": "Danda Boulevard (1st Road)",
        "type": "secondary",
        "slope": 116.15143842111857,
        "sun_diff": 1.5957720390423447,
        "length": 107.50872946946599
      }
    },
    {
      "geometry": {
        "type": "LineString",
        "coordinates": [
          [
            72.8301892,
            19.0735707
          ],
          [
            72.831106,
            19.0731728
          ]
        ]
      },
      "type": "Feature",
      "properties": {
        "name": "Chitrakar Dhurandar Road",
        "type": "secondary",
        "slope": 114.66552606181776,
        "sun_diff": 0.10985967974153255,
        "length": 106.05355170625339
      }
    },
    {
      "geometry": {
        "type": "LineString",
        "coordinates": [
          [
            72.9252134,
            19.13248
          ],
          [
            72.9261207,
            19.1320686
          ]
        ]
      },
      "type": "Feature",
      "properties": {
        "name": null,
        "type": "service",
        "slope": 115.63833262109983,
        "sun_diff": 1.0826662390236095,
        "length": 105.75703678521896
      }
    },
    {
      "geometry": {
        "type": "LineString",
        "coordinates": [
          [
            72.9246347,
            19.1320804
          ],
          [
            72.9237607,
            19.1324433
          ]
        ]
      },
      "type": "Feature",
      "properties": {
        "name": null,
        "type": "residential",
        "slope": 113.72517590451949,
        "sun_diff": 0.8304904775567366,
        "length": 100.32393537876074
      }
    },
    {
      "geometry": {
        "type": "LineString",
        "coordinates": [
          [
            72.9453511,
            19.1608604
          ],
          [
            72.9441373,
            19.1614491
          ]
        ]
      },
      "type": "Feature",
      "properties": {
        "name": null,
        "type": "service",
        "slope": 117.17833768973918,
        "sun_diff": 2.608512325513516,
        "length": 143.3594499477705
      }
    },
    {
      "geometry": {
        "type": "LineString",
        "coordinates": [
          [
            72.9445377,
            19.180374
          ],
          [
            72.9455586,
            19.1799174
          ]
        ]
      },
      "type": "Feature",
      "properties": {
        "name": null,
        "type": "residential",
        "slope": 115.33932207718709,
        "sun_diff": 0.769496712961427,
        "length": 118.66838143632906
      }
    },
    {
      "geometry": {
        "type": "LineString",
        "coordinates": [
          [
            72.8470896,
            19.0000987
          ],
          [
            72.8480854,
            18.9996416
          ]
        ]
      },
      "type": "Feature",
      "properties": {
        "name": "Acharya Donde Marg",
        "type": "tertiary",
        "slope": 115.89547759849472,
        "sun_diff": 1.3538745759195479,
        "length": 116.41748668952519
      }
    },
    {
      "geometry": {
        "type": "LineString",
        "coordinates": [
          [
            72.8480854,
            18.9996416
          ],
          [
            72.8489549,
            18.9992296
          ]
        ]
      },
      "type": "Feature",
      "properties": {
        "name": "Acharya Donde Marg",
        "type": "tertiary",
        "slope": 116.61709535189911,
        "sun_diff": 2.075492329323936,
        "length": 102.2857168739928
      }
    },
    {
      "geometry": {
        "type": "LineString",
        "coordinates": [
          [
            72.92258,
            19.0578314
          ],
          [
            72.9216922,
            19.0582551
          ]
        ]
      },
      "type": "Feature",
      "properties": {
        "name": null,
        "type": "service",
        "slope": 116.79028138617986,
        "sun_diff": 2.234615004103631,
        "length": 104.56045244222028
      }
    },
    {
      "geometry": {
        "type": "LineString",
        "coordinates": [
          [
            72.9219957,
            19.0563821
          ],
          [
            72.9208925,
            19.0568864
          ]
        ]
      },
      "type": "Feature",
      "properties": {
        "name": null,
        "type": "service",
        "slope": 115.80981034106341,
        "sun_diff": 1.2541439589871857,
        "length": 128.83595449713138
      }
    },
    {
      "geometry": {
        "type": "LineString",
        "coordinates": [
          [
            72.8935447,
            19.0792367
          ],
          [
            72.8945954,
            19.079671
          ]
        ]
      },
      "type": "Feature",
      "properties": {
        "name": null,
        "type": "residential",
        "slope": 66.3768526440625,
        "sun_diff": 0.9329939516571244,
        "length": 120.55117084568371
      }
    },
    {
      "geometry": {
        "type": "LineString",
        "coordinates": [
          [
            72.8287748,
            19.0032196
          ],
          [
            72.8297055,
            19.0028215
          ]
        ]
      },
      "type": "Feature",
      "properties": {
        "name": null,
        "type": "service",
        "slope": 114.3418554997576,
        "sun_diff": 0.19974752281757446,
        "length": 107.43012261420957
      }
    },
    {
      "geometry": {
        "type": "LineString",
        "coordinates": [
          [
            72.8163541,
            18.9859628
          ],
          [
            72.8153446,
            18.9855447
          ]
        ]
      },
      "type": "Feature",
      "properties": {
        "name": null,
        "type": "service",
        "slope": 66.34697123524603,
        "sun_diff": 0.8890423531504439,
        "length": 115.91598822260457
      }
    },
    {
      "geometry": {
        "type": "LineString",
        "coordinates": [
          [
            72.856009,
            19.1502898
          ],
          [
            72.8547949,
            19.1508721
          ]
        ]
      },
      "type": "Feature",
      "properties": {
        "name": null,
        "type": "service",
        "slope": 116.91746724687991,
        "sun_diff": 2.3476418826542442,
        "length": 143.07109311181978
      }
    },
    {
      "geometry": {
        "type": "LineString",
        "coordinates": [
          [
            72.905357,
            19.1378455
          ],
          [
            72.9042419,
            19.1373714
          ]
        ]
      },
      "type": "Feature",
      "properties": {
        "name": null,
        "type": "service",
        "slope": 65.77060118126752,
        "sun_diff": 0.32674248886215196,
        "length": 128.49697411385281
      }
    },
    {
      "geometry": {
        "type": "LineString",
        "coordinates": [
          [
            72.9041386,
            19.1373274
          ],
          [
            72.9032423,
            19.1369463
          ]
        ]
      },
      "type": "Feature",
      "properties": {
        "name": null,
        "type": "service",
        "slope": 65.76920416114461,
        "sun_diff": 0.3253454687392434,
        "length": 103.28528852123847
      }
    },
    {
      "geometry": {
        "type": "LineString",
        "coordinates": [
          [
            72.8587196,
            19.0373183
          ],
          [
            72.8577183,
            19.0377359
          ]
        ]
      },
      "type": "Feature",
      "properties": {
        "name": null,
        "type": "service",
        "slope": 113.80655063105223,
        "sun_diff": 0.7350523915229417,
        "length": 115.07404590093626
      }
    }
  ]
}