{
  "type": "FeatureCollection",
  "features": [
    {
      "geometry": {
        "type": "LineString",
        "coordinates": [
          [
            71.6358795,
            40.9956366
          ],
          [
            71.6344255,
            40.9949902
          ]
        ]
      },
      "type": "Feature",
      "properties": {
        "name": "Amir Temur ko'chasi",
        "type": "primary",
        "slope": 59.50140855546866,
        "sun_diff": 0.40345130016544317,
        "length": 141.66752426418338
      }
    },
    {
      "geometry": {
        "type": "LineString",
        "coordinates": [
          [
            71.7287466,
            41.0306935
          ],
          [
            71.7297551,
            41.0302099
          ]
        ]
      },
      "type": "Feature",
      "properties": {
        "name": null,
        "type": "residential",
        "slope": 122.44277503850634,
        "sun_diff": 1.541241370273795,
        "length": 100.2701195195269
      }
    },
    {
      "geometry": {
        "type": "LineString",
        "coordinates": [
          [
            71.6782831,
            40.9935557
          ],
          [
            71.6811807,
            40.9922072
          ]
        ]
      },
      "type": "Feature",
      "properties": {
        "name": "Boburshox ko'chasi",
        "type": "primary",
        "slope": 121.65667489107838,
        "sun_diff": 0.7551412228458361,
        "length": 285.793206054353
      }
    },
    {
      "geometry": {
        "type": "LineString",
        "coordinates": [
          [
            71.6819668,
            40.991842
          ],
          [
            71.6845175,
            40.9906395
          ]
        ]
      },
      "type": "Feature",
      "properties": {
        "name": "Boburshox ko'chasi",
        "type": "primary",
        "slope": 121.9878441353199,
        "sun_diff": 1.0863104670873582,
        "length": 252.4883264339132
      }
    },
    {
      "geometry": {
        "type": "LineString",
        "coordinates": [
          [
            71.6891293,
            40.9884755
          ],
          [
            71.6904788,
            40.9878449
          ]
        ]
      },
      "type": "Feature",
      "properties": {
        "name": "Boburshox ko'chasi",
        "type": "primary",
        "slope": 121.75930787140766,
        "sun_diff": 0.8577742031751114,
        "length": 133.25926851357323
      }
    },
    {
      "geometry": {
        "type": "LineString",
        "coordinates": [
          [
            71.6909082,
            40.9876298
          ],
          [
            71.6929288,
            40.9866829
          ]
        ]
      },
      "type": "Feature",
      "properties": {
        "name": "Boburshox ko'chasi",
        "type": "primary",
        "slope": 121.83227459149433,
        "sun_diff": 0.93074092326178,
        "length": 199.68923592869788
      }
    },
    {
      "geometry": {
        "type": "LineString",
        "coordinates": [
          [
            71.6980816,
            40.9842562
          ],
          [
            71.699181,
            40.9837363
          ]
        ]
      },
      "type": "Feature",
      "properties": {
        "name": "Boburshox ko'chasi",
        "type": "primary",
        "slope": 122.06453299567573,
        "sun_diff": 1.1629993274431882,
        "length": 108.93020974524441
      }
    },
    {
      "geometry": {
        "type": "LineString",
        "coordinates": [
          [
            71.699181,
            40.9837363
          ],
          [
            71.700299,
            40.9832077
          ]
        ]
      },
      "type": "Feature",
      "properties": {
        "name": "Boburshox ko'chasi",
        "type": "primary",
        "slope": 122.05965373753423,
        "sun_diff": 1.1581200693016882,
        "length": 110.76809966896666
      }
    },
    {
      "geometry": {
        "type": "LineString",
        "coordinates": [
          [
            71.7032056,
            40.9818336
          ],
          [
            71.7052493,
            40.9808754
          ]
        ]
      },
      "type": "Feature",
      "properties": {
        "name": "Boburshox ko'chasi",
        "type": "primary",
        "slope": 121.84273996980235,
        "sun_diff": 0.9412063015698067,
        "length": 202.0128176131473
      }
    },
    {
      "geometry": {
        "type": "LineString",
        "coordinates": [
          [
            71.7052493,
            40.9808754
          ],
          [
            71.7064953,
            40.9802912
          ]
        ]
      },
      "type": "Feature",
      "properties": {
        "name": "Boburshox ko'chasi",
        "type": "primary",
        "slope": 121.84277793115325,
        "sun_diff": 0.941244262920705,
        "length": 123.16427011969189
      }
    },
    {
      "geometry": {
        "type": "LineString",
        "coordinates": [
          [
            71.7076358,
            40.9797566
          ],
          [
            71.7089205,
            40.9791647
          ]
        ]
      },
      "type": "Feature",
      "properties": {
        "name": "Boburshox ko'chasi",
        "type": "primary",
        "slope": 121.39490407675532,
        "sun_diff": 0.4933704085227788,
        "length": 126.38215041215227
      }
    },
    {
      "geometry": {
        "type": "LineString",
        "coordinates": [
          [
            71.5869798,
            41.0219207
          ],
          [
            71.5854925,
            41.0212398
          ]
        ]
      },
      "type": "Feature",
      "properties": {
        "name": null,
        "type": "living_street",
        "slope": 58.750663335476105,
        "sun_diff": 0.3472939198271092,
        "length": 145.99355521081813
      }
    },
    {
      "geometry": {
        "type": "LineString",
        "coordinates": [
          [
            71.5842387,
            41.0226436
          ],
          [
            71.5826708,
            41.0219116
          ]
        ]
      },
      "type": "Feature",
      "properties": {
        "name": null,
        "type": "tertiary",
        "slope": 58.25036552854132,
        "sun_diff": 0.8475917267618911,
        "length": 154.72937237802338
      }
    },
    {
      "geometry": {
        "type": "LineString",
        "coordinates": [
          [
            71.5829491,
            41.020029
          ],
          [
            71.5818727,
            41.0195482
          ]
        ]
      },
      "type": "Feature",
      "properties": {
        "name": null,
        "type": "tertiary",
        "slope": 59.37342342331792,
        "sun_diff": 0.27546616801470236,
        "length": 104.97623804882645
      }
    },
    {
      "geometry": {
        "type": "LineString",
        "coordinates": [
          [
            71.5883785,
            41.0283046
          ],
          [
            71.5896785,
            41.0288559
          ]
        ]
      },
      "type": "Feature",
      "properties": {
        "name": null,
        "type": "tertiary",
        "slope": 60.65732488443558,
        "sun_diff": 1.5593676291323675,
        "length": 125.13717611759319
      }
    },
    {
      "geometry": {
        "type": "LineString",
        "coordinates": [
          [
            71.6257339,
            40.9674824
          ],
          [
            71.6268968,
            40.9669009
          ]
        ]
      },
      "type": "Feature",
      "properties": {
        "name": null,
        "type": "unclassified",
        "slope": 123.51376142778247,
        "sun_diff": 2.612227759549924,
        "length": 117.14469446307008
      }
    },
    {
      "geometry": {
        "type": "LineString",
        "coordinates": [
          [
            71.70807,
            41.0137792
          ],
          [
            71.7102371,
            41.0146841
          ]
        ]
      },
      "type": "Feature",
      "properties": {
        "name": null,
        "type": "living_street",
        "slope": 61.0398917770336,
        "sun_diff": 1.9419345217303885,
        "length": 207.87337859145492
      }
    },
    {
      "geometry": {
        "type": "LineString",
        "coordinates": [
          [
            71.6673171,
            41.0110559
          ],
          [
            71.6657107,
            41.0103863
          ]
        ]
      },
      "type": "Feature",
      "properties": {
        "name": "Jaloliddin Manguberdi ko'chasi",
        "type": "secondary",
        "slope": 61.08392566241966,
        "sun_diff": 1.9859684071164452,
        "length": 154.03287930164018
      }
    },
    {
      "geometry": {
        "type": "LineString",
        "coordinates": [
          [
            71.6657107,
            41.0103863
          ],
          [
            71.6645399,
            41.0098983
          ]
        ]
      },
      "type": "Feature",
      "properties": {
        "name": "Jaloliddin Manguberdi ko'chasi",
        "type": "secondary",
        "slope": 61.08548117062307,
        "sun_diff": 1.987523915319855,
        "length": 112.26376789748261
      }
    },
    {
      "geometry": {
        "type": "LineString",
        "coordinates": [
          [
            71.6367629,
            40.9982715
          ],
          [
            71.6394792,
            40.9993931
          ]
        ]
      },
      "type": "Feature",
      "properties": {
        "name": null,
        "type": "tertiary",
        "slope": 61.316392477708575,
        "sun_diff": 2.218435222405361,
        "length": 259.9236240560263
      }
    },
    {
      "geometry": {
        "type": "LineString",
        "coordinates": [
          [
            71.7079058,
            41.0144572
          ],
          [
            71.7104263,
            41.0154765
          ]
        ]
      },
      "type": "Feature",
      "properties": {
        "name": null,
        "type": "living_street",
        "slope": 61.81019269454916,
        "sun_diff": 2.7122354392459442,
        "length": 240.0057069723295
      }
    },
    {
      "geometry": {
        "type": "LineString",
        "coordinates": [
          [
            71.6348449,
            40.995026
          ],
          [
            71.6364606,
            40.9957509
          ]
        ]
      },
      "type": "Feature",
      "properties": {
        "name": "Amir Temur ko'chasi",
        "type": "primary",
        "slope": 59.27097038078412,
        "sun_diff": 0.17301312548090664,
        "length": 157.79691815073102
      }
    },
    {
      "geometry": {
        "type": "LineString",
        "coordinates": [
          [
            71.638353,
            41.0033576
          ],
          [
            71.6394516,
            41.0038893
          ]
        ]
      },
      "type": "Feature",
      "properties": {
        "name": "Sadriddin Ayni ko'chasi",
        "type": "residential",
        "slope": 57.32725231429595,
        "sun_diff": 1.770704941007267,
        "length": 109.55296247976561
      }
    },
    {
      "geometry": {
        "type": "LineString",
        "coordinates": [
          [
            71.5850806,
            41.016921
          ],
          [
            71.5838735,
            41.017416
          ]
        ]
      },
      "type": "Feature",
      "properties": {
        "name": "Anorzor ko'chasi",
        "type": "primary",
        "slope": 118.5239322614658,
        "sun_diff": 2.3776014067667433,
        "length": 115.30042442798522
      }
    },
    {
      "geometry": {
        "type": "LineString",
        "coordinates": [
          [
            71.6687864,
            41.0051271
          ],
          [
            71.6674804,
            41.004602
          ]
        ]
      },
      "type": "Feature",
      "properties": {
        "name": "Xolhanov ko\u2018chasi",
        "type": "living_street",
        "slope": 61.9521254010063,
        "sun_diff": 2.8541681457030847,
        "length": 124.214091950045
      }
    },
    {
      "geometry": {
        "type": "LineString",
        "coordinates": [
          [
            71.6490474,
            40.9989598
          ],
          [
            71.650208,
            40.999496
          ]
        ]
      },
      "type": "Feature",
      "properties": {
        "name": "A.To\u2018qaib ko\u2018chasi",
        "type": "unclassified",
        "slope": 58.52692730375438,
        "sun_diff": 0.5710299515488373,
        "length": 114.23456294408393
      }
    },
    {
      "geometry": {
        "type": "LineString",
        "coordinates": [
          [
            71.6589933,
            41.0028513
          ],
          [
            71.657669,
            41.0034864
          ]
        ]
      },
      "type": "Feature",
      "properties": {
        "name": null,
        "type": "residential",
        "slope": 122.43496049097027,
        "sun_diff": 1.5334268227377237,
        "length": 131.71134255301519
      }
    },
    {
      "geometry": {
        "type": "LineString",
        "coordinates": [
          [
            71.7181063,
            41.0223548
          ],
          [
            71.7191218,
            41.0228448
          ]
        ]
      },
      "type": "Feature",
      "properties": {
        "name": "Chortoq ko'chasi",
        "type": "secondary",
        "slope": 57.39831082623681,
        "sun_diff": 1.699646429066405,
        "length": 101.15665381606281
      }
    },
    {
      "geometry": {
        "type": "LineString",
        "coordinates": [
          [
            71.672541,
            41.031103
          ],
          [
            71.6714614,
            41.0306591
          ]
        ]
      },
      "type": "Feature",
      "properties": {
        "name": "Shimoliy aylanma yo\u02bbl",
        "type": "primary",
        "slope": 61.40695339118608,
        "sun_diff": 2.3089961358828646,
        "length": 103.16822176033067
      }
    },
    {
      "geometry": {
        "type": "LineString",
        "coordinates": [
          [
            71.6219786,
            40.9702082
          ],
          [
            71.6231165,
            40.9696636
          ]
        ]
      },
      "type": "Feature",
      "properties": {
        "name": "Janubiy aylanma yo\u02bbli",
        "type": "trunk",
        "slope": 122.36900811305674,
        "sun_diff": 1.467474444824191,
        "length": 113.14714611656902
      }
    },
    {
      "geometry": {
        "type": "LineString",
        "coordinates": [
          [
            71.6826999,
            40.9804064
          ],
          [
            71.6842273,
            40.9796632
          ]
        ]
      },
      "type": "Feature",
      "properties": {
        "name": null,
        "type": "residential",
        "slope": 122.8027521134675,
        "sun_diff": 1.90121844523496,
        "length": 152.5904918037639
      }
    },
    {
      "geometry": {
        "type": "LineString",
        "coordinates": [
          [
            71.6847637,
            40.9786557
          ],
          [
            71.686042,
            40.9780123
          ]
        ]
      },
      "type": "Feature",
      "properties": {
        "name": null,
        "type": "residential",
        "slope": 123.69097121382984,
        "sun_diff": 2.789437545597295,
        "length": 129.01264590343504
      }
    },
    {
      "geometry": {
        "type": "LineString",
        "coordinates": [
          [
            71.6869047,
            40.9776213
          ],
          [
            71.689269,
            40.9764716
          ]
        ]
      },
      "type": "Feature",
      "properties": {
        "name": null,
        "type": "residential",
        "slope": 122.78521386881076,
        "sun_diff": 1.8836802005782118,
        "length": 236.16290546671652
      }
    },
    {
      "geometry": {
        "type": "LineString",
        "coordinates": [
          [
            71.6871019,
            40.9830015
          ],
          [
            71.6901445,
            40.9815625
          ]
        ]
      },
      "type": "Feature",
      "properties": {
        "name": null,
        "type": "residential",
        "slope": 122.06676077968959,
        "sun_diff": 1.1652271114570425,
        "length": 301.4811674659317
      }
    },
    {
      "geometry": {
        "type": "LineString",
        "coordinates": [
          [
            71.6901445,
            40.9815625
          ],
          [
            71.6918032,
            40.9807847
          ]
        ]
      },
      "type": "Feature",
      "properties": {
        "name": null,
        "type": "residential",
        "slope": 121.84631590256961,
        "sun_diff": 0.9447822343370689,
        "length": 163.96361574558867
      }
    },
    {
      "geometry": {
        "type": "LineString",
        "coordinates": [
          [
            71.6896593,
            40.980982
          ],
          [
            71.6917127,
            40.9800322
          ]
        ]
      },
      "type": "Feature",
      "properties": {
        "name": null,
        "type": "unclassified",
        "slope": 121.49576288826395,
        "sun_diff": 0.5942292200314085,
        "length": 202.21738508417857
      }
    },
    {
      "geometry": {
        "type": "LineString",
        "coordinates": [
          [
            71.6875662,
            40.9835792
          ],
          [
            71.6906281,
            40.9821047
          ]
        ]
      },
      "type": "Feature",
      "properties": {
        "name": null,
        "type": "residential",
        "slope": 122.53400864924376,
        "sun_diff": 1.6324749810112138,
        "length": 304.9591846892039
      }
    },
    {
      "geometry": {
        "type": "LineString",
        "coordinates": [
          [
            71.6906281,
            40.9821047
          ],
          [
            71.6922921,
            40.9812939
          ]
        ]
      },
      "type": "Feature",
      "properties": {
        "name": null,
        "type": "residential",
        "slope": 122.83990392445676,
        "sun_diff": 1.9383702562242178,
        "length": 166.3024878641598
      }
    },
    {
      "geometry": {
        "type": "LineString",
        "coordinates": [
          [
            71.6867263,
            40.9855161
          ],
          [
            71.6884773,
            40.9846826
          ]
        ]
      },
      "type": "Feature",
      "properties": {
        "name": null,
        "type": "residential",
        "slope": 122.23462187425199,
        "sun_diff": 1.3330882060194398,
        "length": 173.8129334825847
      }
    },
    {
      "geometry": {
        "type": "LineString",
        "coordinates": [
          [
            71.6884773,
            40.9846826
          ],
          [
            71.6915744,
            40.9831971
          ]
        ]
      },
      "type": "Feature",
      "properties": {
        "name": null,
        "type": "residential",
        "slope": 122.4306630308464,
        "sun_diff": 1.5291293626138582,
        "length": 308.1058955975383
      }
    },
    {
      "geometry": {
        "type": "LineString",
        "coordinates": [
          [
            71.6871587,
            40.9860946
          ],
          [
            71.6889516,
            40.9852572
          ]
        ]
      },
      "type": "Feature",
      "properties": {
        "name": null,
        "type": "residential",
        "slope": 121.7462471906025,
        "sun_diff": 0.8447135223699576,
        "length": 177.02552232323336
      }
    },
    {
      "geometry": {
        "type": "LineString",
        "coordinates": [
          [
            71.6826412,
            40.9811877
          ],
          [
            71.68469,
            40.9801907
          ]
        ]
      },
      "type": "Feature",
      "properties": {
        "name": null,
        "type": "residential",
        "slope": 122.80552472743483,
        "sun_diff": 1.9039910592022835,
        "length": 204.68392411931003
      }
    },
    {
      "geometry": {
        "type": "LineString",
        "coordinates": [
          [
            71.6900648,
            40.9768699
          ],
          [
            71.6873623,
            40.9781725
          ]
        ]
      },
      "type": "Feature",
      "properties": {
        "name": null,
        "type": "residential",
        "slope": 122.55588791679807,
        "sun_diff": 1.6543542485655252,
        "length": 269.24933677528867
      }
    },
    {
      "geometry": {
        "type": "LineString",
        "coordinates": [
          [
            71.6873623,
            40.9781725
          ],
          [
            71.6852092,
            40.9791864
          ]
        ]
      },
      "type": "Feature",
      "properties": {
        "name": null,
        "type": "residential",
        "slope": 121.95405436693159,
        "sun_diff": 1.0525206986990412,
        "length": 213.09189790238955
      }
    },
    {
      "geometry": {
        "type": "LineString",
        "coordinates": [
          [
            71.6880269,
            40.9841371
          ],
          [
            71.6910868,
            40.9826411
          ]
        ]
      },
      "type": "Feature",
      "properties": {
        "name": null,
        "type": "residential",
        "slope": 122.92849704733268,
        "sun_diff": 2.0269633791001382,
        "length": 306.1091891604559
      }
    },
    {
      "geometry": {
        "type": "LineString",
        "coordinates": [
          [
            71.694595,
            41.023156
          ],
          [
            71.6935822,
            41.0226649
          ]
        ]
      },
      "type": "Feature",
      "properties": {
        "name": null,
        "type": "unclassified",
        "slope": 57.270696194423664,
        "sun_diff": 1.8272610608795503,
        "length": 101.03161343970287
      }
    },
    {
      "geometry": {
        "type": "LineString",
        "coordinates": [
          [
            71.6383575,
            40.9837341
          ],
          [
            71.6395072,
            40.9842178
          ]
        ]
      },
      "type": "Feature",
      "properties": {
        "name": null,
        "type": "service",
        "slope": 60.8680276570791,
        "sun_diff": 1.7700704017758824,
        "length": 110.51662124644058
      }
    },
    {
      "geometry": {
        "type": "LineString",
        "coordinates": [
          [
            71.6292696,
            40.9952571
          ],
          [
            71.6282197,
            40.9957347
          ]
        ]
      },
      "type": "Feature",
      "properties": {
        "name": null,
        "type": "service",
        "slope": 121.07779147467633,
        "sun_diff": 0.17625780644378608,
        "length": 102.91237191705957
      }
    },
    {
      "geometry": {
        "type": "LineString",
        "coordinates": [
          [
            71.6282197,
            40.9957347
          ],
          [
            71.626332,
            40.9965764
          ]
        ]
      },
      "type": "Feature",
      "properties": {
        "name": null,
        "type": "service",
        "slope": 120.57352180588086,
        "sun_diff": 0.328011862351687,
        "length": 184.06325453471385
      }
    },
    {
      "geometry": {
        "type": "LineString",
        "coordinates": [
          [
            71.62671,
            40.9972108
          ],
          [
            71.6284341,
            40.9964079
          ]
        ]
      },
      "type": "Feature",
      "properties": {
        "name": null,
        "type": "service",
        "slope": 121.67519376652854,
        "sun_diff": 0.7736600982959914,
        "length": 170.07329589584268
      }
    },
    {
      "geometry": {
        "type": "LineString",
        "coordinates": [
          [
            71.6270828,
            40.9977634
          ],
          [
            71.6288652,
            40.9969689
          ]
        ]
      },
      "type": "Feature",
      "properties": {
        "name": null,
        "type": "service",
        "slope": 120.5658360751045,
        "sun_diff": 0.3356975931280459,
        "length": 173.77940319330227
      }
    },
    {
      "geometry": {
        "type": "LineString",
        "coordinates": [
          [
            71.6799481,
            40.9920968
          ],
          [
            71.6779897,
            40.9929965
          ]
        ]
      },
      "type": "Feature",
      "properties": {
        "name": null,
        "type": "living_street",
        "slope": 121.32694189025466,
        "sun_diff": 0.4254082220221136,
        "length": 192.4792605182401
      }
    },
    {
      "geometry": {
        "type": "LineString",
        "coordinates": [
          [
            71.6905057,
            40.9871395
          ],
          [
            71.6894454,
            40.9876348
          ]
        ]
      },
      "type": "Feature",
      "properties": {
        "name": null,
        "type": "living_street",
        "slope": 121.75087153029995,
        "sun_diff": 0.8493378620674008,
        "length": 104.69303331026686
      }
    },
    {
      "geometry": {
        "type": "LineString",
        "coordinates": [
          [
            71.7125096,
            40.9748971
          ],
          [
            71.7112167,
            40.9755459
          ]
        ]
      },
      "type": "Feature",
      "properties": {
        "name": null,
        "type": "residential",
        "slope": 123.61072752862873,
        "sun_diff": 2.7091938603961836,
        "length": 130.3703178226551
      }
    },
    {
      "geometry": {
        "type": "LineString",
        "coordinates": [
          [
            71.7179196,
            40.9712016
          ],
          [
            71.716495,
            40.971853
          ]
        ]
      },
      "type": "Feature",
      "properties": {
        "name": null,
        "type": "residential",
        "slope": 121.19931467960976,
        "sun_diff": 0.2977810113772108,
        "length": 139.87071096623168
      }
    },
    {
      "geometry": {
        "type": "LineString",
        "coordinates": [
          [
            71.7185783,
            40.9720167
          ],
          [
            71.720057,
            40.9713403
          ]
        ]
      },
      "type": "Feature",
      "properties": {
        "name": null,
        "type": "residential",
        "slope": 121.20898063367093,
        "sun_diff": 0.30744696543838756,
        "length": 145.19727712205025
      }
    },
    {
      "geometry": {
        "type": "LineString",
        "coordinates": [
          [
            71.7106216,
            40.9877573
          ],
          [
            71.7093033,
            40.9871205
          ]
        ]
      },
      "type": "Feature",
      "properties": {
        "name": null,
        "type": "residential",
        "slope": 57.38410395886385,
        "sun_diff": 1.7138532964393676,
        "length": 131.41062105745758
      }
    },
    {
      "geometry": {
        "type": "LineString",
        "coordinates": [
          [
            71.6851808,
            40.9807232
          ],
          [
            71.6823082,
            40.9820981
          ]
        ]
      },
      "type": "Feature",
      "properties": {
        "name": null,
        "type": "residential",
        "slope": 122.37522924832743,
        "sun_diff": 1.4736955800948834,
        "length": 285.60591771225916
      }
    },
    {
      "geometry": {
        "type": "LineString",
        "coordinates": [
          [
            71.694941,
            41.0012835
          ],
          [
            71.6961363,
            41.0007432
          ]
        ]
      },
      "type": "Feature",
      "properties": {
        "name": null,
        "type": "residential",
        "slope": 120.9190649134762,
        "sun_diff": 0.01753124524366001,
        "length": 116.96023741074855
      }
    },
    {
      "geometry": {
        "type": "LineString",
        "coordinates": [
          [
            71.6961363,
            41.0007432
          ],
          [
            71.6977905,
            40.9999879
          ]
        ]
      },
      "type": "Feature",
      "properties": {
        "name": null,
        "type": "residential",
        "slope": 121.17371329815055,
        "sun_diff": 0.27217962991799993,
        "length": 162.29895218519528
      }
    },
    {
      "geometry": {
        "type": "LineString",
        "coordinates": [
          [
            71.6898538,
            40.986352
          ],
          [
            71.688849,
            40.9868393
          ]
        ]
      },
      "type": "Feature",
      "properties": {
        "name": null,
        "type": "residential",
        "slope": 122.71937052528094,
        "sun_diff": 1.8178368570483912,
        "length": 100.27743553434387
      }
    },
    {
      "geometry": {
        "type": "LineString",
        "coordinates": [
          [
            71.6840422,
            40.9820282
          ],
          [
            71.6854618,
            40.9813955
          ]
        ]
      },
      "type": "Feature",
      "properties": {
        "name": null,
        "type": "residential",
        "slope": 120.55662540474137,
        "sun_diff": 0.34490826349117754,
        "length": 138.42701832347893
      }
    },
    {
      "geometry": {
        "type": "LineString",
        "coordinates": [
          [
            71.6988839,
            40.9962396
          ],
          [
            71.7005375,
            40.9955786
          ]
        ]
      },
      "type": "Feature",
      "properties": {
        "name": null,
        "type": "residential",
        "slope": 117.90645973089363,
        "sun_diff": 2.9950739373389155,
        "length": 157.08975550382794
      }
    },
    {
      "geometry": {
        "type": "LineString",
        "coordinates": [
          [
            71.7170891,
            40.9726622
          ],
          [
            71.7185783,
            40.9720167
          ]
        ]
      },
      "type": "Feature",
      "properties": {
        "name": null,
        "type": "residential",
        "slope": 119.85965010920921,
        "sun_diff": 1.0418835590233329,
        "length": 144.20946682536558
      }
    },
    {
      "geometry": {
        "type": "LineString",
        "coordinates": [
          [
            71.7058843,
            40.9751159
          ],
          [
            71.7070628,
            40.9757135
          ]
        ]
      },
      "type": "Feature",
      "properties": {
        "name": null,
        "type": "residential",
        "slope": 56.112828600937036,
        "sun_diff": 2.9851286543661786,
        "length": 119.21810161741205
      }
    },
    {
      "geometry": {
        "type": "LineString",
        "coordinates": [
          [
            71.6180424,
            40.9778478
          ],
          [
            71.6149919,
            40.9765538
          ]
        ]
      },
      "type": "Feature",
      "properties": {
        "name": null,
        "type": "residential",
        "slope": 60.67006212252147,
        "sun_diff": 1.5721048672182576,
        "length": 293.83248218477576
      }
    },
    {
      "geometry": {
        "type": "LineString",
        "coordinates": [
          [
            71.6184622,
            40.9773415
          ],
          [
            71.6154186,
            40.9760409
          ]
        ]
      },
      "type": "Feature",
      "properties": {
        "name": null,
        "type": "residential",
        "slope": 60.49002139149866,
        "sun_diff": 1.3920641361954438,
        "length": 293.69010163415123
      }
    },
    {
      "geometry": {
        "type": "LineString",
        "coordinates": [
          [
            71.6188632,
            40.976811
          ],
          [
            71.6158537,
            40.9755262
          ]
        ]
      },
      "type": "Feature",
      "properties": {
        "name": null,
        "type": "residential",
        "slope": 60.51367680479274,
        "sun_diff": 1.4157195494895234,
        "length": 290.3341153313468
      }
    },
    {
      "geometry": {
        "type": "LineString",
        "coordinates": [
          [
            71.6192695,
            40.9762643
          ],
          [
            71.6163164,
            40.975025
          ]
        ]
      },
      "type": "Feature",
      "properties": {
        "name": null,
        "type": "residential",
        "slope": 60.93271137832588,
        "sun_diff": 1.8347541230226625,
        "length": 283.72952307279934
      }
    },
    {
      "geometry": {
        "type": "LineString",
        "coordinates": [
          [
            71.619688,
            40.9757459
          ],
          [
            71.6168054,
            40.9745314
          ]
        ]
      },
      "type": "Feature",
      "properties": {
        "name": null,
        "type": "residential",
        "slope": 60.836723655659426,
        "sun_diff": 1.7387664003562122,
        "length": 277.2166374405626
      }
    },
    {
      "geometry": {
        "type": "LineString",
        "coordinates": [
          [
            71.6583359,
            41.0375624
          ],
          [
            71.6595769,
            41.0381188
          ]
        ]
      },
      "type": "Feature",
      "properties": {
        "name": null,
        "type": "residential",
        "slope": 59.27228593235142,
        "sun_diff": 0.17432867704820865,
        "length": 121.12224331528515
      }
    },
    {
      "geometry": {
        "type": "LineString",
        "coordinates": [
          [
            71.6595769,
            41.0381188
          ],
          [
            71.661281,
            41.0388714
          ]
        ]
      },
      "type": "Feature",
      "properties": {
        "name": null,
        "type": "residential",
        "slope": 59.64995253123374,
        "sun_diff": 0.5519952759305227,
        "length": 165.67381171790683
      }
    },
    {
      "geometry": {
        "type": "LineString",
        "coordinates": [
          [
            71.6919125,
            40.9892257
          ],
          [
            71.6933518,
            40.9885332
          ]
        ]
      },
      "type": "Feature",
      "properties": {
        "name": null,
        "type": "residential",
        "slope": 122.51349570940286,
        "sun_diff": 1.6119620411703153,
        "length": 143.30534458182674
      }
    },
    {
      "geometry": {
        "type": "LineString",
        "coordinates": [
          [
            71.6894227,
            40.9929756
          ],
          [
            71.6883284,
            40.9925161
          ]
        ]
      },
      "type": "Feature",
      "properties": {
        "name": null,
        "type": "residential",
        "slope": 60.91220222041113,
        "sun_diff": 1.8142449651079176,
        "length": 105.13225902633681
      }
    },
    {
      "geometry": {
        "type": "LineString",
        "coordinates": [
          [
            71.587016,
            41.0193861
          ],
          [
            71.5883665,
            41.0199418
          ]
        ]
      },
      "type": "Feature",
      "properties": {
        "name": null,
        "type": "unclassified",
        "slope": 61.392933024421296,
        "sun_diff": 2.294975769118082,
        "length": 129.09482119088688
      }
    },
    {
      "geometry": {
        "type": "LineString",
        "coordinates": [
          [
            71.5883981,
            41.0212742
          ],
          [
            71.5857735,
            41.0201675
          ]
        ]
      },
      "type": "Feature",
      "properties": {
        "name": null,
        "type": "unclassified",
        "slope": 60.79997614993002,
        "sun_diff": 1.7020188946268036,
        "length": 252.32087628400288
      }
    },
    {
      "geometry": {
        "type": "LineString",
        "coordinates": [
          [
            71.5854308,
            41.0206266
          ],
          [
            71.5870857,
            41.0213369
          ]
        ]
      },
      "type": "Feature",
      "properties": {
        "name": null,
        "type": "unclassified",
        "slope": 60.364741104198714,
        "sun_diff": 1.2667838488954999,
        "length": 159.77870960427137
      }
    },
    {
      "geometry": {
        "type": "LineString",
        "coordinates": [
          [
            71.5887128,
            41.0194513
          ],
          [
            71.5864739,
            41.018504
          ]
        ]
      },
      "type": "Feature",
      "properties": {
        "name": null,
        "type": "unclassified",
        "slope": 60.71702689139781,
        "sun_diff": 1.6190696360945935,
        "length": 215.4210410372609
      }
    },
    {
      "geometry": {
        "type": "LineString",
        "coordinates": [
          [
            71.5871152,
            41.0179837
          ],
          [
            71.5891635,
            41.0188896
          ]
        ]
      },
      "type": "Feature",
      "properties": {
        "name": null,
        "type": "unclassified",
        "slope": 59.622001265266476,
        "sun_diff": 0.5240440099632622,
        "length": 199.25473255810493
      }
    },
    {
      "geometry": {
        "type": "LineString",
        "coordinates": [
          [
            71.5818755,
            41.0223012
          ],
          [
            71.583873,
            41.0232081
          ]
        ]
      },
      "type": "Feature",
      "properties": {
        "name": null,
        "type": "unclassified",
        "slope": 58.960846966287704,
        "sun_diff": 0.13711028901551003,
        "length": 195.63655777691804
      }
    },
    {
      "geometry": {
        "type": "LineString",
        "coordinates": [
          [
            71.5818232,
            41.022893
          ],
          [
            71.5835084,
            41.0236736
          ]
        ]
      },
      "type": "Feature",
      "properties": {
        "name": null,
        "type": "unclassified",
        "slope": 58.45096240975056,
        "sun_diff": 0.6469948455526549,
        "length": 165.94364517034833
      }
    },
    {
      "geometry": {
        "type": "LineString",
        "coordinates": [
          [
            71.5852356,
            41.0236754
          ],
          [
            71.5870282,
            41.0244601
          ]
        ]
      },
      "type": "Feature",
      "properties": {
        "name": null,
        "type": "unclassified",
        "slope": 59.87632355207012,
        "sun_diff": 0.7783662967669045,
        "length": 173.91506121055903
      }
    },
    {
      "geometry": {
        "type": "LineString",
        "coordinates": [
          [
            71.5860047,
            41.0221378
          ],
          [
            71.5849668,
            41.0216607
          ]
        ]
      },
      "type": "Feature",
      "properties": {
        "name": null,
        "type": "unclassified",
        "slope": 58.6468901182636,
        "sun_diff": 0.4510671370396153,
        "length": 101.99211846570492
      }
    },
    {
      "geometry": {
        "type": "LineString",
        "coordinates": [
          [
            71.5861604,
            41.0196735
          ],
          [
            71.5880018,
            41.0204155
          ]
        ]
      },
      "type": "Feature",
      "properties": {
        "name": null,
        "type": "residential",
        "slope": 61.89398864175803,
        "sun_diff": 2.796031386454814,
        "length": 175.1902397437422
      }
    },
    {
      "geometry": {
        "type": "LineString",
        "coordinates": [
          [
            71.7005593,
            40.9664837
          ],
          [
            71.6991913,
            40.9658761
          ]
        ]
      },
      "type": "Feature",
      "properties": {
        "name": "Janubiy aylanma yo\u02bbli",
        "type": "trunk",
        "slope": 59.535837840939394,
        "sun_diff": 0.4378805856361794,
        "length": 133.30001089772557
      }
    },
    {
      "geometry": {
        "type": "LineString",
        "coordinates": [
          [
            71.7125639,
            40.9775951
          ],
          [
            71.7114039,
            40.9781359
          ]
        ]
      },
      "type": "Feature",
      "properties": {
        "name": "Boburshox ko'chasi",
        "type": "primary",
        "slope": 121.69638350519295,
        "sun_diff": 0.7948498369604096,
        "length": 114.48652003773067
      }
    },
    {
      "geometry": {
        "type": "LineString",
        "coordinates": [
          [
            71.7095942,
            40.9789794
          ],
          [
            71.7077924,
            40.9798212
          ]
        ]
      },
      "type": "Feature",
      "properties": {
        "name": "Boburshox ko'chasi",
        "type": "primary",
        "slope": 121.75153964862594,
        "sun_diff": 0.8500059803933908,
        "length": 177.93075334572555
      }
    },
    {
      "geometry": {
        "type": "LineString",
        "coordinates": [
          [
            71.707625,
            40.9799004
          ],
          [
            71.7062879,
            40.9805333
          ]
        ]
      },
      "type": "Feature",
      "properties": {
        "name": "Boburshox ko'chasi",
        "type": "primary",
        "slope": 122.08744959311096,
        "sun_diff": 1.1859159248784152,
        "length": 132.52236449970096
      }
    },
    {
      "geometry": {
        "type": "LineString",
        "coordinates": [
          [
            71.7031413,
            40.9820214
          ],
          [
            71.7009881,
            40.9830261
          ]
        ]
      },
      "type": "Feature",
      "properties": {
        "name": "Boburshox ko'chasi",
        "type": "primary",
        "slope": 121.72030646232415,
        "sun_diff": 0.8187727940916005,
        "length": 212.55027507885566
      }
    },
    {
      "geometry": {
        "type": "LineString",
        "coordinates": [
          [
            71.7005084,
            40.9832499
          ],
          [
            71.6993525,
            40.9837888
          ]
        ]
      },
      "type": "Feature",
      "properties": {
        "name": "Boburshox ko'chasi",
        "type": "primary",
        "slope": 121.69912303556995,
        "sun_diff": 0.7975893673374088,
        "length": 114.0754593302297
      }
    },
    {
      "geometry": {
        "type": "LineString",
        "coordinates": [
          [
            71.6984568,
            40.9842018
          ],
          [
            71.6972494,
            40.984786
          ]
        ]
      },
      "type": "Feature",
      "properties": {
        "name": "Boburshox ko'chasi",
        "type": "primary",
        "slope": 122.65820933920196,
        "sun_diff": 1.7566756709694147,
        "length": 120.4178920222734
      }
    },
    {
      "geometry": {
        "type": "LineString",
        "coordinates": [
          [
            71.6940495,
            40.9863005
          ],
          [
            71.6930022,
            40.9867897
          ]
        ]
      },
      "type": "Feature",
      "properties": {
        "name": "Boburshox ko'chasi",
        "type": "primary",
        "slope": 121.74911305660828,
        "sun_diff": 0.8475793883757348,
        "length": 103.40878329545743
      }
    },
    {
      "geometry": {
        "type": "LineString",
        "coordinates": [
          [
            71.6640478,
            41.0004507
          ],
          [
            71.6627042,
            41.0010557
          ]
        ]
      },
      "type": "Feature",
      "properties": {
        "name": "N. Namongoniy ko'chasi",
        "type": "primary",
        "slope": 120.82199859520475,
        "sun_diff": 0.07953507302779883,
        "length": 131.3385490532738
      }
    },
    {
      "geometry": {
        "type": "LineString",
        "coordinates": [
          [
            71.669659,
            41.0031977
          ],
          [
            71.6685195,
            41.0027247
          ]
        ]
      },
      "type": "Feature",
      "properties": {
        "name": "B.Mashrab ko'chasi",
        "type": "primary",
        "slope": 61.18796878560724,
        "sun_diff": 2.090011530304025,
        "length": 109.16674291068749
      }
    },
    {
      "geometry": {
        "type": "LineString",
        "coordinates": [
          [
            71.7154013,
            40.9922154
          ],
          [
            71.7143485,
            40.9927185
          ]
        ]
      },
      "type": "Feature",
      "properties": {
        "name": null,
        "type": "residential",
        "slope": 122.33839520654954,
        "sun_diff": 1.4368615383169896,
        "length": 104.61381486918604
      }
    },
    {
      "geometry": {
        "type": "LineString",
        "coordinates": [
          [
            71.7339876,
            40.9657445
          ],
          [
            71.7329711,
            40.9652706
          ]
        ]
      },
      "type": "Feature",
      "properties": {
        "name": null,
        "type": "residential",
        "slope": 58.308573650317356,
        "sun_diff": 0.7893836049858578,
        "length": 100.33739361090235
      }
    },
    {
      "geometry": {
        "type": "LineString",
        "coordinates": [
          [
            71.7329711,
            40.9652706
          ],
          [
            71.7313403,
            40.9645475
          ]
        ]
      },
      "type": "Feature",
      "properties": {
        "name": null,
        "type": "residential",
        "slope": 59.57864235298209,
        "sun_diff": 0.48068509767887235,
        "length": 158.84098412936638
      }
    },
    {
      "geometry": {
        "type": "LineString",
        "coordinates": [
          [
            71.7349498,
            40.9674573
          ],
          [
            71.7362085,
            40.9669434
          ]
        ]
      },
      "type": "Feature",
      "properties": {
        "name": null,
        "type": "residential",
        "slope": 118.40022560992142,
        "sun_diff": 2.5013080583111247,
        "length": 120.17980100411513
      }
    },
    {
      "geometry": {
        "type": "LineString",
        "coordinates": [
          [
            71.5971602,
            40.9895572
          ],
          [
            71.5994641,
            40.9905897
          ]
        ]
      },
      "type": "Feature",
      "properties": {
        "name": null,
        "type": "service",
        "slope": 59.301380425776586,
        "sun_diff": 0.20342317047337133,
        "length": 224.9568527136278
      }
    },
    {
      "geometry": {
        "type": "LineString",
        "coordinates": [
          [
            71.5925574,
            40.9860131
          ],
          [
            71.594022,
            40.9866913
          ]
        ]
      },
      "type": "Feature",
      "properties": {
        "name": null,
        "type": "unclassified",
        "slope": 58.473433162550975,
        "sun_diff": 0.6245240927522389,
        "length": 144.26705028629783
      }
    },
    {
      "geometry": {
        "type": "LineString",
        "coordinates": [
          [
            71.6935171,
            40.9654889
          ],
          [
            71.6947791,
            40.9660969
          ]
        ]
      },
      "type": "Feature",
      "properties": {
        "name": null,
        "type": "residential",
        "slope": 57.4609025262522,
        "sun_diff": 1.637054729051016,
        "length": 125.73174152178522
      }
    },
    {
      "geometry": {
        "type": "LineString",
        "coordinates": [
          [
            71.6947791,
            40.9660969
          ],
          [
            71.695959,
            40.9666896
          ]
        ]
      },
      "type": "Feature",
      "properties": {
        "name": null,
        "type": "residential",
        "slope": 56.36582099930112,
        "sun_diff": 2.732136256002093,
        "length": 119.02422421394941
      }
    },
    {
      "geometry": {
        "type": "LineString",
        "coordinates": [
          [
            71.6868138,
            40.9768973
          ],
          [
            71.6893596,
            40.9757175
          ]
        ]
      },
      "type": "Feature",
      "properties": {
        "name": null,
        "type": "residential",
        "slope": 121.54262771699155,
        "sun_diff": 0.6410940487590011,
        "length": 250.85047258891828
      }
    },
    {
      "geometry": {
        "type": "LineString",
        "coordinates": [
          [
            71.5955658,
            40.9947806
          ],
          [
            71.5919432,
            40.9929716
          ]
        ]
      },
      "type": "Feature",
      "properties": {
        "name": null,
        "type": "service",
        "slope": 56.511589974895884,
        "sun_diff": 2.5863672804073303,
        "length": 364.6691024755859
      }
    },
    {
      "geometry": {
        "type": "LineString",
        "coordinates": [
          [
            71.5940702,
            40.9902455
          ],
          [
            71.5958914,
            40.9911394
          ]
        ]
      },
      "type": "Feature",
      "properties": {
        "name": null,
        "type": "service",
        "slope": 56.96529844509547,
        "sun_diff": 2.1326588102077437,
        "length": 182.389049717996
      }
    },
    {
      "geometry": {
        "type": "LineString",
        "coordinates": [
          [
            71.7143485,
            40.9668807
          ],
          [
            71.7132395,
            40.9663359
          ]
        ]
      },
      "type": "Feature",
      "properties": {
        "name": null,
        "type": "residential",
        "slope": 56.952578386151,
        "sun_diff": 2.1453788691522107,
        "length": 111.12079963787725
      }
    },
    {
      "geometry": {
        "type": "LineString",
        "coordinates": [
          [
            71.7167759,
            40.9722696
          ],
          [
            71.7182538,
            40.9716106
          ]
        ]
      },
      "type": "Feature",
      "properties": {
        "name": null,
        "type": "residential",
        "slope": 120.5649489020833,
        "sun_diff": 0.3365847661492438,
        "length": 144.14564747686396
      }
    },
    {
      "geometry": {
        "type": "LineString",
        "coordinates": [
          [
            71.7182538,
            40.9716106
          ],
          [
            71.7197934,
            40.9709049
          ]
        ]
      },
      "type": "Feature",
      "properties": {
        "name": null,
        "type": "residential",
        "slope": 121.26079674004177,
        "sun_diff": 0.3592630718092238,
        "length": 151.2611122426569
      }
    },
    {
      "geometry": {
        "type": "LineString",
        "coordinates": [
          [
            71.6706151,
            41.0305327
          ],
          [
            71.6695371,
            41.0300585
          ]
        ]
      },
      "type": "Feature",
      "properties": {
        "name": null,
        "type": "residential",
        "slope": 59.75250258636339,
        "sun_diff": 0.6545453310601772,
        "length": 104.7076632493574
      }
    },
    {
      "geometry": {
        "type": "LineString",
        "coordinates": [
          [
            71.6683307,
            41.0302777
          ],
          [
            71.6704225,
            41.0311853
          ]
        ]
      },
      "type": "Feature",
      "properties": {
        "name": null,
        "type": "residential",
        "slope": 60.09355994049287,
        "sun_diff": 0.9956026851896524,
        "length": 202.47838151133155
      }
    },
    {
      "geometry": {
        "type": "LineString",
        "coordinates": [
          [
            71.6040252,
            41.0327846
          ],
          [
            71.6029282,
            41.0322353
          ]
        ]
      },
      "type": "Feature",
      "properties": {
        "name": null,
        "type": "residential",
        "slope": 56.423891405644724,
        "sun_diff": 2.67406584965849,
        "length": 110.47647177009635
      }
    },
    {
      "geometry": {
        "type": "LineString",
        "coordinates": [
          [
            71.6248995,
            41.0251028
          ],
          [
            71.6259482,
            41.0256289
          ]
        ]
      },
      "type": "Feature",
      "properties": {
        "name": null,
        "type": "living_street",
        "slope": 56.377038390564365,
        "sun_diff": 2.7209188647388487,
        "length": 105.68088013544472
      }
    },
    {
      "geometry": {
        "type": "LineString",
        "coordinates": [
          [
            71.723806,
            40.9885722
          ],
          [
            71.7249432,
            40.9890419
          ]
        ]
      },
      "type": "Feature",
      "properties": {
        "name": null,
        "type": "living_street",
        "slope": 61.31332309426949,
        "sun_diff": 2.215365838966278,
        "length": 108.83889861275068
      }
    },
    {
      "geometry": {
        "type": "LineString",
        "coordinates": [
          [
            71.7184791,
            40.9891796
          ],
          [
            71.717425,
            40.988722
          ]
        ]
      },
      "type": "Feature",
      "properties": {
        "name": null,
        "type": "living_street",
        "slope": 60.0964118376682,
        "sun_diff": 0.9984545823649853,
        "length": 102.09498109638379
      }
    },
    {
      "geometry": {
        "type": "LineString",
        "coordinates": [
          [
            71.7192194,
            40.9901372
          ],
          [
            71.7177764,
            40.9895066
          ]
        ]
      },
      "type": "Feature",
      "properties": {
        "name": null,
        "type": "living_street",
        "slope": 59.931442398080065,
        "sun_diff": 0.8334851427768513,
        "length": 139.99252962995638
      }
    },
    {
      "geometry": {
        "type": "LineString",
        "coordinates": [
          [
            71.7272204,
            40.9889974
          ],
          [
            71.7293072,
            40.9880964
          ]
        ]
      },
      "type": "Feature",
      "properties": {
        "name": null,
        "type": "living_street",
        "slope": 119.7689682101946,
        "sun_diff": 1.132565458037945,
        "length": 201.84647843879907
      }
    },
    {
      "geometry": {
        "type": "LineString",
        "coordinates": [
          [
            71.7268904,
            40.9885024
          ],
          [
            71.7289786,
            40.9876535
          ]
        ]
      },
      "type": "Feature",
      "properties": {
        "name": null,
        "type": "living_street",
        "slope": 118.30453144388102,
        "sun_diff": 2.5970022243515274,
        "length": 199.13734553493265
      }
    },
    {
      "geometry": {
        "type": "LineString",
        "coordinates": [
          [
            71.7265316,
            40.9880468
          ],
          [
            71.7285508,
            40.9872035
          ]
        ]
      },
      "type": "Feature",
      "properties": {
        "name": null,
        "type": "living_street",
        "slope": 118.95452208342425,
        "sun_diff": 1.947011584808294,
        "length": 193.75481277422088
      }
    },
    {
      "geometry": {
        "type": "LineString",
        "coordinates": [
          [
            71.7261448,
            40.9875781
          ],
          [
            71.7282774,
            40.986685
          ]
        ]
      },
      "type": "Feature",
      "properties": {
        "name": null,
        "type": "living_street",
        "slope": 119.0207664754601,
        "sun_diff": 1.8807671927724385,
        "length": 204.76892426852845
      }
    },
    {
      "geometry": {
        "type": "LineString",
        "coordinates": [
          [
            71.7265579,
            40.9867864
          ],
          [
            71.7279512,
            40.9862271
          ]
        ]
      },
      "type": "Feature",
      "properties": {
        "name": null,
        "type": "living_street",
        "slope": 118.00302026982581,
        "sun_diff": 2.8985133984067346,
        "length": 132.49891607725306
      }
    },
    {
      "geometry": {
        "type": "LineString",
        "coordinates": [
          [
            71.7277944,
            40.9893699
          ],
          [
            71.7290282,
            40.9888496
          ]
        ]
      },
      "type": "Feature",
      "properties": {
        "name": null,
        "type": "living_street",
        "slope": 119.19080423793824,
        "sun_diff": 1.7107294302943075,
        "length": 118.65980759420549
      }
    },
    {
      "geometry": {
        "type": "LineString",
        "coordinates": [
          [
            71.7168014,
            40.9933006
          ],
          [
            71.7183061,
            40.9926052
          ]
        ]
      },
      "type": "Feature",
      "properties": {
        "name": null,
        "type": "living_street",
        "slope": 121.4786611782304,
        "sun_diff": 0.577127509997851,
        "length": 148.12667000890343
      }
    },
    {
      "geometry": {
        "type": "LineString",
        "coordinates": [
          [
            71.7183061,
            40.9926052
          ],
          [
            71.7193803,
            40.9921091
          ]
        ]
      },
      "type": "Feature",
      "properties": {
        "name": null,
        "type": "living_street",
        "slope": 121.4608060304775,
        "sun_diff": 0.559272362244954,
        "length": 105.72784828862014
      }
    },
    {
      "geometry": {
        "type": "LineString",
        "coordinates": [
          [
            71.5917654,
            40.9695746
          ],
          [
            71.5907107,
            40.9700534
          ]
        ]
      },
      "type": "Feature",
      "properties": {
        "name": null,
        "type": "living_street",
        "slope": 121.0159828048094,
        "sun_diff": 0.11444913657685163,
        "length": 103.35599908044564
      }
    },
    {
      "geometry": {
        "type": "LineString",
        "coordinates": [
          [
            71.7118616,
            40.9682555
          ],
          [
            71.7131536,
            40.9688004
          ]
        ]
      },
      "type": "Feature",
      "properties": {
        "name": null,
        "type": "living_street",
        "slope": 60.81406974995744,
        "sun_diff": 1.7161124946542259,
        "length": 124.28978302546122
      }
    },
    {
      "geometry": {
        "type": "LineString",
        "coordinates": [
          [
            71.6948649,
            40.9668989
          ],
          [
            71.6934186,
            40.9661725
          ]
        ]
      },
      "type": "Feature",
      "properties": {
        "name": null,
        "type": "living_street",
        "slope": 56.370425246743565,
        "sun_diff": 2.727532008559649,
        "length": 145.89006686032758
      }
    },
    {
      "geometry": {
        "type": "LineString",
        "coordinates": [
          [
            71.6091388,
            41.04508
          ],
          [
            71.6106221,
            41.0457738
          ]
        ]
      },
      "type": "Feature",
      "properties": {
        "name": null,
        "type": "living_street",
        "slope": 58.193075033959246,
        "sun_diff": 0.9048822213439678,
        "length": 146.41932585033305
      }
    },
    {
      "geometry": {
        "type": "LineString",
        "coordinates": [
          [
            71.6330264,
            41.0416268
          ],
          [
            71.6340807,
            41.0420739
          ]
        ]
      },
      "type": "Feature",
      "properties": {
        "name": null,
        "type": "living_street",
        "slope": 60.65264569588416,
        "sun_diff": 1.5546884405809465,
        "length": 101.47047201791905
      }
    },
    {
      "geometry": {
        "type": "LineString",
        "coordinates": [
          [
            71.6223729,
            41.0415964
          ],
          [
            71.6238923,
            41.0423088
          ]
        ]
      },
      "type": "Feature",
      "properties": {
        "name": null,
        "type": "unclassified",
        "slope": 58.132555437252336,
        "sun_diff": 0.9654018180508785,
        "length": 150.08914174152093
      }
    },
    {
      "geometry": {
        "type": "LineString",
        "coordinates": [
          [
            71.6257498,
            41.0431501
          ],
          [
            71.6268924,
            41.0436619
          ]
        ]
      },
      "type": "Feature",
      "properties": {
        "name": null,
        "type": "unclassified",
        "slope": 59.29387804602902,
        "sun_diff": 0.1959207907258076,
        "length": 111.48396769287153
      }
    },
    {
      "geometry": {
        "type": "LineString",
        "coordinates": [
          [
            71.5984207,
            40.9804296
          ],
          [
            71.5973318,
            40.9798798
          ]
        ]
      },
      "type": "Feature",
      "properties": {
        "name": null,
        "type": "living_street",
        "slope": 56.22490148899371,
        "sun_diff": 2.8730557663095055,
        "length": 110.0021612364584
      }
    },
    {
      "geometry": {
        "type": "LineString",
        "coordinates": [
          [
            71.7179599,
            41.0438523
          ],
          [
            71.716567,
            41.0431609
          ]
        ]
      },
      "type": "Feature",
      "properties": {
        "name": null,
        "type": "living_street",
        "slope": 56.64973494079317,
        "sun_diff": 2.4482223145100477,
        "length": 139.88759634570673
      }
    },
    {
      "geometry": {
        "type": "LineString",
        "coordinates": [
          [
            71.6290274,
            41.0407447
          ],
          [
            71.6303442,
            41.0413693
          ]
        ]
      },
      "type": "Feature",
      "properties": {
        "name": null,
        "type": "living_street",
        "slope": 57.83459979676982,
        "sun_diff": 1.2633574585333918,
        "length": 130.50137901847083
      }
    },
    {
      "geometry": {
        "type": "LineString",
        "coordinates": [
          [
            71.6295531,
            41.0347198
          ],
          [
            71.6283515,
            41.0342282
          ]
        ]
      },
      "type": "Feature",
      "properties": {
        "name": null,
        "type": "living_street",
        "slope": 61.525807814198174,
        "sun_diff": 2.42785055889496,
        "length": 114.69103879361833
      }
    },
    {
      "geometry": {
        "type": "LineString",
        "coordinates": [
          [
            71.627846,
            41.0259261
          ],
          [
            71.6265732,
            41.0253173
          ]
        ]
      },
      "type": "Feature",
      "properties": {
        "name": null,
        "type": "living_street",
        "slope": 57.624571882737,
        "sun_diff": 1.473385372566213,
        "length": 126.4630626449171
      }
    },
    {
      "geometry": {
        "type": "LineString",
        "coordinates": [
          [
            71.7182681,
            41.0369413
          ],
          [
            71.7200036,
            41.0377003
          ]
        ]
      },
      "type": "Feature",
      "properties": {
        "name": null,
        "type": "living_street",
        "slope": 59.894403759873626,
        "sun_diff": 0.7964465045704117,
        "length": 168.31062486511686
      }
    },
    {
      "geometry": {
        "type": "LineString",
        "coordinates": [
          [
            71.7308026,
            41.0267276
          ],
          [
            71.7318258,
            41.027191
          ]
        ]
      },
      "type": "Feature",
      "properties": {
        "name": null,
        "type": "living_street",
        "slope": 59.02206118116615,
        "sun_diff": 0.0758960741370629,
        "length": 100.14229185368323
      }
    },
    {
      "geometry": {
        "type": "LineString",
        "coordinates": [
          [
            71.5995674,
            40.964825
          ],
          [
            71.601622,
            40.9637971
          ]
        ]
      },
      "type": "Feature",
      "properties": {
        "name": null,
        "type": "living_street",
        "slope": 123.52565440178776,
        "sun_diff": 2.624120733555216,
        "length": 207.00777380711892
      }
    },
    {
      "geometry": {
        "type": "LineString",
        "coordinates": [
          [
            71.6131756,
            40.9697323
          ],
          [
            71.6144083,
            40.970275
          ]
        ]
      },
      "type": "Feature",
      "properties": {
        "name": null,
        "type": "living_street",
        "slope": 59.754470762343374,
        "sun_diff": 0.6565135070401595,
        "length": 119.8408344354854
      }
    },
    {
      "geometry": {
        "type": "LineString",
        "coordinates": [
          [
            71.6106901,
            40.9689484
          ],
          [
            71.612037,
            40.9696174
          ]
        ]
      },
      "type": "Feature",
      "properties": {
        "name": null,
        "type": "living_street",
        "slope": 56.66205464398627,
        "sun_diff": 2.4359026113169477,
        "length": 135.40072845530594
      }
    },
    {
      "geometry": {
        "type": "LineString",
        "coordinates": [
          [
            71.6086829,
            40.9691247
          ],
          [
            71.6098854,
            40.9697225
          ]
        ]
      },
      "type": "Feature",
      "properties": {
        "name": null,
        "type": "living_street",
        "slope": 56.638987088369504,
        "sun_diff": 2.4589701669337103,
        "length": 120.91632732170955
      }
    },
    {
      "geometry": {
        "type": "LineString",
        "coordinates": [
          [
            71.6090654,
            40.9705578
          ],
          [
            71.6105745,
            40.9712754
          ]
        ]
      },
      "type": "Feature",
      "properties": {
        "name": null,
        "type": "living_street",
        "slope": 57.79770945676063,
        "sun_diff": 1.3002477985425855,
        "length": 149.7791812677632
      }
    },
    {
      "geometry": {
        "type": "LineString",
        "coordinates": [
          [
            71.6487685,
            41.0336354
          ],
          [
            71.6499782,
            41.0341958
          ]
        ]
      },
      "type": "Feature",
      "properties": {
        "name": null,
        "type": "living_street",
        "slope": 58.44432931408795,
        "sun_diff": 0.6536279412152624,
        "length": 119.10988359270492
      }
    },
    {
      "geometry": {
        "type": "LineString",
        "coordinates": [
          [
            71.6439218,
            41.0393559
          ],
          [
            71.6428662,
            41.039884
          ]
        ]
      },
      "type": "Feature",
      "properties": {
        "name": null,
        "type": "living_street",
        "slope": 123.5557034863495,
        "sun_diff": 2.654169818116955,
        "length": 106.27030497798057
      }
    },
    {
      "geometry": {
        "type": "LineString",
        "coordinates": [
          [
            71.6056225,
            40.9644057
          ],
          [
            71.6075766,
            40.9652466
          ]
        ]
      },
      "type": "Feature",
      "properties": {
        "name": null,
        "type": "living_street",
        "slope": 60.32174099714695,
        "sun_diff": 1.2237837418437323,
        "length": 188.90755973438277
      }
    },
    {
      "geometry": {
        "type": "LineString",
        "coordinates": [
          [
            71.6966808,
            41.02918
          ],
          [
            71.6955397,
            41.0286847
          ]
        ]
      },
      "type": "Feature",
      "properties": {
        "name": null,
        "type": "living_street",
        "slope": 60.08478969010628,
        "sun_diff": 0.9868324348030626,
        "length": 110.46723096940462
      }
    },
    {
      "geometry": {
        "type": "LineString",
        "coordinates": [
          [
            71.6981694,
            41.0293277
          ],
          [
            71.6969812,
            41.0287915
          ]
        ]
      },
      "type": "Feature",
      "properties": {
        "name": null,
        "type": "living_street",
        "slope": 59.11209008973614,
        "sun_diff": 0.01413283443292812,
        "length": 116.1781926271079
      }
    },
    {
      "geometry": {
        "type": "LineString",
        "coordinates": [
          [
            71.7053223,
            41.0302061
          ],
          [
            71.7064521,
            41.0306834
          ]
        ]
      },
      "type": "Feature",
      "properties": {
        "name": null,
        "type": "living_street",
        "slope": 60.749809274675215,
        "sun_diff": 1.6518520193720008,
        "length": 108.65231761743462
      }
    },
    {
      "geometry": {
        "type": "LineString",
        "coordinates": [
          [
            71.6972946,
            41.0283835
          ],
          [
            71.698443,
            41.028919
          ]
        ]
      },
      "type": "Feature",
      "properties": {
        "name": null,
        "type": "living_street",
        "slope": 58.278707240451496,
        "sun_diff": 0.8192500148517183,
        "length": 113.28477167132712
      }
    },
    {
      "geometry": {
        "type": "LineString",
        "coordinates": [
          [
            71.69936,
            41.0293299
          ],
          [
            71.7004171,
            41.0297911
          ]
        ]
      },
      "type": "Feature",
      "properties": {
        "name": null,
        "type": "living_street",
        "slope": 59.95711425042606,
        "sun_diff": 0.859156995122845,
        "length": 102.46585575095061
      }
    },
    {
      "geometry": {
        "type": "LineString",
        "coordinates": [
          [
            71.7050587,
            41.0286711
          ],
          [
            71.7065175,
            41.0293484
          ]
        ]
      },
      "type": "Feature",
      "properties": {
        "name": null,
        "type": "living_street",
        "slope": 58.38941776760481,
        "sun_diff": 0.7085394876984026,
        "length": 143.73218259308436
      }
    },
    {
      "geometry": {
        "type": "LineString",
        "coordinates": [
          [
            71.7101668,
            41.0310307
          ],
          [
            71.7115993,
            41.031691
          ]
        ]
      },
      "type": "Feature",
      "properties": {
        "name": null,
        "type": "living_street",
        "slope": 58.57304328782672,
        "sun_diff": 0.5249139674764933,
        "length": 140.85875658046805
      }
    },
    {
      "geometry": {
        "type": "LineString",
        "coordinates": [
          [
            71.7114804,
            41.0323078
          ],
          [
            71.7100462,
            41.031606
          ]
        ]
      },
      "type": "Feature",
      "properties": {
        "name": null,
        "type": "living_street",
        "slope": 57.029232678626386,
        "sun_diff": 2.0687245766768285,
        "length": 143.4384719110052
      }
    },
    {
      "geometry": {
        "type": "LineString",
        "coordinates": [
          [
            71.7081043,
            41.0306935
          ],
          [
            71.7069912,
            41.0301978
          ]
        ]
      },
      "type": "Feature",
      "properties": {
        "name": null,
        "type": "living_street",
        "slope": 59.444846195486946,
        "sun_diff": 0.3468889401837316,
        "length": 108.45789612448019
      }
    },
    {
      "geometry": {
        "type": "LineString",
        "coordinates": [
          [
            71.7156792,
            41.0286044
          ],
          [
            71.7169315,
            41.0291112
          ]
        ]
      },
      "type": "Feature",
      "properties": {
        "name": null,
        "type": "living_street",
        "slope": 61.788060447210256,
        "sun_diff": 2.690103191907042,
        "length": 119.24549471274337
      }
    },
    {
      "geometry": {
        "type": "LineString",
        "coordinates": [
          [
            71.7139864,
            41.0280388
          ],
          [
            71.7154992,
            41.0286459
          ]
        ]
      },
      "type": "Feature",
      "properties": {
        "name": null,
        "type": "living_street",
        "slope": 61.98833176199955,
        "sun_diff": 2.8903745066963324,
        "length": 143.78298347644238
      }
    },
    {
      "geometry": {
        "type": "LineString",
        "coordinates": [
          [
            71.6628234,
            41.0326009
          ],
          [
            71.6641635,
            41.0332622
          ]
        ]
      },
      "type": "Feature",
      "properties": {
        "name": null,
        "type": "living_street",
        "slope": 56.80788020742972,
        "sun_diff": 2.2900770478734955,
        "length": 134.36258694345673
      }
    },
    {
      "geometry": {
        "type": "LineString",
        "coordinates": [
          [
            71.6594598,
            41.0361462
          ],
          [
            71.6605984,
            41.0367218
          ]
        ]
      },
      "type": "Feature",
      "properties": {
        "name": null,
        "type": "residential",
        "slope": 56.16955277627656,
        "sun_diff": 2.9284044790266535,
        "length": 114.99877089976545
      }
    },
    {
      "geometry": {
        "type": "LineString",
        "coordinates": [
          [
            71.6591419,
            41.03863
          ],
          [
            71.6606319,
            41.0393023
          ]
        ]
      },
      "type": "Feature",
      "properties": {
        "name": null,
        "type": "living_street",
        "slope": 59.11157159344074,
        "sun_diff": 0.013614338137529103,
        "length": 145.66569436990798
      }
    },
    {
      "geometry": {
        "type": "LineString",
        "coordinates": [
          [
            71.6602832,
            41.0399335
          ],
          [
            71.661391,
            41.0404655
          ]
        ]
      },
      "type": "Feature",
      "properties": {
        "name": null,
        "type": "living_street",
        "slope": 57.514950304614814,
        "sun_diff": 1.5830069506884001,
        "length": 110.17817473829605
      }
    },
    {
      "geometry": {
        "type": "LineString",
        "coordinates": [
          [
            71.6579113,
            41.0365488
          ],
          [
            71.6600531,
            41.0375629
          ]
        ]
      },
      "type": "Feature",
      "properties": {
        "name": null,
        "type": "residential",
        "slope": 57.882465498642034,
        "sun_diff": 1.21549175666118,
        "length": 212.1642839529748
      }
    },
    {
      "geometry": {
        "type": "LineString",
        "coordinates": [
          [
            71.6600531,
            41.0375629
          ],
          [
            71.661635,
            41.038311
          ]
        ]
      },
      "type": "Feature",
      "properties": {
        "name": null,
        "type": "residential",
        "slope": 57.91312931177694,
        "sun_diff": 1.1848279435262725,
        "length": 156.64661320380074
      }
    },
    {
      "geometry": {
        "type": "LineString",
        "coordinates": [
          [
            71.6535106,
            40.9702973
          ],
          [
            71.652372,
            40.9697439
          ]
        ]
      },
      "type": "Feature",
      "properties": {
        "name": null,
        "type": "living_street",
        "slope": 57.23029498839247,
        "sun_diff": 1.8676622669107417,
        "length": 113.72351156572186
      }
    },
    {
      "geometry": {
        "type": "LineString",
        "coordinates": [
          [
            71.717087,
            40.9993282
          ],
          [
            71.7182792,
            40.999863
          ]
        ]
      },
      "type": "Feature",
      "properties": {
        "name": null,
        "type": "living_street",
        "slope": 59.27375183072505,
        "sun_diff": 0.17579457542183263,
        "length": 116.42515432147187
      }
    },
    {
      "geometry": {
        "type": "LineString",
        "coordinates": [
          [
            71.7166525,
            40.9984355
          ],
          [
            71.7180043,
            40.9989841
          ]
        ]
      },
      "type": "Feature",
      "properties": {
        "name": null,
        "type": "living_street",
        "slope": 61.732157798960344,
        "sun_diff": 2.63420054365713,
        "length": 128.84641461622562
      }
    },
    {
      "geometry": {
        "type": "LineString",
        "coordinates": [
          [
            71.7011024,
            40.9991471
          ],
          [
            71.7021739,
            40.998639
          ]
        ]
      },
      "type": "Feature",
      "properties": {
        "name": null,
        "type": "living_street",
        "slope": 122.14121353178066,
        "sun_diff": 1.239679863548119,
        "length": 106.23100543084429
      }
    },
    {
      "geometry": {
        "type": "LineString",
        "coordinates": [
          [
            71.6957143,
            41.0002185
          ],
          [
            71.69689,
            40.9996946
          ]
        ]
      },
      "type": "Feature",
      "properties": {
        "name": null,
        "type": "living_street",
        "slope": 120.55896867662378,
        "sun_diff": 0.34256499160876785,
        "length": 114.615039747756
      }
    },
    {
      "geometry": {
        "type": "LineString",
        "coordinates": [
          [
            71.6240787,
            41.0014538
          ],
          [
            71.6253689,
            41.0009335
          ]
        ]
      },
      "type": "Feature",
      "properties": {
        "name": null,
        "type": "living_street",
        "slope": 118.11766858000522,
        "sun_diff": 2.78386508822733,
        "length": 122.79797045008031
      }
    },
    {
      "geometry": {
        "type": "LineString",
        "coordinates": [
          [
            71.6941501,
            40.9819888
          ],
          [
            71.6955369,
            40.981356
          ]
        ]
      },
      "type": "Feature",
      "properties": {
        "name": null,
        "type": "living_street",
        "slope": 121.15025547641494,
        "sun_diff": 0.24872180818239542,
        "length": 136.06832297719794
      }
    },
    {
      "geometry": {
        "type": "LineString",
        "coordinates": [
          [
            71.6939557,
            40.9828159
          ],
          [
            71.6959271,
            40.9819027
          ]
        ]
      },
      "type": "Feature",
      "properties": {
        "name": null,
        "type": "living_street",
        "slope": 121.53367412721957,
        "sun_diff": 0.6321404589870241,
        "length": 194.2153959892714
      }
    },
    {
      "geometry": {
        "type": "LineString",
        "coordinates": [
          [
            71.7188252,
            40.974814
          ],
          [
            71.7204044,
            40.974132
          ]
        ]
      },
      "type": "Feature",
      "properties": {
        "name": null,
        "type": "service",
        "slope": 119.76961214630018,
        "sun_diff": 1.1319215219323695,
        "length": 152.7822042686509
      }
    },
    {
      "geometry": {
        "type": "LineString",
        "coordinates": [
          [
            71.6823095,
            40.987655
          ],
          [
            71.6833797,
            40.987157
          ]
        ]
      },
      "type": "Feature",
      "properties": {
        "name": null,
        "type": "living_street",
        "slope": 121.65187842304465,
        "sun_diff": 0.7503447548121045,
        "length": 105.5580341863138
      }
    },
    {
      "geometry": {
        "type": "LineString",
        "coordinates": [
          [
            71.690619,
            40.9844276
          ],
          [
            71.6920315,
            40.9837471
          ]
        ]
      },
      "type": "Feature",
      "properties": {
        "name": null,
        "type": "residential",
        "slope": 122.54577661679525,
        "sun_diff": 1.644242948562706,
        "length": 140.69774226450895
      }
    },
    {
      "geometry": {
        "type": "LineString",
        "coordinates": [
          [
            71.6890211,
            40.9883533
          ],
          [
            71.6908124,
            40.9875131
          ]
        ]
      },
      "type": "Feature",
      "properties": {
        "name": null,
        "type": "living_street",
        "slope": 121.85569304633333,
        "sun_diff": 0.9541593781007833,
        "length": 177.07109305078876
      }
    },
    {
      "geometry": {
        "type": "LineString",
        "coordinates": [
          [
            71.6908124,
            40.9875131
          ],
          [
            71.6928385,
            40.9865627
          ]
        ]
      },
      "type": "Feature",
      "properties": {
        "name": null,
        "type": "living_street",
        "slope": 121.8571680850772,
        "sun_diff": 0.95563441684466,
        "length": 200.28718564802614
      }
    },
    {
      "geometry": {
        "type": "LineString",
        "coordinates": [
          [
            71.6527447,
            41.0239774
          ],
          [
            71.6517001,
            41.0235244
          ]
        ]
      },
      "type": "Feature",
      "properties": {
        "name": null,
        "type": "living_street",
        "slope": 60.109333051534094,
        "sun_diff": 1.0113757962308796,
        "length": 101.1083291474808
      }
    },
    {
      "geometry": {
        "type": "LineString",
        "coordinates": [
          [
            71.7015114,
            41.013254
          ],
          [
            71.7002696,
            41.0126408
          ]
        ]
      },
      "type": "Feature",
      "properties": {
        "name": null,
        "type": "living_street",
        "slope": 56.798620820717844,
        "sun_diff": 2.2993364345853706,
        "length": 124.5580414255719
      }
    },
    {
      "geometry": {
        "type": "LineString",
        "coordinates": [
          [
            71.6871241,
            40.9914532
          ],
          [
            71.6857481,
            40.9921324
          ]
        ]
      },
      "type": "Feature",
      "properties": {
        "name": null,
        "type": "living_street",
        "slope": 123.1828609962767,
        "sun_diff": 2.2813273280441564,
        "length": 138.03361085702915
      }
    },
    {
      "geometry": {
        "type": "LineString",
        "coordinates": [
          [
            71.6865755,
            40.9930981
          ],
          [
            71.6882881,
            40.9922529
          ]
        ]
      },
      "type": "Feature",
      "properties": {
        "name": null,
        "type": "living_street",
        "slope": 123.17833479392078,
        "sun_diff": 2.2768011256882374,
        "length": 171.78910219744807
      }
    },
    {
      "geometry": {
        "type": "LineString",
        "coordinates": [
          [
            71.7196995,
            40.9732707
          ],
          [
            71.7181549,
            40.9739682
          ]
        ]
      },
      "type": "Feature",
      "properties": {
        "name": null,
        "type": "residential",
        "slope": 120.88382222819035,
        "sun_diff": 0.017711440042191384,
        "length": 151.14605317551917
      }
    },
    {
      "geometry": {
        "type": "LineString",
        "coordinates": [
          [
            71.6977242,
            40.9838242
          ],
          [
            71.6966969,
            40.984292
          ]
        ]
      },
      "type": "Feature",
      "properties": {
        "name": null,
        "type": "residential",
        "slope": 121.0994453455321,
        "sun_diff": 0.19791167729955816,
        "length": 100.73751957039883
      }
    },
    {
      "geometry": {
        "type": "LineString",
        "coordinates": [
          [
            71.7057433,
            40.984298
          ],
          [
            71.7076215,
            40.9834274
          ]
        ]
      },
      "type": "Feature",
      "properties": {
        "name": null,
        "type": "living_street",
        "slope": 121.55106779101393,
        "sun_diff": 0.6495341227813896,
        "length": 185.06390753288056
      }
    },
    {
      "geometry": {
        "type": "LineString",
        "coordinates": [
          [
            71.706267,
            40.9847354
          ],
          [
            71.7079058,
            40.9839974
          ]
        ]
      },
      "type": "Feature",
      "properties": {
        "name": null,
        "type": "living_street",
        "slope": 120.81808958699312,
        "sun_diff": 0.0834440812394206,
        "length": 160.22843986918446
      }
    },
    {
      "geometry": {
        "type": "LineString",
        "coordinates": [
          [
            71.7048804,
            40.9775381
          ],
          [
            71.7060283,
            40.9780624
          ]
        ]
      },
      "type": "Feature",
      "properties": {
        "name": null,
        "type": "living_street",
        "slope": 58.82629133935268,
        "sun_diff": 0.27166591595053546,
        "length": 112.6624606183729
      }
    },
    {
      "geometry": {
        "type": "LineString",
        "coordinates": [
          [
            71.688264,
            40.9915949
          ],
          [
            71.6861834,
            40.9925946
          ]
        ]
      },
      "type": "Feature",
      "properties": {
        "name": null,
        "type": "living_street",
        "slope": 122.47998250954385,
        "sun_diff": 1.5784488413112996,
        "length": 207.06898631857806
      }
    },
    {
      "geometry": {
        "type": "LineString",
        "coordinates": [
          [
            71.583105,
            41.0241682
          ],
          [
            71.5819734,
            41.0236418
          ]
        ]
      },
      "type": "Feature",
      "properties": {
        "name": null,
        "type": "living_street",
        "slope": 58.34228739239879,
        "sun_diff": 0.7556698629044263,
        "length": 111.55936504185787
      }
    },
    {
      "geometry": {
        "type": "LineString",
        "coordinates": [
          [
            71.58273,
            41.0212544
          ],
          [
            71.5816918,
            41.0207561
          ]
        ]
      },
      "type": "Feature",
      "properties": {
        "name": null,
        "type": "living_street",
        "slope": 57.53708581027854,
        "sun_diff": 1.5608714450246737,
        "length": 103.26093244065267
      }
    },
    {
      "geometry": {
        "type": "LineString",
        "coordinates": [
          [
            71.5831095,
            41.0207902
          ],
          [
            71.5819842,
            41.0202502
          ]
        ]
      },
      "type": "Feature",
      "properties": {
        "name": null,
        "type": "living_street",
        "slope": 57.54232889764492,
        "sun_diff": 1.5556283576582928,
        "length": 111.91834899080733
      }
    },
    {
      "geometry": {
        "type": "LineString",
        "coordinates": [
          [
            71.6030858,
            41.0202042
          ],
          [
            71.6018106,
            41.0195717
          ]
        ]
      },
      "type": "Feature",
      "properties": {
        "name": null,
        "type": "living_street",
        "slope": 56.678979712313605,
        "sun_diff": 2.4189775429896088,
        "length": 128.07002785010752
      }
    },
    {
      "geometry": {
        "type": "LineString",
        "coordinates": [
          [
            71.6042116,
            41.0172247
          ],
          [
            71.6027584,
            41.0164908
          ]
        ]
      },
      "type": "Feature",
      "properties": {
        "name": null,
        "type": "living_street",
        "slope": 56.20441553165264,
        "sun_diff": 2.8935417236505714,
        "length": 146.7576894991195
      }
    },
    {
      "geometry": {
        "type": "LineString",
        "coordinates": [
          [
            71.6044611,
            41.0166257
          ],
          [
            71.6032088,
            41.0160086
          ]
        ]
      },
      "type": "Feature",
      "properties": {
        "name": null,
        "type": "living_street",
        "slope": 56.85186164639666,
        "sun_diff": 2.2460956089065576,
        "length": 125.52853359528089
      }
    },
    {
      "geometry": {
        "type": "LineString",
        "coordinates": [
          [
            71.6050485,
            41.016138
          ],
          [
            71.6037262,
            41.0155101
          ]
        ]
      },
      "type": "Feature",
      "properties": {
        "name": null,
        "type": "living_street",
        "slope": 57.816299134896354,
        "sun_diff": 1.2816581204068598,
        "length": 131.1233841572924
      }
    },
    {
      "geometry": {
        "type": "LineString",
        "coordinates": [
          [
            71.6173493,
            40.974016
          ],
          [
            71.6201064,
            40.9752118
          ]
        ]
      },
      "type": "Feature",
      "properties": {
        "name": null,
        "type": "living_street",
        "slope": 60.124178165301004,
        "sun_diff": 1.0262209099977895,
        "length": 267.0220836956956
      }
    },
    {
      "geometry": {
        "type": "LineString",
        "coordinates": [
          [
            71.6385662,
            40.9831391
          ],
          [
            71.6398404,
            40.9836956
          ]
        ]
      },
      "type": "Feature",
      "properties": {
        "name": null,
        "type": "living_street",
        "slope": 59.94850606205432,
        "sun_diff": 0.8505488067511067,
        "length": 123.60683170847732
      }
    },
    {
      "geometry": {
        "type": "LineString",
        "coordinates": [
          [
            71.6424029,
            40.974979
          ],
          [
            71.6435368,
            40.9755393
          ]
        ]
      },
      "type": "Feature",
      "properties": {
        "name": null,
        "type": "living_street",
        "slope": 56.79554013510233,
        "sun_diff": 2.302417120200886,
        "length": 113.80393342028785
      }
    },
    {
      "geometry": {
        "type": "LineString",
        "coordinates": [
          [
            71.6351482,
            41.0227676
          ],
          [
            71.636197,
            41.0222435
          ]
        ]
      },
      "type": "Feature",
      "properties": {
        "name": null,
        "type": "residential",
        "slope": 123.51854245089783,
        "sun_diff": 2.6170087826652804,
        "length": 105.56804410048018
      }
    },
    {
      "geometry": {
        "type": "LineString",
        "coordinates": [
          [
            71.6504814,
            40.9941825
          ],
          [
            71.6492759,
            40.9935868
          ]
        ]
      },
      "type": "Feature",
      "properties": {
        "name": null,
        "type": "living_street",
        "slope": 56.78747726115452,
        "sun_diff": 2.310479994148693,
        "length": 120.96736531219331
      }
    },
    {
      "geometry": {
        "type": "LineString",
        "coordinates": [
          [
            71.5770768,
            40.9837302
          ],
          [
            71.5782588,
            40.9831996
          ]
        ]
      },
      "type": "Feature",
      "properties": {
        "name": null,
        "type": "service",
        "slope": 120.73770642288193,
        "sun_diff": 0.16382724535061755,
        "length": 115.47128185054113
      }
    },
    {
      "geometry": {
        "type": "LineString",
        "coordinates": [
          [
            71.6883708,
            41.018022
          ],
          [
            71.689847,
            41.0186652
          ]
        ]
      },
      "type": "Feature",
      "properties": {
        "name": "G'uncha ko'chasi",
        "type": "tertiary",
        "slope": 59.99402269642039,
        "sun_diff": 0.8960654411171731,
        "length": 143.06073195125046
      }
    },
    {
      "geometry": {
        "type": "LineString",
        "coordinates": [
          [
            71.7203143,
            40.9740093
          ],
          [
            71.7187501,
            40.9747121
          ]
        ]
      },
      "type": "Feature",
      "properties": {
        "name": "Farg\u2018ona halqa yo\u2018li",
        "type": "trunk",
        "slope": 120.75705709707387,
        "sun_diff": 0.14447657115867685,
        "length": 152.86037758458798
      }
    },
    {
      "geometry": {
        "type": "LineString",
        "coordinates": [
          [
            71.7162609,
            40.9758745
          ],
          [
            71.7148723,
            40.9765106
          ]
        ]
      },
      "type": "Feature",
      "properties": {
        "name": "Farg\u2018ona halqa yo\u2018li",
        "type": "trunk",
        "slope": 121.24750917497275,
        "sun_diff": 0.34597550674020283,
        "length": 136.39603517841917
      }
    },
    {
      "geometry": {
        "type": "LineString",
        "coordinates": [
          [
            71.6496375,
            41.0037775
          ],
          [
            71.6513694,
            41.004616
          ]
        ]
      },
      "type": "Feature",
      "properties": {
        "name": null,
        "type": "service",
        "slope": 57.317780667971164,
        "sun_diff": 1.7801765873320505,
        "length": 172.72266150653576
      }
    },
    {
      "geometry": {
        "type": "LineString",
        "coordinates": [
          [
            71.7052464,
            40.9838658
          ],
          [
            71.7080507,
            40.9825628
          ]
        ]
      },
      "type": "Feature",
      "properties": {
        "name": null,
        "type": "living_street",
        "slope": 121.61213010996244,
        "sun_diff": 0.7105964417298907,
        "length": 276.499000833828
      }
    },
    {
      "geometry": {
        "type": "LineString",
        "coordinates": [
          [
            71.7097028,
            40.9791096
          ],
          [
            71.7080328,
            40.9798665
          ]
        ]
      },
      "type": "Feature",
      "properties": {
        "name": null,
        "type": "living_street",
        "slope": 120.9787930392516,
        "sun_diff": 0.07725937101905345,
        "length": 163.56482952337083
      }
    },
    {
      "geometry": {
        "type": "LineString",
        "coordinates": [
          [
            71.7137461,
            40.976688
          ],
          [
            71.714864,
            40.9761858
          ]
        ]
      },
      "type": "Feature",
      "properties": {
        "name": null,
        "type": "service",
        "slope": 120.75380942382083,
        "sun_diff": 0.1477242444117195,
        "length": 109.23915266607469
      }
    },
    {
      "geometry": {
        "type": "LineString",
        "coordinates": [
          [
            71.7147816,
            40.9760984
          ],
          [
            71.7133923,
            40.9767057
          ]
        ]
      },
      "type": "Feature",
      "properties": {
        "name": null,
        "type": "service",
        "slope": 120.07057780522678,
        "sun_diff": 0.8309558630057694,
        "length": 134.81269172646924
      }
    },
    {
      "geometry": {
        "type": "LineString",
        "coordinates": [
          [
            71.7038342,
            40.9843811
          ],
          [
            71.7048576,
            40.9839007
          ]
        ]
      },
      "type": "Feature",
      "properties": {
        "name": null,
        "type": "service",
        "slope": 121.87458864550786,
        "sun_diff": 0.9730549772753108,
        "length": 101.19019441755067
      }
    },
    {
      "geometry": {
        "type": "LineString",
        "coordinates": [
          [
            71.7002156,
            40.9830923
          ],
          [
            71.6990895,
            40.983625
          ]
        ]
      },
      "type": "Feature",
      "properties": {
        "name": null,
        "type": "residential",
        "slope": 122.07289767728193,
        "sun_diff": 1.171364009049384,
        "length": 111.58671999266896
      }
    },
    {
      "geometry": {
        "type": "LineString",
        "coordinates": [
          [
            71.6990895,
            40.983625
          ],
          [
            71.6980004,
            40.9841581
          ]
        ]
      },
      "type": "Feature",
      "properties": {
        "name": null,
        "type": "residential",
        "slope": 122.96020038969141,
        "sun_diff": 2.058666721458863,
        "length": 108.9901708213294
      }
    },
    {
      "geometry": {
        "type": "LineString",
        "coordinates": [
          [
            71.6969644,
            40.9846353
          ],
          [
            71.6958947,
            40.9851292
          ]
        ]
      },
      "type": "Feature",
      "properties": {
        "name": null,
        "type": "residential",
        "slope": 121.45181927291438,
        "sun_diff": 0.5502856046818323,
        "length": 105.28655483570803
      }
    },
    {
      "geometry": {
        "type": "LineString",
        "coordinates": [
          [
            71.6697789,
            41.0298713
          ],
          [
            71.6708547,
            41.0303451
          ]
        ]
      },
      "type": "Feature",
      "properties": {
        "name": "Shimoliy aylanma yo\u02bbl",
        "type": "primary",
        "slope": 59.72249046534415,
        "sun_diff": 0.6245332100409371,
        "length": 104.52602194292535
      }
    },
    {
      "geometry": {
        "type": "LineString",
        "coordinates": [
          [
            71.5855515,
            40.9877927
          ],
          [
            71.5865868,
            40.9883029
          ]
        ]
      },
      "type": "Feature",
      "properties": {
        "name": null,
        "type": "residential",
        "slope": 56.86125271922742,
        "sun_diff": 2.2367045360757913,
        "length": 103.80994986510592
      }
    },
    {
      "geometry": {
        "type": "LineString",
        "coordinates": [
          [
            71.5918225,
            40.9929109
          ],
          [
            71.5903446,
            40.9922266
          ]
        ]
      },
      "type": "Feature",
      "properties": {
        "name": null,
        "type": "service",
        "slope": 58.47348054537781,
        "sun_diff": 0.6244767099254034,
        "length": 145.56374887793604
      }
    },
    {
      "geometry": {
        "type": "LineString",
        "coordinates": [
          [
            71.579534,
            40.9869707
          ],
          [
            71.5806806,
            40.9863931
          ]
        ]
      },
      "type": "Feature",
      "properties": {
        "name": null,
        "type": "service",
        "slope": 123.71668209309112,
        "sun_diff": 2.8151484248585774,
        "length": 115.74077470740195
      }
    },
    {
      "geometry": {
        "type": "LineString",
        "coordinates": [
          [
            71.6307494,
            41.0405748
          ],
          [
            71.6288853,
            41.0397089
          ]
        ]
      },
      "type": "Feature",
      "properties": {
        "name": null,
        "type": "service",
        "slope": 58.37283427489899,
        "sun_diff": 0.7251229804042225,
        "length": 183.66771390803675
      }
    },
    {
      "geometry": {
        "type": "LineString",
        "coordinates": [
          [
            71.6278398,
            41.041562
          ],
          [
            71.6295159,
            41.042305
          ]
        ]
      },
      "type": "Feature",
      "properties": {
        "name": null,
        "type": "service",
        "slope": 59.555385097659126,
        "sun_diff": 0.45742784235591216,
        "length": 163.10096659857868
      }
    },
    {
      "geometry": {
        "type": "LineString",
        "coordinates": [
          [
            71.6216062,
            41.0335331
          ],
          [
            71.6226534,
            41.0340143
          ]
        ]
      },
      "type": "Feature",
      "properties": {
        "name": null,
        "type": "living_street",
        "slope": 58.65137090899427,
        "sun_diff": 0.44658634630894767,
        "length": 102.8823483114169
      }
    },
    {
      "geometry": {
        "type": "LineString",
        "coordinates": [
          [
            71.6224517,
            41.0327574
          ],
          [
            71.6239759,
            41.0333802
          ]
        ]
      },
      "type": "Feature",
      "properties": {
        "name": null,
        "type": "living_street",
        "slope": 61.55625657053949,
        "sun_diff": 2.4582993152362747,
        "length": 145.44368197697366
      }
    },
    {
      "geometry": {
        "type": "LineString",
        "coordinates": [
          [
            71.6465618,
            40.9999274
          ],
          [
            71.6454959,
            40.9994364
          ]
        ]
      },
      "type": "Feature",
      "properties": {
        "name": "Amir Temur ko'chasi",
        "type": "primary",
        "slope": 58.602049079777004,
        "sun_diff": 0.49590817552621047,
        "length": 104.8289639645836
      }
    },
    {
      "geometry": {
        "type": "LineString",
        "coordinates": [
          [
            71.5868174,
            40.9842232
          ],
          [
            71.5878954,
            40.9847435
          ]
        ]
      },
      "type": "Feature",
      "properties": {
        "name": null,
        "type": "service",
        "slope": 57.40622518367775,
        "sun_diff": 1.6917320716254665,
        "length": 107.43507262219285
      }
    },
    {
      "geometry": {
        "type": "LineString",
        "coordinates": [
          [
            71.7146617,
            41.0348275
          ],
          [
            71.7173907,
            41.0359512
          ]
        ]
      },
      "type": "Feature",
      "properties": {
        "name": null,
        "type": "living_street",
        "slope": 61.37037729179215,
        "sun_diff": 2.2724200364889384,
        "length": 260.8596496010104
      }
    },
    {
      "geometry": {
        "type": "LineString",
        "coordinates": [
          [
            71.7169829,
            41.0363202
          ],
          [
            71.7182681,
            41.0369413
          ]
        ]
      },
      "type": "Feature",
      "properties": {
        "name": null,
        "type": "service",
        "slope": 57.35232558189236,
        "sun_diff": 1.7456316734108555,
        "length": 128.06064811441752
      }
    },
    {
      "geometry": {
        "type": "LineString",
        "coordinates": [
          [
            71.6500747,
            41.0278547
          ],
          [
            71.6489643,
            41.0273144
          ]
        ]
      },
      "type": "Feature",
      "properties": {
        "name": null,
        "type": "service",
        "slope": 57.17822428052577,
        "sun_diff": 1.919732974777446,
        "length": 110.87498287278595
      }
    },
    {
      "geometry": {
        "type": "LineString",
        "coordinates": [
          [
            71.644408,
            41.0480091
          ],
          [
            71.6457155,
            41.0486262
          ]
        ]
      },
      "type": "Feature",
      "properties": {
        "name": null,
        "type": "service",
        "slope": 57.96053409811037,
        "sun_diff": 1.137423157192842,
        "length": 129.38687402426905
      }
    },
    {
      "geometry": {
        "type": "LineString",
        "coordinates": [
          [
            71.6457925,
            41.0396809
          ],
          [
            71.6470326,
            41.0402475
          ]
        ]
      },
      "type": "Feature",
      "properties": {
        "name": null,
        "type": "service",
        "slope": 58.7939154980952,
        "sun_diff": 0.30404175720801163,
        "length": 121.63839363633467
      }
    },
    {
      "geometry": {
        "type": "LineString",
        "coordinates": [
          [
            71.6309103,
            41.0359459
          ],
          [
            71.6296092,
            41.0353765
          ]
        ]
      },
      "type": "Feature",
      "properties": {
        "name": null,
        "type": "service",
        "slope": 59.87869840202393,
        "sun_diff": 0.7807411467207146,
        "length": 126.20561821367195
      }
    },
    {
      "geometry": {
        "type": "LineString",
        "coordinates": [
          [
            71.6221516,
            41.0294935
          ],
          [
            71.6210458,
            41.0289676
          ]
        ]
      },
      "type": "Feature",
      "properties": {
        "name": null,
        "type": "service",
        "slope": 57.771389967437244,
        "sun_diff": 1.32656728786597,
        "length": 109.68636706352811
      }
    },
    {
      "geometry": {
        "type": "LineString",
        "coordinates": [
          [
            71.6227486,
            41.028865
          ],
          [
            71.624347,
            41.029563
          ]
        ]
      },
      "type": "Feature",
      "properties": {
        "name": null,
        "type": "residential",
        "slope": 59.934511950082,
        "sun_diff": 0.8365546947787834,
        "length": 154.97076884468706
      }
    },
    {
      "geometry": {
        "type": "LineString",
        "coordinates": [
          [
            71.6306842,
            41.0391616
          ],
          [
            71.6292203,
            41.0384485
          ]
        ]
      },
      "type": "Feature",
      "properties": {
        "name": null,
        "type": "service",
        "slope": 57.14474592945254,
        "sun_diff": 1.953211325850674,
        "length": 146.2027200918422
      }
    },
    {
      "geometry": {
        "type": "LineString",
        "coordinates": [
          [
            71.7152209,
            41.0433065
          ],
          [
            71.7168587,
            41.0440347
          ]
        ]
      },
      "type": "Feature",
      "properties": {
        "name": null,
        "type": "service",
        "slope": 59.47969754593913,
        "sun_diff": 0.38174029063591775,
        "length": 159.4937692801178
      }
    },
    {
      "geometry": {
        "type": "LineString",
        "coordinates": [
          [
            71.725732,
            40.9728537
          ],
          [
            71.7245968,
            40.9723326
          ]
        ]
      },
      "type": "Feature",
      "properties": {
        "name": null,
        "type": "service",
        "slope": 58.70139220525829,
        "sun_diff": 0.39656505004492715,
        "length": 111.57244101610044
      }
    },
    {
      "geometry": {
        "type": "LineString",
        "coordinates": [
          [
            71.5907952,
            40.9637414
          ],
          [
            71.5932199,
            40.9625991
          ]
        ]
      },
      "type": "Feature",
      "properties": {
        "name": null,
        "type": "service",
        "slope": 121.95891590724145,
        "sun_diff": 1.057382239008902,
        "length": 240.04231746449153
      }
    },
    {
      "geometry": {
        "type": "LineString",
        "coordinates": [
          [
            71.5932172,
            41.0084188
          ],
          [
            71.5943357,
            41.0089228
          ]
        ]
      },
      "type": "Feature",
      "properties": {
        "name": null,
        "type": "service",
        "slope": 59.15704059135268,
        "sun_diff": 0.05908333604946847,
        "length": 109.34550873470111
      }
    },
    {
      "geometry": {
        "type": "LineString",
        "coordinates": [
          [
            71.7066749,
            40.9809901
          ],
          [
            71.7052657,
            40.9816369
          ]
        ]
      },
      "type": "Feature",
      "properties": {
        "name": null,
        "type": "service",
        "slope": 121.29919008838726,
        "sun_diff": 0.3976564201547177,
        "length": 138.48458067082296
      }
    },
    {
      "geometry": {
        "type": "LineString",
        "coordinates": [
          [
            71.7063333,
            40.982548
          ],
          [
            71.7051105,
            40.9831141
          ]
        ]
      },
      "type": "Feature",
      "properties": {
        "name": null,
        "type": "service",
        "slope": 121.51924121284168,
        "sun_diff": 0.6177075446091322,
        "length": 120.44611171576285
      }
    },
    {
      "geometry": {
        "type": "LineString",
        "coordinates": [
          [
            71.7047261,
            40.9825274
          ],
          [
            71.7059048,
            40.9819938
          ]
        ]
      },
      "type": "Feature",
      "properties": {
        "name": null,
        "type": "service",
        "slope": 120.94995340188407,
        "sun_diff": 0.04841973365152796,
        "length": 115.40601440636246
      }
    },
    {
      "geometry": {
        "type": "LineString",
        "coordinates": [
          [
            71.7059048,
            40.9819938
          ],
          [
            71.7069483,
            40.9815372
          ]
        ]
      },
      "type": "Feature",
      "properties": {
        "name": null,
        "type": "service",
        "slope": 120.09735936333354,
        "sun_diff": 0.8041743048990071,
        "length": 101.2768915137396
      }
    },
    {
      "geometry": {
        "type": "LineString",
        "coordinates": [
          [
            71.7051394,
            40.9807254
          ],
          [
            71.7064074,
            40.9801873
          ]
        ]
      },
      "type": "Feature",
      "properties": {
        "name": null,
        "type": "service",
        "slope": 119.34145594356309,
        "sun_diff": 1.5600777246694548,
        "length": 122.14482213673138
      }
    },
    {
      "geometry": {
        "type": "LineString",
        "coordinates": [
          [
            71.7086745,
            40.9817368
          ],
          [
            71.7057813,
            40.983079
          ]
        ]
      },
      "type": "Feature",
      "properties": {
        "name": null,
        "type": "service",
        "slope": 121.57222960250422,
        "sun_diff": 0.6706959342716772,
        "length": 285.14414926249935
      }
    },
    {
      "geometry": {
        "type": "LineString",
        "coordinates": [
          [
            71.631441,
            41.0401044
          ],
          [
            71.6300024,
            41.0393862
          ]
        ]
      },
      "type": "Feature",
      "properties": {
        "name": null,
        "type": "service",
        "slope": 56.499861939163935,
        "sun_diff": 2.598095316139279,
        "length": 144.73513183665816
      }
    },
    {
      "geometry": {
        "type": "LineString",
        "coordinates": [
          [
            71.6311213,
            41.0404657
          ],
          [
            71.6296618,
            41.0397504
          ]
        ]
      },
      "type": "Feature",
      "properties": {
        "name": null,
        "type": "service",
        "slope": 56.98499303101275,
        "sun_diff": 2.112964224290465,
        "length": 146.02391112129163
      }
    },
    {
      "geometry": {
        "type": "LineString",
        "coordinates": [
          [
            71.6896958,
            40.9879385
          ],
          [
            71.690754,
            40.987442
          ]
        ]
      },
      "type": "Feature",
      "properties": {
        "name": null,
        "type": "living_street",
        "slope": 121.8637768798578,
        "sun_diff": 0.9622432116252497,
        "length": 104.61319467406548
      }
    },
    {
      "geometry": {
        "type": "LineString",
        "coordinates": [
          [
            71.690754,
            40.987442
          ],
          [
            71.6918105,
            40.9869462
          ]
        ]
      },
      "type": "Feature",
      "properties": {
        "name": null,
        "type": "living_street",
        "slope": 121.86864276908767,
        "sun_diff": 0.9671091008551258,
        "length": 104.45143322628583
      }
    },
    {
      "geometry": {
        "type": "LineString",
        "coordinates": [
          [
            71.5907335,
            40.9886431
          ],
          [
            71.5923509,
            40.989382
          ]
        ]
      },
      "type": "Feature",
      "properties": {
        "name": null,
        "type": "service",
        "slope": 58.81653453499115,
        "sun_diff": 0.28142272031206517,
        "length": 158.731580600951
      }
    },
    {
      "geometry": {
        "type": "LineString",
        "coordinates": [
          [
            71.5929009,
            40.9896582
          ],
          [
            71.5940702,
            40.9902455
          ]
        ]
      },
      "type": "Feature",
      "properties": {
        "name": null,
        "type": "service",
        "slope": 56.359772039235,
        "sun_diff": 2.738185216068217,
        "length": 117.92109640748812
      }
    },
    {
      "geometry": {
        "type": "LineString",
        "coordinates": [
          [
            71.5879326,
            40.9899746
          ],
          [
            71.5924429,
            40.9921713
          ]
        ]
      },
      "type": "Feature",
      "properties": {
        "name": null,
        "type": "service",
        "slope": 57.16751682171463,
        "sun_diff": 1.9304404335885863,
        "length": 450.6609294906413
      }
    },
    {
      "geometry": {
        "type": "LineString",
        "coordinates": [
          [
            71.5890193,
            40.9894968
          ],
          [
            71.5914282,
            40.9906859
          ]
        ]
      },
      "type": "Feature",
      "properties": {
        "name": null,
        "type": "service",
        "slope": 56.81648416955505,
        "sun_diff": 2.2814730857481607,
        "length": 241.6568649422695
      }
    },
    {
      "geometry": {
        "type": "LineString",
        "coordinates": [
          [
            71.5894607,
            40.9889754
          ],
          [
            71.5934753,
            40.9909248
          ]
        ]
      },
      "type": "Feature",
      "properties": {
        "name": null,
        "type": "service",
        "slope": 57.24649436239065,
        "sun_diff": 1.851462892912565,
        "length": 400.7824622544631
      }
    },
    {
      "geometry": {
        "type": "LineString",
        "coordinates": [
          [
            71.6397703,
            40.997732
          ],
          [
            71.6375622,
            40.9968464
          ]
        ]
      },
      "type": "Feature",
      "properties": {
        "name": null,
        "type": "service",
        "slope": 62.014004895065455,
        "sun_diff": 2.9160476397622404,
        "length": 209.91672200111583
      }
    },
    {
      "geometry": {
        "type": "LineString",
        "coordinates": [
          [
            71.6375651,
            40.9961763
          ],
          [
            71.6365077,
            40.9956937
          ]
        ]
      },
      "type": "Feature",
      "properties": {
        "name": null,
        "type": "service",
        "slope": 58.838657743516194,
        "sun_diff": 0.25929951178702026,
        "length": 103.73832675888328
      }
    },
    {
      "geometry": {
        "type": "LineString",
        "coordinates": [
          [
            71.6365077,
            40.9956937
          ],
          [
            71.6348863,
            40.9949676
          ]
        ]
      },
      "type": "Feature",
      "properties": {
        "name": null,
        "type": "service",
        "slope": 59.318249694303915,
        "sun_diff": 0.22029243900070128,
        "length": 158.2766162154027
      }
    },
    {
      "geometry": {
        "type": "LineString",
        "coordinates": [
          [
            71.7001907,
            41.0284489
          ],
          [
            71.7018682,
            41.0292003
          ]
        ]
      },
      "type": "Feature",
      "properties": {
        "name": null,
        "type": "living_street",
        "slope": 59.299253587946,
        "sun_diff": 0.20129633264278368,
        "length": 163.70144923714386
      }
    },
    {
      "geometry": {
        "type": "LineString",
        "coordinates": [
          [
            71.6958386,
            41.0267418
          ],
          [
            71.6968819,
            41.0272517
          ]
        ]
      },
      "type": "Feature",
      "properties": {
        "name": null,
        "type": "living_street",
        "slope": 57.06274779347845,
        "sun_diff": 2.0352094618247634,
        "length": 104.31145120155477
      }
    },
    {
      "geometry": {
        "type": "LineString",
        "coordinates": [
          [
            71.5936453,
            40.9891451
          ],
          [
            71.5926218,
            40.9886329
          ]
        ]
      },
      "type": "Feature",
      "properties": {
        "name": null,
        "type": "service",
        "slope": 56.45662729171519,
        "sun_diff": 2.6413299635880207,
        "length": 103.10361629508739
      }
    }
  ]
}