{
  "type": "FeatureCollection",
  "features": [
    {
      "geometry": {
        "type": "LineString",
        "coordinates": [
          [
            2.9513019,
            39.5652035
          ],
          [
            2.9531438,
            39.564412
          ]
        ]
      },
      "type": "Feature",
      "properties": {
        "name": null,
        "type": "trunk",
        "slope": 119.1361248429653,
        "sun_diff": 1.0899440974880008,
        "length": 180.81849640643108
      }
    },
    {
      "geometry": {
        "type": "LineString",
        "coordinates": [
          [
            2.9531438,
            39.564412
          ],
          [
            2.9549668,
            39.563627
          ]
        ]
      },
      "type": "Feature",
      "properties": {
        "name": null,
        "type": "trunk",
        "slope": 119.18626609552419,
        "sun_diff": 1.0398028449291132,
        "length": 179.05253780096345
      }
    },
    {
      "geometry": {
        "type": "LineString",
        "coordinates": [
          [
            2.8887191,
            39.4971874
          ],
          [
            2.8917139,
            39.4958809
          ]
        ]
      },
      "type": "Feature",
      "properties": {
        "name": "Carrer de la Reina Esclaramunda",
        "type": "residential",
        "slope": 119.48121753619833,
        "sun_diff": 0.6985837028173023,
        "length": 295.2844081960827
      }
    },
    {
      "geometry": {
        "type": "LineString",
        "coordinates": [
          [
            2.9081037,
            39.567203
          ],
          [
            2.9070199,
            39.5676735
          ]
        ]
      },
      "type": "Feature",
      "properties": {
        "name": null,
        "type": "trunk",
        "slope": 119.3862449482688,
        "sun_diff": 0.8398239921845061,
        "length": 106.65243268151461
      }
    },
    {
      "geometry": {
        "type": "LineString",
        "coordinates": [
          [
            2.7333746,
            39.5352932
          ],
          [
            2.7322394,
            39.5357995
          ]
        ]
      },
      "type": "Feature",
      "properties": {
        "name": "cam\u00ed de Son Fangos",
        "type": "tertiary",
        "slope": 120.04080219818036,
        "sun_diff": 0.13899904083527304,
        "length": 112.49291108535016
      }
    },
    {
      "geometry": {
        "type": "LineString",
        "coordinates": [
          [
            2.7322394,
            39.5357995
          ],
          [
            2.7303653,
            39.5366832
          ]
        ]
      },
      "type": "Feature",
      "properties": {
        "name": "cam\u00ed de Son Fangos",
        "type": "tertiary",
        "slope": 121.4422005097176,
        "sun_diff": 1.2623992707019625,
        "length": 188.4337957466664
      }
    },
    {
      "geometry": {
        "type": "LineString",
        "coordinates": [
          [
            2.7303653,
            39.5366832
          ],
          [
            2.7283762,
            39.5376211
          ]
        ]
      },
      "type": "Feature",
      "properties": {
        "name": "cam\u00ed de Son Fangos",
        "type": "tertiary",
        "slope": 121.44183015650643,
        "sun_diff": 1.2620289174907953,
        "length": 199.99318289996972
      }
    },
    {
      "geometry": {
        "type": "LineString",
        "coordinates": [
          [
            2.8096407,
            39.4426443
          ],
          [
            2.811519,
            39.4435525
          ]
        ]
      },
      "type": "Feature",
      "properties": {
        "name": "cam\u00ed de sa Torre",
        "type": "unclassified",
        "slope": 57.9484613662454,
        "sun_diff": 1.9180560952243297,
        "length": 190.35774644222164
      }
    },
    {
      "geometry": {
        "type": "LineString",
        "coordinates": [
          [
            2.811519,
            39.4435525
          ],
          [
            2.8130692,
            39.4443061
          ]
        ]
      },
      "type": "Feature",
      "properties": {
        "name": "cam\u00ed de sa Torre",
        "type": "unclassified",
        "slope": 57.80936406030793,
        "sun_diff": 2.0571534011617985,
        "length": 157.34400672154993
      }
    },
    {
      "geometry": {
        "type": "LineString",
        "coordinates": [
          [
            2.833721,
            39.4583238
          ],
          [
            2.8350475,
            39.4589901
          ]
        ]
      },
      "type": "Feature",
      "properties": {
        "name": "cam\u00ed de sa Torre",
        "type": "unclassified",
        "slope": 56.952793099648915,
        "sun_diff": 2.86771620757159,
        "length": 135.90433004357928
      }
    },
    {
      "geometry": {
        "type": "LineString",
        "coordinates": [
          [
            2.8350475,
            39.4589901
          ],
          [
            2.8378926,
            39.4603949
          ]
        ]
      },
      "type": "Feature",
      "properties": {
        "name": "cam\u00ed de sa Torre",
        "type": "unclassified",
        "slope": 57.39970376807497,
        "sun_diff": 2.420805539145533,
        "length": 290.02226909884143
      }
    },
    {
      "geometry": {
        "type": "LineString",
        "coordinates": [
          [
            2.8378926,
            39.4603949
          ],
          [
            2.8407162,
            39.4617366
          ]
        ]
      },
      "type": "Feature",
      "properties": {
        "name": "cam\u00ed de sa Torre",
        "type": "unclassified",
        "slope": 58.38892703320943,
        "sun_diff": 1.4315822740110775,
        "length": 284.72377740059665
      }
    },
    {
      "geometry": {
        "type": "LineString",
        "coordinates": [
          [
            2.9348802,
            39.5379557
          ],
          [
            2.9335121,
            39.5372869
          ]
        ]
      },
      "type": "Feature",
      "properties": {
        "name": null,
        "type": "tertiary",
        "slope": 57.6302993970061,
        "sun_diff": 2.1902099102144064,
        "length": 138.9484597426129
      }
    },
    {
      "geometry": {
        "type": "LineString",
        "coordinates": [
          [
            2.9225822,
            39.5326083
          ],
          [
            2.9215808,
            39.532112
          ]
        ]
      },
      "type": "Feature",
      "properties": {
        "name": null,
        "type": "tertiary",
        "slope": 57.275759483573665,
        "sun_diff": 2.544749823646839,
        "length": 102.1154362462795
      }
    },
    {
      "geometry": {
        "type": "LineString",
        "coordinates": [
          [
            2.8584662,
            39.551901
          ],
          [
            2.8603459,
            39.551001
          ]
        ]
      },
      "type": "Feature",
      "properties": {
        "name": "cam\u00ed de sa Comuna",
        "type": "unclassified",
        "slope": 121.83881908919085,
        "sun_diff": 1.6127501487375469,
        "length": 189.76380049860506
      }
    },
    {
      "geometry": {
        "type": "LineString",
        "coordinates": [
          [
            2.8603459,
            39.551001
          ],
          [
            2.8613759,
            39.5504848
          ]
        ]
      },
      "type": "Feature",
      "properties": {
        "name": "cam\u00ed de sa Comuna",
        "type": "unclassified",
        "slope": 123.02248671007746,
        "sun_diff": 2.7964177696241563,
        "length": 105.35788269207008
      }
    },
    {
      "geometry": {
        "type": "LineString",
        "coordinates": [
          [
            2.8613759,
            39.5504848
          ],
          [
            2.8630067,
            39.5496641
          ]
        ]
      },
      "type": "Feature",
      "properties": {
        "name": "cam\u00ed de sa Comuna",
        "type": "unclassified",
        "slope": 123.13095425491264,
        "sun_diff": 2.904885314459335,
        "length": 167.0207671430866
      }
    },
    {
      "geometry": {
        "type": "LineString",
        "coordinates": [
          [
            2.8732892,
            39.552093
          ],
          [
            2.8743191,
            39.5525297
          ]
        ]
      },
      "type": "Feature",
      "properties": {
        "name": "cam\u00ed de sa Comuna",
        "type": "unclassified",
        "slope": 61.192107471707175,
        "sun_diff": 1.4178522055459837,
        "length": 100.80258971179653
      }
    },
    {
      "geometry": {
        "type": "LineString",
        "coordinates": [
          [
            2.8743191,
            39.5525297
          ],
          [
            2.87601,
            39.5532776
          ]
        ]
      },
      "type": "Feature",
      "properties": {
        "name": "cam\u00ed de sa Comuna",
        "type": "unclassified",
        "slope": 60.15893363020476,
        "sun_diff": 0.38467836404356603,
        "length": 167.182138429955
      }
    },
    {
      "geometry": {
        "type": "LineString",
        "coordinates": [
          [
            2.8650781,
            39.43546
          ],
          [
            2.8639444,
            39.4348917
          ]
        ]
      },
      "type": "Feature",
      "properties": {
        "name": "Cam\u00ed de Cala Pi",
        "type": "unclassified",
        "slope": 57.0150791003002,
        "sun_diff": 2.851438361169528,
        "length": 116.10875940628996
      }
    },
    {
      "geometry": {
        "type": "LineString",
        "coordinates": [
          [
            2.8416924,
            39.4085593
          ],
          [
            2.8403371,
            39.4079537
          ]
        ]
      },
      "type": "Feature",
      "properties": {
        "name": "Cam\u00ed de Cala Pi",
        "type": "unclassified",
        "slope": 59.95823416301678,
        "sun_diff": 0.0917167015470568,
        "length": 134.55128951488715
      }
    },
    {
      "geometry": {
        "type": "LineString",
        "coordinates": [
          [
            2.8873704,
            39.6241684
          ],
          [
            2.8857963,
            39.6233869
          ]
        ]
      },
      "type": "Feature",
      "properties": {
        "name": null,
        "type": "tertiary",
        "slope": 57.19579595949898,
        "sun_diff": 2.578459306662211,
        "length": 160.44776634642233
      }
    },
    {
      "geometry": {
        "type": "LineString",
        "coordinates": [
          [
            2.65131,
            39.5781703
          ],
          [
            2.6523431,
            39.5786026
          ]
        ]
      },
      "type": "Feature",
      "properties": {
        "name": "Carrer de F\u00e8lix de les Meravelles",
        "type": "residential",
        "slope": 61.501977924012095,
        "sun_diff": 1.7277226578509044,
        "length": 100.7795186730093
      }
    },
    {
      "geometry": {
        "type": "LineString",
        "coordinates": [
          [
            2.7781541,
            39.6400559
          ],
          [
            2.7792169,
            39.6405815
          ]
        ]
      },
      "type": "Feature",
      "properties": {
        "name": "Carretera de Sencelles",
        "type": "tertiary",
        "slope": 57.29093991037408,
        "sun_diff": 2.483315355787113,
        "length": 108.1891887014307
      }
    },
    {
      "geometry": {
        "type": "LineString",
        "coordinates": [
          [
            2.6960047,
            39.6021207
          ],
          [
            2.6942908,
            39.6012583
          ]
        ]
      },
      "type": "Feature",
      "properties": {
        "name": "Carrer de Bunyol\u00ed",
        "type": "residential",
        "slope": 56.85317606376145,
        "sun_diff": 2.9210792023997385,
        "length": 175.43265783391473
      }
    },
    {
      "geometry": {
        "type": "LineString",
        "coordinates": [
          [
            2.7718053,
            39.650902
          ],
          [
            2.7706444,
            39.6503378
          ]
        ]
      },
      "type": "Feature",
      "properties": {
        "name": "Carrer de Ca n'Andria",
        "type": "residential",
        "slope": 57.739456199813304,
        "sun_diff": 1.9882444969650805,
        "length": 117.57062443002708
      }
    },
    {
      "geometry": {
        "type": "LineString",
        "coordinates": [
          [
            2.8127331,
            39.6368642
          ],
          [
            2.8143329,
            39.6361558
          ]
        ]
      },
      "type": "Feature",
      "properties": {
        "name": null,
        "type": "secondary",
        "slope": 119.89843280758751,
        "sun_diff": 0.3276361328657913,
        "length": 158.07542019964538
      }
    },
    {
      "geometry": {
        "type": "LineString",
        "coordinates": [
          [
            2.8181596,
            39.6342147
          ],
          [
            2.8192139,
            39.6337515
          ]
        ]
      },
      "type": "Feature",
      "properties": {
        "name": null,
        "type": "secondary",
        "slope": 119.70364285699722,
        "sun_diff": 0.5224260834560823,
        "length": 103.97595131339052
      }
    },
    {
      "geometry": {
        "type": "LineString",
        "coordinates": [
          [
            2.7456306,
            39.5152932
          ],
          [
            2.7466306,
            39.5157814
          ]
        ]
      },
      "type": "Feature",
      "properties": {
        "name": "carrer de la Missi\u00f3 de San Diego",
        "type": "pedestrian",
        "slope": 57.67294755743063,
        "sun_diff": 2.1475617497898725,
        "length": 101.54726567167502
      }
    },
    {
      "geometry": {
        "type": "LineString",
        "coordinates": [
          [
            2.680628,
            39.5894071
          ],
          [
            2.6816604,
            39.589842
          ]
        ]
      },
      "type": "Feature",
      "properties": {
        "name": "Carrer del Tenor Bou Roig",
        "type": "residential",
        "slope": 61.33742961177549,
        "sun_diff": 1.5631743456143,
        "length": 100.85256512423064
      }
    },
    {
      "geometry": {
        "type": "LineString",
        "coordinates": [
          [
            2.6779874,
            39.5794056
          ],
          [
            2.679154,
            39.5798999
          ]
        ]
      },
      "type": "Feature",
      "properties": {
        "name": null,
        "type": "residential",
        "slope": 61.200355171975815,
        "sun_diff": 1.426099905814624,
        "length": 114.1281946383056
      }
    },
    {
      "geometry": {
        "type": "LineString",
        "coordinates": [
          [
            2.6683909,
            39.5765279
          ],
          [
            2.6669223,
            39.5758779
          ]
        ]
      },
      "type": "Feature",
      "properties": {
        "name": "Carrer de l'Arquebisbe Asp\u00e0reg",
        "type": "tertiary",
        "slope": 60.13468348116464,
        "sun_diff": 0.3604282150034521,
        "length": 145.18981138321053
      }
    },
    {
      "geometry": {
        "type": "LineString",
        "coordinates": [
          [
            2.6660377,
            39.5754828
          ],
          [
            2.6647192,
            39.5748978
          ]
        ]
      },
      "type": "Feature",
      "properties": {
        "name": "Carrer de l'Arquebisbe Asp\u00e0reg",
        "type": "tertiary",
        "slope": 60.07427088016499,
        "sun_diff": 0.3000156140037973,
        "length": 130.43144763793825
      }
    },
    {
      "geometry": {
        "type": "LineString",
        "coordinates": [
          [
            2.7471766,
            39.6217176
          ],
          [
            2.7491068,
            39.6208413
          ]
        ]
      },
      "type": "Feature",
      "properties": {
        "name": "Carrer Crist\u00f2fol Llompart (rector)",
        "type": "residential",
        "slope": 120.51457794893216,
        "sun_diff": 0.2885090084788544,
        "length": 191.96216843191195
      }
    },
    {
      "geometry": {
        "type": "LineString",
        "coordinates": [
          [
            2.7495978,
            39.6206144
          ],
          [
            2.7516162,
            39.6197261
          ]
        ]
      },
      "type": "Feature",
      "properties": {
        "name": "Carrer Crist\u00f2fol Llompart (rector)",
        "type": "residential",
        "slope": 119.7411365295554,
        "sun_diff": 0.4849324108978976,
        "length": 199.17059062553375
      }
    },
    {
      "geometry": {
        "type": "LineString",
        "coordinates": [
          [
            2.7516162,
            39.6197261
          ],
          [
            2.7530258,
            39.6190827
          ]
        ]
      },
      "type": "Feature",
      "properties": {
        "name": "Carrer Crist\u00f2fol Llompart (rector)",
        "type": "residential",
        "slope": 120.64884771035742,
        "sun_diff": 0.422778769904113,
        "length": 140.38550378813633
      }
    },
    {
      "geometry": {
        "type": "LineString",
        "coordinates": [
          [
            2.7530258,
            39.6190827
          ],
          [
            2.7544731,
            39.6184489
          ]
        ]
      },
      "type": "Feature",
      "properties": {
        "name": "Carrer Crist\u00f2fol Llompart (rector)",
        "type": "residential",
        "slope": 119.6181634051257,
        "sun_diff": 0.6079055353276033,
        "length": 142.64413342397754
      }
    },
    {
      "geometry": {
        "type": "LineString",
        "coordinates": [
          [
            2.7544731,
            39.6184489
          ],
          [
            2.7560271,
            39.6177456
          ]
        ]
      },
      "type": "Feature",
      "properties": {
        "name": "Carrer Crist\u00f2fol Llompart (rector)",
        "type": "residential",
        "slope": 120.43498110662651,
        "sun_diff": 0.20891216617320651,
        "length": 154.42910086085988
      }
    },
    {
      "geometry": {
        "type": "LineString",
        "coordinates": [
          [
            2.7560271,
            39.6177456
          ],
          [
            2.7570557,
            39.6172991
          ]
        ]
      },
      "type": "Feature",
      "properties": {
        "name": "Carrer Crist\u00f2fol Llompart (rector)",
        "type": "residential",
        "slope": 119.40179113414891,
        "sun_diff": 0.8242778063043943,
        "length": 101.16289277935566
      }
    },
    {
      "geometry": {
        "type": "LineString",
        "coordinates": [
          [
            2.7570557,
            39.6172991
          ],
          [
            2.7580978,
            39.6168347
          ]
        ]
      },
      "type": "Feature",
      "properties": {
        "name": "Carrer Crist\u00f2fol Llompart (rector)",
        "type": "residential",
        "slope": 120.049663934043,
        "sun_diff": 0.176405006410306,
        "length": 103.15517719121961
      }
    },
    {
      "geometry": {
        "type": "LineString",
        "coordinates": [
          [
            2.7584162,
            39.617286
          ],
          [
            2.7573966,
            39.617745
          ]
        ]
      },
      "type": "Feature",
      "properties": {
        "name": "Carrer de Mart\u00ed Rub\u00ed (secretari)",
        "type": "residential",
        "slope": 120.3022364601025,
        "sun_diff": 0.07616751964920354,
        "length": 101.18615344295237
      }
    },
    {
      "geometry": {
        "type": "LineString",
        "coordinates": [
          [
            2.6569354,
            39.5659305
          ],
          [
            2.6589346,
            39.5649668
          ]
        ]
      },
      "type": "Feature",
      "properties": {
        "name": "Carrer de Joan Maragall",
        "type": "tertiary",
        "slope": 122.01759590538188,
        "sun_diff": 1.791526964928579,
        "length": 202.1798623956861
      }
    },
    {
      "geometry": {
        "type": "LineString",
        "coordinates": [
          [
            2.6872121,
            39.553867
          ],
          [
            2.6885871,
            39.5531962
          ]
        ]
      },
      "type": "Feature",
      "properties": {
        "name": "Carrer de Jaume Pomar i Fuster",
        "type": "residential",
        "slope": 122.32267980364688,
        "sun_diff": 2.0966108631935754,
        "length": 139.54468571576052
      }
    },
    {
      "geometry": {
        "type": "LineString",
        "coordinates": [
          [
            2.8988085,
            39.4838105
          ],
          [
            2.8999458,
            39.4833519
          ]
        ]
      },
      "type": "Feature",
      "properties": {
        "name": "Cam\u00ed de Son Marrano",
        "type": "unclassified",
        "slope": 117.5850462400451,
        "sun_diff": 2.5947549989705294,
        "length": 110.15710423173307
      }
    },
    {
      "geometry": {
        "type": "LineString",
        "coordinates": [
          [
            2.9040198,
            39.4639766
          ],
          [
            2.9050752,
            39.4635491
          ]
        ]
      },
      "type": "Feature",
      "properties": {
        "name": "cam\u00ed des Palmer",
        "type": "unclassified",
        "slope": 117.68460136616912,
        "sun_diff": 2.495199872846513,
        "length": 102.3465826403568
      }
    },
    {
      "geometry": {
        "type": "LineString",
        "coordinates": [
          [
            2.9061352,
            39.4630875
          ],
          [
            2.9079851,
            39.4622783
          ]
        ]
      },
      "type": "Feature",
      "properties": {
        "name": "cam\u00ed des Palmer",
        "type": "unclassified",
        "slope": 119.53529421437807,
        "sun_diff": 0.6445070246375622,
        "length": 182.58450361403516
      }
    },
    {
      "geometry": {
        "type": "LineString",
        "coordinates": [
          [
            2.9134281,
            39.4598344
          ],
          [
            2.9148928,
            39.459115
          ]
        ]
      },
      "type": "Feature",
      "properties": {
        "name": "cam\u00ed des Palmer",
        "type": "unclassified",
        "slope": 122.46253207244587,
        "sun_diff": 2.282730833430236,
        "length": 149.08011308348983
      }
    },
    {
      "geometry": {
        "type": "LineString",
        "coordinates": [
          [
            2.9033488,
            39.6475771
          ],
          [
            2.9050991,
            39.6483771
          ]
        ]
      },
      "type": "Feature",
      "properties": {
        "name": "cam\u00ed de Son Mut",
        "type": "unclassified",
        "slope": 59.306220411766446,
        "sun_diff": 0.46803485439474457,
        "length": 174.32524894428727
      }
    },
    {
      "geometry": {
        "type": "LineString",
        "coordinates": [
          [
            2.7300766,
            39.5580844
          ],
          [
            2.7288725,
            39.5575181
          ]
        ]
      },
      "type": "Feature",
      "properties": {
        "name": null,
        "type": "unclassified",
        "slope": 58.61634697833745,
        "sun_diff": 1.1579082878237443,
        "length": 120.95501020745685
      }
    },
    {
      "geometry": {
        "type": "LineString",
        "coordinates": [
          [
            2.7268731,
            39.5566881
          ],
          [
            2.7252652,
            39.5559381
          ]
        ]
      },
      "type": "Feature",
      "properties": {
        "name": null,
        "type": "unclassified",
        "slope": 58.82660710490387,
        "sun_diff": 0.9476481612573195,
        "length": 161.16161539932065
      }
    },
    {
      "geometry": {
        "type": "LineString",
        "coordinates": [
          [
            2.6840452,
            39.5556707
          ],
          [
            2.6853346,
            39.5551275
          ]
        ]
      },
      "type": "Feature",
      "properties": {
        "name": "Carrer de Ciutadella de Menorca",
        "type": "residential",
        "slope": 118.65220032429664,
        "sun_diff": 1.573868616156659,
        "length": 126.00818900359252
      }
    },
    {
      "geometry": {
        "type": "LineString",
        "coordinates": [
          [
            2.748585,
            39.6204688
          ],
          [
            2.7471048,
            39.6211047
          ]
        ]
      },
      "type": "Feature",
      "properties": {
        "name": "Carrer de Jaume I",
        "type": "residential",
        "slope": 119.14953395819677,
        "sun_diff": 1.0765349822565327,
        "length": 145.21179138367438
      }
    },
    {
      "geometry": {
        "type": "LineString",
        "coordinates": [
          [
            2.6334409,
            39.6086302
          ],
          [
            2.6345721,
            39.6091508
          ]
        ]
      },
      "type": "Feature",
      "properties": {
        "name": "Carrer del Pare Gaspar Munar",
        "type": "residential",
        "slope": 59.14725084425481,
        "sun_diff": 0.6270044219063777,
        "length": 112.91465496941917
      }
    },
    {
      "geometry": {
        "type": "LineString",
        "coordinates": [
          [
            2.9206471,
            39.57247
          ],
          [
            2.9223258,
            39.573193
          ]
        ]
      },
      "type": "Feature",
      "properties": {
        "name": null,
        "type": "tertiary",
        "slope": 60.80574987078094,
        "sun_diff": 1.031494604619752,
        "length": 164.8710460719197
      }
    },
    {
      "geometry": {
        "type": "LineString",
        "coordinates": [
          [
            2.6247781,
            39.5909311
          ],
          [
            2.6263853,
            39.5916495
          ]
        ]
      },
      "type": "Feature",
      "properties": {
        "name": "carrer de Joan Bonnemaison",
        "type": "residential",
        "slope": 59.88420875165161,
        "sun_diff": 0.10995348549042205,
        "length": 159.2585065731322
      }
    },
    {
      "geometry": {
        "type": "LineString",
        "coordinates": [
          [
            2.9649025,
            39.5726499
          ],
          [
            2.9667203,
            39.5717865
          ]
        ]
      },
      "type": "Feature",
      "properties": {
        "name": null,
        "type": "tertiary",
        "slope": 121.64062825560498,
        "sun_diff": 1.4145593151516778,
        "length": 183.06764102282682
      }
    },
    {
      "geometry": {
        "type": "LineString",
        "coordinates": [
          [
            2.6589998,
            39.607471
          ],
          [
            2.6578387,
            39.6069183
          ]
        ]
      },
      "type": "Feature",
      "properties": {
        "name": "Carrer del Gremi de Selleters i Basters",
        "type": "residential",
        "slope": 58.290150277685484,
        "sun_diff": 1.484104988475707,
        "length": 116.96053447407719
      }
    },
    {
      "geometry": {
        "type": "LineString",
        "coordinates": [
          [
            2.7340085,
            39.6030971
          ],
          [
            2.7327174,
            39.6024516
          ]
        ]
      },
      "type": "Feature",
      "properties": {
        "name": "Carrer del Puig Roig",
        "type": "residential",
        "slope": 57.02083079087916,
        "sun_diff": 2.7534244752820314,
        "length": 131.90175590883362
      }
    },
    {
      "geometry": {
        "type": "LineString",
        "coordinates": [
          [
            2.7327174,
            39.6024516
          ],
          [
            2.7308326,
            39.6015094
          ]
        ]
      },
      "type": "Feature",
      "properties": {
        "name": "Carrer del Puig Roig",
        "type": "residential",
        "slope": 57.0247130909994,
        "sun_diff": 2.7495421751617926,
        "length": 192.5493820089588
      }
    },
    {
      "geometry": {
        "type": "LineString",
        "coordinates": [
          [
            2.727191,
            39.6049153
          ],
          [
            2.7283194,
            39.6054837
          ]
        ]
      },
      "type": "Feature",
      "properties": {
        "name": "carrer del Pariatge",
        "type": "residential",
        "slope": 56.823319228873714,
        "sun_diff": 2.9509360372874767,
        "length": 115.53473300711528
      }
    },
    {
      "geometry": {
        "type": "LineString",
        "coordinates": [
          [
            2.7311864,
            39.6026311
          ],
          [
            2.7333793,
            39.6037036
          ]
        ]
      },
      "type": "Feature",
      "properties": {
        "name": "carrer de Ca Mad\u00f2 Paliva",
        "type": "residential",
        "slope": 57.593534606616174,
        "sun_diff": 2.180720659545017,
        "length": 222.5970188805547
      }
    },
    {
      "geometry": {
        "type": "LineString",
        "coordinates": [
          [
            2.7494362,
            39.6188906
          ],
          [
            2.74757,
            39.6197366
          ]
        ]
      },
      "type": "Feature",
      "properties": {
        "name": "Carrer de Can Boi",
        "type": "residential",
        "slope": 120.4773538031591,
        "sun_diff": 0.25128486270580197,
        "length": 185.53091673423856
      }
    },
    {
      "geometry": {
        "type": "LineString",
        "coordinates": [
          [
            2.7713504,
            39.616305
          ],
          [
            2.7725631,
            39.6168049
          ]
        ]
      },
      "type": "Feature",
      "properties": {
        "name": "Carrer de Can Monjo Fondo",
        "type": "residential",
        "slope": 61.84766076962089,
        "sun_diff": 2.0734055034596963,
        "length": 117.85054535665756
      }
    },
    {
      "geometry": {
        "type": "LineString",
        "coordinates": [
          [
            2.8228206,
            39.5557353
          ],
          [
            2.8242583,
            39.5563175
          ]
        ]
      },
      "type": "Feature",
      "properties": {
        "name": "Carrer Son Gual II-D (N.O.)",
        "type": "residential",
        "slope": 62.29016529482169,
        "sun_diff": 2.5159100286604996,
        "length": 139.2667858719857
      }
    },
    {
      "geometry": {
        "type": "LineString",
        "coordinates": [
          [
            2.7909643,
            39.543964
          ],
          [
            2.7899409,
            39.5444672
          ]
        ]
      },
      "type": "Feature",
      "properties": {
        "name": "Cam\u00ed de Son Oliveret",
        "type": "residential",
        "slope": 122.52271603185798,
        "sun_diff": 2.3429147928423504,
        "length": 104.10614295866475
      }
    },
    {
      "geometry": {
        "type": "LineString",
        "coordinates": [
          [
            2.7899409,
            39.5444672
          ],
          [
            2.7860094,
            39.5464457
          ]
        ]
      },
      "type": "Feature",
      "properties": {
        "name": "Cam\u00ed de Son Oliveret",
        "type": "residential",
        "slope": 123.1293782616089,
        "sun_diff": 2.9495770225932745,
        "length": 402.66746657737923
      }
    },
    {
      "geometry": {
        "type": "LineString",
        "coordinates": [
          [
            2.7804103,
            39.5493054
          ],
          [
            2.7753338,
            39.5518363
          ]
        ]
      },
      "type": "Feature",
      "properties": {
        "name": "Cam\u00ed de Son Oliveret",
        "type": "residential",
        "slope": 122.88628948552093,
        "sun_diff": 2.7064882465053017,
        "length": 518.4694945172607
      }
    },
    {
      "geometry": {
        "type": "LineString",
        "coordinates": [
          [
            2.9673326,
            39.6174995
          ],
          [
            2.9656636,
            39.6182614
          ]
        ]
      },
      "type": "Feature",
      "properties": {
        "name": "cam\u00ed de Cas Moro Tabac",
        "type": "unclassified",
        "slope": 120.65181699703714,
        "sun_diff": 0.42574805658384207,
        "length": 166.2281089246738
      }
    },
    {
      "geometry": {
        "type": "LineString",
        "coordinates": [
          [
            2.7415385,
            39.4915741
          ],
          [
            2.7432697,
            39.4907167
          ]
        ]
      },
      "type": "Feature",
      "properties": {
        "name": null,
        "type": "residential",
        "slope": 122.69069674622654,
        "sun_diff": 2.510895507210904,
        "length": 176.57358557278468
      }
    },
    {
      "geometry": {
        "type": "LineString",
        "coordinates": [
          [
            2.7405201,
            39.4647159
          ],
          [
            2.7441356,
            39.4662193
          ]
        ]
      },
      "type": "Feature",
      "properties": {
        "name": null,
        "type": "service",
        "slope": 61.69183712288401,
        "sun_diff": 1.8713278156635056,
        "length": 352.6350056416858
      }
    },
    {
      "geometry": {
        "type": "LineString",
        "coordinates": [
          [
            2.7442594,
            39.4662712
          ],
          [
            2.7464234,
            39.4671671
          ]
        ]
      },
      "type": "Feature",
      "properties": {
        "name": null,
        "type": "service",
        "slope": 61.79625308965083,
        "sun_diff": 1.975743782430328,
        "length": 210.8538619129377
      }
    },
    {
      "geometry": {
        "type": "LineString",
        "coordinates": [
          [
            2.9789927,
            39.5658517
          ],
          [
            2.9779555,
            39.5653431
          ]
        ]
      },
      "type": "Feature",
      "properties": {
        "name": "carrer de Palma",
        "type": "tertiary",
        "slope": 57.540088605374365,
        "sun_diff": 2.2341666607868262,
        "length": 105.40405699774644
      }
    },
    {
      "geometry": {
        "type": "LineString",
        "coordinates": [
          [
            2.9779555,
            39.5653431
          ],
          [
            2.9768399,
            39.5647983
          ]
        ]
      },
      "type": "Feature",
      "properties": {
        "name": "carrer de Palma",
        "type": "tertiary",
        "slope": 57.64685865352942,
        "sun_diff": 2.1273966126317703,
        "length": 113.2381913894427
      }
    },
    {
      "geometry": {
        "type": "LineString",
        "coordinates": [
          [
            2.9768399,
            39.5647983
          ],
          [
            2.9756953,
            39.5642206
          ]
        ]
      },
      "type": "Feature",
      "properties": {
        "name": "carrer de Palma",
        "type": "tertiary",
        "slope": 56.78711255384667,
        "sun_diff": 2.9871427123145224,
        "length": 117.31103702559957
      }
    },
    {
      "geometry": {
        "type": "LineString",
        "coordinates": [
          [
            2.9276647,
            39.6443159
          ],
          [
            2.928864,
            39.644821
          ]
        ]
      },
      "type": "Feature",
      "properties": {
        "name": "cam\u00ed de Cascanar",
        "type": "unclassified",
        "slope": 61.323374663040795,
        "sun_diff": 1.549119396879604,
        "length": 117.07933475372332
      }
    },
    {
      "geometry": {
        "type": "LineString",
        "coordinates": [
          [
            2.9015108,
            39.4952405
          ],
          [
            2.9027183,
            39.4958491
          ]
        ]
      },
      "type": "Feature",
      "properties": {
        "name": "cam\u00ed vell de Gr\u00e0cia",
        "type": "unclassified",
        "slope": 56.84944538571705,
        "sun_diff": 2.9710639215034575,
        "length": 123.79228331589509
      }
    },
    {
      "geometry": {
        "type": "LineString",
        "coordinates": [
          [
            2.9079835,
            39.4985648
          ],
          [
            2.9094467,
            39.4991692
          ]
        ]
      },
      "type": "Feature",
      "properties": {
        "name": "cam\u00ed vell de Gr\u00e0cia",
        "type": "unclassified",
        "slope": 61.8391830354594,
        "sun_diff": 2.0186737282388947,
        "length": 142.44693234450767
      }
    },
    {
      "geometry": {
        "type": "LineString",
        "coordinates": [
          [
            2.9094467,
            39.4991692
          ],
          [
            2.9112036,
            39.499933
          ]
        ]
      },
      "type": "Feature",
      "properties": {
        "name": "cam\u00ed vell de Gr\u00e0cia",
        "type": "unclassified",
        "slope": 60.60256517844289,
        "sun_diff": 0.7820558712223828,
        "length": 173.0776171239688
      }
    },
    {
      "geometry": {
        "type": "LineString",
        "coordinates": [
          [
            2.9146502,
            39.5270533
          ],
          [
            2.9156815,
            39.5266328
          ]
        ]
      },
      "type": "Feature",
      "properties": {
        "name": "carrer del Pare Munar",
        "type": "residential",
        "slope": 117.86170740028786,
        "sun_diff": 2.3180938387277763,
        "length": 100.0815854873208
      }
    },
    {
      "geometry": {
        "type": "LineString",
        "coordinates": [
          [
            2.9144746,
            39.5981871
          ],
          [
            2.913148,
            39.597542
          ]
        ]
      },
      "type": "Feature",
      "properties": {
        "name": "Cam\u00ed de Son Romeguera",
        "type": "unclassified",
        "slope": 57.744372671706856,
        "sun_diff": 2.0298825944543353,
        "length": 134.44716551002455
      }
    },
    {
      "geometry": {
        "type": "LineString",
        "coordinates": [
          [
            2.913148,
            39.597542
          ],
          [
            2.9115761,
            39.5967969
          ]
        ]
      },
      "type": "Feature",
      "properties": {
        "name": "Cam\u00ed de Son Romeguera",
        "type": "unclassified",
        "slope": 58.401752590816045,
        "sun_diff": 1.372502675345146,
        "length": 158.17438097697547
      }
    },
    {
      "geometry": {
        "type": "LineString",
        "coordinates": [
          [
            2.6523404,
            39.5792822
          ],
          [
            2.6509152,
            39.5786936
          ]
        ]
      },
      "type": "Feature",
      "properties": {
        "name": "Carrer de Ramon Berenguer III",
        "type": "residential",
        "slope": 61.81605223229036,
        "sun_diff": 2.0417969661291693,
        "length": 138.61768376977173
      }
    },
    {
      "geometry": {
        "type": "LineString",
        "coordinates": [
          [
            2.8612444,
            39.4750664
          ],
          [
            2.8643511,
            39.4736629
          ]
        ]
      },
      "type": "Feature",
      "properties": {
        "name": "cam\u00ed des Palmer",
        "type": "unclassified",
        "slope": 120.33837002551502,
        "sun_diff": 0.15856878649938722,
        "length": 309.0638142174146
      }
    },
    {
      "geometry": {
        "type": "LineString",
        "coordinates": [
          [
            2.8643511,
            39.4736629
          ],
          [
            2.8653831,
            39.4732255
          ]
        ]
      },
      "type": "Feature",
      "properties": {
        "name": "cam\u00ed des Palmer",
        "type": "unclassified",
        "slope": 118.76976171068335,
        "sun_diff": 1.4100395283322769,
        "length": 101.08603414434056
      }
    },
    {
      "geometry": {
        "type": "LineString",
        "coordinates": [
          [
            2.6436388,
            39.5652726
          ],
          [
            2.642498,
            39.5647152
          ]
        ]
      },
      "type": "Feature",
      "properties": {
        "name": null,
        "type": "residential",
        "slope": 57.633238998249,
        "sun_diff": 2.1410162679121925,
        "length": 115.81367363698877
      }
    },
    {
      "geometry": {
        "type": "LineString",
        "coordinates": [
          [
            2.66814,
            39.6133361
          ],
          [
            2.6693624,
            39.6139401
          ]
        ]
      },
      "type": "Feature",
      "properties": {
        "name": "Cam\u00ed dels Reis",
        "type": "unclassified",
        "slope": 57.32376946999085,
        "sun_diff": 2.450485796170341,
        "length": 124.4380920405202
      }
    },
    {
      "geometry": {
        "type": "LineString",
        "coordinates": [
          [
            2.6693624,
            39.6139401
          ],
          [
            2.6710947,
            39.6147959
          ]
        ]
      },
      "type": "Feature",
      "properties": {
        "name": "Cam\u00ed dels Reis",
        "type": "unclassified",
        "slope": 57.32790926207295,
        "sun_diff": 2.446346004088241,
        "length": 176.33485842101447
      }
    },
    {
      "geometry": {
        "type": "LineString",
        "coordinates": [
          [
            2.8963943,
            39.6484468
          ],
          [
            2.8947122,
            39.6492805
          ]
        ]
      },
      "type": "Feature",
      "properties": {
        "name": "cam\u00ed del Pou Major",
        "type": "unclassified",
        "slope": 122.76960378798594,
        "sun_diff": 2.5435348475326407,
        "length": 171.32677466287853
      }
    },
    {
      "geometry": {
        "type": "LineString",
        "coordinates": [
          [
            2.6885037,
            39.5842794
          ],
          [
            2.6872286,
            39.5837128
          ]
        ]
      },
      "type": "Feature",
      "properties": {
        "name": "es Pinaret Nou",
        "type": "residential",
        "slope": 60.03365085263897,
        "sun_diff": 0.2593955864777797,
        "length": 126.17363405205987
      }
    },
    {
      "geometry": {
        "type": "LineString",
        "coordinates": [
          [
            2.6572449,
            39.5961643
          ],
          [
            2.6560684,
            39.5967483
          ]
        ]
      },
      "type": "Feature",
      "properties": {
        "name": "Carrer de San Francisco de Sales",
        "type": "residential",
        "slope": 122.78961626552032,
        "sun_diff": 2.56354732506702,
        "length": 119.94776588157018
      }
    },
    {
      "geometry": {
        "type": "LineString",
        "coordinates": [
          [
            2.7214537,
            39.5454108
          ],
          [
            2.7201516,
            39.5448088
          ]
        ]
      },
      "type": "Feature",
      "properties": {
        "name": null,
        "type": "tertiary",
        "slope": 59.05515336144637,
        "sun_diff": 0.7653559457741324,
        "length": 130.21876605852694
      }
    },
    {
      "geometry": {
        "type": "LineString",
        "coordinates": [
          [
            2.7201516,
            39.5448088
          ],
          [
            2.7189226,
            39.5443171
          ]
        ]
      },
      "type": "Feature",
      "properties": {
        "name": null,
        "type": "tertiary",
        "slope": 62.57866779150774,
        "sun_diff": 2.758158484287236,
        "length": 118.75778013029212
      }
    },
    {
      "geometry": {
        "type": "LineString",
        "coordinates": [
          [
            2.7248572,
            39.5477211
          ],
          [
            2.7258527,
            39.5481932
          ]
        ]
      },
      "type": "Feature",
      "properties": {
        "name": null,
        "type": "unclassified",
        "slope": 58.4077218407366,
        "sun_diff": 1.4127874664839055,
        "length": 100.23788793653439
      }
    },
    {
      "geometry": {
        "type": "LineString",
        "coordinates": [
          [
            2.7278693,
            39.5490316
          ],
          [
            2.7291347,
            39.5496297
          ]
        ]
      },
      "type": "Feature",
      "properties": {
        "name": null,
        "type": "unclassified",
        "slope": 58.49230120241626,
        "sun_diff": 1.3282081048042471,
        "length": 127.29640344084314
      }
    },
    {
      "geometry": {
        "type": "LineString",
        "coordinates": [
          [
            2.6461664,
            39.5806589
          ],
          [
            2.6472311,
            39.5801909
          ]
        ]
      },
      "type": "Feature",
      "properties": {
        "name": "Carrer de Llu\u00eds Vives",
        "type": "tertiary",
        "slope": 119.69673371028989,
        "sun_diff": 0.5293352301634116,
        "length": 105.07563178289664
      }
    },
    {
      "geometry": {
        "type": "LineString",
        "coordinates": [
          [
            2.8899575,
            39.5541776
          ],
          [
            2.8887211,
            39.5536328
          ]
        ]
      },
      "type": "Feature",
      "properties": {
        "name": "cam\u00ed de So n'Agust\u00ed",
        "type": "unclassified",
        "slope": 60.252530986732665,
        "sun_diff": 0.4782757205714745,
        "length": 122.12918609175425
      }
    },
    {
      "geometry": {
        "type": "LineString",
        "coordinates": [
          [
            2.888095,
            39.553357
          ],
          [
            2.8857566,
            39.5523929
          ]
        ]
      },
      "type": "Feature",
      "properties": {
        "name": "cam\u00ed de So n'Agust\u00ed",
        "type": "unclassified",
        "slope": 61.86577687213892,
        "sun_diff": 2.091521605977732,
        "length": 227.4173963552145
      }
    },
    {
      "geometry": {
        "type": "LineString",
        "coordinates": [
          [
            2.8847562,
            39.5519805
          ],
          [
            2.8833954,
            39.5513819
          ]
        ]
      },
      "type": "Feature",
      "properties": {
        "name": "cam\u00ed de So n'Agust\u00ed",
        "type": "unclassified",
        "slope": 60.29512516938797,
        "sun_diff": 0.5208699032267816,
        "length": 134.36445010105052
      }
    },
    {
      "geometry": {
        "type": "LineString",
        "coordinates": [
          [
            2.8833954,
            39.5513819
          ],
          [
            2.8823186,
            39.5509083
          ]
        ]
      },
      "type": "Feature",
      "properties": {
        "name": "cam\u00ed de So n'Agust\u00ed",
        "type": "unclassified",
        "slope": 60.299027749518444,
        "sun_diff": 0.5247724833572533,
        "length": 106.31915354680265
      }
    },
    {
      "geometry": {
        "type": "LineString",
        "coordinates": [
          [
            2.6254779,
            39.5899915
          ],
          [
            2.627065,
            39.5906971
          ]
        ]
      },
      "type": "Feature",
      "properties": {
        "name": "carrer d'Antoni Villalonga",
        "type": "residential",
        "slope": 60.018478448750216,
        "sun_diff": 0.24422318258902465,
        "length": 157.05588046378813
      }
    },
    {
      "geometry": {
        "type": "LineString",
        "coordinates": [
          [
            2.6347612,
            39.5965791
          ],
          [
            2.6336559,
            39.5960505
          ]
        ]
      },
      "type": "Feature",
      "properties": {
        "name": "Carrer del Quatre de Novembre",
        "type": "residential",
        "slope": 58.17446804899532,
        "sun_diff": 1.5997872171658685,
        "length": 111.4964624779011
      }
    },
    {
      "geometry": {
        "type": "LineString",
        "coordinates": [
          [
            2.6988596,
            39.628436
          ],
          [
            2.7002892,
            39.6291552
          ]
        ]
      },
      "type": "Feature",
      "properties": {
        "name": "Avinguda dels Garrovers",
        "type": "residential",
        "slope": 56.847927544883476,
        "sun_diff": 2.9263277212777155,
        "length": 146.2830273555616
      }
    },
    {
      "geometry": {
        "type": "LineString",
        "coordinates": [
          [
            2.7002892,
            39.6291552
          ],
          [
            2.7018211,
            39.6298904
          ]
        ]
      },
      "type": "Feature",
      "properties": {
        "name": "Avinguda dels Garrovers",
        "type": "residential",
        "slope": 58.07150058996771,
        "sun_diff": 1.7027546761934786,
        "length": 154.62769074453246
      }
    },
    {
      "geometry": {
        "type": "LineString",
        "coordinates": [
          [
            2.7002637,
            39.6241818
          ],
          [
            2.7017452,
            39.6249024
          ]
        ]
      },
      "type": "Feature",
      "properties": {
        "name": "carrer de s'Albercoquer",
        "type": "residential",
        "slope": 57.72786555528495,
        "sun_diff": 2.046389710876241,
        "length": 150.11487532302385
      }
    },
    {
      "geometry": {
        "type": "LineString",
        "coordinates": [
          [
            2.7017452,
            39.6249024
          ],
          [
            2.7032194,
            39.6256194
          ]
        ]
      },
      "type": "Feature",
      "properties": {
        "name": "carrer de s'Albercoquer",
        "type": "residential",
        "slope": 57.729375573102914,
        "sun_diff": 2.0448796930582773,
        "length": 149.37115707730214
      }
    },
    {
      "geometry": {
        "type": "LineString",
        "coordinates": [
          [
            2.7032194,
            39.6256194
          ],
          [
            2.7046671,
            39.6263235
          ]
        ]
      },
      "type": "Feature",
      "properties": {
        "name": "carrer de s'Albercoquer",
        "type": "residential",
        "slope": 57.72952802361215,
        "sun_diff": 2.044727242549044,
        "length": 146.68433454186717
      }
    },
    {
      "geometry": {
        "type": "LineString",
        "coordinates": [
          [
            2.7027413,
            39.6319163
          ],
          [
            2.7037478,
            39.6323867
          ]
        ]
      },
      "type": "Feature",
      "properties": {
        "name": "carrer de sa Llimonera",
        "type": "residential",
        "slope": 58.748806690302416,
        "sun_diff": 1.0254485758587748,
        "length": 100.85494382649428
      }
    },
    {
      "geometry": {
        "type": "LineString",
        "coordinates": [
          [
            2.703875,
            39.6324462
          ],
          [
            2.7052663,
            39.6330964
          ]
        ]
      },
      "type": "Feature",
      "properties": {
        "name": "carrer de sa Llimonera",
        "type": "residential",
        "slope": 58.75014650898464,
        "sun_diff": 1.024108757176549,
        "length": 139.41002084146803
      }
    },
    {
      "geometry": {
        "type": "LineString",
        "coordinates": [
          [
            2.7060123,
            39.633445
          ],
          [
            2.7073575,
            39.6340703
          ]
        ]
      },
      "type": "Feature",
      "properties": {
        "name": "carrer de sa Llimonera",
        "type": "residential",
        "slope": 58.88563599730017,
        "sun_diff": 0.8886192688610208,
        "length": 134.5960663274426
      }
    },
    {
      "geometry": {
        "type": "LineString",
        "coordinates": [
          [
            2.7009778,
            39.6380026
          ],
          [
            2.70407,
            39.6394888
          ]
        ]
      },
      "type": "Feature",
      "properties": {
        "name": "carrer de sa Mata",
        "type": "residential",
        "slope": 58.030339291801084,
        "sun_diff": 1.7439159743601067,
        "length": 312.21979608234204
      }
    },
    {
      "geometry": {
        "type": "LineString",
        "coordinates": [
          [
            2.7032338,
            39.6354161
          ],
          [
            2.7061305,
            39.6368295
          ]
        ]
      },
      "type": "Feature",
      "properties": {
        "name": "carrer Tamarell",
        "type": "residential",
        "slope": 57.641808872353636,
        "sun_diff": 2.1324463938075553,
        "length": 293.7412091742373
      }
    },
    {
      "geometry": {
        "type": "LineString",
        "coordinates": [
          [
            2.7040071,
            39.6345293
          ],
          [
            2.7050293,
            39.6350227
          ]
        ]
      },
      "type": "Feature",
      "properties": {
        "name": "carrer Plater",
        "type": "residential",
        "slope": 57.922062225292166,
        "sun_diff": 1.8521930408690253,
        "length": 103.3398563862169
      }
    },
    {
      "geometry": {
        "type": "LineString",
        "coordinates": [
          [
            2.7050293,
            39.6350227
          ],
          [
            2.7068216,
            39.635884
          ]
        ]
      },
      "type": "Feature",
      "properties": {
        "name": "carrer Plater",
        "type": "residential",
        "slope": 58.03558769691139,
        "sun_diff": 1.7386675692497988,
        "length": 180.96723900621345
      }
    },
    {
      "geometry": {
        "type": "LineString",
        "coordinates": [
          [
            2.5675176,
            39.6407154
          ],
          [
            2.5664777,
            39.6402927
          ]
        ]
      },
      "type": "Feature",
      "properties": {
        "name": null,
        "type": "residential",
        "slope": 62.17251050256672,
        "sun_diff": 2.3982552364055323,
        "length": 100.71900372808072
      }
    },
    {
      "geometry": {
        "type": "LineString",
        "coordinates": [
          [
            2.6331864,
            39.6528893
          ],
          [
            2.6307334,
            39.6540885
          ]
        ]
      },
      "type": "Feature",
      "properties": {
        "name": "vial 2",
        "type": "residential",
        "slope": 122.41433738481214,
        "sun_diff": 2.141741195732706,
        "length": 248.83986967757505
      }
    },
    {
      "geometry": {
        "type": "LineString",
        "coordinates": [
          [
            2.6253451,
            39.6482138
          ],
          [
            2.6267465,
            39.64764
          ]
        ]
      },
      "type": "Feature",
      "properties": {
        "name": null,
        "type": "residential",
        "slope": 118.00234855395095,
        "sun_diff": 2.2237203865023503,
        "length": 135.93699199088
      }
    },
    {
      "geometry": {
        "type": "LineString",
        "coordinates": [
          [
            2.7784896,
            39.5537664
          ],
          [
            2.7770828,
            39.5531552
          ]
        ]
      },
      "type": "Feature",
      "properties": {
        "name": "Cam\u00ed de Can Cota",
        "type": "residential",
        "slope": 60.59967409258465,
        "sun_diff": 0.8254188264234585,
        "length": 138.48490664210982
      }
    },
    {
      "geometry": {
        "type": "LineString",
        "coordinates": [
          [
            2.968292,
            39.5722005
          ],
          [
            2.9671227,
            39.5716809
          ]
        ]
      },
      "type": "Feature",
      "properties": {
        "name": "cam\u00ed de s'Amarador",
        "type": "unclassified",
        "slope": 60.03733398783686,
        "sun_diff": 0.2630787216756687,
        "length": 115.72034481647925
      }
    },
    {
      "geometry": {
        "type": "LineString",
        "coordinates": [
          [
            2.8963973,
            39.4910606
          ],
          [
            2.8978215,
            39.4904595
          ]
        ]
      },
      "type": "Feature",
      "properties": {
        "name": "Carrer del Pare Ripoll",
        "type": "residential",
        "slope": 118.67436936622178,
        "sun_diff": 1.5054318727938494,
        "length": 139.34076964165195
      }
    },
    {
      "geometry": {
        "type": "LineString",
        "coordinates": [
          [
            2.896033,
            39.4905951
          ],
          [
            2.8974676,
            39.4899709
          ]
        ]
      },
      "type": "Feature",
      "properties": {
        "name": "Carrer de Sant Francesc",
        "type": "residential",
        "slope": 119.41425621342836,
        "sun_diff": 0.7655450255872722,
        "length": 141.3694271123387
      }
    },
    {
      "geometry": {
        "type": "LineString",
        "coordinates": [
          [
            2.8974676,
            39.4899709
          ],
          [
            2.8991937,
            39.489231
          ]
        ]
      },
      "type": "Feature",
      "properties": {
        "name": "Carrer de Sant Francesc",
        "type": "residential",
        "slope": 119.04935363516893,
        "sun_diff": 1.1304476038467044,
        "length": 169.49118637256657
      }
    },
    {
      "geometry": {
        "type": "LineString",
        "coordinates": [
          [
            2.7432432,
            39.4938476
          ],
          [
            2.7446949,
            39.4945714
          ]
        ]
      },
      "type": "Feature",
      "properties": {
        "name": "Carrer de l'Ametller",
        "type": "residential",
        "slope": 57.13337797537346,
        "sun_diff": 2.6871313318470413,
        "length": 148.3520172166704
      }
    },
    {
      "geometry": {
        "type": "LineString",
        "coordinates": [
          [
            2.7446949,
            39.4945714
          ],
          [
            2.7460215,
            39.4952329
          ]
        ]
      },
      "type": "Feature",
      "properties": {
        "name": "Carrer de l'Ametller",
        "type": "residential",
        "slope": 57.1302336310969,
        "sun_diff": 2.690275676123605,
        "length": 135.57128179149365
      }
    },
    {
      "geometry": {
        "type": "LineString",
        "coordinates": [
          [
            2.8949897,
            39.4930308
          ],
          [
            2.897198,
            39.4921051
          ]
        ]
      },
      "type": "Feature",
      "properties": {
        "name": "Carrer de Sant Antoni",
        "type": "residential",
        "slope": 118.51064617114505,
        "sun_diff": 1.6691550678705767,
        "length": 215.71374766352315
      }
    },
    {
      "geometry": {
        "type": "LineString",
        "coordinates": [
          [
            2.897198,
            39.4921051
          ],
          [
            2.8985879,
            39.4915315
          ]
        ]
      },
      "type": "Feature",
      "properties": {
        "name": "Carrer de Sant Antoni",
        "type": "residential",
        "slope": 118.13651223929833,
        "sun_diff": 2.043288999717305,
        "length": 135.29422176998105
      }
    },
    {
      "geometry": {
        "type": "LineString",
        "coordinates": [
          [
            2.8953936,
            39.493378
          ],
          [
            2.8974342,
            39.4924361
          ]
        ]
      },
      "type": "Feature",
      "properties": {
        "name": "Carrer del Sol",
        "type": "residential",
        "slope": 120.88479464091643,
        "sun_diff": 0.7049934019007935,
        "length": 204.09915894384804
      }
    },
    {
      "geometry": {
        "type": "LineString",
        "coordinates": [
          [
            2.8951738,
            39.4921921
          ],
          [
            2.8967767,
            39.4915246
          ]
        ]
      },
      "type": "Feature",
      "properties": {
        "name": "Carrer de l'Orient",
        "type": "residential",
        "slope": 118.35206532314746,
        "sun_diff": 1.8277359158681747,
        "length": 156.34343254276496
      }
    },
    {
      "geometry": {
        "type": "LineString",
        "coordinates": [
          [
            2.8967767,
            39.4915246
          ],
          [
            2.8981745,
            39.4909556
          ]
        ]
      },
      "type": "Feature",
      "properties": {
        "name": "Carrer de l'Orient",
        "type": "residential",
        "slope": 117.81067818582261,
        "sun_diff": 2.3691230531930216,
        "length": 135.6539925439613
      }
    },
    {
      "geometry": {
        "type": "LineString",
        "coordinates": [
          [
            2.8981745,
            39.4909556
          ],
          [
            2.8994782,
            39.4903827
          ]
        ]
      },
      "type": "Feature",
      "properties": {
        "name": "Carrer de l'Orient",
        "type": "residential",
        "slope": 119.65818220890716,
        "sun_diff": 0.521619030108468,
        "length": 128.77973026977241
      }
    },
    {
      "geometry": {
        "type": "LineString",
        "coordinates": [
          [
            2.8903194,
            39.490447
          ],
          [
            2.8893224,
            39.4909376
          ]
        ]
      },
      "type": "Feature",
      "properties": {
        "name": "Carrer d'es Born",
        "type": "residential",
        "slope": 122.52286451940947,
        "sun_diff": 2.343063280393835,
        "length": 101.49893204779823
      }
    },
    {
      "geometry": {
        "type": "LineString",
        "coordinates": [
          [
            2.7763787,
            39.5532718
          ],
          [
            2.7743816,
            39.5523753
          ]
        ]
      },
      "type": "Feature",
      "properties": {
        "name": "Carrer de Cas Quitxero",
        "type": "residential",
        "slope": 59.792047834793976,
        "sun_diff": 0.017792568632785333,
        "length": 198.18953960588203
      }
    },
    {
      "geometry": {
        "type": "LineString",
        "coordinates": [
          [
            2.6919865,
            39.5507157
          ],
          [
            2.6929879,
            39.5511903
          ]
        ]
      },
      "type": "Feature",
      "properties": {
        "name": "Carrer de Minguela",
        "type": "residential",
        "slope": 58.422662969845334,
        "sun_diff": 1.3515922963158573,
        "length": 100.81144607281864
      }
    },
    {
      "geometry": {
        "type": "LineString",
        "coordinates": [
          [
            2.7627992,
            39.5056891
          ],
          [
            2.7642139,
            39.5062708
          ]
        ]
      },
      "type": "Feature",
      "properties": {
        "name": null,
        "type": "residential",
        "slope": 61.94563516971198,
        "sun_diff": 2.1251258624914726,
        "length": 137.57463017281574
      }
    },
    {
      "geometry": {
        "type": "LineString",
        "coordinates": [
          [
            2.6836505,
            39.5550397
          ],
          [
            2.6848069,
            39.5545512
          ]
        ]
      },
      "type": "Feature",
      "properties": {
        "name": "Carrer del Vicari Joaquim Fuster",
        "type": "residential",
        "slope": 118.71779636258654,
        "sun_diff": 1.5082725778667623,
        "length": 113.08238860329674
      }
    },
    {
      "geometry": {
        "type": "LineString",
        "coordinates": [
          [
            2.856944,
            39.3662927
          ],
          [
            2.8554967,
            39.3669238
          ]
        ]
      },
      "type": "Feature",
      "properties": {
        "name": "Carrer d'Alb\u00e9niz",
        "type": "residential",
        "slope": 119.42440479227508,
        "sun_diff": 0.7093882924913544,
        "length": 142.88823436694895
      }
    },
    {
      "geometry": {
        "type": "LineString",
        "coordinates": [
          [
            2.7496065,
            39.5172142
          ],
          [
            2.7479063,
            39.5164036
          ]
        ]
      },
      "type": "Feature",
      "properties": {
        "name": "carrer de la Missi\u00f3 de San Diego",
        "type": "residential",
        "slope": 58.283074414389205,
        "sun_diff": 1.5374348928312997,
        "length": 171.50196651363885
      }
    },
    {
      "geometry": {
        "type": "LineString",
        "coordinates": [
          [
            2.8937591,
            39.4902271
          ],
          [
            2.8951631,
            39.4896079
          ]
        ]
      },
      "type": "Feature",
      "properties": {
        "name": "Carrer del Cardenal Rossell",
        "type": "residential",
        "slope": 119.74663804934428,
        "sun_diff": 0.4331631896713475,
        "length": 138.81108885891402
      }
    },
    {
      "geometry": {
        "type": "LineString",
        "coordinates": [
          [
            2.7466306,
            39.5157814
          ],
          [
            2.7479063,
            39.5164036
          ]
        ]
      },
      "type": "Feature",
      "properties": {
        "name": "Carrer de la Missi\u00f3 de San Diego",
        "type": "residential",
        "slope": 57.69752959130926,
        "sun_diff": 2.1229797159112422,
        "length": 129.5076252804083
      }
    },
    {
      "geometry": {
        "type": "LineString",
        "coordinates": [
          [
            2.8712449,
            39.6471053
          ],
          [
            2.8691785,
            39.6461134
          ]
        ]
      },
      "type": "Feature",
      "properties": {
        "name": null,
        "type": "unclassified",
        "slope": 58.06082414630367,
        "sun_diff": 1.7134311198575176,
        "length": 208.55274690059804
      }
    },
    {
      "geometry": {
        "type": "LineString",
        "coordinates": [
          [
            2.8691785,
            39.6461134
          ],
          [
            2.866906,
            39.6449833
          ]
        ]
      },
      "type": "Feature",
      "properties": {
        "name": null,
        "type": "unclassified",
        "slope": 57.14459565143062,
        "sun_diff": 2.6296596147305706,
        "length": 231.69639851150637
      }
    },
    {
      "geometry": {
        "type": "LineString",
        "coordinates": [
          [
            2.862248,
            39.6443094
          ],
          [
            2.8609888,
            39.6437587
          ]
        ]
      },
      "type": "Feature",
      "properties": {
        "name": "carrer de Sant Joan",
        "type": "residential",
        "slope": 60.40532146228878,
        "sun_diff": 0.6310661961275912,
        "length": 124.03099516478999
      }
    },
    {
      "geometry": {
        "type": "LineString",
        "coordinates": [
          [
            2.6081664,
            39.598629
          ],
          [
            2.6093167,
            39.5981063
          ]
        ]
      },
      "type": "Feature",
      "properties": {
        "name": "Cam\u00ed de la Vileta",
        "type": "residential",
        "slope": 120.5289075308749,
        "sun_diff": 0.3028385904216009,
        "length": 114.4542506361807
      }
    },
    {
      "geometry": {
        "type": "LineString",
        "coordinates": [
          [
            2.7109146,
            39.593893
          ],
          [
            2.7121836,
            39.5944639
          ]
        ]
      },
      "type": "Feature",
      "properties": {
        "name": "Carrer\u00f3 de Cas Sereno",
        "type": "residential",
        "slope": 59.72249646699075,
        "sun_diff": 0.051758799170443126,
        "length": 125.94753037648258
      }
    },
    {
      "geometry": {
        "type": "LineString",
        "coordinates": [
          [
            2.7121836,
            39.5944639
          ],
          [
            2.7132309,
            39.5949115
          ]
        ]
      },
      "type": "Feature",
      "properties": {
        "name": "Carrer\u00f3 de Cas Sereno",
        "type": "residential",
        "slope": 60.985733346655024,
        "sun_diff": 1.2114780804938334,
        "length": 102.64698003078159
      }
    },
    {
      "geometry": {
        "type": "LineString",
        "coordinates": [
          [
            2.713,
            39.5952012
          ],
          [
            2.7119732,
            39.5947444
          ]
        ]
      },
      "type": "Feature",
      "properties": {
        "name": "Carrer del Cardenal Despuig",
        "type": "residential",
        "slope": 60.0006967962301,
        "sun_diff": 0.22644153006891088,
        "length": 101.62146491773369
      }
    },
    {
      "geometry": {
        "type": "LineString",
        "coordinates": [
          [
            2.7119732,
            39.5947444
          ],
          [
            2.7107102,
            39.5941715
          ]
        ]
      },
      "type": "Feature",
      "properties": {
        "name": "Carrer del Cardenal Despuig",
        "type": "residential",
        "slope": 59.51670917672274,
        "sun_diff": 0.25754608943844914,
        "length": 125.61600766596403
      }
    },
    {
      "geometry": {
        "type": "LineString",
        "coordinates": [
          [
            2.7085118,
            39.6048959
          ],
          [
            2.7095293,
            39.6053419
          ]
        ]
      },
      "type": "Feature",
      "properties": {
        "name": "Carrer de Dragonera",
        "type": "residential",
        "slope": 60.36343725157036,
        "sun_diff": 0.5891819854091693,
        "length": 100.32146576736368
      }
    },
    {
      "geometry": {
        "type": "LineString",
        "coordinates": [
          [
            2.7072362,
            39.6065969
          ],
          [
            2.7082503,
            39.6070514
          ]
        ]
      },
      "type": "Feature",
      "properties": {
        "name": "Carrer d'Eivissa",
        "type": "residential",
        "slope": 59.81239506552552,
        "sun_diff": 0.03813979936433043,
        "length": 100.53852266547462
      }
    },
    {
      "geometry": {
        "type": "LineString",
        "coordinates": [
          [
            2.6779426,
            39.5993996
          ],
          [
            2.679034,
            39.5999108
          ]
        ]
      },
      "type": "Feature",
      "properties": {
        "name": "Carrer de Cala Llombards",
        "type": "residential",
        "slope": 58.7049283878747,
        "sun_diff": 1.069326878286489,
        "length": 109.46448024937924
      }
    },
    {
      "geometry": {
        "type": "LineString",
        "coordinates": [
          [
            2.6738692,
            39.5938698
          ],
          [
            2.6758429,
            39.594856
          ]
        ]
      },
      "type": "Feature",
      "properties": {
        "name": "Carrer del Fluvi\u00e0",
        "type": "residential",
        "slope": 57.038908920398455,
        "sun_diff": 2.7353463457627356,
        "length": 201.6202633876095
      }
    },
    {
      "geometry": {
        "type": "LineString",
        "coordinates": [
          [
            2.6755745,
            39.5938884
          ],
          [
            2.6743359,
            39.5932692
          ]
        ]
      },
      "type": "Feature",
      "properties": {
        "name": "Carrer del Bidasoa",
        "type": "residential",
        "slope": 57.02649738677249,
        "sun_diff": 2.7477578793887005,
        "length": 126.54690752196193
      }
    },
    {
      "geometry": {
        "type": "LineString",
        "coordinates": [
          [
            2.755621,
            39.4385262
          ],
          [
            2.7567316,
            39.4390161
          ]
        ]
      },
      "type": "Feature",
      "properties": {
        "name": "carrer de Santa Vict\u00f2ria",
        "type": "residential",
        "slope": 60.26641948094519,
        "sun_diff": 0.3999020194754621,
        "length": 109.86933619399079
      }
    },
    {
      "geometry": {
        "type": "LineString",
        "coordinates": [
          [
            2.743988,
            39.4928349
          ],
          [
            2.7455335,
            39.4935894
          ]
        ]
      },
      "type": "Feature",
      "properties": {
        "name": null,
        "type": "pedestrian",
        "slope": 57.6816641833781,
        "sun_diff": 2.138845123842401,
        "length": 156.9765277331799
      }
    },
    {
      "geometry": {
        "type": "LineString",
        "coordinates": [
          [
            2.7408905,
            39.4938364
          ],
          [
            2.7419076,
            39.4942903
          ]
        ]
      },
      "type": "Feature",
      "properties": {
        "name": "Passeig de la Badia",
        "type": "pedestrian",
        "slope": 59.95911317355052,
        "sun_diff": 0.13860386633001553,
        "length": 100.85006379907783
      }
    },
    {
      "geometry": {
        "type": "LineString",
        "coordinates": [
          [
            2.7425366,
            39.4945355
          ],
          [
            2.7442798,
            39.495271
          ]
        ]
      },
      "type": "Feature",
      "properties": {
        "name": "Passeig de la Badia",
        "type": "pedestrian",
        "slope": 61.331752394658906,
        "sun_diff": 1.5112430874384017,
        "length": 170.53056225862457
      }
    },
    {
      "geometry": {
        "type": "LineString",
        "coordinates": [
          [
            2.9488987,
            39.369182
          ],
          [
            2.9477336,
            39.3696453
          ]
        ]
      },
      "type": "Feature",
      "properties": {
        "name": "Carrer Ullastre",
        "type": "residential",
        "slope": 117.22018776587723,
        "sun_diff": 2.9136053188892106,
        "length": 112.66210381576954
      }
    },
    {
      "geometry": {
        "type": "LineString",
        "coordinates": [
          [
            2.9477336,
            39.3696453
          ],
          [
            2.9454323,
            39.3706032
          ]
        ]
      },
      "type": "Feature",
      "properties": {
        "name": "Carrer Ullastre",
        "type": "residential",
        "slope": 118.29962861143511,
        "sun_diff": 1.8341644733313274,
        "length": 224.74489863116963
      }
    },
    {
      "geometry": {
        "type": "LineString",
        "coordinates": [
          [
            2.9454323,
            39.3706032
          ],
          [
            2.9427447,
            39.3716939
          ]
        ]
      },
      "type": "Feature",
      "properties": {
        "name": "Carrer Ullastre",
        "type": "residential",
        "slope": 117.69813960279137,
        "sun_diff": 2.4356534819750664,
        "length": 261.00613469082424
      }
    },
    {
      "geometry": {
        "type": "LineString",
        "coordinates": [
          [
            2.9420634,
            39.3707111
          ],
          [
            2.9433877,
            39.3701675
          ]
        ]
      },
      "type": "Feature",
      "properties": {
        "name": "Carrer de ses Mates",
        "type": "residential",
        "slope": 117.96737979910515,
        "sun_diff": 2.1664132856612923,
        "length": 128.93044051957003
      }
    },
    {
      "geometry": {
        "type": "LineString",
        "coordinates": [
          [
            2.9433877,
            39.3701675
          ],
          [
            2.944751,
            39.369608
          ]
        ]
      },
      "type": "Feature",
      "properties": {
        "name": "Carrer de ses Mates",
        "type": "residential",
        "slope": 117.96257719674739,
        "sun_diff": 2.1712158880190486,
        "length": 132.7225251849268
      }
    },
    {
      "geometry": {
        "type": "LineString",
        "coordinates": [
          [
            2.944751,
            39.369608
          ],
          [
            2.945857,
            39.3691462
          ]
        ]
      },
      "type": "Feature",
      "properties": {
        "name": "Carrer de ses Mates",
        "type": "residential",
        "slope": 118.37363918126442,
        "sun_diff": 1.7601539035020153,
        "length": 108.08860155894845
      }
    },
    {
      "geometry": {
        "type": "LineString",
        "coordinates": [
          [
            2.945857,
            39.3691462
          ],
          [
            2.9470255,
            39.3686583
          ]
        ]
      },
      "type": "Feature",
      "properties": {
        "name": "Carrer de ses Mates",
        "type": "residential",
        "slope": 118.37365382082163,
        "sun_diff": 1.760139263944808,
        "length": 114.19747970028861
      }
    },
    {
      "geometry": {
        "type": "LineString",
        "coordinates": [
          [
            2.9516537,
            39.3707323
          ],
          [
            2.9491713,
            39.3717478
          ]
        ]
      },
      "type": "Feature",
      "properties": {
        "name": "Carrer de sa Porrassa",
        "type": "residential",
        "slope": 117.8868514150644,
        "sun_diff": 2.246928009323696,
        "length": 241.49672725482623
      }
    },
    {
      "geometry": {
        "type": "LineString",
        "coordinates": [
          [
            2.9491713,
            39.3717478
          ],
          [
            2.9468665,
            39.372708
          ]
        ]
      },
      "type": "Feature",
      "properties": {
        "name": "Carrer de sa Porrassa",
        "type": "residential",
        "slope": 118.32136518308994,
        "sun_diff": 1.8124279016765001,
        "length": 225.12592843066224
      }
    },
    {
      "geometry": {
        "type": "LineString",
        "coordinates": [
          [
            2.9468665,
            39.372708
          ],
          [
            2.9441863,
            39.373795
          ]
        ]
      },
      "type": "Feature",
      "properties": {
        "name": "Carrer de sa Porrassa",
        "type": "residential",
        "slope": 117.68373922002488,
        "sun_diff": 2.4500538647415624,
        "length": 260.2453172359083
      }
    },
    {
      "geometry": {
        "type": "LineString",
        "coordinates": [
          [
            2.9434674,
            39.37275
          ],
          [
            2.9447871,
            39.3722109
          ]
        ]
      },
      "type": "Feature",
      "properties": {
        "name": "Carrer Estepa",
        "type": "residential",
        "slope": 117.85353100229722,
        "sun_diff": 2.2802620824692212,
        "length": 128.34367999621327
      }
    },
    {
      "geometry": {
        "type": "LineString",
        "coordinates": [
          [
            2.9447871,
            39.3722109
          ],
          [
            2.9461477,
            39.3716629
          ]
        ]
      },
      "type": "Feature",
      "properties": {
        "name": "Carrer Estepa",
        "type": "residential",
        "slope": 117.51985130192722,
        "sun_diff": 2.6139417828392197,
        "length": 131.9185824420438
      }
    },
    {
      "geometry": {
        "type": "LineString",
        "coordinates": [
          [
            2.9461477,
            39.3716629
          ],
          [
            2.9473098,
            39.3711755
          ]
        ]
      },
      "type": "Feature",
      "properties": {
        "name": "Carrer Estepa",
        "type": "residential",
        "slope": 118.48166289361103,
        "sun_diff": 1.6521301911554076,
        "length": 113.68386469005867
      }
    },
    {
      "geometry": {
        "type": "LineString",
        "coordinates": [
          [
            2.9473098,
            39.3711755
          ],
          [
            2.9484578,
            39.3706903
          ]
        ]
      },
      "type": "Feature",
      "properties": {
        "name": "Carrer Estepa",
        "type": "residential",
        "slope": 118.6664079642068,
        "sun_diff": 1.4673851205596407,
        "length": 112.50269159450703
      }
    },
    {
      "geometry": {
        "type": "LineString",
        "coordinates": [
          [
            2.9484578,
            39.3706903
          ],
          [
            2.9497628,
            39.3701581
          ]
        ]
      },
      "type": "Feature",
      "properties": {
        "name": "Carrer Estepa",
        "type": "residential",
        "slope": 117.81308476801314,
        "sun_diff": 2.320708316753297,
        "length": 126.87051386276246
      }
    },
    {
      "geometry": {
        "type": "LineString",
        "coordinates": [
          [
            2.9452753,
            39.3682878
          ],
          [
            2.9464501,
            39.3677984
          ]
        ]
      },
      "type": "Feature",
      "properties": {
        "name": "carrer de sa Gu\u00e0tlera",
        "type": "residential",
        "slope": 118.31811650759278,
        "sun_diff": 1.8156765771736616,
        "length": 114.75456783729985
      }
    },
    {
      "geometry": {
        "type": "LineString",
        "coordinates": [
          [
            2.9414612,
            39.3698264
          ],
          [
            2.9425877,
            39.3693702
          ]
        ]
      },
      "type": "Feature",
      "properties": {
        "name": "Carrer Morers",
        "type": "residential",
        "slope": 117.64761901821146,
        "sun_diff": 2.4861740665549803,
        "length": 109.35210374599828
      }
    },
    {
      "geometry": {
        "type": "LineString",
        "coordinates": [
          [
            2.9468438,
            39.3683868
          ],
          [
            2.9482031,
            39.3678367
          ]
        ]
      },
      "type": "Feature",
      "properties": {
        "name": "carrer des Tord",
        "type": "residential",
        "slope": 117.63095814243928,
        "sun_diff": 2.502834942327155,
        "length": 131.93330424492095
      }
    },
    {
      "geometry": {
        "type": "LineString",
        "coordinates": [
          [
            2.9421313,
            39.3686211
          ],
          [
            2.9436129,
            39.3679721
          ]
        ]
      },
      "type": "Feature",
      "properties": {
        "name": "Carrer Tonyina",
        "type": "residential",
        "slope": 119.53634797015476,
        "sun_diff": 0.5974451146116735,
        "length": 146.43302173160333
      }
    },
    {
      "geometry": {
        "type": "LineString",
        "coordinates": [
          [
            2.94334,
            39.3675416
          ],
          [
            2.9418255,
            39.368194
          ]
        ]
      },
      "type": "Feature",
      "properties": {
        "name": "Carrer de sa Carpa",
        "type": "residential",
        "slope": 119.12688106476409,
        "sun_diff": 1.0069120200023463,
        "length": 149.08537698843887
      }
    },
    {
      "geometry": {
        "type": "LineString",
        "coordinates": [
          [
            2.9418255,
            39.368194
          ],
          [
            2.9406159,
            39.3687273
          ]
        ]
      },
      "type": "Feature",
      "properties": {
        "name": "Carrer de sa Carpa",
        "type": "residential",
        "slope": 119.6962285683257,
        "sun_diff": 0.43756451644074446,
        "length": 119.73932678932397
      }
    },
    {
      "geometry": {
        "type": "LineString",
        "coordinates": [
          [
            2.6319103,
            39.5978316
          ],
          [
            2.6306711,
            39.5972409
          ]
        ]
      },
      "type": "Feature",
      "properties": {
        "name": "Carrer Pocomaco",
        "type": "residential",
        "slope": 58.2579881452495,
        "sun_diff": 1.5162671209116922,
        "length": 124.88849835941463
      }
    },
    {
      "geometry": {
        "type": "LineString",
        "coordinates": [
          [
            2.6185975,
            39.5944282
          ],
          [
            2.6174732,
            39.5948841
          ]
        ]
      },
      "type": "Feature",
      "properties": {
        "name": "carrer del Pilar",
        "type": "residential",
        "slope": 117.75466926004549,
        "sun_diff": 2.4713996804078135,
        "length": 108.89256272870949
      }
    },
    {
      "geometry": {
        "type": "LineString",
        "coordinates": [
          [
            2.6138146,
            39.5954572
          ],
          [
            2.6149646,
            39.5949863
          ]
        ]
      },
      "type": "Feature",
      "properties": {
        "name": "Carrer del Doctor Barberi",
        "type": "residential",
        "slope": 117.98605401367172,
        "sun_diff": 2.2400149267815834,
        "length": 111.61907061010146
      }
    },
    {
      "geometry": {
        "type": "LineString",
        "coordinates": [
          [
            2.6146369,
            39.5945112
          ],
          [
            2.6135004,
            39.594983
          ]
        ]
      },
      "type": "Feature",
      "properties": {
        "name": "Carrer de Concha Espina",
        "type": "residential",
        "slope": 118.3129967296311,
        "sun_diff": 1.9130722108222074,
        "length": 110.64665902918532
      }
    },
    {
      "geometry": {
        "type": "LineString",
        "coordinates": [
          [
            2.6136309,
            39.5920145
          ],
          [
            2.6120001,
            39.5913282
          ]
        ]
      },
      "type": "Feature",
      "properties": {
        "name": "Carrer de la Gigonya",
        "type": "residential",
        "slope": 61.36067748630077,
        "sun_diff": 1.586422220139582,
        "length": 159.26903678464245
      }
    },
    {
      "geometry": {
        "type": "LineString",
        "coordinates": [
          [
            2.8538421,
            39.4779572
          ],
          [
            2.8524065,
            39.4786522
          ]
        ]
      },
      "type": "Feature",
      "properties": {
        "name": "cam\u00ed des Palmer",
        "type": "unclassified",
        "slope": 122.09628786774701,
        "sun_diff": 1.916486628731377,
        "length": 145.4896559252922
      }
    },
    {
      "geometry": {
        "type": "LineString",
        "coordinates": [
          [
            2.6316801,
            39.614894
          ],
          [
            2.6305264,
            39.614426
          ]
        ]
      },
      "type": "Feature",
      "properties": {
        "name": "Carrer de Can Socies",
        "type": "residential",
        "slope": 62.22966199976776,
        "sun_diff": 2.4554067336065657,
        "length": 111.7240297242893
      }
    },
    {
      "geometry": {
        "type": "LineString",
        "coordinates": [
          [
            2.668051,
            39.5768841
          ],
          [
            2.666641,
            39.5762701
          ]
        ]
      },
      "type": "Feature",
      "properties": {
        "name": "Carrer del Bisbe Pascual",
        "type": "residential",
        "slope": 60.53513574327914,
        "sun_diff": 0.7608804771179507,
        "length": 138.84186512842962
      }
    },
    {
      "geometry": {
        "type": "LineString",
        "coordinates": [
          [
            2.6420316,
            39.6357898
          ],
          [
            2.6410029,
            39.6362581
          ]
        ]
      },
      "type": "Feature",
      "properties": {
        "name": "Carrer de Maria Agnesi",
        "type": "unclassified",
        "slope": 120.58859681608044,
        "sun_diff": 0.36252787562713706,
        "length": 102.36219766573775
      }
    },
    {
      "geometry": {
        "type": "LineString",
        "coordinates": [
          [
            2.957927,
            39.639092
          ],
          [
            2.959708,
            39.638208
          ]
        ]
      },
      "type": "Feature",
      "properties": {
        "name": "cam\u00ed des Rafalet",
        "type": "unclassified",
        "slope": 122.8032861531837,
        "sun_diff": 2.577217212730403,
        "length": 181.49619480201662
      }
    },
    {
      "geometry": {
        "type": "LineString",
        "coordinates": [
          [
            2.9498472,
            39.5660885
          ],
          [
            2.9509321,
            39.5656432
          ]
        ]
      },
      "type": "Feature",
      "properties": {
        "name": null,
        "type": "unclassified",
        "slope": 118.03245302629682,
        "sun_diff": 2.1936159141564815,
        "length": 105.39045521027862
      }
    },
    {
      "geometry": {
        "type": "LineString",
        "coordinates": [
          [
            2.9509321,
            39.5656432
          ],
          [
            2.9522113,
            39.5650774
          ]
        ]
      },
      "type": "Feature",
      "properties": {
        "name": null,
        "type": "unclassified",
        "slope": 119.84521015956258,
        "sun_diff": 0.3808587808907191,
        "length": 126.45949504249838
      }
    },
    {
      "geometry": {
        "type": "LineString",
        "coordinates": [
          [
            2.9522113,
            39.5650774
          ],
          [
            2.9540789,
            39.5642493
          ]
        ]
      },
      "type": "Feature",
      "properties": {
        "name": null,
        "type": "unclassified",
        "slope": 119.90613869434233,
        "sun_diff": 0.319930246110971,
        "length": 184.7424640694534
      }
    },
    {
      "geometry": {
        "type": "LineString",
        "coordinates": [
          [
            2.6371755,
            39.6313766
          ],
          [
            2.6382172,
            39.6308953
          ]
        ]
      },
      "type": "Feature",
      "properties": {
        "name": "Cam\u00ed de Can Canet",
        "type": "residential",
        "slope": 120.96001292212318,
        "sun_diff": 0.7339439816698814,
        "length": 104.06424497913801
      }
    },
    {
      "geometry": {
        "type": "LineString",
        "coordinates": [
          [
            2.6382172,
            39.6308953
          ],
          [
            2.6396665,
            39.6302417
          ]
        ]
      },
      "type": "Feature",
      "properties": {
        "name": "Cam\u00ed de Can Canet",
        "type": "residential",
        "slope": 120.35107160544896,
        "sun_diff": 0.12500266499566237,
        "length": 143.87490823740822
      }
    },
    {
      "geometry": {
        "type": "LineString",
        "coordinates": [
          [
            2.6386536,
            39.6262902
          ],
          [
            2.6373192,
            39.6268836
          ]
        ]
      },
      "type": "Feature",
      "properties": {
        "name": "Cam\u00ed de Can Manuel",
        "type": "residential",
        "slope": 120.00061045493692,
        "sun_diff": 0.22545848551638414,
        "length": 132.00555458000085
      }
    },
    {
      "geometry": {
        "type": "LineString",
        "coordinates": [
          [
            2.6373192,
            39.6268836
          ],
          [
            2.635911,
            39.6275365
          ]
        ]
      },
      "type": "Feature",
      "properties": {
        "name": "Cam\u00ed de Can Manuel",
        "type": "residential",
        "slope": 121.04668651162186,
        "sun_diff": 0.8206175711685546,
        "length": 140.81266384432848
      }
    },
    {
      "geometry": {
        "type": "LineString",
        "coordinates": [
          [
            2.6399502,
            39.5626518
          ],
          [
            2.6412152,
            39.5632852
          ]
        ]
      },
      "type": "Feature",
      "properties": {
        "name": null,
        "type": "service",
        "slope": 56.9963848381708,
        "sun_diff": 2.7778704279903934,
        "length": 129.3450408254764
      }
    },
    {
      "geometry": {
        "type": "LineString",
        "coordinates": [
          [
            2.6432789,
            39.566017
          ],
          [
            2.6421616,
            39.5654573
          ]
        ]
      },
      "type": "Feature",
      "properties": {
        "name": "Carrer del Moll Vell",
        "type": "service",
        "slope": 56.98363290789166,
        "sun_diff": 2.7906223582695304,
        "length": 114.25510650898661
      }
    },
    {
      "geometry": {
        "type": "LineString",
        "coordinates": [
          [
            2.6130014,
            39.6048383
          ],
          [
            2.6115406,
            39.6054726
          ]
        ]
      },
      "type": "Feature",
      "properties": {
        "name": "Cam\u00ed de Bellagre",
        "type": "residential",
        "slope": 119.40488440289383,
        "sun_diff": 0.8211845375594748,
        "length": 143.69956559916363
      }
    },
    {
      "geometry": {
        "type": "LineString",
        "coordinates": [
          [
            2.8619466,
            39.4956397
          ],
          [
            2.8604836,
            39.4950479
          ]
        ]
      },
      "type": "Feature",
      "properties": {
        "name": null,
        "type": "unclassified",
        "slope": 62.336654912561045,
        "sun_diff": 2.51614560534054,
        "length": 141.78131848409888
      }
    },
    {
      "geometry": {
        "type": "LineString",
        "coordinates": [
          [
            2.6795144,
            39.5995081
          ],
          [
            2.6783168,
            39.5989533
          ]
        ]
      },
      "type": "Feature",
      "properties": {
        "name": null,
        "type": "service",
        "slope": 58.984606899847705,
        "sun_diff": 0.7896483663134859,
        "length": 119.76309191442601
      }
    },
    {
      "geometry": {
        "type": "LineString",
        "coordinates": [
          [
            2.6750271,
            39.6145649
          ],
          [
            2.6711326,
            39.6129484
          ]
        ]
      },
      "type": "Feature",
      "properties": {
        "name": "Carrer de Ca n'Enric",
        "type": "residential",
        "slope": 61.684349436136046,
        "sun_diff": 1.9100941699748546,
        "length": 379.0649806959445
      }
    },
    {
      "geometry": {
        "type": "LineString",
        "coordinates": [
          [
            2.6804969,
            39.5968417
          ],
          [
            2.6815093,
            39.5973391
          ]
        ]
      },
      "type": "Feature",
      "properties": {
        "name": "Carrer de Cala Mendia",
        "type": "residential",
        "slope": 57.47790467714245,
        "sun_diff": 2.2963505890187434,
        "length": 102.90793726187016
      }
    },
    {
      "geometry": {
        "type": "LineString",
        "coordinates": [
          [
            2.7213108,
            39.5540562
          ],
          [
            2.7201338,
            39.5545472
          ]
        ]
      },
      "type": "Feature",
      "properties": {
        "name": null,
        "type": "tertiary",
        "slope": 118.41575512107417,
        "sun_diff": 1.8103138193791324,
        "length": 114.76757938552048
      }
    },
    {
      "geometry": {
        "type": "LineString",
        "coordinates": [
          [
            2.6161198,
            39.6354382
          ],
          [
            2.6149547,
            39.6349158
          ]
        ]
      },
      "type": "Feature",
      "properties": {
        "name": "Cam\u00ed del Forn del Vidre",
        "type": "residential",
        "slope": 59.791649345823885,
        "sun_diff": 0.017394079662693684,
        "length": 115.48598585738489
      }
    },
    {
      "geometry": {
        "type": "LineString",
        "coordinates": [
          [
            2.7742051,
            39.6551753
          ],
          [
            2.776616,
            39.6561632
          ]
        ]
      },
      "type": "Feature",
      "properties": {
        "name": "Cam\u00ed de sa Pedrera",
        "type": "unclassified",
        "slope": 61.976377135952475,
        "sun_diff": 2.2486764391740905,
        "length": 233.87877306770542
      }
    },
    {
      "geometry": {
        "type": "LineString",
        "coordinates": [
          [
            2.9022741,
            39.647149
          ],
          [
            2.9033488,
            39.6475771
          ]
        ]
      },
      "type": "Feature",
      "properties": {
        "name": "carrer dels Bons Aires",
        "type": "residential",
        "slope": 62.645644822014845,
        "sun_diff": 2.8713895558536535,
        "length": 103.63090269215007
      }
    },
    {
      "geometry": {
        "type": "LineString",
        "coordinates": [
          [
            2.8271203,
            39.4991695
          ],
          [
            2.8288155,
            39.4998981
          ]
        ]
      },
      "type": "Feature",
      "properties": {
        "name": "cam\u00ed de sa Talaia Romanina",
        "type": "unclassified",
        "slope": 60.88183777397444,
        "sun_diff": 1.0613284667539347,
        "length": 166.54403326359335
      }
    },
    {
      "geometry": {
        "type": "LineString",
        "coordinates": [
          [
            2.886601,
            39.4872032
          ],
          [
            2.8881363,
            39.4864423
          ]
        ]
      },
      "type": "Feature",
      "properties": {
        "name": "Carrer de Francesc Aulet",
        "type": "residential",
        "slope": 122.70697428747306,
        "sun_diff": 2.5271730484574277,
        "length": 156.6310502893935
      }
    },
    {
      "geometry": {
        "type": "LineString",
        "coordinates": [
          [
            2.8888824,
            39.6220267
          ],
          [
            2.8901066,
            39.6226271
          ]
        ]
      },
      "type": "Feature",
      "properties": {
        "name": null,
        "type": "unclassified",
        "slope": 57.51417839459609,
        "sun_diff": 2.2600768715651043,
        "length": 124.34133528583428
      }
    },
    {
      "geometry": {
        "type": "LineString",
        "coordinates": [
          [
            2.8903774,
            39.4891883
          ],
          [
            2.8891909,
            39.4897498
          ]
        ]
      },
      "type": "Feature",
      "properties": {
        "name": "Carrer dels Pescadors",
        "type": "residential",
        "slope": 121.51720076923215,
        "sun_diff": 1.3373995302165156,
        "length": 119.47430993590643
      }
    },
    {
      "geometry": {
        "type": "LineString",
        "coordinates": [
          [
            2.9152711,
            39.6034449
          ],
          [
            2.9168584,
            39.6027798
          ]
        ]
      },
      "type": "Feature",
      "properties": {
        "name": "cam\u00ed de Son Bou",
        "type": "unclassified",
        "slope": 118.53879015955485,
        "sun_diff": 1.6872787808984526,
        "length": 154.84694240198382
      }
    },
    {
      "geometry": {
        "type": "LineString",
        "coordinates": [
          [
            2.923969,
            39.6008217
          ],
          [
            2.9256722,
            39.6016457
          ]
        ]
      },
      "type": "Feature",
      "properties": {
        "name": "carrer de ses Eres",
        "type": "residential",
        "slope": 57.87521145493409,
        "sun_diff": 1.8990438112271022,
        "length": 172.35765510077658
      }
    },
    {
      "geometry": {
        "type": "LineString",
        "coordinates": [
          [
            2.8978215,
            39.4904595
          ],
          [
            2.8996177,
            39.4897032
          ]
        ]
      },
      "type": "Feature",
      "properties": {
        "name": "Carrer de Pere de Son Gall",
        "type": "residential",
        "slope": 118.61658630899132,
        "sun_diff": 1.5632149300243157,
        "length": 175.64145030925332
      }
    },
    {
      "geometry": {
        "type": "LineString",
        "coordinates": [
          [
            2.7317951,
            39.6218778
          ],
          [
            2.7330305,
            39.6212795
          ]
        ]
      },
      "type": "Feature",
      "properties": {
        "name": "Carrer d'en Gaspar Benn\u00e0sar",
        "type": "residential",
        "slope": 122.15884282297304,
        "sun_diff": 1.93277388251974,
        "length": 125.0283058045644
      }
    },
    {
      "geometry": {
        "type": "LineString",
        "coordinates": [
          [
            2.6766845,
            39.6348019
          ],
          [
            2.6746892,
            39.6339819
          ]
        ]
      },
      "type": "Feature",
      "properties": {
        "name": null,
        "type": "service",
        "slope": 61.91436217202423,
        "sun_diff": 2.1401069058630355,
        "length": 193.73371973807772
      }
    },
    {
      "geometry": {
        "type": "LineString",
        "coordinates": [
          [
            2.6767536,
            39.6347768
          ],
          [
            2.6747695,
            39.6339624
          ]
        ]
      },
      "type": "Feature",
      "properties": {
        "name": "Cam\u00ed del Roman\u00ed",
        "type": "unclassified",
        "slope": 61.943480285353814,
        "sun_diff": 2.1692250191926234,
        "length": 192.59410985626488
      }
    },
    {
      "geometry": {
        "type": "LineString",
        "coordinates": [
          [
            2.6747695,
            39.6339624
          ],
          [
            2.6736609,
            39.6335042
          ]
        ]
      },
      "type": "Feature",
      "properties": {
        "name": "Cam\u00ed del Roman\u00ed",
        "type": "unclassified",
        "slope": 61.778714174028295,
        "sun_diff": 2.004458907867104,
        "length": 107.77698073096008
      }
    },
    {
      "geometry": {
        "type": "LineString",
        "coordinates": [
          [
            2.6736609,
            39.6335042
          ],
          [
            2.6716516,
            39.6326736
          ]
        ]
      },
      "type": "Feature",
      "properties": {
        "name": "Cam\u00ed del Roman\u00ed",
        "type": "unclassified",
        "slope": 61.77532142719525,
        "sun_diff": 2.0010661610340605,
        "length": 195.35027752787641
      }
    },
    {
      "geometry": {
        "type": "LineString",
        "coordinates": [
          [
            2.6716516,
            39.6326736
          ],
          [
            2.6702453,
            39.6320897
          ]
        ]
      },
      "type": "Feature",
      "properties": {
        "name": "Cam\u00ed del Roman\u00ed",
        "type": "unclassified",
        "slope": 61.67020988827056,
        "sun_diff": 1.8959546221093717,
        "length": 136.86111769907575
      }
    },
    {
      "geometry": {
        "type": "LineString",
        "coordinates": [
          [
            2.8358607,
            39.4548128
          ],
          [
            2.8369034,
            39.4542915
          ]
        ]
      },
      "type": "Feature",
      "properties": {
        "name": "Carrer\u00f3 de Cas Frares",
        "type": "service",
        "slope": 122.92288550469232,
        "sun_diff": 2.7430842656766856,
        "length": 106.68429878370128
      }
    },
    {
      "geometry": {
        "type": "LineString",
        "coordinates": [
          [
            2.7019981,
            39.5919656
          ],
          [
            2.7007767,
            39.5913804
          ]
        ]
      },
      "type": "Feature",
      "properties": {
        "name": "Cam\u00ed de Can Mas",
        "type": "residential",
        "slope": 58.12892666581081,
        "sun_diff": 1.645328600350382,
        "length": 123.27710305142647
      }
    },
    {
      "geometry": {
        "type": "LineString",
        "coordinates": [
          [
            2.627683,
            39.6296916
          ],
          [
            2.6264465,
            39.6302864
          ]
        ]
      },
      "type": "Feature",
      "properties": {
        "name": "Cam\u00ed del Collet",
        "type": "unclassified",
        "slope": 121.98799678789774,
        "sun_diff": 1.76192784744444,
        "length": 124.89053267826284
      }
    },
    {
      "geometry": {
        "type": "LineString",
        "coordinates": [
          [
            2.8076923,
            39.597342
          ],
          [
            2.8058628,
            39.5965943
          ]
        ]
      },
      "type": "Feature",
      "properties": {
        "name": null,
        "type": "residential",
        "slope": 62.05906757446809,
        "sun_diff": 2.284812308306897,
        "length": 177.49275973692426
      }
    },
    {
      "geometry": {
        "type": "LineString",
        "coordinates": [
          [
            2.7487223,
            39.515419
          ],
          [
            2.7474054,
            39.51478
          ]
        ]
      },
      "type": "Feature",
      "properties": {
        "name": "Prolongaci\u00f3 Carrer de las Ca\u00f1as",
        "type": "residential",
        "slope": 57.831074265567224,
        "sun_diff": 1.9894350416532802,
        "length": 133.49610107889927
      }
    },
    {
      "geometry": {
        "type": "LineString",
        "coordinates": [
          [
            2.892113,
            39.4896107
          ],
          [
            2.8909955,
            39.4901502
          ]
        ]
      },
      "type": "Feature",
      "properties": {
        "name": "Carrer dels Bons Aires",
        "type": "residential",
        "slope": 122.02888658017386,
        "sun_diff": 1.8490853411582293,
        "length": 113.14986265621398
      }
    },
    {
      "geometry": {
        "type": "LineString",
        "coordinates": [
          [
            2.8917139,
            39.4958809
          ],
          [
            2.8934628,
            39.4951166
          ]
        ]
      },
      "type": "Feature",
      "properties": {
        "name": "Ronda Antoni Ramis",
        "type": "residential",
        "slope": 119.52376886046915,
        "sun_diff": 0.6560323785464846,
        "length": 172.51474799142642
      }
    },
    {
      "geometry": {
        "type": "LineString",
        "coordinates": [
          [
            2.8936984,
            39.4950143
          ],
          [
            2.8948684,
            39.4945067
          ]
        ]
      },
      "type": "Feature",
      "properties": {
        "name": "Ronda Antoni Ramis",
        "type": "residential",
        "slope": 119.34495008489264,
        "sun_diff": 0.8348511541229868,
        "length": 115.20908079628245
      }
    },
    {
      "geometry": {
        "type": "LineString",
        "coordinates": [
          [
            2.8948684,
            39.4945067
          ],
          [
            2.8960869,
            39.493978
          ]
        ]
      },
      "type": "Feature",
      "properties": {
        "name": "Ronda Antoni Ramis",
        "type": "residential",
        "slope": 119.3474706007691,
        "sun_diff": 0.8323306382465319,
        "length": 119.98870821699268
      }
    },
    {
      "geometry": {
        "type": "LineString",
        "coordinates": [
          [
            2.8933455,
            39.4896737
          ],
          [
            2.8947835,
            39.4890397
          ]
        ]
      },
      "type": "Feature",
      "properties": {
        "name": "Carrer de Santa C\u00e0ndida",
        "type": "residential",
        "slope": 119.73885161878124,
        "sun_diff": 0.44094962023439166,
        "length": 142.1627219630446
      }
    },
    {
      "geometry": {
        "type": "LineString",
        "coordinates": [
          [
            2.8945803,
            39.4953896
          ],
          [
            2.8957846,
            39.4959551
          ]
        ]
      },
      "type": "Feature",
      "properties": {
        "name": "Carrer de Sor Teresa Vanrell",
        "type": "residential",
        "slope": 58.67913505117531,
        "sun_diff": 1.1413742560451965,
        "length": 121.0023055449027
      }
    },
    {
      "geometry": {
        "type": "LineString",
        "coordinates": [
          [
            2.7283703,
            39.5619779
          ],
          [
            2.7272518,
            39.5614851
          ]
        ]
      },
      "type": "Feature",
      "properties": {
        "name": "Cam\u00ed de Muntanya",
        "type": "unclassified",
        "slope": 60.25220290020431,
        "sun_diff": 0.4779476340431188,
        "length": 110.47113955405136
      }
    },
    {
      "geometry": {
        "type": "LineString",
        "coordinates": [
          [
            2.9254974,
            39.6028438
          ],
          [
            2.9243515,
            39.6022906
          ]
        ]
      },
      "type": "Feature",
      "properties": {
        "name": null,
        "type": "unclassified",
        "slope": 57.92996951500112,
        "sun_diff": 1.844285751160072,
        "length": 115.88952032063698
      }
    },
    {
      "geometry": {
        "type": "LineString",
        "coordinates": [
          [
            2.9218935,
            39.600922
          ],
          [
            2.9207928,
            39.6004732
          ]
        ]
      },
      "type": "Feature",
      "properties": {
        "name": "Passatge de Son Bou Gorreu",
        "type": "residential",
        "slope": 62.11292098461655,
        "sun_diff": 2.33866571845536,
        "length": 106.72774744583825
      }
    },
    {
      "geometry": {
        "type": "LineString",
        "coordinates": [
          [
            2.6304948,
            39.599721
          ],
          [
            2.6293872,
            39.599181
          ]
        ]
      },
      "type": "Feature",
      "properties": {
        "name": "Carrer d'Asival",
        "type": "residential",
        "slope": 57.67680957549368,
        "sun_diff": 2.097445690667513,
        "length": 112.33321306622969
      }
    },
    {
      "geometry": {
        "type": "LineString",
        "coordinates": [
          [
            2.6285586,
            39.5987812
          ],
          [
            2.6275348,
            39.5982779
          ]
        ]
      },
      "type": "Feature",
      "properties": {
        "name": "Carrer d'Asival",
        "type": "residential",
        "slope": 57.462111220374425,
        "sun_diff": 2.3121440457867664,
        "length": 104.0830712176246
      }
    },
    {
      "geometry": {
        "type": "LineString",
        "coordinates": [
          [
            2.7226288,
            39.5428267
          ],
          [
            2.7237516,
            39.5433583
          ]
        ]
      },
      "type": "Feature",
      "properties": {
        "name": null,
        "type": "service",
        "slope": 58.45129452717498,
        "sun_diff": 1.3692147800455245,
        "length": 113.01094070518855
      }
    },
    {
      "geometry": {
        "type": "LineString",
        "coordinates": [
          [
            2.723919,
            39.5434377
          ],
          [
            2.7252329,
            39.5440574
          ]
        ]
      },
      "type": "Feature",
      "properties": {
        "name": null,
        "type": "service",
        "slope": 58.54880190178193,
        "sun_diff": 1.2717074054385762,
        "length": 132.1062335624912
      }
    },
    {
      "geometry": {
        "type": "LineString",
        "coordinates": [
          [
            2.7263951,
            39.5452285
          ],
          [
            2.7252901,
            39.544701
          ]
        ]
      },
      "type": "Feature",
      "properties": {
        "name": null,
        "type": "service",
        "slope": 58.23995292025464,
        "sun_diff": 1.580556386965867,
        "length": 111.46978910985804
      }
    },
    {
      "geometry": {
        "type": "LineString",
        "coordinates": [
          [
            2.6753652,
            39.5812357
          ],
          [
            2.6763891,
            39.5817341
          ]
        ]
      },
      "type": "Feature",
      "properties": {
        "name": "Carrer de Miguel de Unamuno",
        "type": "residential",
        "slope": 57.724460694935345,
        "sun_diff": 2.0497945712258456,
        "length": 103.81644168392563
      }
    },
    {
      "geometry": {
        "type": "LineString",
        "coordinates": [
          [
            2.6767419,
            39.5813867
          ],
          [
            2.6757448,
            39.580901
          ]
        ]
      },
      "type": "Feature",
      "properties": {
        "name": "Carrer de Juan Ram\u00f3n Jim\u00e9nez",
        "type": "residential",
        "slope": 57.70636993937134,
        "sun_diff": 2.067885326789849,
        "length": 101.11997765228436
      }
    },
    {
      "geometry": {
        "type": "LineString",
        "coordinates": [
          [
            2.6152181,
            39.5953844
          ],
          [
            2.6141391,
            39.5958469
          ]
        ]
      },
      "type": "Feature",
      "properties": {
        "name": "Cam\u00ed de la Vileta",
        "type": "residential",
        "slope": 119.08579111676087,
        "sun_diff": 1.1402778236924291,
        "length": 105.82586402352739
      }
    },
    {
      "geometry": {
        "type": "LineString",
        "coordinates": [
          [
            2.7385892,
            39.5405334
          ],
          [
            2.7375476,
            39.5400427
          ]
        ]
      },
      "type": "Feature",
      "properties": {
        "name": "carrer del Camp Franc",
        "type": "residential",
        "slope": 58.57987086462239,
        "sun_diff": 1.2406384425981116,
        "length": 104.69853689025302
      }
    },
    {
      "geometry": {
        "type": "LineString",
        "coordinates": [
          [
            2.7557027,
            39.6172874
          ],
          [
            2.7544474,
            39.6178339
          ]
        ]
      },
      "type": "Feature",
      "properties": {
        "name": "Carrer de Jaume I",
        "type": "residential",
        "slope": 119.47356514568585,
        "sun_diff": 0.7525037947674491,
        "length": 123.5458826501675
      }
    },
    {
      "geometry": {
        "type": "LineString",
        "coordinates": [
          [
            2.7541249,
            39.6179743
          ],
          [
            2.7530321,
            39.6184594
          ]
        ]
      },
      "type": "Feature",
      "properties": {
        "name": "Carrer de Jaume I",
        "type": "residential",
        "slope": 119.9535719430813,
        "sun_diff": 0.27249699737200217,
        "length": 108.0671779686211
      }
    },
    {
      "geometry": {
        "type": "LineString",
        "coordinates": [
          [
            2.7526861,
            39.618613
          ],
          [
            2.7512726,
            39.6192418
          ]
        ]
      },
      "type": "Feature",
      "properties": {
        "name": "Carrer de Jaume I",
        "type": "residential",
        "slope": 120.00673794243744,
        "sun_diff": 0.2193309980158631,
        "length": 139.85462904273686
      }
    },
    {
      "geometry": {
        "type": "LineString",
        "coordinates": [
          [
            2.7478431,
            39.6201912
          ],
          [
            2.7496034,
            39.6193857
          ]
        ]
      },
      "type": "Feature",
      "properties": {
        "name": "Carrer de Can Putxet",
        "type": "residential",
        "slope": 120.71227587870573,
        "sun_diff": 0.48620693825242256,
        "length": 175.42683641827426
      }
    },
    {
      "geometry": {
        "type": "LineString",
        "coordinates": [
          [
            2.6078559,
            39.5809039
          ],
          [
            2.6089546,
            39.581352
          ]
        ]
      },
      "type": "Feature",
      "properties": {
        "name": null,
        "type": "service",
        "slope": 62.113353235680535,
        "sun_diff": 2.3390979695193437,
        "length": 106.56334066742566
      }
    },
    {
      "geometry": {
        "type": "LineString",
        "coordinates": [
          [
            2.5921326,
            39.5929585
          ],
          [
            2.5911327,
            39.5934322
          ]
        ]
      },
      "type": "Feature",
      "properties": {
        "name": null,
        "type": "path",
        "slope": 121.5827102680631,
        "sun_diff": 1.3566413276097933,
        "length": 100.60492458936646
      }
    },
    {
      "geometry": {
        "type": "LineString",
        "coordinates": [
          [
            2.9754257,
            39.5641228
          ],
          [
            2.9741666,
            39.5635199
          ]
        ]
      },
      "type": "Feature",
      "properties": {
        "name": "Carrer de Palma",
        "type": "tertiary",
        "slope": 58.1547079464782,
        "sun_diff": 1.6195473196829937,
        "length": 127.0977352054097
      }
    },
    {
      "geometry": {
        "type": "LineString",
        "coordinates": [
          [
            2.9741666,
            39.5635199
          ],
          [
            2.9721264,
            39.5625328
          ]
        ]
      },
      "type": "Feature",
      "properties": {
        "name": "Carrer de Palma",
        "type": "tertiary",
        "slope": 57.88817768083419,
        "sun_diff": 1.8860775853270013,
        "length": 206.54610566421132
      }
    },
    {
      "geometry": {
        "type": "LineString",
        "coordinates": [
          [
            2.7082785,
            39.6329037
          ],
          [
            2.7048372,
            39.6312774
          ]
        ]
      },
      "type": "Feature",
      "properties": {
        "name": "carrer dels Garrovers",
        "type": "residential",
        "slope": 58.46619787042957,
        "sun_diff": 1.3080573957316233,
        "length": 345.8719229695047
      }
    },
    {
      "geometry": {
        "type": "LineString",
        "coordinates": [
          [
            2.7048372,
            39.6312774
          ],
          [
            2.7029554,
            39.630369
          ]
        ]
      },
      "type": "Feature",
      "properties": {
        "name": "carrer dels Garrovers",
        "type": "residential",
        "slope": 57.92139865936082,
        "sun_diff": 1.8528566068003727,
        "length": 190.25437400859028
      }
    },
    {
      "geometry": {
        "type": "LineString",
        "coordinates": [
          [
            2.7027487,
            39.634025
          ],
          [
            2.7040071,
            39.6345293
          ]
        ]
      },
      "type": "Feature",
      "properties": {
        "name": "carrer Camamil\u00b7la",
        "type": "residential",
        "slope": 62.50917794784476,
        "sun_diff": 2.734922681683571,
        "length": 121.51770659807534
      }
    },
    {
      "geometry": {
        "type": "LineString",
        "coordinates": [
          [
            2.7024439,
            39.6363217
          ],
          [
            2.7054354,
            39.6377434
          ]
        ]
      },
      "type": "Feature",
      "properties": {
        "name": "carrer Bellaombra",
        "type": "residential",
        "slope": 58.32007736915443,
        "sun_diff": 1.4541778970067583,
        "length": 301.11313050226397
      }
    },
    {
      "geometry": {
        "type": "LineString",
        "coordinates": [
          [
            2.7017115,
            39.6371614
          ],
          [
            2.7047402,
            39.6386322
          ]
        ]
      },
      "type": "Feature",
      "properties": {
        "name": "carrer Fasser",
        "type": "residential",
        "slope": 57.764129591757836,
        "sun_diff": 2.010125674403355,
        "length": 306.70465410181595
      }
    },
    {
      "geometry": {
        "type": "LineString",
        "coordinates": [
          [
            2.7444274,
            39.5500581
          ],
          [
            2.7454579,
            39.550544
          ]
        ]
      },
      "type": "Feature",
      "properties": {
        "name": null,
        "type": "service",
        "slope": 58.5534808909338,
        "sun_diff": 1.2207743752273927,
        "length": 103.59681435589859
      }
    },
    {
      "geometry": {
        "type": "LineString",
        "coordinates": [
          [
            2.745746,
            39.5506778
          ],
          [
            2.7468072,
            39.5511813
          ]
        ]
      },
      "type": "Feature",
      "properties": {
        "name": null,
        "type": "service",
        "slope": 58.39428588305583,
        "sun_diff": 1.3799693831053617,
        "length": 106.86411739594348
      }
    },
    {
      "geometry": {
        "type": "LineString",
        "coordinates": [
          [
            2.7468072,
            39.5511813
          ],
          [
            2.7482325,
            39.5518349
          ]
        ]
      },
      "type": "Feature",
      "properties": {
        "name": null,
        "type": "service",
        "slope": 59.258546818789455,
        "sun_diff": 0.5157084473717362,
        "length": 142.22430851585585
      }
    },
    {
      "geometry": {
        "type": "LineString",
        "coordinates": [
          [
            2.7482325,
            39.5518349
          ],
          [
            2.7494558,
            39.5524093
          ]
        ]
      },
      "type": "Feature",
      "properties": {
        "name": null,
        "type": "service",
        "slope": 58.65941248502901,
        "sun_diff": 1.1148427811321824,
        "length": 122.83720080192738
      }
    },
    {
      "geometry": {
        "type": "LineString",
        "coordinates": [
          [
            2.7452,
            39.5575719
          ],
          [
            2.7439984,
            39.5580709
          ]
        ]
      },
      "type": "Feature",
      "properties": {
        "name": null,
        "type": "service",
        "slope": 118.30863745314417,
        "sun_diff": 1.9174314873091305,
        "length": 117.04215726795277
      }
    },
    {
      "geometry": {
        "type": "LineString",
        "coordinates": [
          [
            2.736065,
            39.5563004
          ],
          [
            2.7390122,
            39.5576976
          ]
        ]
      },
      "type": "Feature",
      "properties": {
        "name": null,
        "type": "service",
        "slope": 58.412682585522276,
        "sun_diff": 1.3615726806389148,
        "length": 296.70149252519633
      }
    },
    {
      "geometry": {
        "type": "LineString",
        "coordinates": [
          [
            2.8427144,
            39.3962213
          ],
          [
            2.841554,
            39.3967706
          ]
        ]
      },
      "type": "Feature",
      "properties": {
        "name": "Carretera dels Presos",
        "type": "tertiary",
        "slope": 121.49016648814884,
        "sun_diff": 1.3563734033824062,
        "length": 116.96843599186252
      }
    },
    {
      "geometry": {
        "type": "LineString",
        "coordinates": [
          [
            2.841554,
            39.3967706
          ],
          [
            2.8398264,
            39.3975884
          ]
        ]
      },
      "type": "Feature",
      "properties": {
        "name": "Carretera dels Presos",
        "type": "tertiary",
        "slope": 121.49058507910536,
        "sun_diff": 1.35679199433892,
        "length": 174.14123424763295
      }
    },
    {
      "geometry": {
        "type": "LineString",
        "coordinates": [
          [
            2.8407252,
            39.3658846
          ],
          [
            2.8392884,
            39.365302
          ]
        ]
      },
      "type": "Feature",
      "properties": {
        "name": "Carrer de Garonda",
        "type": "residential",
        "slope": 62.323913130079774,
        "sun_diff": 2.4573956686100473,
        "length": 139.51803899867994
      }
    },
    {
      "geometry": {
        "type": "LineString",
        "coordinates": [
          [
            2.8887868,
            39.4905932
          ],
          [
            2.8907679,
            39.4897445
          ]
        ]
      },
      "type": "Feature",
      "properties": {
        "name": "Carrer d'es Vall",
        "type": "residential",
        "slope": 119.03501608396877,
        "sun_diff": 1.1447851550468613,
        "length": 194.5018570708744
      }
    },
    {
      "geometry": {
        "type": "LineString",
        "coordinates": [
          [
            2.8913507,
            39.4894553
          ],
          [
            2.8926756,
            39.4887989
          ]
        ]
      },
      "type": "Feature",
      "properties": {
        "name": "Carrer d'es Vall",
        "type": "residential",
        "slope": 122.6989283796089,
        "sun_diff": 2.5191271405932696,
        "length": 135.14938232793105
      }
    },
    {
      "geometry": {
        "type": "LineString",
        "coordinates": [
          [
            2.8876912,
            39.4877199
          ],
          [
            2.8887803,
            39.4872132
          ]
        ]
      },
      "type": "Feature",
      "properties": {
        "name": "Carrer Nicolau Taberner",
        "type": "residential",
        "slope": 121.0829708622222,
        "sun_diff": 0.9031696232065656,
        "length": 109.16583187621919
      }
    },
    {
      "geometry": {
        "type": "LineString",
        "coordinates": [
          [
            2.9057912,
            39.4976197
          ],
          [
            2.9038575,
            39.4984466
          ]
        ]
      },
      "type": "Feature",
      "properties": {
        "name": "cam\u00ed des Coix Carro",
        "type": "unclassified",
        "slope": 118.99419163722547,
        "sun_diff": 1.185609601790162,
        "length": 189.7511692962374
      }
    },
    {
      "geometry": {
        "type": "LineString",
        "coordinates": [
          [
            2.9026277,
            39.4990312
          ],
          [
            2.9049252,
            39.5000988
          ]
        ]
      },
      "type": "Feature",
      "properties": {
        "name": "cam\u00ed de sa Creu de ses Dones",
        "type": "unclassified",
        "slope": 58.943249353585855,
        "sun_diff": 0.877259953634649,
        "length": 230.18544260883863
      }
    },
    {
      "geometry": {
        "type": "LineString",
        "coordinates": [
          [
            2.9074375,
            39.5013763
          ],
          [
            2.9084698,
            39.5018211
          ]
        ]
      },
      "type": "Feature",
      "properties": {
        "name": "cam\u00ed de sa Creu de ses Dones",
        "type": "unclassified",
        "slope": 60.819955217019555,
        "sun_diff": 0.99944590979905,
        "length": 101.47591380844541
      }
    },
    {
      "geometry": {
        "type": "LineString",
        "coordinates": [
          [
            2.9084698,
            39.5018211
          ],
          [
            2.9098586,
            39.5024285
          ]
        ]
      },
      "type": "Feature",
      "properties": {
        "name": "cam\u00ed de sa Creu de ses Dones",
        "type": "unclassified",
        "slope": 60.45462291529441,
        "sun_diff": 0.6341136080739034,
        "length": 137.0096994921542
      }
    },
    {
      "geometry": {
        "type": "LineString",
        "coordinates": [
          [
            2.7091435,
            39.5437564
          ],
          [
            2.711236,
            39.5447139
          ]
        ]
      },
      "type": "Feature",
      "properties": {
        "name": null,
        "type": "service",
        "slope": 59.315145133568365,
        "sun_diff": 0.5053641736521399,
        "length": 208.70047076650778
      }
    },
    {
      "geometry": {
        "type": "LineString",
        "coordinates": [
          [
            2.953525,
            39.620946
          ],
          [
            2.9522558,
            39.6215849
          ]
        ]
      },
      "type": "Feature",
      "properties": {
        "name": "Cam\u00ed de Lloret a Ruberts",
        "type": "unclassified",
        "slope": 123.16537284537193,
        "sun_diff": 2.9393039049186314,
        "length": 129.90404282034413
      }
    },
    {
      "geometry": {
        "type": "LineString",
        "coordinates": [
          [
            2.7193635,
            39.5529815
          ],
          [
            2.7182762,
            39.5525159
          ]
        ]
      },
      "type": "Feature",
      "properties": {
        "name": null,
        "type": "unclassified",
        "slope": 60.95332148422767,
        "sun_diff": 1.179066218066481,
        "length": 106.66556167966894
      }
    },
    {
      "geometry": {
        "type": "LineString",
        "coordinates": [
          [
            2.7182762,
            39.5525159
          ],
          [
            2.7131869,
            39.550117
          ]
        ]
      },
      "type": "Feature",
      "properties": {
        "name": null,
        "type": "unclassified",
        "slope": 58.56214022604766,
        "sun_diff": 1.212115040113531,
        "length": 511.5786670035541
      }
    },
    {
      "geometry": {
        "type": "LineString",
        "coordinates": [
          [
            2.7131869,
            39.550117
          ],
          [
            2.7090857,
            39.5481659
          ]
        ]
      },
      "type": "Feature",
      "properties": {
        "name": null,
        "type": "unclassified",
        "slope": 58.32667721519627,
        "sun_diff": 1.4475780509649212,
        "length": 413.3088239804342
      }
    },
    {
      "geometry": {
        "type": "LineString",
        "coordinates": [
          [
            2.6794004,
            39.5823978
          ],
          [
            2.6804634,
            39.5828201
          ]
        ]
      },
      "type": "Feature",
      "properties": {
        "name": "Carrer de Selva",
        "type": "residential",
        "slope": 62.73043431471382,
        "sun_diff": 2.9561790485526274,
        "length": 102.52025516182213
      }
    },
    {
      "geometry": {
        "type": "LineString",
        "coordinates": [
          [
            2.7092021,
            39.6057793
          ],
          [
            2.7081931,
            39.6053265
          ]
        ]
      },
      "type": "Feature",
      "properties": {
        "name": "carrer de Cabrera",
        "type": "residential",
        "slope": 59.78077117919776,
        "sun_diff": 0.006515913036565735,
        "length": 100.0670523175336
      }
    },
    {
      "geometry": {
        "type": "LineString",
        "coordinates": [
          [
            2.7304156,
            39.5449891
          ],
          [
            2.7317839,
            39.5456462
          ]
        ]
      },
      "type": "Feature",
      "properties": {
        "name": null,
        "type": "service",
        "slope": 58.08647882219873,
        "sun_diff": 1.7340304850217763,
        "length": 138.25960372555832
      }
    },
    {
      "geometry": {
        "type": "LineString",
        "coordinates": [
          [
            2.9758563,
            39.6145117
          ],
          [
            2.9786301,
            39.6157088
          ]
        ]
      },
      "type": "Feature",
      "properties": {
        "name": "cam\u00ed de Sa Costa",
        "type": "unclassified",
        "slope": 60.74072920012699,
        "sun_diff": 0.9664739339658013,
        "length": 272.43115859290356
      }
    },
    {
      "geometry": {
        "type": "LineString",
        "coordinates": [
          [
            2.8079442,
            39.4755832
          ],
          [
            2.8062003,
            39.4748518
          ]
        ]
      },
      "type": "Feature",
      "properties": {
        "name": "cam\u00ed de Son Granada",
        "type": "unclassified",
        "slope": 61.4830758089694,
        "sun_diff": 1.6625665017488984,
        "length": 170.4022766795424
      }
    },
    {
      "geometry": {
        "type": "LineString",
        "coordinates": [
          [
            2.7734981,
            39.4168816
          ],
          [
            2.7702598,
            39.4182603
          ]
        ]
      },
      "type": "Feature",
      "properties": {
        "name": "cam\u00ed de sa Llapassa",
        "type": "service",
        "slope": 118.85950679156764,
        "sun_diff": 1.2742862931987986,
        "length": 317.7238853555556
      }
    },
    {
      "geometry": {
        "type": "LineString",
        "coordinates": [
          [
            2.713664,
            39.5819195
          ],
          [
            2.7147172,
            39.5824223
          ]
        ]
      },
      "type": "Feature",
      "properties": {
        "name": "Cam\u00ed de Son Majoral",
        "type": "unclassified",
        "slope": 58.22457214817064,
        "sun_diff": 1.5496831179905541,
        "length": 106.20477633669175
      }
    },
    {
      "geometry": {
        "type": "LineString",
        "coordinates": [
          [
            2.7421235,
            39.6344834
          ],
          [
            2.7433715,
            39.6349784
          ]
        ]
      },
      "type": "Feature",
      "properties": {
        "name": null,
        "type": "tertiary",
        "slope": 62.75031089161058,
        "sun_diff": 2.9760556254493906,
        "length": 120.25036020860229
      }
    },
    {
      "geometry": {
        "type": "LineString",
        "coordinates": [
          [
            2.7433715,
            39.6349784
          ],
          [
            2.7457098,
            39.6359224
          ]
        ]
      },
      "type": "Feature",
      "properties": {
        "name": null,
        "type": "tertiary",
        "slope": 62.3353845205296,
        "sun_diff": 2.56112925436841,
        "length": 226.1525294624848
      }
    },
    {
      "geometry": {
        "type": "LineString",
        "coordinates": [
          [
            2.9300841,
            39.4766703
          ],
          [
            2.9311501,
            39.477144
          ]
        ]
      },
      "type": "Feature",
      "properties": {
        "name": null,
        "type": "unclassified",
        "slope": 60.07090070617559,
        "sun_diff": 0.2503913989550881,
        "length": 105.60584220284161
      }
    },
    {
      "geometry": {
        "type": "LineString",
        "coordinates": [
          [
            2.9210259,
            39.4632237
          ],
          [
            2.9224865,
            39.4625696
          ]
        ]
      },
      "type": "Feature",
      "properties": {
        "name": null,
        "type": "unclassified",
        "slope": 120.11631441053751,
        "sun_diff": 0.06348682847811915,
        "length": 145.0008059111522
      }
    },
    {
      "geometry": {
        "type": "LineString",
        "coordinates": [
          [
            2.9141906,
            39.4131908
          ],
          [
            2.9152816,
            39.4136286
          ]
        ]
      },
      "type": "Feature",
      "properties": {
        "name": null,
        "type": "unclassified",
        "slope": 62.55241118499461,
        "sun_diff": 2.6858937235248845,
        "length": 105.64684183068188
      }
    },
    {
      "geometry": {
        "type": "LineString",
        "coordinates": [
          [
            2.91559,
            39.413755
          ],
          [
            2.9168492,
            39.4142647
          ]
        ]
      },
      "type": "Feature",
      "properties": {
        "name": null,
        "type": "unclassified",
        "slope": 62.34829878735084,
        "sun_diff": 2.4817813258811157,
        "length": 122.16021577446956
      }
    },
    {
      "geometry": {
        "type": "LineString",
        "coordinates": [
          [
            2.9028797,
            39.4502078
          ],
          [
            2.9018363,
            39.4497812
          ]
        ]
      },
      "type": "Feature",
      "properties": {
        "name": "cam\u00ed de Son Eixida",
        "type": "unclassified",
        "slope": 62.09962635847694,
        "sun_diff": 2.279117051256435,
        "length": 101.40398722499252
      }
    },
    {
      "geometry": {
        "type": "LineString",
        "coordinates": [
          [
            2.7804799,
            39.3791394
          ],
          [
            2.7767658,
            39.3774137
          ]
        ]
      },
      "type": "Feature",
      "properties": {
        "name": null,
        "type": "service",
        "slope": 58.99023677988646,
        "sun_diff": 0.8762806815832676,
        "length": 372.58053876729286
      }
    },
    {
      "geometry": {
        "type": "LineString",
        "coordinates": [
          [
            2.9772709,
            39.5584483
          ],
          [
            2.9785684,
            39.5590119
          ]
        ]
      },
      "type": "Feature",
      "properties": {
        "name": "cam\u00ed de Son Rub\u00ed",
        "type": "unclassified",
        "slope": 60.60253470389756,
        "sun_diff": 0.82827943773637,
        "length": 127.71189699074695
      }
    },
    {
      "geometry": {
        "type": "LineString",
        "coordinates": [
          [
            2.6555049,
            39.6408923
          ],
          [
            2.6540941,
            39.6403264
          ]
        ]
      },
      "type": "Feature",
      "properties": {
        "name": "Disseminat 4422 - Cas Patr\u00f3",
        "type": "residential",
        "slope": 62.48538033612979,
        "sun_diff": 2.7111250699686025,
        "length": 136.25146324460593
      }
    },
    {
      "geometry": {
        "type": "LineString",
        "coordinates": [
          [
            2.9672821,
            39.3816753
          ],
          [
            2.9683094,
            39.3812005
          ]
        ]
      },
      "type": "Feature",
      "properties": {
        "name": null,
        "type": "service",
        "slope": 120.87741575086721,
        "sun_diff": 0.7436363264791197,
        "length": 102.90624493532412
      }
    },
    {
      "geometry": {
        "type": "LineString",
        "coordinates": [
          [
            2.9569932,
            39.4125379
          ],
          [
            2.9584737,
            39.4132363
          ]
        ]
      },
      "type": "Feature",
      "properties": {
        "name": "cam\u00ed de Ses Sitjoles",
        "type": "unclassified",
        "slope": 58.592249884072885,
        "sun_diff": 1.2742675773968415,
        "length": 149.06824010177368
      }
    },
    {
      "geometry": {
        "type": "LineString",
        "coordinates": [
          [
            2.9529994,
            39.3963061
          ],
          [
            2.9541017,
            39.3957983
          ]
        ]
      },
      "type": "Feature",
      "properties": {
        "name": "cam\u00ed de sa Vinyoleta",
        "type": "unclassified",
        "slope": 120.80020413412214,
        "sun_diff": 0.666424709734045,
        "length": 110.30721048057954
      }
    },
    {
      "geometry": {
        "type": "LineString",
        "coordinates": [
          [
            2.9587312,
            39.4152194
          ],
          [
            2.957594,
            39.414691
          ]
        ]
      },
      "type": "Feature",
      "properties": {
        "name": "cam\u00ed de Can Mel\u00e9",
        "type": "unclassified",
        "slope": 58.97588623037109,
        "sun_diff": 0.890631231098638,
        "length": 114.0353499272031
      }
    },
    {
      "geometry": {
        "type": "LineString",
        "coordinates": [
          [
            2.9552524,
            39.4136507
          ],
          [
            2.9541164,
            39.4131272
          ]
        ]
      },
      "type": "Feature",
      "properties": {
        "name": "cam\u00ed de Can Mel\u00e9",
        "type": "unclassified",
        "slope": 59.18509158092317,
        "sun_diff": 0.6814258805465556,
        "length": 113.66871253929325
      }
    },
    {
      "geometry": {
        "type": "LineString",
        "coordinates": [
          [
            2.8742085,
            39.5170654
          ],
          [
            2.8757793,
            39.5177557
          ]
        ]
      },
      "type": "Feature",
      "properties": {
        "name": "Cam\u00ed de ses Pedreres",
        "type": "unclassified",
        "slope": 60.33121479903636,
        "sun_diff": 0.5107054918158553,
        "length": 155.12022692346187
      }
    },
    {
      "geometry": {
        "type": "LineString",
        "coordinates": [
          [
            2.8757793,
            39.5177557
          ],
          [
            2.8784549,
            39.5189315
          ]
        ]
      },
      "type": "Feature",
      "properties": {
        "name": "Cam\u00ed de ses Pedreres",
        "type": "unclassified",
        "slope": 60.331065034851775,
        "sun_diff": 0.5105557276312709,
        "length": 264.21846617929816
      }
    },
    {
      "geometry": {
        "type": "LineString",
        "coordinates": [
          [
            2.8774454,
            39.516444
          ],
          [
            2.882021,
            39.5187035
          ]
        ]
      },
      "type": "Feature",
      "properties": {
        "name": "Caminal de ses Pedreres",
        "type": "unclassified",
        "slope": 57.37505604122143,
        "sun_diff": 2.4454532659990775,
        "length": 466.1643979602437
      }
    },
    {
      "geometry": {
        "type": "LineString",
        "coordinates": [
          [
            2.7762506,
            39.6365427
          ],
          [
            2.7785051,
            39.6374684
          ]
        ]
      },
      "type": "Feature",
      "properties": {
        "name": null,
        "type": "service",
        "slope": 61.9342890740366,
        "sun_diff": 2.1600338078754078,
        "length": 218.8512659586576
      }
    },
    {
      "geometry": {
        "type": "LineString",
        "coordinates": [
          [
            2.8097364,
            39.3659399
          ],
          [
            2.8109749,
            39.3664782
          ]
        ]
      },
      "type": "Feature",
      "properties": {
        "name": null,
        "type": "path",
        "slope": 60.6553529154767,
        "sun_diff": 0.7888354540069713,
        "length": 122.17885187277766
      }
    },
    {
      "geometry": {
        "type": "LineString",
        "coordinates": [
          [
            2.9550103,
            39.5637245
          ],
          [
            2.9532148,
            39.5644933
          ]
        ]
      },
      "type": "Feature",
      "properties": {
        "name": null,
        "type": "trunk",
        "slope": 119.0488835647594,
        "sun_diff": 1.1771853756939095,
        "length": 176.11546249993197
      }
    },
    {
      "geometry": {
        "type": "LineString",
        "coordinates": [
          [
            2.9532148,
            39.5644933
          ],
          [
            2.9513493,
            39.5652948
          ]
        ]
      },
      "type": "Feature",
      "properties": {
        "name": null,
        "type": "trunk",
        "slope": 119.1321375847539,
        "sun_diff": 1.0939313556993966,
        "length": 183.12746802278673
      }
    },
    {
      "geometry": {
        "type": "LineString",
        "coordinates": [
          [
            2.887297,
            39.365019
          ],
          [
            2.888304,
            39.364569
          ]
        ]
      },
      "type": "Feature",
      "properties": {
        "name": null,
        "type": "path",
        "slope": 120.02819592031983,
        "sun_diff": 0.10559716444660694,
        "length": 100.02136583039211
      }
    },
    {
      "geometry": {
        "type": "LineString",
        "coordinates": [
          [
            2.860952,
            39.537331
          ],
          [
            2.8599633,
            39.5378183
          ]
        ]
      },
      "type": "Feature",
      "properties": {
        "name": "cam\u00ed de Punxuat",
        "type": "unclassified",
        "slope": 122.58225479178864,
        "sun_diff": 2.402453552773011,
        "length": 100.65263187850258
      }
    },
    {
      "geometry": {
        "type": "LineString",
        "coordinates": [
          [
            2.7326274,
            39.5540315
          ],
          [
            2.73075,
            39.5531465
          ]
        ]
      },
      "type": "Feature",
      "properties": {
        "name": null,
        "type": "service",
        "slope": 58.55912665167398,
        "sun_diff": 1.215128614487213,
        "length": 188.716397361689
      }
    },
    {
      "geometry": {
        "type": "LineString",
        "coordinates": [
          [
            2.729712,
            39.5526269
          ],
          [
            2.7258004,
            39.5507739
          ]
        ]
      },
      "type": "Feature",
      "properties": {
        "name": null,
        "type": "service",
        "slope": 58.4345370170204,
        "sun_diff": 1.3397182491407875,
        "length": 393.7301787925021
      }
    },
    {
      "geometry": {
        "type": "LineString",
        "coordinates": [
          [
            2.7327938,
            39.5525177
          ],
          [
            2.7314571,
            39.5518892
          ]
        ]
      },
      "type": "Feature",
      "properties": {
        "name": null,
        "type": "service",
        "slope": 58.62502164892314,
        "sun_diff": 1.1492336172380533,
        "length": 134.2734812853601
      }
    },
    {
      "geometry": {
        "type": "LineString",
        "coordinates": [
          [
            2.7345771,
            39.5516637
          ],
          [
            2.7328726,
            39.5508576
          ]
        ]
      },
      "type": "Feature",
      "properties": {
        "name": null,
        "type": "service",
        "slope": 58.4773902374761,
        "sun_diff": 1.2968650286850902,
        "length": 171.49194688696267
      }
    },
    {
      "geometry": {
        "type": "LineString",
        "coordinates": [
          [
            2.7300837,
            39.5445474
          ],
          [
            2.7285283,
            39.5437848
          ]
        ]
      },
      "type": "Feature",
      "properties": {
        "name": null,
        "type": "service",
        "slope": 57.55168439377388,
        "sun_diff": 2.268824913446622,
        "length": 158.09401090391128
      }
    },
    {
      "geometry": {
        "type": "LineString",
        "coordinates": [
          [
            2.6813913,
            39.5978114
          ],
          [
            2.6801846,
            39.5972245
          ]
        ]
      },
      "type": "Feature",
      "properties": {
        "name": "Carrer de Cala Mitjana",
        "type": "residential",
        "slope": 57.73986162875468,
        "sun_diff": 2.0343936374065095,
        "length": 122.30231357098222
      }
    },
    {
      "geometry": {
        "type": "LineString",
        "coordinates": [
          [
            2.6801846,
            39.5972245
          ],
          [
            2.6789099,
            39.5966063
          ]
        ]
      },
      "type": "Feature",
      "properties": {
        "name": "Carrer de Cala Mitjana",
        "type": "residential",
        "slope": 57.81411164515515,
        "sun_diff": 1.96014362100604,
        "length": 129.089945073947
      }
    },
    {
      "geometry": {
        "type": "LineString",
        "coordinates": [
          [
            2.917151,
            39.539128
          ],
          [
            2.915954,
            39.539665
          ]
        ]
      },
      "type": "Feature",
      "properties": {
        "name": "cam\u00ed de la Pau",
        "type": "unclassified",
        "slope": 120.18788454666529,
        "sun_diff": 0.008083307649656035,
        "length": 118.78714501673943
      }
    },
    {
      "geometry": {
        "type": "LineString",
        "coordinates": [
          [
            2.8165051,
            39.475821
          ],
          [
            2.820355,
            39.4776692
          ]
        ]
      },
      "type": "Feature",
      "properties": {
        "name": "cam\u00ed de Son Granada",
        "type": "unclassified",
        "slope": 58.12054147004014,
        "sun_diff": 1.6999678371803668,
        "length": 389.25154228263864
      }
    },
    {
      "geometry": {
        "type": "LineString",
        "coordinates": [
          [
            2.820355,
            39.4776692
          ],
          [
            2.8216944,
            39.47833
          ]
        ]
      },
      "type": "Feature",
      "properties": {
        "name": "cam\u00ed de Son Granada",
        "type": "unclassified",
        "slope": 57.41438968121679,
        "sun_diff": 2.406119626003715,
        "length": 136.47696157853335
      }
    },
    {
      "geometry": {
        "type": "LineString",
        "coordinates": [
          [
            2.8897827,
            39.562416
          ],
          [
            2.8924556,
            39.5635068
          ]
        ]
      },
      "type": "Feature",
      "properties": {
        "name": "Carrer del Camp d'en Fiol",
        "type": "residential",
        "slope": 62.10490908787415,
        "sun_diff": 2.330653821712957,
        "length": 259.3335177982481
      }
    },
    {
      "geometry": {
        "type": "LineString",
        "coordinates": [
          [
            2.577033,
            39.5374285
          ],
          [
            2.5753199,
            39.5366842
          ]
        ]
      },
      "type": "Feature",
      "properties": {
        "name": "carrer Lluna",
        "type": "residential",
        "slope": 60.60468218995365,
        "sun_diff": 0.7841728827331451,
        "length": 168.66857509821162
      }
    },
    {
      "geometry": {
        "type": "LineString",
        "coordinates": [
          [
            2.9388194,
            39.3758721
          ],
          [
            2.9367517,
            39.3767823
          ]
        ]
      },
      "type": "Feature",
      "properties": {
        "name": null,
        "type": "residential",
        "slope": 119.66045169736495,
        "sun_diff": 0.47334138740149,
        "length": 204.58736090574698
      }
    },
    {
      "geometry": {
        "type": "LineString",
        "coordinates": [
          [
            2.7512083,
            39.6215529
          ],
          [
            2.7527423,
            39.6208677
          ]
        ]
      },
      "type": "Feature",
      "properties": {
        "name": "Cam\u00ed de n'Olesa",
        "type": "tertiary",
        "slope": 120.10885482574832,
        "sun_diff": 0.11721411470497856,
        "length": 151.92912309792462
      }
    },
    {
      "geometry": {
        "type": "LineString",
        "coordinates": [
          [
            2.7527423,
            39.6208677
          ],
          [
            2.7542589,
            39.620186
          ]
        ]
      },
      "type": "Feature",
      "properties": {
        "name": "Cam\u00ed de n'Olesa",
        "type": "tertiary",
        "slope": 120.26516369102,
        "sun_diff": 0.039094750566704306,
        "length": 150.44585465315495
      }
    },
    {
      "geometry": {
        "type": "LineString",
        "coordinates": [
          [
            2.7542589,
            39.620186
          ],
          [
            2.7558105,
            39.6194886
          ]
        ]
      },
      "type": "Feature",
      "properties": {
        "name": "Cam\u00ed de n'Olesa",
        "type": "tertiary",
        "slope": 120.26375976297956,
        "sun_diff": 0.037690822526258216,
        "length": 153.91717189098924
      }
    },
    {
      "geometry": {
        "type": "LineString",
        "coordinates": [
          [
            2.7477905,
            39.6230591
          ],
          [
            2.750092,
            39.6220586
          ]
        ]
      },
      "type": "Feature",
      "properties": {
        "name": "Cam\u00ed de n'Olesa",
        "type": "tertiary",
        "slope": 119.43910517716046,
        "sun_diff": 0.7869637632928459,
        "length": 226.41959948663413
      }
    },
    {
      "geometry": {
        "type": "LineString",
        "coordinates": [
          [
            2.8273528,
            39.6304163
          ],
          [
            2.830521,
            39.6290753
          ]
        ]
      },
      "type": "Feature",
      "properties": {
        "name": null,
        "type": "secondary",
        "slope": 118.791623178387,
        "sun_diff": 1.4344457620663036,
        "length": 309.69722449177897
      }
    },
    {
      "geometry": {
        "type": "LineString",
        "coordinates": [
          [
            2.6589651,
            39.5650482
          ],
          [
            2.6576903,
            39.565648
          ]
        ]
      },
      "type": "Feature",
      "properties": {
        "name": "Carrer de Joan Maragall",
        "type": "tertiary",
        "slope": 121.39722164370434,
        "sun_diff": 1.171152703251039,
        "length": 128.0612883979839
      }
    },
    {
      "geometry": {
        "type": "LineString",
        "coordinates": [
          [
            2.8975795,
            39.5754528
          ],
          [
            2.8956726,
            39.5745469
          ]
        ]
      },
      "type": "Feature",
      "properties": {
        "name": null,
        "type": "service",
        "slope": 58.35326199920456,
        "sun_diff": 1.4209932669566285,
        "length": 192.04568566805244
      }
    },
    {
      "geometry": {
        "type": "LineString",
        "coordinates": [
          [
            2.7753401,
            39.3851587
          ],
          [
            2.7727494,
            39.3864467
          ]
        ]
      },
      "type": "Feature",
      "properties": {
        "name": "Carretera dels Presos",
        "type": "tertiary",
        "slope": 122.75143832298406,
        "sun_diff": 2.6176452382176194,
        "length": 264.8172452726742
      }
    },
    {
      "geometry": {
        "type": "LineString",
        "coordinates": [
          [
            2.7727494,
            39.3864467
          ],
          [
            2.7706183,
            39.3875062
          ]
        ]
      },
      "type": "Feature",
      "properties": {
        "name": "Carretera dels Presos",
        "type": "tertiary",
        "slope": 122.75173771179655,
        "sun_diff": 2.6179446270301128,
        "length": 217.83483492421306
      }
    },
    {
      "geometry": {
        "type": "LineString",
        "coordinates": [
          [
            2.7706183,
            39.3875062
          ],
          [
            2.7691837,
            39.3882262
          ]
        ]
      },
      "type": "Feature",
      "properties": {
        "name": "Carretera dels Presos",
        "type": "tertiary",
        "slope": 122.99886923673697,
        "sun_diff": 2.865076151970527,
        "length": 147.04822695808082
      }
    },
    {
      "geometry": {
        "type": "LineString",
        "coordinates": [
          [
            2.7691837,
            39.3882262
          ],
          [
            2.7662203,
            39.3897133
          ]
        ]
      },
      "type": "Feature",
      "properties": {
        "name": "Carretera dels Presos",
        "type": "tertiary",
        "slope": 122.9963071714817,
        "sun_diff": 2.862514086715265,
        "length": 303.7379489699209
      }
    },
    {
      "geometry": {
        "type": "LineString",
        "coordinates": [
          [
            2.7662203,
            39.3897133
          ],
          [
            2.7644498,
            39.3905972
          ]
        ]
      },
      "type": "Feature",
      "properties": {
        "name": "Carretera dels Presos",
        "type": "tertiary",
        "slope": 122.86164042623682,
        "sun_diff": 2.7278473414703797,
        "length": 181.1910764073495
      }
    },
    {
      "geometry": {
        "type": "LineString",
        "coordinates": [
          [
            2.7644498,
            39.3905972
          ],
          [
            2.7616561,
            39.3919918
          ]
        ]
      },
      "type": "Feature",
      "properties": {
        "name": "Carretera dels Presos",
        "type": "tertiary",
        "slope": 122.85991893498542,
        "sun_diff": 2.7261258502189776,
        "length": 285.893745307239
      }
    },
    {
      "geometry": {
        "type": "LineString",
        "coordinates": [
          [
            2.6366384,
            39.6389759
          ],
          [
            2.6399754,
            39.6374857
          ]
        ]
      },
      "type": "Feature",
      "properties": {
        "name": null,
        "type": "path",
        "slope": 120.10889323475698,
        "sun_diff": 0.11717570569632585,
        "length": 330.41963080835177
      }
    },
    {
      "geometry": {
        "type": "LineString",
        "coordinates": [
          [
            2.7904154,
            39.4475824
          ],
          [
            2.7893656,
            39.4470569
          ]
        ]
      },
      "type": "Feature",
      "properties": {
        "name": null,
        "type": "service",
        "slope": 57.04745404764773,
        "sun_diff": 2.8190634138219934,
        "length": 107.45793065855383
      }
    },
    {
      "geometry": {
        "type": "LineString",
        "coordinates": [
          [
            2.7879698,
            39.4442235
          ],
          [
            2.7895908,
            39.4448822
          ]
        ]
      },
      "type": "Feature",
      "properties": {
        "name": null,
        "type": "service",
        "slope": 62.24645413966712,
        "sun_diff": 2.379936678197396,
        "length": 157.3377594308986
      }
    },
    {
      "geometry": {
        "type": "LineString",
        "coordinates": [
          [
            2.7727218,
            39.5093239
          ],
          [
            2.7755789,
            39.5104958
          ]
        ]
      },
      "type": "Feature",
      "properties": {
        "name": "Cam\u00ed de sa Cova",
        "type": "unclassified",
        "slope": 62.002718539832614,
        "sun_diff": 2.1822092326121094,
        "length": 277.67971928033353
      }
    },
    {
      "geometry": {
        "type": "LineString",
        "coordinates": [
          [
            2.7026336,
            39.5922695
          ],
          [
            2.7044827,
            39.5931632
          ]
        ]
      },
      "type": "Feature",
      "properties": {
        "name": "Cam\u00ed de Can Frontera",
        "type": "tertiary",
        "slope": 57.90392443233361,
        "sun_diff": 1.8703308338275804,
        "length": 187.08634442050788
      }
    },
    {
      "geometry": {
        "type": "LineString",
        "coordinates": [
          [
            2.8806464,
            39.4722124
          ],
          [
            2.8824993,
            39.4714579
          ]
        ]
      },
      "type": "Feature",
      "properties": {
        "name": "Cam\u00ed des Palmer",
        "type": "unclassified",
        "slope": 117.8116736807711,
        "sun_diff": 2.368127558244538,
        "length": 179.87251256209248
      }
    },
    {
      "geometry": {
        "type": "LineString",
        "coordinates": [
          [
            2.9389845,
            39.5033
          ],
          [
            2.9373202,
            39.502547
          ]
        ]
      },
      "type": "Feature",
      "properties": {
        "name": "cam\u00ed des Pontarr\u00f3",
        "type": "unclassified",
        "slope": 59.61383418039,
        "sun_diff": 0.20667512683050404,
        "length": 165.5822567595673
      }
    },
    {
      "geometry": {
        "type": "LineString",
        "coordinates": [
          [
            2.9370634,
            39.5029116
          ],
          [
            2.9382071,
            39.5033978
          ]
        ]
      },
      "type": "Feature",
      "properties": {
        "name": null,
        "type": "service",
        "slope": 61.14710873016503,
        "sun_diff": 1.3265994229445255,
        "length": 112.0685921932583
      }
    },
    {
      "geometry": {
        "type": "LineString",
        "coordinates": [
          [
            2.5822821,
            39.5421394
          ],
          [
            2.5837912,
            39.5414145
          ]
        ]
      },
      "type": "Feature",
      "properties": {
        "name": null,
        "type": "service",
        "slope": 121.91846217299332,
        "sun_diff": 1.738660933977684,
        "length": 152.50310735024922
      }
    },
    {
      "geometry": {
        "type": "LineString",
        "coordinates": [
          [
            2.9494975,
            39.4528858
          ],
          [
            2.9505452,
            39.4524633
          ]
        ]
      },
      "type": "Feature",
      "properties": {
        "name": null,
        "type": "unclassified",
        "slope": 117.57627404780106,
        "sun_diff": 2.6035271912145674,
        "length": 101.51554615390268
      }
    },
    {
      "geometry": {
        "type": "LineString",
        "coordinates": [
          [
            2.9505452,
            39.4524633
          ],
          [
            2.9522967,
            39.4517446
          ]
        ]
      },
      "type": "Feature",
      "properties": {
        "name": null,
        "type": "unclassified",
        "slope": 117.98664895171032,
        "sun_diff": 2.1931522873053098,
        "length": 170.35240670170973
      }
    },
    {
      "geometry": {
        "type": "LineString",
        "coordinates": [
          [
            2.7368883,
            39.5408317
          ],
          [
            2.7358431,
            39.5403387
          ]
        ]
      },
      "type": "Feature",
      "properties": {
        "name": "Carrer de Can Calafat",
        "type": "residential",
        "slope": 58.548504523647495,
        "sun_diff": 1.27200478357301,
        "length": 105.09511138132912
      }
    },
    {
      "geometry": {
        "type": "LineString",
        "coordinates": [
          [
            2.7379792,
            39.5413436
          ],
          [
            2.7398503,
            39.5422444
          ]
        ]
      },
      "type": "Feature",
      "properties": {
        "name": "Carrer de Can Calafat",
        "type": "residential",
        "slope": 58.023695355200005,
        "sun_diff": 1.7968139520205,
        "length": 189.2036666625251
      }
    },
    {
      "geometry": {
        "type": "LineString",
        "coordinates": [
          [
            2.7579735,
            39.5319208
          ],
          [
            2.7554634,
            39.5330432
          ]
        ]
      },
      "type": "Feature",
      "properties": {
        "name": "Cam\u00ed de Sor Margalida Caldentey",
        "type": "unclassified",
        "slope": 120.10395300616645,
        "sun_diff": 0.0758482328491823,
        "length": 248.90845595734442
      }
    },
    {
      "geometry": {
        "type": "LineString",
        "coordinates": [
          [
            2.7554634,
            39.5330432
          ],
          [
            2.7518042,
            39.5346794
          ]
        ]
      },
      "type": "Feature",
      "properties": {
        "name": "Cam\u00ed de Sor Margalida Caldentey",
        "type": "unclassified",
        "slope": 120.1041729828647,
        "sun_diff": 0.07562825615093516,
        "length": 362.84964966643014
      }
    },
    {
      "geometry": {
        "type": "LineString",
        "coordinates": [
          [
            2.7518042,
            39.5346794
          ],
          [
            2.7484432,
            39.5361822
          ]
        ]
      },
      "type": "Feature",
      "properties": {
        "name": "Cam\u00ed de Sor Margalida Caldentey",
        "type": "unclassified",
        "slope": 120.10370555390924,
        "sun_diff": 0.0760956851063952,
        "length": 333.270831631616
      }
    },
    {
      "geometry": {
        "type": "LineString",
        "coordinates": [
          [
            2.7484432,
            39.5361822
          ],
          [
            2.745497,
            39.5374996
          ]
        ]
      },
      "type": "Feature",
      "properties": {
        "name": "Cam\u00ed de Sor Margalida Caldentey",
        "type": "unclassified",
        "slope": 120.10548033846942,
        "sun_diff": 0.07432090054621199,
        "length": 292.1394055273964
      }
    },
    {
      "geometry": {
        "type": "LineString",
        "coordinates": [
          [
            2.745497,
            39.5374996
          ],
          [
            2.7421832,
            39.538983
          ]
        ]
      },
      "type": "Feature",
      "properties": {
        "name": "Cam\u00ed de Sor Margalida Caldentey",
        "type": "unclassified",
        "slope": 120.13330064607186,
        "sun_diff": 0.04650059294377229,
        "length": 328.6757404194078
      }
    },
    {
      "geometry": {
        "type": "LineString",
        "coordinates": [
          [
            2.7019478,
            39.5433393
          ],
          [
            2.705078,
            39.5448111
          ]
        ]
      },
      "type": "Feature",
      "properties": {
        "name": null,
        "type": "service",
        "slope": 58.62730429737192,
        "sun_diff": 1.1932050098485831,
        "length": 314.4611014881885
      }
    },
    {
      "geometry": {
        "type": "LineString",
        "coordinates": [
          [
            2.6885052,
            39.5920434
          ],
          [
            2.6871531,
            39.5914062
          ]
        ]
      },
      "type": "Feature",
      "properties": {
        "name": "Carrer de Sant Gabriel",
        "type": "residential",
        "slope": 58.552070556006896,
        "sun_diff": 1.2221847101542949,
        "length": 135.84861893275593
      }
    },
    {
      "geometry": {
        "type": "LineString",
        "coordinates": [
          [
            2.7092625,
            39.6090705
          ],
          [
            2.710276,
            39.6095558
          ]
        ]
      },
      "type": "Feature",
      "properties": {
        "name": null,
        "type": "service",
        "slope": 58.137556553867256,
        "sun_diff": 1.636698712293935,
        "length": 102.25770508790531
      }
    },
    {
      "geometry": {
        "type": "LineString",
        "coordinates": [
          [
            2.6570617,
            39.6081203
          ],
          [
            2.658193,
            39.6086851
          ]
        ]
      },
      "type": "Feature",
      "properties": {
        "name": "Cam\u00ed dels Reis",
        "type": "residential",
        "slope": 57.05578372244685,
        "sun_diff": 2.718471543714344,
        "length": 115.52081861802098
      }
    },
    {
      "geometry": {
        "type": "LineString",
        "coordinates": [
          [
            2.658193,
            39.6086851
          ],
          [
            2.6598037,
            39.6094758
          ]
        ]
      },
      "type": "Feature",
      "properties": {
        "name": "Cam\u00ed dels Reis",
        "type": "residential",
        "slope": 57.494674837809725,
        "sun_diff": 2.2795804283514656,
        "length": 163.66465987614328
      }
    },
    {
      "geometry": {
        "type": "LineString",
        "coordinates": [
          [
            2.6642428,
            39.6115623
          ],
          [
            2.6665298,
            39.6125681
          ]
        ]
      },
      "type": "Feature",
      "properties": {
        "name": "Cam\u00ed dels Reis",
        "type": "residential",
        "slope": 60.2788547612235,
        "sun_diff": 0.5045994950623083,
        "length": 225.65605354328522
      }
    },
    {
      "geometry": {
        "type": "LineString",
        "coordinates": [
          [
            2.6665298,
            39.6125681
          ],
          [
            2.66814,
            39.6133361
          ]
        ]
      },
      "type": "Feature",
      "properties": {
        "name": "Cam\u00ed dels Reis",
        "type": "residential",
        "slope": 58.23692535014851,
        "sun_diff": 1.5373299160126805,
        "length": 162.2788055997411
      }
    },
    {
      "geometry": {
        "type": "LineString",
        "coordinates": [
          [
            2.8825078,
            39.5166496
          ],
          [
            2.8786643,
            39.5147274
          ]
        ]
      },
      "type": "Feature",
      "properties": {
        "name": "Caminal de ses Puntes",
        "type": "unclassified",
        "slope": 57.04576324558596,
        "sun_diff": 2.774746061634545,
        "length": 393.0442784021983
      }
    },
    {
      "geometry": {
        "type": "LineString",
        "coordinates": [
          [
            2.7459412,
            39.4953313
          ],
          [
            2.744617,
            39.4946717
          ]
        ]
      },
      "type": "Feature",
      "properties": {
        "name": null,
        "type": "residential",
        "slope": 57.15827000582206,
        "sun_diff": 2.6622393013984436,
        "length": 135.28344038237384
      }
    },
    {
      "geometry": {
        "type": "LineString",
        "coordinates": [
          [
            2.744617,
            39.4946717
          ],
          [
            2.7431632,
            39.4939477
          ]
        ]
      },
      "type": "Feature",
      "properties": {
        "name": null,
        "type": "residential",
        "slope": 57.164141768278256,
        "sun_diff": 2.6563675389422485,
        "length": 148.51536104418688
      }
    },
    {
      "geometry": {
        "type": "LineString",
        "coordinates": [
          [
            2.9693399,
            39.3940376
          ],
          [
            2.9675094,
            39.3932714
          ]
        ]
      },
      "type": "Feature",
      "properties": {
        "name": "cam\u00ed de Son Pau",
        "type": "unclassified",
        "slope": 61.558804348762635,
        "sun_diff": 1.6922868872929087,
        "length": 178.9454356712419
      }
    },
    {
      "geometry": {
        "type": "LineString",
        "coordinates": [
          [
            2.9663152,
            39.3928295
          ],
          [
            2.9648818,
            39.3921935
          ]
        ]
      },
      "type": "Feature",
      "properties": {
        "name": "cam\u00ed de Son Pau",
        "type": "unclassified",
        "slope": 60.138511442420196,
        "sun_diff": 0.27199398095046945,
        "length": 142.0791913885137
      }
    },
    {
      "geometry": {
        "type": "LineString",
        "coordinates": [
          [
            2.9696179,
            39.3960586
          ],
          [
            2.9684228,
            39.3965404
          ]
        ]
      },
      "type": "Feature",
      "properties": {
        "name": "Carretera dels Presos",
        "type": "tertiary",
        "slope": 117.55052944937003,
        "sun_diff": 2.583249975018063,
        "length": 115.86404949408482
      }
    },
    {
      "geometry": {
        "type": "LineString",
        "coordinates": [
          [
            2.9372174,
            39.3941669
          ],
          [
            2.9323819,
            39.3963508
          ]
        ]
      },
      "type": "Feature",
      "properties": {
        "name": "Carretera dels Presos",
        "type": "tertiary",
        "slope": 120.30366185039344,
        "sun_diff": 0.16986876562700104,
        "length": 481.42280152747657
      }
    },
    {
      "geometry": {
        "type": "LineString",
        "coordinates": [
          [
            2.6331651,
            39.5722165
          ],
          [
            2.63177,
            39.5728767
          ]
        ]
      },
      "type": "Feature",
      "properties": {
        "name": "Carrer del Parc",
        "type": "residential",
        "slope": 121.5470840398093,
        "sun_diff": 1.3210150993560035,
        "length": 140.35611863602838
      }
    },
    {
      "geometry": {
        "type": "LineString",
        "coordinates": [
          [
            2.725262,
            39.6241979
          ],
          [
            2.726341,
            39.6246372
          ]
        ]
      },
      "type": "Feature",
      "properties": {
        "name": "carrer de Carles V",
        "type": "residential",
        "slope": 62.13977562041069,
        "sun_diff": 2.3655203542494974,
        "length": 104.5617277923923
      }
    },
    {
      "geometry": {
        "type": "LineString",
        "coordinates": [
          [
            2.8651643,
            39.6408044
          ],
          [
            2.8640723,
            39.6402702
          ]
        ]
      },
      "type": "Feature",
      "properties": {
        "name": null,
        "type": "primary",
        "slope": 57.57369876111426,
        "sun_diff": 2.200556505046933,
        "length": 110.81168672024835
      }
    },
    {
      "geometry": {
        "type": "LineString",
        "coordinates": [
          [
            2.8640723,
            39.6402702
          ],
          [
            2.8629236,
            39.6397678
          ]
        ]
      },
      "type": "Feature",
      "properties": {
        "name": null,
        "type": "primary",
        "slope": 60.405458245447136,
        "sun_diff": 0.6312029792859448,
        "length": 113.1531693755402
      }
    },
    {
      "geometry": {
        "type": "LineString",
        "coordinates": [
          [
            2.8629236,
            39.6397678
          ],
          [
            2.8616968,
            39.6392576
          ]
        ]
      },
      "type": "Feature",
      "properties": {
        "name": null,
        "type": "primary",
        "slope": 61.62879364403079,
        "sun_diff": 1.854538377869602,
        "length": 119.4264270692318
      }
    },
    {
      "geometry": {
        "type": "LineString",
        "coordinates": [
          [
            2.9424305,
            39.5040011
          ],
          [
            2.9438687,
            39.5046249
          ]
        ]
      },
      "type": "Feature",
      "properties": {
        "name": "Cam\u00ed de Binificat i sa Maimona",
        "type": "unclassified",
        "slope": 60.657667343975476,
        "sun_diff": 0.8371580367549711,
        "length": 141.59517203802213
      }
    },
    {
      "geometry": {
        "type": "LineString",
        "coordinates": [
          [
            2.6284219,
            39.5786914
          ],
          [
            2.6272974,
            39.5792044
          ]
        ]
      },
      "type": "Feature",
      "properties": {
        "name": "Carrer de la Dragonera",
        "type": "tertiary",
        "slope": 120.62123810716159,
        "sun_diff": 0.3951691667082855,
        "length": 112.02491746379448
      }
    },
    {
      "geometry": {
        "type": "LineString",
        "coordinates": [
          [
            2.6563473,
            39.6064909
          ],
          [
            2.6575375,
            39.6070435
          ]
        ]
      },
      "type": "Feature",
      "properties": {
        "name": null,
        "type": "service",
        "slope": 58.92532409397211,
        "sun_diff": 0.8489311721890829,
        "length": 119.08401051910666
      }
    },
    {
      "geometry": {
        "type": "LineString",
        "coordinates": [
          [
            2.6619638,
            39.6102865
          ],
          [
            2.6630254,
            39.6107138
          ]
        ]
      },
      "type": "Feature",
      "properties": {
        "name": null,
        "type": "service",
        "slope": 62.41440647626709,
        "sun_diff": 2.6401512101058984,
        "length": 102.63738793776044
      }
    },
    {
      "geometry": {
        "type": "LineString",
        "coordinates": [
          [
            2.7332158,
            39.5495309
          ],
          [
            2.732214,
            39.5490529
          ]
        ]
      },
      "type": "Feature",
      "properties": {
        "name": null,
        "type": "service",
        "slope": 58.250938715115126,
        "sun_diff": 1.5695705921053786,
        "length": 101.04091351340342
      }
    },
    {
      "geometry": {
        "type": "LineString",
        "coordinates": [
          [
            2.7241627,
            39.5507775
          ],
          [
            2.7215949,
            39.5495627
          ]
        ]
      },
      "type": "Feature",
      "properties": {
        "name": null,
        "type": "service",
        "slope": 58.4689480903657,
        "sun_diff": 1.305307175795491,
        "length": 258.37729716967647
      }
    },
    {
      "geometry": {
        "type": "LineString",
        "coordinates": [
          [
            2.7210396,
            39.5478755
          ],
          [
            2.7190662,
            39.5469501
          ]
        ]
      },
      "type": "Feature",
      "properties": {
        "name": null,
        "type": "service",
        "slope": 58.69463905898908,
        "sun_diff": 1.125870248231422,
        "length": 198.09810089134774
      }
    },
    {
      "geometry": {
        "type": "LineString",
        "coordinates": [
          [
            2.7190662,
            39.5469501
          ],
          [
            2.7174588,
            39.5461902
          ]
        ]
      },
      "type": "Feature",
      "properties": {
        "name": null,
        "type": "service",
        "slope": 58.488481359725824,
        "sun_diff": 1.3320279474946801,
        "length": 161.7143114500891
      }
    },
    {
      "geometry": {
        "type": "LineString",
        "coordinates": [
          [
            2.7174588,
            39.5461902
          ],
          [
            2.7152595,
            39.5451525
          ]
        ]
      },
      "type": "Feature",
      "properties": {
        "name": null,
        "type": "service",
        "slope": 58.53852362702884,
        "sun_diff": 1.2819856801916671,
        "length": 221.1477399877224
      }
    },
    {
      "geometry": {
        "type": "LineString",
        "coordinates": [
          [
            2.7152595,
            39.5451525
          ],
          [
            2.7123614,
            39.5437815
          ]
        ]
      },
      "type": "Feature",
      "properties": {
        "name": null,
        "type": "service",
        "slope": 58.472222592324414,
        "sun_diff": 1.3482867148960906,
        "length": 291.6265929533618
      }
    },
    {
      "geometry": {
        "type": "LineString",
        "coordinates": [
          [
            2.7242838,
            39.5396452
          ],
          [
            2.7252764,
            39.5401171
          ]
        ]
      },
      "type": "Feature",
      "properties": {
        "name": null,
        "type": "service",
        "slope": 58.34690948768031,
        "sun_diff": 1.4735998195401976,
        "length": 100.02286338529684
      }
    },
    {
      "geometry": {
        "type": "LineString",
        "coordinates": [
          [
            2.7252764,
            39.5401171
          ],
          [
            2.7283205,
            39.5415587
          ]
        ]
      },
      "type": "Feature",
      "properties": {
        "name": null,
        "type": "service",
        "slope": 58.44588064544183,
        "sun_diff": 1.3746286617786723,
        "length": 306.4188849060509
      }
    },
    {
      "geometry": {
        "type": "LineString",
        "coordinates": [
          [
            2.7329038,
            39.5402166
          ],
          [
            2.7347582,
            39.5410912
          ]
        ]
      },
      "type": "Feature",
      "properties": {
        "name": null,
        "type": "service",
        "slope": 58.55066288060854,
        "sun_diff": 1.269846426611963,
        "length": 186.45538541105944
      }
    },
    {
      "geometry": {
        "type": "LineString",
        "coordinates": [
          [
            2.7347582,
            39.5410912
          ],
          [
            2.7359822,
            39.5416745
          ]
        ]
      },
      "type": "Feature",
      "properties": {
        "name": null,
        "type": "service",
        "slope": 58.2853142378911,
        "sun_diff": 1.5351950693294043,
        "length": 123.41987652783487
      }
    },
    {
      "geometry": {
        "type": "LineString",
        "coordinates": [
          [
            2.7359822,
            39.5416745
          ],
          [
            2.7373079,
            39.5422943
          ]
        ]
      },
      "type": "Feature",
      "properties": {
        "name": null,
        "type": "service",
        "slope": 58.77290253300711,
        "sun_diff": 1.047606774213392,
        "length": 132.9789517264511
      }
    },
    {
      "geometry": {
        "type": "LineString",
        "coordinates": [
          [
            2.7432581,
            39.5449723
          ],
          [
            2.7443105,
            39.5454217
          ]
        ]
      },
      "type": "Feature",
      "properties": {
        "name": null,
        "type": "service",
        "slope": 61.02358734049682,
        "sun_diff": 1.203078033276313,
        "length": 103.18270327338398
      }
    },
    {
      "geometry": {
        "type": "LineString",
        "coordinates": [
          [
            2.7443105,
            39.5454217
          ],
          [
            2.7457509,
            39.5461048
          ]
        ]
      },
      "type": "Feature",
      "properties": {
        "name": null,
        "type": "service",
        "slope": 58.40799467057025,
        "sun_diff": 1.4125146366502577,
        "length": 145.03941309800416
      }
    },
    {
      "geometry": {
        "type": "LineString",
        "coordinates": [
          [
            2.7460825,
            39.5462609
          ],
          [
            2.7471621,
            39.5467613
          ]
        ]
      },
      "type": "Feature",
      "properties": {
        "name": null,
        "type": "service",
        "slope": 58.99026944663544,
        "sun_diff": 0.8302398605850669,
        "length": 108.0382830718159
      }
    },
    {
      "geometry": {
        "type": "LineString",
        "coordinates": [
          [
            2.7471621,
            39.5467613
          ],
          [
            2.7489103,
            39.5475858
          ]
        ]
      },
      "type": "Feature",
      "properties": {
        "name": null,
        "type": "service",
        "slope": 58.548658426440596,
        "sun_diff": 1.2718508807799083,
        "length": 175.76450000348328
      }
    },
    {
      "geometry": {
        "type": "LineString",
        "coordinates": [
          [
            2.7501493,
            39.5481556
          ],
          [
            2.7515377,
            39.5488145
          ]
        ]
      },
      "type": "Feature",
      "properties": {
        "name": null,
        "type": "service",
        "slope": 58.389112393571764,
        "sun_diff": 1.43139691364874,
        "length": 139.82620381346075
      }
    },
    {
      "geometry": {
        "type": "LineString",
        "coordinates": [
          [
            2.7515377,
            39.5488145
          ],
          [
            2.7526435,
            39.5493378
          ]
        ]
      },
      "type": "Feature",
      "properties": {
        "name": null,
        "type": "service",
        "slope": 58.46135250259891,
        "sun_diff": 1.3591568046215912,
        "length": 111.27828681143052
      }
    },
    {
      "geometry": {
        "type": "LineString",
        "coordinates": [
          [
            2.7526435,
            39.5493378
          ],
          [
            2.7541186,
            39.5500341
          ]
        ]
      },
      "type": "Feature",
      "properties": {
        "name": null,
        "type": "service",
        "slope": 58.525709687109895,
        "sun_diff": 1.2947996201106093,
        "length": 148.3379707640037
      }
    },
    {
      "geometry": {
        "type": "LineString",
        "coordinates": [
          [
            2.7541186,
            39.5500341
          ],
          [
            2.755509,
            39.5507082
          ]
        ]
      },
      "type": "Feature",
      "properties": {
        "name": null,
        "type": "service",
        "slope": 57.83932277117077,
        "sun_diff": 1.93493249499042,
        "length": 140.86218267900318
      }
    },
    {
      "geometry": {
        "type": "LineString",
        "coordinates": [
          [
            2.7595702,
            39.5523935
          ],
          [
            2.762222,
            39.5536343
          ]
        ]
      },
      "type": "Feature",
      "properties": {
        "name": null,
        "type": "service",
        "slope": 58.7480003028721,
        "sun_diff": 1.026254963289091,
        "length": 266.02555061194175
      }
    },
    {
      "geometry": {
        "type": "LineString",
        "coordinates": [
          [
            2.7673913,
            39.5586954
          ],
          [
            2.7648287,
            39.5574826
          ]
        ]
      },
      "type": "Feature",
      "properties": {
        "name": null,
        "type": "service",
        "slope": 58.456340914571825,
        "sun_diff": 1.3179143515893657,
        "length": 257.8594472885781
      }
    },
    {
      "geometry": {
        "type": "LineString",
        "coordinates": [
          [
            2.6330253,
            39.5718633
          ],
          [
            2.631941,
            39.5723656
          ]
        ]
      },
      "type": "Feature",
      "properties": {
        "name": "Carrer del Bisbe Moncadas",
        "type": "residential",
        "slope": 121.00504830529331,
        "sun_diff": 0.7789793648400121,
        "length": 108.46324809673554
      }
    },
    {
      "geometry": {
        "type": "LineString",
        "coordinates": [
          [
            2.7132309,
            39.5949115
          ],
          [
            2.7146526,
            39.5955489
          ]
        ]
      },
      "type": "Feature",
      "properties": {
        "name": "Carrer\u00f3 de Cas Sereno",
        "type": "residential",
        "slope": 59.80787292742099,
        "sun_diff": 0.033617661259796705,
        "length": 140.97827120845432
      }
    },
    {
      "geometry": {
        "type": "LineString",
        "coordinates": [
          [
            2.6285115,
            39.5907337
          ],
          [
            2.6295534,
            39.5911763
          ]
        ]
      },
      "type": "Feature",
      "properties": {
        "name": "Cam\u00ed dels Reis",
        "type": "tertiary",
        "slope": 61.13417416458731,
        "sun_diff": 1.3599188984261161,
        "length": 101.9770321536927
      }
    },
    {
      "geometry": {
        "type": "LineString",
        "coordinates": [
          [
            2.6295534,
            39.5911763
          ],
          [
            2.630601,
            39.5916138
          ]
        ]
      },
      "type": "Feature",
      "properties": {
        "name": "Cam\u00ed dels Reis",
        "type": "tertiary",
        "slope": 61.5450377638667,
        "sun_diff": 1.770782497705511,
        "length": 102.13317573286616
      }
    },
    {
      "geometry": {
        "type": "LineString",
        "coordinates": [
          [
            2.7397923,
            39.4756183
          ],
          [
            2.7382275,
            39.4748844
          ]
        ]
      },
      "type": "Feature",
      "properties": {
        "name": null,
        "type": "path",
        "slope": 58.71728851064924,
        "sun_diff": 1.1032207965712644,
        "length": 157.20652780911954
      }
    },
    {
      "geometry": {
        "type": "LineString",
        "coordinates": [
          [
            2.6059924,
            39.5703
          ],
          [
            2.6044824,
            39.5695592
          ]
        ]
      },
      "type": "Feature",
      "properties": {
        "name": "Cam\u00ed dels Reis",
        "type": "tertiary",
        "slope": 57.525952213741505,
        "sun_diff": 2.2483030524196863,
        "length": 153.46629856900054
      }
    },
    {
      "geometry": {
        "type": "LineString",
        "coordinates": [
          [
            2.747365,
            39.645607
          ],
          [
            2.7485125,
            39.6460866
          ]
        ]
      },
      "type": "Feature",
      "properties": {
        "name": "Carretera vella d'Inca",
        "type": "primary",
        "slope": 61.50712468478258,
        "sun_diff": 1.7328694186213909,
        "length": 111.82481810151204
      }
    },
    {
      "geometry": {
        "type": "LineString",
        "coordinates": [
          [
            2.7485125,
            39.6460866
          ],
          [
            2.7504986,
            39.646896
          ]
        ]
      },
      "type": "Feature",
      "properties": {
        "name": "Carretera vella d'Inca",
        "type": "primary",
        "slope": 62.109127411744055,
        "sun_diff": 2.334872145582864,
        "length": 192.45821196944735
      }
    },
    {
      "geometry": {
        "type": "LineString",
        "coordinates": [
          [
            2.7504986,
            39.646896
          ],
          [
            2.753186,
            39.6479913
          ]
        ]
      },
      "type": "Feature",
      "properties": {
        "name": "Carretera vella d'Inca",
        "type": "primary",
        "slope": 62.10664190070446,
        "sun_diff": 2.332386634543269,
        "length": 260.4182652238343
      }
    },
    {
      "geometry": {
        "type": "LineString",
        "coordinates": [
          [
            2.71212,
            39.584013
          ],
          [
            2.7145622,
            39.5851672
          ]
        ]
      },
      "type": "Feature",
      "properties": {
        "name": null,
        "type": "residential",
        "slope": 58.481927786429765,
        "sun_diff": 1.2923274797314264,
        "length": 245.58193815421757
      }
    },
    {
      "geometry": {
        "type": "LineString",
        "coordinates": [
          [
            2.9729436,
            39.4478292
          ],
          [
            2.9717923,
            39.448332
          ]
        ]
      },
      "type": "Feature",
      "properties": {
        "name": null,
        "type": "trunk",
        "slope": 119.49073457734806,
        "sun_diff": 0.6430448470400307,
        "length": 113.60647249915306
      }
    },
    {
      "geometry": {
        "type": "LineString",
        "coordinates": [
          [
            2.6608578,
            39.6005904
          ],
          [
            2.6620413,
            39.6011825
          ]
        ]
      },
      "type": "Feature",
      "properties": {
        "name": null,
        "type": "service",
        "slope": 57.00381175480328,
        "sun_diff": 2.770443511357911,
        "length": 120.93538245929817
      }
    },
    {
      "geometry": {
        "type": "LineString",
        "coordinates": [
          [
            2.6577333,
            39.6081313
          ],
          [
            2.6597244,
            39.6090726
          ]
        ]
      },
      "type": "Feature",
      "properties": {
        "name": "Carrer del Gremi de Sucrers i Candelers",
        "type": "tertiary",
        "slope": 58.465167440238645,
        "sun_diff": 1.3090878259225462,
        "length": 200.1869808408984
      }
    },
    {
      "geometry": {
        "type": "LineString",
        "coordinates": [
          [
            2.6744561,
            39.6362087
          ],
          [
            2.6726695,
            39.6354602
          ]
        ]
      },
      "type": "Feature",
      "properties": {
        "name": null,
        "type": "service",
        "slope": 61.45336814530876,
        "sun_diff": 1.6791128791475671,
        "length": 174.21999971759448
      }
    },
    {
      "geometry": {
        "type": "LineString",
        "coordinates": [
          [
            2.6726695,
            39.6354602
          ],
          [
            2.6701191,
            39.6344153
          ]
        ]
      },
      "type": "Feature",
      "properties": {
        "name": null,
        "type": "service",
        "slope": 61.98753531604012,
        "sun_diff": 2.2132800498789322,
        "length": 247.460862353394
      }
    },
    {
      "geometry": {
        "type": "LineString",
        "coordinates": [
          [
            2.8937272,
            39.5387768
          ],
          [
            2.8959909,
            39.5398938
          ]
        ]
      },
      "type": "Feature",
      "properties": {
        "name": null,
        "type": "path",
        "slope": 57.38688310237873,
        "sun_diff": 2.4336262048417723,
        "length": 230.52470470962498
      }
    },
    {
      "geometry": {
        "type": "LineString",
        "coordinates": [
          [
            2.9042154,
            39.5430241
          ],
          [
            2.9055726,
            39.5436446
          ]
        ]
      },
      "type": "Feature",
      "properties": {
        "name": "cam\u00ed de Son Red\u00f3",
        "type": "unclassified",
        "slope": 59.337262016848,
        "sun_diff": 0.48324729037250336,
        "length": 135.33442750220902
      }
    },
    {
      "geometry": {
        "type": "LineString",
        "coordinates": [
          [
            2.806513,
            39.4207083
          ],
          [
            2.8092686,
            39.4219009
          ]
        ]
      },
      "type": "Feature",
      "properties": {
        "name": "Cam\u00ed de s'\u00c0guila",
        "type": "unclassified",
        "slope": 60.74007955412728,
        "sun_diff": 0.8735620926575507,
        "length": 271.40155513206696
      }
    },
    {
      "geometry": {
        "type": "LineString",
        "coordinates": [
          [
            2.8153191,
            39.4240707
          ],
          [
            2.8163812,
            39.4245236
          ]
        ]
      },
      "type": "Feature",
      "properties": {
        "name": "Cam\u00ed de s'\u00c0guila",
        "type": "unclassified",
        "slope": 61.10014099118331,
        "sun_diff": 1.233623529713583,
        "length": 104.23790154762055
      }
    },
    {
      "geometry": {
        "type": "LineString",
        "coordinates": [
          [
            2.8203962,
            39.426956
          ],
          [
            2.8228887,
            39.42805
          ]
        ]
      },
      "type": "Feature",
      "properties": {
        "name": "Cam\u00ed de s'\u00c0guila",
        "type": "unclassified",
        "slope": 60.3932954605763,
        "sun_diff": 0.5267779991065709,
        "length": 246.30651539248169
      }
    },
    {
      "geometry": {
        "type": "LineString",
        "coordinates": [
          [
            2.7322905,
            39.5457869
          ],
          [
            2.7305319,
            39.5449559
          ]
        ]
      },
      "type": "Feature",
      "properties": {
        "name": null,
        "type": "service",
        "slope": 58.50060480797009,
        "sun_diff": 1.3199044992504128,
        "length": 176.90609606959777
      }
    },
    {
      "geometry": {
        "type": "LineString",
        "coordinates": [
          [
            2.7126625,
            39.6032664
          ],
          [
            2.711551,
            39.6027911
          ]
        ]
      },
      "type": "Feature",
      "properties": {
        "name": null,
        "type": "service",
        "slope": 60.96957084088072,
        "sun_diff": 1.1953155747195296,
        "length": 108.94339133051437
      }
    },
    {
      "geometry": {
        "type": "LineString",
        "coordinates": [
          [
            2.5957679,
            39.634876
          ],
          [
            2.5941835,
            39.6356599
          ]
        ]
      },
      "type": "Feature",
      "properties": {
        "name": null,
        "type": "path",
        "slope": 122.71872553154782,
        "sun_diff": 2.4926565910945158,
        "length": 161.31534742412225
      }
    },
    {
      "geometry": {
        "type": "LineString",
        "coordinates": [
          [
            2.7258112,
            39.5827337
          ],
          [
            2.7243786,
            39.582094
          ]
        ]
      },
      "type": "Feature",
      "properties": {
        "name": "Carretera vella de Sineu",
        "type": "primary",
        "slope": 59.91310998705154,
        "sun_diff": 0.13885472089035034,
        "length": 141.93430367119888
      }
    },
    {
      "geometry": {
        "type": "LineString",
        "coordinates": [
          [
            2.7243786,
            39.582094
          ],
          [
            2.7229695,
            39.5815058
          ]
        ]
      },
      "type": "Feature",
      "properties": {
        "name": "Carretera vella de Sineu",
        "type": "primary",
        "slope": 61.559554514515895,
        "sun_diff": 1.785299248354704,
        "length": 137.37712242835346
      }
    },
    {
      "geometry": {
        "type": "LineString",
        "coordinates": [
          [
            2.7229695,
            39.5815058
          ],
          [
            2.7211143,
            39.5807391
          ]
        ]
      },
      "type": "Feature",
      "properties": {
        "name": "Carretera vella de Sineu",
        "type": "primary",
        "slope": 61.79940195221158,
        "sun_diff": 2.025146686050391,
        "length": 180.4629111628005
      }
    },
    {
      "geometry": {
        "type": "LineString",
        "coordinates": [
          [
            2.6267209,
            39.5911793
          ],
          [
            2.6251173,
            39.5904749
          ]
        ]
      },
      "type": "Feature",
      "properties": {
        "name": "carrer de Francesc Albert\u00ed",
        "type": "residential",
        "slope": 60.31637063895175,
        "sun_diff": 0.5421153727905619,
        "length": 158.2155467197565
      }
    },
    {
      "geometry": {
        "type": "LineString",
        "coordinates": [
          [
            2.7404113,
            39.5284792
          ],
          [
            2.7387785,
            39.5292418
          ]
        ]
      },
      "type": "Feature",
      "properties": {
        "name": "Carrer de Samil",
        "type": "residential",
        "slope": 121.19644928902699,
        "sun_diff": 1.016648050011355,
        "length": 163.76152402536704
      }
    },
    {
      "geometry": {
        "type": "LineString",
        "coordinates": [
          [
            2.7573191,
            39.4975696
          ],
          [
            2.7560158,
            39.4970445
          ]
        ]
      },
      "type": "Feature",
      "properties": {
        "name": "carrer d'Antoni Galm\u00e9s",
        "type": "residential",
        "slope": 62.42988807807845,
        "sun_diff": 2.609378770857944,
        "length": 126.19351957474385
      }
    },
    {
      "geometry": {
        "type": "LineString",
        "coordinates": [
          [
            2.746124,
            39.4869168
          ],
          [
            2.747473,
            39.4874757
          ]
        ]
      },
      "type": "Feature",
      "properties": {
        "name": null,
        "type": "primary",
        "slope": 61.77170242927707,
        "sun_diff": 1.9511931220565657,
        "length": 131.43423190937196
      }
    },
    {
      "geometry": {
        "type": "LineString",
        "coordinates": [
          [
            2.9068198,
            39.5676394
          ],
          [
            2.9080095,
            39.5671264
          ]
        ]
      },
      "type": "Feature",
      "properties": {
        "name": null,
        "type": "trunk",
        "slope": 119.22103694913889,
        "sun_diff": 1.0050319913144108,
        "length": 116.88460867357374
      }
    },
    {
      "geometry": {
        "type": "LineString",
        "coordinates": [
          [
            2.9523306,
            39.6411787
          ],
          [
            2.9508689,
            39.6417793
          ]
        ]
      },
      "type": "Feature",
      "properties": {
        "name": null,
        "type": "path",
        "slope": 118.08401540155148,
        "sun_diff": 2.14205353890182,
        "length": 141.90680118393252
      }
    },
    {
      "geometry": {
        "type": "LineString",
        "coordinates": [
          [
            2.8391916,
            39.6238561
          ],
          [
            2.8403638,
            39.6233689
          ]
        ]
      },
      "type": "Feature",
      "properties": {
        "name": "carrer de l'Aljub",
        "type": "secondary",
        "slope": 118.3513054005625,
        "sun_diff": 1.8747635398908074,
        "length": 114.11605706269664
      }
    },
    {
      "geometry": {
        "type": "LineString",
        "coordinates": [
          [
            2.9586144,
            39.3655986
          ],
          [
            2.9575673,
            39.3651275
          ]
        ]
      },
      "type": "Feature",
      "properties": {
        "name": null,
        "type": "primary",
        "slope": 59.803164792720196,
        "sun_diff": 0.0633526687495305,
        "length": 104.1811887608377
      }
    },
    {
      "geometry": {
        "type": "LineString",
        "coordinates": [
          [
            2.6429045,
            39.5991786
          ],
          [
            2.6441747,
            39.5997805
          ]
        ]
      },
      "type": "Feature",
      "properties": {
        "name": null,
        "type": "service",
        "slope": 58.408741239846336,
        "sun_diff": 1.3655140263148553,
        "length": 127.80125288132756
      }
    },
    {
      "geometry": {
        "type": "LineString",
        "coordinates": [
          [
            2.7444434,
            39.4816397
          ],
          [
            2.743322,
            39.482104
          ]
        ]
      },
      "type": "Feature",
      "properties": {
        "name": null,
        "type": "path",
        "slope": 118.21084118032155,
        "sun_diff": 1.9689600586940799,
        "length": 109.24948655418645
      }
    },
    {
      "geometry": {
        "type": "LineString",
        "coordinates": [
          [
            2.8376885,
            39.5084499
          ],
          [
            2.8362152,
            39.5091223
          ]
        ]
      },
      "type": "Feature",
      "properties": {
        "name": null,
        "type": "path",
        "slope": 120.60620627521817,
        "sun_diff": 0.42640503620253867,
        "length": 146.89868032026865
      }
    },
    {
      "geometry": {
        "type": "LineString",
        "coordinates": [
          [
            2.8387639,
            39.5840017
          ],
          [
            2.8364353,
            39.5828768
          ]
        ]
      },
      "type": "Feature",
      "properties": {
        "name": null,
        "type": "path",
        "slope": 57.92036049383688,
        "sun_diff": 1.8538947723243098,
        "length": 235.59084134627412
      }
    },
    {
      "geometry": {
        "type": "LineString",
        "coordinates": [
          [
            2.5705349,
            39.5718018
          ],
          [
            2.5718947,
            39.5711638
          ]
        ]
      },
      "type": "Feature",
      "properties": {
        "name": "coma del Mal Pas",
        "type": "path",
        "slope": 121.32779092493251,
        "sun_diff": 1.1017219844792123,
        "length": 136.48744565599685
      }
    },
    {
      "geometry": {
        "type": "LineString",
        "coordinates": [
          [
            2.7741074,
            39.5879418
          ],
          [
            2.7726168,
            39.5872606
          ]
        ]
      },
      "type": "Feature",
      "properties": {
        "name": "Carretera vella de Sineu",
        "type": "primary",
        "slope": 59.33212536065588,
        "sun_diff": 0.44212990550531117,
        "length": 148.5499338345365
      }
    },
    {
      "geometry": {
        "type": "LineString",
        "coordinates": [
          [
            2.7713038,
            39.5866778
          ],
          [
            2.7701766,
            39.5862125
          ]
        ]
      },
      "type": "Feature",
      "properties": {
        "name": "Carretera vella de Sineu",
        "type": "primary",
        "slope": 61.82512738430839,
        "sun_diff": 2.050872118147197,
        "length": 109.61251255814733
      }
    },
    {
      "geometry": {
        "type": "LineString",
        "coordinates": [
          [
            2.7357515,
            39.5874289
          ],
          [
            2.7338789,
            39.5866778
          ]
        ]
      },
      "type": "Feature",
      "properties": {
        "name": "Carretera vella de Sineu",
        "type": "primary",
        "slope": 62.50473094126039,
        "sun_diff": 2.7304756750992,
        "length": 180.95912570638617
      }
    },
    {
      "geometry": {
        "type": "LineString",
        "coordinates": [
          [
            2.6313853,
            39.5963217
          ],
          [
            2.6339115,
            39.5975182
          ]
        ]
      },
      "type": "Feature",
      "properties": {
        "name": "Carrer Asegra",
        "type": "residential",
        "slope": 58.421776308108804,
        "sun_diff": 1.3524789580523873,
        "length": 254.1473138176894
      }
    },
    {
      "geometry": {
        "type": "LineString",
        "coordinates": [
          [
            2.9307894,
            39.5989803
          ],
          [
            2.9321932,
            39.5983295
          ]
        ]
      },
      "type": "Feature",
      "properties": {
        "name": null,
        "type": "tertiary",
        "slope": 121.03367395221366,
        "sun_diff": 0.8076050117603586,
        "length": 140.41175940278802
      }
    },
    {
      "geometry": {
        "type": "LineString",
        "coordinates": [
          [
            2.9639761,
            39.5348426
          ],
          [
            2.9659356,
            39.5340154
          ]
        ]
      },
      "type": "Feature",
      "properties": {
        "name": "cami\u0301 de son Sastre",
        "type": "path",
        "slope": 118.69446726001053,
        "sun_diff": 1.4853339790051052,
        "length": 191.62978995080465
      }
    },
    {
      "geometry": {
        "type": "LineString",
        "coordinates": [
          [
            2.9364341,
            39.5737644
          ],
          [
            2.9375598,
            39.5732976
          ]
        ]
      },
      "type": "Feature",
      "properties": {
        "name": null,
        "type": "path",
        "slope": 118.27906458972683,
        "sun_diff": 1.9470043507264734,
        "length": 109.59397754630011
      }
    },
    {
      "geometry": {
        "type": "LineString",
        "coordinates": [
          [
            2.8106512,
            39.5277382
          ],
          [
            2.8130665,
            39.5266002
          ]
        ]
      },
      "type": "Feature",
      "properties": {
        "name": null,
        "type": "tertiary",
        "slope": 121.41848586253238,
        "sun_diff": 1.2386846235167468,
        "length": 242.8207149442353
      }
    },
    {
      "geometry": {
        "type": "LineString",
        "coordinates": [
          [
            2.8130665,
            39.5266002
          ],
          [
            2.8142228,
            39.5260553
          ]
        ]
      },
      "type": "Feature",
      "properties": {
        "name": null,
        "type": "tertiary",
        "slope": 121.42269365450247,
        "sun_diff": 1.2428924154868355,
        "length": 116.25440581782584
      }
    },
    {
      "geometry": {
        "type": "LineString",
        "coordinates": [
          [
            2.8142228,
            39.5260553
          ],
          [
            2.8185379,
            39.5240396
          ]
        ]
      },
      "type": "Feature",
      "properties": {
        "name": null,
        "type": "tertiary",
        "slope": 121.19871067774142,
        "sun_diff": 1.0189094387257853,
        "length": 432.81898636032736
      }
    },
    {
      "geometry": {
        "type": "LineString",
        "coordinates": [
          [
            2.8185379,
            39.5240396
          ],
          [
            2.8211933,
            39.5227959
          ]
        ]
      },
      "type": "Feature",
      "properties": {
        "name": null,
        "type": "tertiary",
        "slope": 121.26555963374699,
        "sun_diff": 1.0857583947313572,
        "length": 266.53988050501687
      }
    },
    {
      "geometry": {
        "type": "LineString",
        "coordinates": [
          [
            2.8211933,
            39.5227959
          ],
          [
            2.8224077,
            39.5222272
          ]
        ]
      },
      "type": "Feature",
      "properties": {
        "name": null,
        "type": "tertiary",
        "slope": 121.26159336732235,
        "sun_diff": 1.0817921283067164,
        "length": 121.89358541220277
      }
    },
    {
      "geometry": {
        "type": "LineString",
        "coordinates": [
          [
            2.8228595,
            39.5220156
          ],
          [
            2.8245909,
            39.5212111
          ]
        ]
      },
      "type": "Feature",
      "properties": {
        "name": null,
        "type": "tertiary",
        "slope": 121.06302205821592,
        "sun_diff": 0.8832208192002895,
        "length": 173.42516544772047
      }
    },
    {
      "geometry": {
        "type": "LineString",
        "coordinates": [
          [
            2.8245909,
            39.5212111
          ],
          [
            2.8259798,
            39.5205657
          ]
        ]
      },
      "type": "Feature",
      "properties": {
        "name": null,
        "type": "tertiary",
        "slope": 121.06449805640591,
        "sun_diff": 0.8846968173902781,
        "length": 139.1223235123075
      }
    },
    {
      "geometry": {
        "type": "LineString",
        "coordinates": [
          [
            2.8266518,
            39.5202535
          ],
          [
            2.8283092,
            39.5194822
          ]
        ]
      },
      "type": "Feature",
      "properties": {
        "name": null,
        "type": "tertiary",
        "slope": 121.10131967205243,
        "sun_diff": 0.9215184330367947,
        "length": 166.08404691674133
      }
    },
    {
      "geometry": {
        "type": "LineString",
        "coordinates": [
          [
            2.8283092,
            39.5194822
          ],
          [
            2.8305648,
            39.5184326
          ]
        ]
      },
      "type": "Feature",
      "properties": {
        "name": null,
        "type": "tertiary",
        "slope": 121.0989375910759,
        "sun_diff": 0.9191363520602636,
        "length": 226.0256374401741
      }
    },
    {
      "geometry": {
        "type": "LineString",
        "coordinates": [
          [
            2.8306458,
            39.5183949
          ],
          [
            2.8356303,
            39.5160754
          ]
        ]
      },
      "type": "Feature",
      "properties": {
        "name": null,
        "type": "tertiary",
        "slope": 121.09872185996187,
        "sun_diff": 0.9189206209462384,
        "length": 499.4914491055957
      }
    },
    {
      "geometry": {
        "type": "LineString",
        "coordinates": [
          [
            2.8356303,
            39.5160754
          ],
          [
            2.8373347,
            39.5152822
          ]
        ]
      },
      "type": "Feature",
      "properties": {
        "name": null,
        "type": "tertiary",
        "slope": 121.1006733565921,
        "sun_diff": 0.9208721175764651,
        "length": 170.80294857380318
      }
    },
    {
      "geometry": {
        "type": "LineString",
        "coordinates": [
          [
            2.8380874,
            39.5149321
          ],
          [
            2.839613,
            39.5142225
          ]
        ]
      },
      "type": "Feature",
      "properties": {
        "name": null,
        "type": "tertiary",
        "slope": 121.08638625635288,
        "sun_diff": 0.9065850173372496,
        "length": 152.86428297553206
      }
    },
    {
      "geometry": {
        "type": "LineString",
        "coordinates": [
          [
            2.839613,
            39.5142225
          ],
          [
            2.8409756,
            39.5135888
          ]
        ]
      },
      "type": "Feature",
      "properties": {
        "name": null,
        "type": "tertiary",
        "slope": 121.08279486867602,
        "sun_diff": 0.9029936296603864,
        "length": 136.52791316254383
      }
    },
    {
      "geometry": {
        "type": "LineString",
        "coordinates": [
          [
            2.8409756,
            39.5135888
          ],
          [
            2.8425027,
            39.5128785
          ]
        ]
      },
      "type": "Feature",
      "properties": {
        "name": null,
        "type": "tertiary",
        "slope": 121.08597842397734,
        "sun_diff": 0.906177184961706,
        "length": 153.01688517606112
      }
    },
    {
      "geometry": {
        "type": "LineString",
        "coordinates": [
          [
            2.8432387,
            39.5125362
          ],
          [
            2.8465599,
            39.5109914
          ]
        ]
      },
      "type": "Feature",
      "properties": {
        "name": null,
        "type": "tertiary",
        "slope": 121.08545910707898,
        "sun_diff": 0.9056578680633436,
        "length": 332.79318144347957
      }
    },
    {
      "geometry": {
        "type": "LineString",
        "coordinates": [
          [
            2.8465599,
            39.5109914
          ],
          [
            2.8480362,
            39.5103047
          ]
        ]
      },
      "type": "Feature",
      "properties": {
        "name": null,
        "type": "tertiary",
        "slope": 121.0860951802785,
        "sun_diff": 0.9062939412628737,
        "length": 147.93235678438685
      }
    },
    {
      "geometry": {
        "type": "LineString",
        "coordinates": [
          [
            2.8482917,
            39.5101837
          ],
          [
            2.8497092,
            39.5095267
          ]
        ]
      },
      "type": "Feature",
      "properties": {
        "name": null,
        "type": "tertiary",
        "slope": 120.99545968730735,
        "sun_diff": 0.815658448291714,
        "length": 141.90676250748385
      }
    },
    {
      "geometry": {
        "type": "LineString",
        "coordinates": [
          [
            2.8497092,
            39.5095267
          ],
          [
            2.8515684,
            39.5086412
          ]
        ]
      },
      "type": "Feature",
      "properties": {
        "name": null,
        "type": "tertiary",
        "slope": 121.68786641226532,
        "sun_diff": 1.5080651732496904,
        "length": 187.50269135654526
      }
    },
    {
      "geometry": {
        "type": "LineString",
        "coordinates": [
          [
            2.8515684,
            39.5086412
          ],
          [
            2.8534796,
            39.5077508
          ]
        ]
      },
      "type": "Feature",
      "properties": {
        "name": null,
        "type": "tertiary",
        "slope": 121.12523062733786,
        "sun_diff": 0.9454293883222249,
        "length": 191.59720821700435
      }
    },
    {
      "geometry": {
        "type": "LineString",
        "coordinates": [
          [
            2.8542591,
            39.5074179
          ],
          [
            2.858445,
            39.5054565
          ]
        ]
      },
      "type": "Feature",
      "properties": {
        "name": null,
        "type": "tertiary",
        "slope": 121.27043175711535,
        "sun_diff": 1.0906305180997151,
        "length": 420.2911866748394
      }
    },
    {
      "geometry": {
        "type": "LineString",
        "coordinates": [
          [
            2.858445,
            39.5054565
          ],
          [
            2.8677245,
            39.5011085
          ]
        ]
      },
      "type": "Feature",
      "properties": {
        "name": null,
        "type": "tertiary",
        "slope": 121.26811779882712,
        "sun_diff": 1.0883165598114886,
        "length": 931.7450244316317
      }
    },
    {
      "geometry": {
        "type": "LineString",
        "coordinates": [
          [
            2.8677245,
            39.5011085
          ],
          [
            2.8728124,
            39.4987245
          ]
        ]
      },
      "type": "Feature",
      "properties": {
        "name": null,
        "type": "tertiary",
        "slope": 121.26740541323517,
        "sun_diff": 1.0876041742195355,
        "length": 510.88973183455624
      }
    },
    {
      "geometry": {
        "type": "LineString",
        "coordinates": [
          [
            2.8728124,
            39.4987245
          ],
          [
            2.8749622,
            39.4977139
          ]
        ]
      },
      "type": "Feature",
      "properties": {
        "name": null,
        "type": "tertiary",
        "slope": 121.34983169093971,
        "sun_diff": 1.1700304519240774,
        "length": 216.06086981802986
      }
    },
    {
      "geometry": {
        "type": "LineString",
        "coordinates": [
          [
            2.8750852,
            39.4976557
          ],
          [
            2.8772215,
            39.4966782
          ]
        ]
      },
      "type": "Feature",
      "properties": {
        "name": null,
        "type": "tertiary",
        "slope": 120.66637939989519,
        "sun_diff": 0.4865781608795601,
        "length": 213.173405302165
      }
    },
    {
      "geometry": {
        "type": "LineString",
        "coordinates": [
          [
            2.8772215,
            39.4966782
          ],
          [
            2.8787357,
            39.495964
          ]
        ]
      },
      "type": "Feature",
      "properties": {
        "name": null,
        "type": "tertiary",
        "slope": 121.43456431638066,
        "sun_diff": 1.254763077365027,
        "length": 152.3227715298775
      }
    },
    {
      "geometry": {
        "type": "LineString",
        "coordinates": [
          [
            2.8787357,
            39.495964
          ],
          [
            2.8810945,
            39.494861
          ]
        ]
      },
      "type": "Feature",
      "properties": {
        "name": null,
        "type": "tertiary",
        "slope": 121.21431971721228,
        "sun_diff": 1.0345184781966452,
        "length": 236.73512579802852
      }
    },
    {
      "geometry": {
        "type": "LineString",
        "coordinates": [
          [
            2.8787715,
            39.4770907
          ],
          [
            2.8800132,
            39.4765143
          ]
        ]
      },
      "type": "Feature",
      "properties": {
        "name": null,
        "type": "unclassified",
        "slope": 121.02218398429889,
        "sun_diff": 0.8423827452832597,
        "length": 124.40128661042615
      }
    },
    {
      "geometry": {
        "type": "LineString",
        "coordinates": [
          [
            2.6098569,
            39.5537288
          ],
          [
            2.610893,
            39.5542128
          ]
        ]
      },
      "type": "Feature",
      "properties": {
        "name": "Carrer Bernat de Santaeug\u00e8nia",
        "type": "residential",
        "slope": 58.789745767413535,
        "sun_diff": 0.9845094987476557,
        "length": 103.89317949735432
      }
    },
    {
      "geometry": {
        "type": "LineString",
        "coordinates": [
          [
            2.7747072,
            39.5031621
          ],
          [
            2.7757952,
            39.5026834
          ]
        ]
      },
      "type": "Feature",
      "properties": {
        "name": null,
        "type": "service",
        "slope": 119.69281212899472,
        "sun_diff": 0.4869891100209145,
        "length": 107.49089692088134
      }
    },
    {
      "geometry": {
        "type": "LineString",
        "coordinates": [
          [
            2.6387765,
            39.6273512
          ],
          [
            2.6376185,
            39.6278705
          ]
        ]
      },
      "type": "Feature",
      "properties": {
        "name": "Cam\u00ed Can Merce",
        "type": "residential",
        "slope": 120.20981747261402,
        "sun_diff": 0.01625146783928244,
        "length": 114.79627240992184
      }
    },
    {
      "geometry": {
        "type": "LineString",
        "coordinates": [
          [
            2.6149646,
            39.5949863
          ],
          [
            2.6161005,
            39.5944941
          ]
        ]
      },
      "type": "Feature",
      "properties": {
        "name": "Carrer del Doctor Barberi",
        "type": "residential",
        "slope": 119.35010738027941,
        "sun_diff": 0.8759615601738915,
        "length": 111.69589561496556
      }
    },
    {
      "geometry": {
        "type": "LineString",
        "coordinates": [
          [
            2.6387397,
            39.563731
          ],
          [
            2.6375199,
            39.5631156
          ]
        ]
      },
      "type": "Feature",
      "properties": {
        "name": "moll Nou",
        "type": "service",
        "slope": 56.79839826349527,
        "sun_diff": 2.9758570026659186,
        "length": 125.00419985646626
      }
    },
    {
      "geometry": {
        "type": "LineString",
        "coordinates": [
          [
            2.8928449,
            39.4851824
          ],
          [
            2.8938555,
            39.4847184
          ]
        ]
      },
      "type": "Feature",
      "properties": {
        "name": "Carrer de Navarra",
        "type": "residential",
        "slope": 120.74801984990177,
        "sun_diff": 0.5682186108861345,
        "length": 100.94702066386955
      }
    },
    {
      "geometry": {
        "type": "LineString",
        "coordinates": [
          [
            2.9470449,
            39.5184762
          ],
          [
            2.9486234,
            39.5191254
          ]
        ]
      },
      "type": "Feature",
      "properties": {
        "name": "cam\u00ed de Binilegant",
        "type": "unclassified",
        "slope": 61.93580131370604,
        "sun_diff": 2.1152920064855323,
        "length": 153.48930768469685
      }
    },
    {
      "geometry": {
        "type": "LineString",
        "coordinates": [
          [
            2.9466131,
            39.4121912
          ],
          [
            2.9479923,
            39.4115371
          ]
        ]
      },
      "type": "Feature",
      "properties": {
        "name": "cam\u00ed dels Talaiots de Ses Sitjoles",
        "type": "unclassified",
        "slope": 121.54348940709605,
        "sun_diff": 1.4096963223296086,
        "length": 139.07253838873618
      }
    },
    {
      "geometry": {
        "type": "LineString",
        "coordinates": [
          [
            2.9378047,
            39.3831044
          ],
          [
            2.93885,
            39.3826462
          ]
        ]
      },
      "type": "Feature",
      "properties": {
        "name": "carrer del Capsigrany",
        "type": "residential",
        "slope": 119.5585170624339,
        "sun_diff": 0.5752760223325311,
        "length": 103.31263222082448
      }
    },
    {
      "geometry": {
        "type": "LineString",
        "coordinates": [
          [
            2.66141,
            39.599777
          ],
          [
            2.6625999,
            39.6003774
          ]
        ]
      },
      "type": "Feature",
      "properties": {
        "name": null,
        "type": "service",
        "slope": 56.78057202635557,
        "sun_diff": 2.9936832398056197,
        "length": 121.90009938245461
      }
    },
    {
      "geometry": {
        "type": "LineString",
        "coordinates": [
          [
            2.8251136,
            39.6116079
          ],
          [
            2.8231416,
            39.6107607
          ]
        ]
      },
      "type": "Feature",
      "properties": {
        "name": "cam\u00ed de Son Negre",
        "type": "unclassified",
        "slope": 60.853512752112124,
        "sun_diff": 1.079257485950933,
        "length": 193.48035066661916
      }
    },
    {
      "geometry": {
        "type": "LineString",
        "coordinates": [
          [
            2.6731487,
            39.6347588
          ],
          [
            2.674453,
            39.6353034
          ]
        ]
      },
      "type": "Feature",
      "properties": {
        "name": null,
        "type": "service",
        "slope": 61.53444389323013,
        "sun_diff": 1.760188627068942,
        "length": 127.09209466646674
      }
    },
    {
      "geometry": {
        "type": "LineString",
        "coordinates": [
          [
            2.6746634,
            39.6350144
          ],
          [
            2.6759138,
            39.6355246
          ]
        ]
      },
      "type": "Feature",
      "properties": {
        "name": null,
        "type": "service",
        "slope": 62.08413850577125,
        "sun_diff": 2.309883239610059,
        "length": 121.2146964888064
      }
    },
    {
      "geometry": {
        "type": "LineString",
        "coordinates": [
          [
            2.7018314,
            39.5818814
          ],
          [
            2.7029944,
            39.58238
          ]
        ]
      },
      "type": "Feature",
      "properties": {
        "name": null,
        "type": "service",
        "slope": 60.91432915602607,
        "sun_diff": 1.1400738898648797,
        "length": 114.08645481114361
      }
    },
    {
      "geometry": {
        "type": "LineString",
        "coordinates": [
          [
            2.7247564,
            39.5557003
          ],
          [
            2.7219523,
            39.5543815
          ]
        ]
      },
      "type": "Feature",
      "properties": {
        "name": null,
        "type": "unclassified",
        "slope": 58.61741454707811,
        "sun_diff": 1.1568407190830783,
        "length": 281.6876380819712
      }
    },
    {
      "geometry": {
        "type": "LineString",
        "coordinates": [
          [
            2.9175449,
            39.3594883
          ],
          [
            2.9186507,
            39.3589447
          ]
        ]
      },
      "type": "Feature",
      "properties": {
        "name": null,
        "type": "service",
        "slope": 122.44802904979471,
        "sun_diff": 2.3142359650282742,
        "length": 112.69430696574625
      }
    },
    {
      "geometry": {
        "type": "LineString",
        "coordinates": [
          [
            2.8547886,
            39.5092625
          ],
          [
            2.8560361,
            39.5087458
          ]
        ]
      },
      "type": "Feature",
      "properties": {
        "name": "cam\u00ed des Garrover",
        "type": "unclassified",
        "slope": 118.22877268314886,
        "sun_diff": 1.9510285558667704,
        "length": 121.50762346764839
      }
    },
    {
      "geometry": {
        "type": "LineString",
        "coordinates": [
          [
            2.6732272,
            39.5786714
          ],
          [
            2.6746426,
            39.5792992
          ]
        ]
      },
      "type": "Feature",
      "properties": {
        "name": "Carrer d'Indalecio Prieto",
        "type": "tertiary",
        "slope": 60.080318839863565,
        "sun_diff": 0.30606357370237447,
        "length": 140.00071822102802
      }
    },
    {
      "geometry": {
        "type": "LineString",
        "coordinates": [
          [
            2.9376348,
            39.4977473
          ],
          [
            2.9386431,
            39.4972778
          ]
        ]
      },
      "type": "Feature",
      "properties": {
        "name": null,
        "type": "unclassified",
        "slope": 121.10780006354645,
        "sun_diff": 0.9279988245308175,
        "length": 101.0786570730258
      }
    },
    {
      "geometry": {
        "type": "LineString",
        "coordinates": [
          [
            2.6186044,
            39.5992106
          ],
          [
            2.6198642,
            39.5986823
          ]
        ]
      },
      "type": "Feature",
      "properties": {
        "name": null,
        "type": "path",
        "slope": 118.5568104204072,
        "sun_diff": 1.6692585200460996,
        "length": 122.9265119792309
      }
    },
    {
      "geometry": {
        "type": "LineString",
        "coordinates": [
          [
            2.7278046,
            39.5423627
          ],
          [
            2.7261162,
            39.5415608
          ]
        ]
      },
      "type": "Feature",
      "properties": {
        "name": null,
        "type": "service",
        "slope": 58.37176246403368,
        "sun_diff": 1.4487468431868251,
        "length": 170.08748325223854
      }
    },
    {
      "geometry": {
        "type": "LineString",
        "coordinates": [
          [
            2.725913,
            39.5414314
          ],
          [
            2.7236277,
            39.540353
          ]
        ]
      },
      "type": "Feature",
      "properties": {
        "name": null,
        "type": "service",
        "slope": 58.53739107772154,
        "sun_diff": 1.2831182294989674,
        "length": 229.81398108851792
      }
    },
    {
      "geometry": {
        "type": "LineString",
        "coordinates": [
          [
            2.7317251,
            39.5513293
          ],
          [
            2.7307332,
            39.5508556
          ]
        ]
      },
      "type": "Feature",
      "properties": {
        "name": null,
        "type": "service",
        "slope": 58.227326162464436,
        "sun_diff": 1.5469291036967547,
        "length": 100.0653356284359
      }
    },
    {
      "geometry": {
        "type": "LineString",
        "coordinates": [
          [
            2.7688423,
            39.559396
          ],
          [
            2.767459,
            39.5587472
          ]
        ]
      },
      "type": "Feature",
      "properties": {
        "name": null,
        "type": "service",
        "slope": 58.68562185977626,
        "sun_diff": 1.088633406384929,
        "length": 138.85128991460905
      }
    },
    {
      "geometry": {
        "type": "LineString",
        "coordinates": [
          [
            2.7587433,
            39.5514174
          ],
          [
            2.7613074,
            39.5526364
          ]
        ]
      },
      "type": "Feature",
      "properties": {
        "name": null,
        "type": "service",
        "slope": 58.3427017781745,
        "sun_diff": 1.4315534879866902,
        "length": 258.34673361753164
      }
    },
    {
      "geometry": {
        "type": "LineString",
        "coordinates": [
          [
            2.7417301,
            39.5441697
          ],
          [
            2.7394983,
            39.5431144
          ]
        ]
      },
      "type": "Feature",
      "properties": {
        "name": null,
        "type": "service",
        "slope": 58.48442875369466,
        "sun_diff": 1.3360805535258464,
        "length": 224.55212908793007
      }
    },
    {
      "geometry": {
        "type": "LineString",
        "coordinates": [
          [
            2.7389256,
            39.5428407
          ],
          [
            2.7376328,
            39.5422294
          ]
        ]
      },
      "type": "Feature",
      "properties": {
        "name": null,
        "type": "service",
        "slope": 58.48461398741367,
        "sun_diff": 1.3358953198068377,
        "length": 130.07652743874613
      }
    },
    {
      "geometry": {
        "type": "LineString",
        "coordinates": [
          [
            2.7376328,
            39.5422294
          ],
          [
            2.7363268,
            39.5416184
          ]
        ]
      },
      "type": "Feature",
      "properties": {
        "name": null,
        "type": "service",
        "slope": 58.75608575962437,
        "sun_diff": 1.0644235475961352,
        "length": 131.0266223581232
      }
    },
    {
      "geometry": {
        "type": "LineString",
        "coordinates": [
          [
            2.7346282,
            39.5408169
          ],
          [
            2.7333071,
            39.5401852
          ]
        ]
      },
      "type": "Feature",
      "properties": {
        "name": null,
        "type": "service",
        "slope": 58.199390826823276,
        "sun_diff": 1.6211184803972287,
        "length": 133.33651598111052
      }
    },
    {
      "geometry": {
        "type": "LineString",
        "coordinates": [
          [
            2.7327259,
            39.5385051
          ],
          [
            2.7311217,
            39.5391653
          ]
        ]
      },
      "type": "Feature",
      "properties": {
        "name": null,
        "type": "service",
        "slope": 118.08657395296541,
        "sun_diff": 2.0932272860502223,
        "length": 155.97579183308662
      }
    },
    {
      "geometry": {
        "type": "LineString",
        "coordinates": [
          [
            2.7229129,
            39.5414514
          ],
          [
            2.7250537,
            39.5424646
          ]
        ]
      },
      "type": "Feature",
      "properties": {
        "name": null,
        "type": "service",
        "slope": 58.46123960613306,
        "sun_diff": 1.3592697010874417,
        "length": 215.4540171945293
      }
    },
    {
      "geometry": {
        "type": "LineString",
        "coordinates": [
          [
            2.7263341,
            39.543484
          ],
          [
            2.7250837,
            39.5428938
          ]
        ]
      },
      "type": "Feature",
      "properties": {
        "name": null,
        "type": "service",
        "slope": 58.529785506064684,
        "sun_diff": 1.2907238011558206,
        "length": 125.74846275867594
      }
    },
    {
      "geometry": {
        "type": "LineString",
        "coordinates": [
          [
            2.7228028,
            39.5546359
          ],
          [
            2.7239586,
            39.5551835
          ]
        ]
      },
      "type": "Feature",
      "properties": {
        "name": null,
        "type": "service",
        "slope": 58.42939555952137,
        "sun_diff": 1.3448597066398236,
        "length": 116.3399177117397
      }
    },
    {
      "geometry": {
        "type": "LineString",
        "coordinates": [
          [
            2.7275195,
            39.5566056
          ],
          [
            2.7289659,
            39.5572864
          ]
        ]
      },
      "type": "Feature",
      "properties": {
        "name": null,
        "type": "service",
        "slope": 58.59606843191273,
        "sun_diff": 1.1781868342484643,
        "length": 145.32750443073695
      }
    },
    {
      "geometry": {
        "type": "LineString",
        "coordinates": [
          [
            2.7289659,
            39.5572864
          ],
          [
            2.730916,
            39.5581998
          ]
        ]
      },
      "type": "Feature",
      "properties": {
        "name": null,
        "type": "service",
        "slope": 58.72039334170009,
        "sun_diff": 1.0538619244611027,
        "length": 195.6758335945047
      }
    },
    {
      "geometry": {
        "type": "LineString",
        "coordinates": [
          [
            2.7330343,
            39.5596516
          ],
          [
            2.7376168,
            39.5618183
          ]
        ]
      },
      "type": "Feature",
      "properties": {
        "name": null,
        "type": "service",
        "slope": 58.4789767141595,
        "sun_diff": 1.2952785520016903,
        "length": 460.97774870569515
      }
    },
    {
      "geometry": {
        "type": "LineString",
        "coordinates": [
          [
            2.7376168,
            39.5618183
          ],
          [
            2.7389467,
            39.5624471
          ]
        ]
      },
      "type": "Feature",
      "properties": {
        "name": null,
        "type": "service",
        "slope": 58.47890763205265,
        "sun_diff": 1.2953476341085377,
        "length": 133.7794356594765
      }
    },
    {
      "geometry": {
        "type": "LineString",
        "coordinates": [
          [
            2.7389467,
            39.5624471
          ],
          [
            2.7432704,
            39.5644914
          ]
        ]
      },
      "type": "Feature",
      "properties": {
        "name": null,
        "type": "service",
        "slope": 58.47841778104387,
        "sun_diff": 1.2958374851173176,
        "length": 434.92925607039155
      }
    },
    {
      "geometry": {
        "type": "LineString",
        "coordinates": [
          [
            2.7436973,
            39.5646924
          ],
          [
            2.745354,
            39.5654725
          ]
        ]
      },
      "type": "Feature",
      "properties": {
        "name": null,
        "type": "service",
        "slope": 58.5827752912914,
        "sun_diff": 1.191479974869793,
        "length": 166.46148700825512
      }
    },
    {
      "geometry": {
        "type": "LineString",
        "coordinates": [
          [
            2.7217283,
            39.5473801
          ],
          [
            2.7207257,
            39.5469071
          ]
        ]
      },
      "type": "Feature",
      "properties": {
        "name": null,
        "type": "service",
        "slope": 58.54104448544791,
        "sun_diff": 1.2794648217725921,
        "length": 100.81016945918584
      }
    },
    {
      "geometry": {
        "type": "LineString",
        "coordinates": [
          [
            2.7159006,
            39.5445393
          ],
          [
            2.7174687,
            39.5452829
          ]
        ]
      },
      "type": "Feature",
      "properties": {
        "name": null,
        "type": "service",
        "slope": 58.41039007086215,
        "sun_diff": 1.410119236358355,
        "length": 157.89587743056202
      }
    },
    {
      "geometry": {
        "type": "LineString",
        "coordinates": [
          [
            2.715075,
            39.544074
          ],
          [
            2.7124844,
            39.5428434
          ]
        ]
      },
      "type": "Feature",
      "properties": {
        "name": null,
        "type": "service",
        "slope": 58.367066963168895,
        "sun_diff": 1.4534423440516093,
        "length": 260.98184457691025
      }
    },
    {
      "geometry": {
        "type": "LineString",
        "coordinates": [
          [
            2.7150662,
            39.5439199
          ],
          [
            2.7126456,
            39.5427702
          ]
        ]
      },
      "type": "Feature",
      "properties": {
        "name": null,
        "type": "service",
        "slope": 58.37033684147784,
        "sun_diff": 1.4501724657426678,
        "length": 243.84751763717426
      }
    },
    {
      "geometry": {
        "type": "LineString",
        "coordinates": [
          [
            2.7148419,
            39.5436659
          ],
          [
            2.7129411,
            39.5427634
          ]
        ]
      },
      "type": "Feature",
      "properties": {
        "name": null,
        "type": "service",
        "slope": 58.37921720432868,
        "sun_diff": 1.441292102891822,
        "length": 191.46565626089463
      }
    },
    {
      "geometry": {
        "type": "LineString",
        "coordinates": [
          [
            2.7146253,
            39.5434179
          ],
          [
            2.7132645,
            39.5427709
          ]
        ]
      },
      "type": "Feature",
      "properties": {
        "name": null,
        "type": "service",
        "slope": 58.34391086444879,
        "sun_diff": 1.4765984427717171,
        "length": 137.1242239635834
      }
    },
    {
      "geometry": {
        "type": "LineString",
        "coordinates": [
          [
            2.7243142,
            39.5477469
          ],
          [
            2.7254413,
            39.5482823
          ]
        ]
      },
      "type": "Feature",
      "properties": {
        "name": null,
        "type": "service",
        "slope": 58.36509883888232,
        "sun_diff": 1.4554104683381865,
        "length": 113.54069321097744
      }
    },
    {
      "geometry": {
        "type": "LineString",
        "coordinates": [
          [
            2.7245165,
            39.5476681
          ],
          [
            2.7255404,
            39.5481574
          ]
        ]
      },
      "type": "Feature",
      "properties": {
        "name": null,
        "type": "service",
        "slope": 58.21165686742418,
        "sun_diff": 1.6088524397963226,
        "length": 103.31561408092111
      }
    },
    {
      "geometry": {
        "type": "LineString",
        "coordinates": [
          [
            2.7229461,
            39.546697
          ],
          [
            2.7215447,
            39.5460338
          ]
        ]
      },
      "type": "Feature",
      "properties": {
        "name": null,
        "type": "service",
        "slope": 58.46208323553833,
        "sun_diff": 1.3584260716821746,
        "length": 141.0296868232237
      }
    },
    {
      "geometry": {
        "type": "LineString",
        "coordinates": [
          [
            2.7216443,
            39.5459079
          ],
          [
            2.7229174,
            39.5465135
          ]
        ]
      },
      "type": "Feature",
      "properties": {
        "name": null,
        "type": "service",
        "slope": 58.32995347152149,
        "sun_diff": 1.4905558356990127,
        "length": 128.3001203835511
      }
    },
    {
      "geometry": {
        "type": "LineString",
        "coordinates": [
          [
            2.7258953,
            39.5433883
          ],
          [
            2.7245372,
            39.5427563
          ]
        ]
      },
      "type": "Feature",
      "properties": {
        "name": null,
        "type": "service",
        "slope": 58.890806997967445,
        "sun_diff": 0.9297023092530594,
        "length": 136.05768389145962
      }
    },
    {
      "geometry": {
        "type": "LineString",
        "coordinates": [
          [
            2.6418877,
            39.5624226
          ],
          [
            2.6378689,
            39.5604106
          ]
        ]
      },
      "type": "Feature",
      "properties": {
        "name": null,
        "type": "service",
        "slope": 57.00084136444775,
        "sun_diff": 2.7734139017134396,
        "length": 410.90922127392344
      }
    },
    {
      "geometry": {
        "type": "LineString",
        "coordinates": [
          [
            2.583024,
            39.5350148
          ],
          [
            2.5816351,
            39.5356128
          ]
        ]
      },
      "type": "Feature",
      "properties": {
        "name": null,
        "type": "path",
        "slope": 119.1734542809125,
        "sun_diff": 1.006346958103137,
        "length": 136.45492419873312
      }
    },
    {
      "geometry": {
        "type": "LineString",
        "coordinates": [
          [
            2.6718928,
            39.6334126
          ],
          [
            2.6735896,
            39.6341133
          ]
        ]
      },
      "type": "Feature",
      "properties": {
        "name": null,
        "type": "service",
        "slope": 61.79931889551983,
        "sun_diff": 2.025063629358641,
        "length": 164.92899524823775
      }
    },
    {
      "geometry": {
        "type": "LineString",
        "coordinates": [
          [
            2.6735896,
            39.6341133
          ],
          [
            2.6749084,
            39.6346579
          ]
        ]
      },
      "type": "Feature",
      "properties": {
        "name": null,
        "type": "service",
        "slope": 61.79928286896646,
        "sun_diff": 2.0250276028052667,
        "length": 128.1863090902005
      }
    },
    {
      "geometry": {
        "type": "LineString",
        "coordinates": [
          [
            2.6749084,
            39.6346579
          ],
          [
            2.6760707,
            39.6351339
          ]
        ]
      },
      "type": "Feature",
      "properties": {
        "name": null,
        "type": "service",
        "slope": 61.99700895328877,
        "sun_diff": 2.222753687127579,
        "length": 112.76581836702923
      }
    },
    {
      "geometry": {
        "type": "LineString",
        "coordinates": [
          [
            2.6704665,
            39.633647
          ],
          [
            2.6720466,
            39.6342731
          ]
        ]
      },
      "type": "Feature",
      "properties": {
        "name": null,
        "type": "service",
        "slope": 62.77371338888452,
        "sun_diff": 2.9994581227233255,
        "length": 152.2193327845653
      }
    },
    {
      "geometry": {
        "type": "LineString",
        "coordinates": [
          [
            2.760942,
            39.5579613
          ],
          [
            2.7629657,
            39.5589058
          ]
        ]
      },
      "type": "Feature",
      "properties": {
        "name": null,
        "type": "unclassified",
        "slope": 58.81070129711952,
        "sun_diff": 0.9635539690416692,
        "length": 202.8649285471525
      }
    },
    {
      "geometry": {
        "type": "LineString",
        "coordinates": [
          [
            2.7623173,
            39.5368484
          ],
          [
            2.7664884,
            39.5350835
          ]
        ]
      },
      "type": "Feature",
      "properties": {
        "name": null,
        "type": "path",
        "slope": 118.75067437308539,
        "sun_diff": 1.4291268659302432,
        "length": 408.124712512607
      }
    },
    {
      "geometry": {
        "type": "LineString",
        "coordinates": [
          [
            2.7555348,
            39.5340137
          ],
          [
            2.7538988,
            39.5347599
          ]
        ]
      },
      "type": "Feature",
      "properties": {
        "name": null,
        "type": "bridleway",
        "slope": 120.60017960222896,
        "sun_diff": 0.4203783632133309,
        "length": 163.05076472890846
      }
    },
    {
      "geometry": {
        "type": "LineString",
        "coordinates": [
          [
            2.7541118,
            39.5350011
          ],
          [
            2.7557408,
            39.5342947
          ]
        ]
      },
      "type": "Feature",
      "properties": {
        "name": null,
        "type": "bridleway",
        "slope": 119.34735051742024,
        "sun_diff": 0.8324507215953929,
        "length": 160.3182459854583
      }
    },
    {
      "geometry": {
        "type": "LineString",
        "coordinates": [
          [
            2.8844,
            39.6124006
          ],
          [
            2.8819514,
            39.6112589
          ]
        ]
      },
      "type": "Feature",
      "properties": {
        "name": null,
        "type": "service",
        "slope": 58.81616941173209,
        "sun_diff": 0.9580858544291004,
        "length": 245.25659844529775
      }
    },
    {
      "geometry": {
        "type": "LineString",
        "coordinates": [
          [
            2.9717066,
            39.4482495
          ],
          [
            2.9728609,
            39.4477512
          ]
        ]
      },
      "type": "Feature",
      "properties": {
        "name": null,
        "type": "trunk",
        "slope": 119.2067728067195,
        "sun_diff": 0.9270066176685958,
        "length": 113.58585131037547
      }
    },
    {
      "geometry": {
        "type": "LineString",
        "coordinates": [
          [
            2.779248,
            39.6536361
          ],
          [
            2.7806507,
            39.6542332
          ]
        ]
      },
      "type": "Feature",
      "properties": {
        "name": "Carretera vella d'Inca",
        "type": "primary",
        "slope": 61.06201872038997,
        "sun_diff": 1.334318023611587,
        "length": 137.2611774899472
      }
    },
    {
      "geometry": {
        "type": "LineString",
        "coordinates": [
          [
            2.7846894,
            39.6561817
          ],
          [
            2.7859936,
            39.6567956
          ]
        ]
      },
      "type": "Feature",
      "properties": {
        "name": "Carretera vella d'Inca",
        "type": "primary",
        "slope": 58.558126249177405,
        "sun_diff": 1.1695744476009793,
        "length": 130.90463301126266
      }
    },
    {
      "geometry": {
        "type": "LineString",
        "coordinates": [
          [
            2.7869521,
            39.6572014
          ],
          [
            2.7882643,
            39.657769
          ]
        ]
      },
      "type": "Feature",
      "properties": {
        "name": "Carretera vella d'Inca",
        "type": "primary",
        "slope": 60.67029277380331,
        "sun_diff": 0.9425920770249263,
        "length": 128.88893019731077
      }
    },
    {
      "geometry": {
        "type": "LineString",
        "coordinates": [
          [
            2.8801393,
            39.613512
          ],
          [
            2.8781888,
            39.6127004
          ]
        ]
      },
      "type": "Feature",
      "properties": {
        "name": null,
        "type": "service",
        "slope": 61.625334245743346,
        "sun_diff": 1.8510789795821552,
        "length": 189.95588021700627
      }
    },
    {
      "geometry": {
        "type": "LineString",
        "coordinates": [
          [
            2.6277309,
            39.597537
          ],
          [
            2.6254342,
            39.5963814
          ]
        ]
      },
      "type": "Feature",
      "properties": {
        "name": null,
        "type": "service",
        "slope": 56.85623129541588,
        "sun_diff": 2.9180239707453097,
        "length": 235.09535451629702
      }
    },
    {
      "geometry": {
        "type": "LineString",
        "coordinates": [
          [
            2.7221887,
            39.6022902
          ],
          [
            2.7235228,
            39.6029603
          ]
        ]
      },
      "type": "Feature",
      "properties": {
        "name": null,
        "type": "residential",
        "slope": 56.899144589826875,
        "sun_diff": 2.875110676334316,
        "length": 136.48304283353167
      }
    },
    {
      "geometry": {
        "type": "LineString",
        "coordinates": [
          [
            2.6049167,
            39.5703545
          ],
          [
            2.6063946,
            39.5710182
          ]
        ]
      },
      "type": "Feature",
      "properties": {
        "name": null,
        "type": "path",
        "slope": 59.77523551199823,
        "sun_diff": 0.0009802458370415934,
        "length": 146.65169548914676
      }
    },
    {
      "geometry": {
        "type": "LineString",
        "coordinates": [
          [
            2.6140277,
            39.5694938
          ],
          [
            2.6130294,
            39.569993
          ]
        ]
      },
      "type": "Feature",
      "properties": {
        "name": null,
        "type": "path",
        "slope": 122.97156138879794,
        "sun_diff": 2.745492448344635,
        "length": 102.02822088837775
      }
    },
    {
      "geometry": {
        "type": "LineString",
        "coordinates": [
          [
            2.8684788,
            39.5359092
          ],
          [
            2.8672131,
            39.5353418
          ]
        ]
      },
      "type": "Feature",
      "properties": {
        "name": null,
        "type": "path",
        "slope": 59.832102708606186,
        "sun_diff": 0.011593401385681545,
        "length": 125.58635157039093
      }
    },
    {
      "geometry": {
        "type": "LineString",
        "coordinates": [
          [
            2.8672131,
            39.5353418
          ],
          [
            2.865989,
            39.5347423
          ]
        ]
      },
      "type": "Feature",
      "properties": {
        "name": null,
        "type": "path",
        "slope": 57.583872052661775,
        "sun_diff": 2.2366372545587296,
        "length": 124.3919104639942
      }
    },
    {
      "geometry": {
        "type": "LineString",
        "coordinates": [
          [
            2.87549,
            39.5197965
          ],
          [
            2.876574,
            39.520251
          ]
        ]
      },
      "type": "Feature",
      "properties": {
        "name": null,
        "type": "unclassified",
        "slope": 61.47450377290036,
        "sun_diff": 1.6539944656798582,
        "length": 105.86139695895334
      }
    },
    {
      "geometry": {
        "type": "LineString",
        "coordinates": [
          [
            2.8739436,
            39.5205995
          ],
          [
            2.8749424,
            39.521103
          ]
        ]
      },
      "type": "Feature",
      "properties": {
        "name": null,
        "type": "service",
        "slope": 56.83531138208863,
        "sun_diff": 2.985197925131871,
        "length": 102.37570098984057
      }
    },
    {
      "geometry": {
        "type": "LineString",
        "coordinates": [
          [
            2.8872786,
            39.5448288
          ],
          [
            2.888866,
            39.5456273
          ]
        ]
      },
      "type": "Feature",
      "properties": {
        "name": null,
        "type": "service",
        "slope": 56.882356024305295,
        "sun_diff": 2.9381532829152093,
        "length": 162.5620386730513
      }
    },
    {
      "geometry": {
        "type": "LineString",
        "coordinates": [
          [
            2.8248381,
            39.3905209
          ],
          [
            2.8206833,
            39.3887346
          ]
        ]
      },
      "type": "Feature",
      "properties": {
        "name": "Carretera dels Presos",
        "type": "tertiary",
        "slope": 60.91307547947858,
        "sun_diff": 1.0465580180088523,
        "length": 408.70851708869
      }
    },
    {
      "geometry": {
        "type": "LineString",
        "coordinates": [
          [
            2.8206833,
            39.3887346
          ],
          [
            2.8182831,
            39.3876993
          ]
        ]
      },
      "type": "Feature",
      "properties": {
        "name": "Carretera dels Presos",
        "type": "tertiary",
        "slope": 60.83409084135735,
        "sun_diff": 0.9675733798876252,
        "length": 236.29406767584675
      }
    },
    {
      "geometry": {
        "type": "LineString",
        "coordinates": [
          [
            2.8182356,
            39.3876788
          ],
          [
            2.8155543,
            39.3865222
          ]
        ]
      },
      "type": "Feature",
      "properties": {
        "name": "Carretera dels Presos",
        "type": "tertiary",
        "slope": 60.833435559357014,
        "sun_diff": 0.9669180978872873,
        "length": 263.9736668177455
      }
    },
    {
      "geometry": {
        "type": "LineString",
        "coordinates": [
          [
            2.8155543,
            39.3865222
          ],
          [
            2.8126767,
            39.3852914
          ]
        ]
      },
      "type": "Feature",
      "properties": {
        "name": "Carretera dels Presos",
        "type": "tertiary",
        "slope": 61.040049740037745,
        "sun_diff": 1.1735322785680182,
        "length": 282.7370500835015
      }
    },
    {
      "geometry": {
        "type": "LineString",
        "coordinates": [
          [
            2.8126767,
            39.3852914
          ],
          [
            2.8104253,
            39.3843285
          ]
        ]
      },
      "type": "Feature",
      "properties": {
        "name": "Carretera dels Presos",
        "type": "tertiary",
        "slope": 61.04197963314283,
        "sun_diff": 1.1754621716731037,
        "length": 221.20935762944418
      }
    },
    {
      "geometry": {
        "type": "LineString",
        "coordinates": [
          [
            2.892691,
            39.539239
          ],
          [
            2.893751,
            39.5397539
          ]
        ]
      },
      "type": "Feature",
      "properties": {
        "name": null,
        "type": "path",
        "slope": 57.79389190173018,
        "sun_diff": 2.0266174054903274,
        "length": 107.45965287758723
      }
    },
    {
      "geometry": {
        "type": "LineString",
        "coordinates": [
          [
            2.8946427,
            39.5518581
          ],
          [
            2.8957774,
            39.5523174
          ]
        ]
      },
      "type": "Feature",
      "properties": {
        "name": null,
        "type": "service",
        "slope": 62.30176329970263,
        "sun_diff": 2.5275080335414373,
        "length": 109.91043161111516
      }
    },
    {
      "geometry": {
        "type": "LineString",
        "coordinates": [
          [
            2.7573966,
            39.617745
          ],
          [
            2.7563675,
            39.6182099
          ]
        ]
      },
      "type": "Feature",
      "properties": {
        "name": "Carrer de Mart\u00ed Rub\u00ed (secretari)",
        "type": "residential",
        "slope": 120.38978466595591,
        "sun_diff": 0.16371572550261249,
        "length": 102.21965879928162
      }
    },
    {
      "geometry": {
        "type": "LineString",
        "coordinates": [
          [
            2.7509926,
            39.620645
          ],
          [
            2.7498691,
            39.6211236
          ]
        ]
      },
      "type": "Feature",
      "properties": {
        "name": "Carrer de Mart\u00ed Rub\u00ed (secretari)",
        "type": "residential",
        "slope": 118.94409598628894,
        "sun_diff": 1.2819729541643596,
        "length": 109.9991269258646
      }
    },
    {
      "geometry": {
        "type": "LineString",
        "coordinates": [
          [
            2.7498691,
            39.6211236
          ],
          [
            2.7470017,
            39.6224144
          ]
        ]
      },
      "type": "Feature",
      "properties": {
        "name": "Carrer de Mart\u00ed Rub\u00ed (secretari)",
        "type": "residential",
        "slope": 120.30322026629344,
        "sun_diff": 0.07715132584013418,
        "length": 284.5486592116439
      }
    },
    {
      "geometry": {
        "type": "LineString",
        "coordinates": [
          [
            2.726574,
            39.6243315
          ],
          [
            2.7254652,
            39.6238579
          ]
        ]
      },
      "type": "Feature",
      "properties": {
        "name": "Carrer Can Barrera",
        "type": "residential",
        "slope": 60.99014967401209,
        "sun_diff": 1.2158944078508966,
        "length": 108.62403808947083
      }
    },
    {
      "geometry": {
        "type": "LineString",
        "coordinates": [
          [
            2.7499128,
            39.5159502
          ],
          [
            2.7487223,
            39.515419
          ]
        ]
      },
      "type": "Feature",
      "properties": {
        "name": "Prolongaci\u00f3 Carrer de las Ca\u00f1as",
        "type": "residential",
        "slope": 59.95544358861443,
        "sun_diff": 0.1349342813939245,
        "length": 118.01131782125594
      }
    },
    {
      "geometry": {
        "type": "LineString",
        "coordinates": [
          [
            2.8722593,
            39.6178704
          ],
          [
            2.8736698,
            39.618542
          ]
        ]
      },
      "type": "Feature",
      "properties": {
        "name": null,
        "type": "service",
        "slope": 58.27890062569884,
        "sun_diff": 1.4953546404623523,
        "length": 142.07751880814675
      }
    },
    {
      "geometry": {
        "type": "LineString",
        "coordinates": [
          [
            2.8243387,
            39.6317772
          ],
          [
            2.826106,
            39.6309648
          ]
        ]
      },
      "type": "Feature",
      "properties": {
        "name": null,
        "type": "secondary",
        "slope": 120.83136466414089,
        "sun_diff": 0.6052957236875898,
        "length": 176.313041482182
      }
    },
    {
      "geometry": {
        "type": "LineString",
        "coordinates": [
          [
            2.8484011,
            39.6223509
          ],
          [
            2.8493988,
            39.622845
          ]
        ]
      },
      "type": "Feature",
      "properties": {
        "name": "cam\u00ed de So na Rossa",
        "type": "unclassified",
        "slope": 57.260956273666096,
        "sun_diff": 2.513298992495095,
        "length": 101.62243666328845
      }
    },
    {
      "geometry": {
        "type": "LineString",
        "coordinates": [
          [
            2.8673262,
            39.6346089
          ],
          [
            2.8683761,
            39.6351208
          ]
        ]
      },
      "type": "Feature",
      "properties": {
        "name": "cam\u00ed de So na Rossa",
        "type": "unclassified",
        "slope": 57.6617927924149,
        "sun_diff": 2.112462473746291,
        "length": 106.44421579148572
      }
    },
    {
      "geometry": {
        "type": "LineString",
        "coordinates": [
          [
            2.8860832,
            39.6114392
          ],
          [
            2.888047,
            39.612362
          ]
        ]
      },
      "type": "Feature",
      "properties": {
        "name": null,
        "type": "tertiary",
        "slope": 58.61810383569866,
        "sun_diff": 1.156151430462529,
        "length": 197.11066331534164
      }
    },
    {
      "geometry": {
        "type": "LineString",
        "coordinates": [
          [
            2.888047,
            39.612362
          ],
          [
            2.8920511,
            39.6141207
          ]
        ]
      },
      "type": "Feature",
      "properties": {
        "name": null,
        "type": "tertiary",
        "slope": 60.310022613381165,
        "sun_diff": 0.5357673472199735,
        "length": 394.9508007256272
      }
    },
    {
      "geometry": {
        "type": "LineString",
        "coordinates": [
          [
            2.89925,
            39.583173
          ],
          [
            2.898112,
            39.582653
          ]
        ]
      },
      "type": "Feature",
      "properties": {
        "name": "cam\u00ed vell de Pina",
        "type": "unclassified",
        "slope": 59.336831827030096,
        "sun_diff": 0.43742343913109494,
        "length": 113.4127042062928
      }
    },
    {
      "geometry": {
        "type": "LineString",
        "coordinates": [
          [
            2.940927,
            39.369154
          ],
          [
            2.9421313,
            39.3686211
          ]
        ]
      },
      "type": "Feature",
      "properties": {
        "name": "Carrer Tonyina",
        "type": "residential",
        "slope": 119.78604636484937,
        "sun_diff": 0.34774671991706896,
        "length": 119.32099190035851
      }
    },
    {
      "geometry": {
        "type": "LineString",
        "coordinates": [
          [
            2.8961449,
            39.5403754
          ],
          [
            2.8929651,
            39.5388137
          ]
        ]
      },
      "type": "Feature",
      "properties": {
        "name": null,
        "type": "path",
        "slope": 57.50913984926038,
        "sun_diff": 2.311369457960126,
        "length": 323.3759082215733
      }
    },
    {
      "geometry": {
        "type": "LineString",
        "coordinates": [
          [
            2.899324,
            39.4801879
          ],
          [
            2.9004536,
            39.4806356
          ]
        ]
      },
      "type": "Feature",
      "properties": {
        "name": null,
        "type": "service",
        "slope": 62.81977217721678,
        "sun_diff": 2.9992628699962722,
        "length": 109.01643479987247
      }
    }
  ]
}