{
  "type": "FeatureCollection",
  "features": [
    {
      "geometry": {
        "type": "LineString",
        "coordinates": [
          [
            141.2171103,
            43.1267091
          ],
          [
            141.2182026,
            43.126241
          ]
        ]
      },
      "type": "Feature",
      "properties": {
        "name": "\u53175\u6761\u624b\u7a32\u901a",
        "type": "trunk",
        "slope": 120.42015885040277,
        "sun_diff": 1.601320936036771,
        "length": 102.8297683537343
      }
    },
    {
      "geometry": {
        "type": "LineString",
        "coordinates": [
          [
            141.221018,
            43.1250578
          ],
          [
            141.2221198,
            43.1245866
          ]
        ]
      },
      "type": "Feature",
      "properties": {
        "name": "\u53175\u6761\u624b\u7a32\u901a",
        "type": "trunk",
        "slope": 120.36799946135335,
        "sun_diff": 1.6534803250861927,
        "length": 103.67153418124201
      }
    },
    {
      "geometry": {
        "type": "LineString",
        "coordinates": [
          [
            141.2222102,
            43.124548
          ],
          [
            141.2237889,
            43.1238899
          ]
        ]
      },
      "type": "Feature",
      "properties": {
        "name": "\u53175\u6761\u624b\u7a32\u901a",
        "type": "trunk",
        "slope": 119.73240648743243,
        "sun_diff": 2.2890732990071143,
        "length": 147.5956710049685
      }
    },
    {
      "geometry": {
        "type": "LineString",
        "coordinates": [
          [
            141.4650581,
            43.0244267
          ],
          [
            141.4623484,
            43.0233042
          ]
        ]
      },
      "type": "Feature",
      "properties": {
        "name": "\u539a\u5225\u6edd\u91ce\u516c\u5712\u901a",
        "type": "trunk",
        "slope": 60.46264390875456,
        "sun_diff": 2.428994050679421,
        "length": 253.25948159511216
      }
    },
    {
      "geometry": {
        "type": "LineString",
        "coordinates": [
          [
            141.4772027,
            43.0197219
          ],
          [
            141.4784613,
            43.0191403
          ]
        ]
      },
      "type": "Feature",
      "properties": {
        "name": "\u5e73\u548c\u901a",
        "type": "trunk",
        "slope": 122.29452283637639,
        "sun_diff": 0.3295560351295421,
        "length": 121.08272046351007
      }
    },
    {
      "geometry": {
        "type": "LineString",
        "coordinates": [
          [
            141.4877131,
            43.0353358
          ],
          [
            141.4890553,
            43.0347233
          ]
        ]
      },
      "type": "Feature",
      "properties": {
        "name": "\u539a\u5225\u6771\u901a",
        "type": "tertiary",
        "slope": 121.97734178886054,
        "sun_diff": 0.01237498761369693,
        "length": 128.64445881555503
      }
    },
    {
      "geometry": {
        "type": "LineString",
        "coordinates": [
          [
            141.4891899,
            43.034662
          ],
          [
            141.490263,
            43.0341519
          ]
        ]
      },
      "type": "Feature",
      "properties": {
        "name": "\u539a\u5225\u6771\u901a",
        "type": "tertiary",
        "slope": 123.03688107713316,
        "sun_diff": 1.0719142758863143,
        "length": 104.07260004493914
      }
    },
    {
      "geometry": {
        "type": "LineString",
        "coordinates": [
          [
            141.429424,
            43.121574
          ],
          [
            141.4315442,
            43.1224808
          ]
        ]
      },
      "type": "Feature",
      "properties": {
        "name": null,
        "type": "pedestrian",
        "slope": 59.63100967574286,
        "sun_diff": 1.6538864632387629,
        "length": 199.50628350217593
      }
    },
    {
      "geometry": {
        "type": "LineString",
        "coordinates": [
          [
            141.4331205,
            43.1235142
          ],
          [
            141.4350526,
            43.124368
          ]
        ]
      },
      "type": "Feature",
      "properties": {
        "name": null,
        "type": "pedestrian",
        "slope": 58.80708618541581,
        "sun_diff": 0.8299629729117157,
        "length": 183.36479287701204
      }
    },
    {
      "geometry": {
        "type": "LineString",
        "coordinates": [
          [
            141.4277146,
            43.0034223
          ],
          [
            141.42645,
            43.0039796
          ]
        ]
      },
      "type": "Feature",
      "properties": {
        "name": "\u7f8a\u30f6\u4e18\u7dda",
        "type": "primary",
        "slope": 121.07359885373796,
        "sun_diff": 0.8913679475088827,
        "length": 120.10064394750411
      }
    },
    {
      "geometry": {
        "type": "LineString",
        "coordinates": [
          [
            141.4171845,
            43.090723
          ],
          [
            141.4161267,
            43.0902484
          ]
        ]
      },
      "type": "Feature",
      "properties": {
        "name": "\u53171\u6761\u30fb\u96c1\u6765\u901a",
        "type": "trunk",
        "slope": 58.43435133726061,
        "sun_diff": 0.45722812475651153,
        "length": 100.84438381803233
      }
    },
    {
      "geometry": {
        "type": "LineString",
        "coordinates": [
          [
            141.4621762,
            43.023361
          ],
          [
            141.4655703,
            43.0247912
          ]
        ]
      },
      "type": "Feature",
      "properties": {
        "name": "\u539a\u5225\u6edd\u91ce\u516c\u5712\u901a",
        "type": "trunk",
        "slope": 60.041079205221905,
        "sun_diff": 2.0074293471467684,
        "length": 318.560274475137
      }
    },
    {
      "geometry": {
        "type": "LineString",
        "coordinates": [
          [
            141.4118336,
            43.0910374
          ],
          [
            141.4106058,
            43.0915372
          ]
        ]
      },
      "type": "Feature",
      "properties": {
        "name": null,
        "type": "residential",
        "slope": 119.13654372772146,
        "sun_diff": 2.8849360587180826,
        "length": 114.17886800912473
      }
    },
    {
      "geometry": {
        "type": "LineString",
        "coordinates": [
          [
            141.4979436,
            43.0282838
          ],
          [
            141.4992464,
            43.0277254
          ]
        ]
      },
      "type": "Feature",
      "properties": {
        "name": null,
        "type": "tertiary",
        "slope": 120.3840382650344,
        "sun_diff": 1.58092853621244,
        "length": 122.7982039948101
      }
    },
    {
      "geometry": {
        "type": "LineString",
        "coordinates": [
          [
            141.4392869,
            43.1302289
          ],
          [
            141.4376569,
            43.130907
          ]
        ]
      },
      "type": "Feature",
      "properties": {
        "name": null,
        "type": "tertiary",
        "slope": 119.68491323866445,
        "sun_diff": 2.3365665477750923,
        "length": 152.3035283460141
      }
    },
    {
      "geometry": {
        "type": "LineString",
        "coordinates": [
          [
            141.4376569,
            43.130907
          ],
          [
            141.4358616,
            43.1316461
          ]
        ]
      },
      "type": "Feature",
      "properties": {
        "name": null,
        "type": "tertiary",
        "slope": 119.42820725958128,
        "sun_diff": 2.5932725268582573,
        "length": 167.32117184319543
      }
    },
    {
      "geometry": {
        "type": "LineString",
        "coordinates": [
          [
            141.4142897,
            43.0940876
          ],
          [
            141.415535,
            43.0935821
          ]
        ]
      },
      "type": "Feature",
      "properties": {
        "name": null,
        "type": "residential",
        "slope": 119.06887516048184,
        "sun_diff": 2.9526046259577043,
        "length": 115.72557601593824
      }
    },
    {
      "geometry": {
        "type": "LineString",
        "coordinates": [
          [
            141.4149952,
            43.0951281
          ],
          [
            141.4137764,
            43.0956328
          ]
        ]
      },
      "type": "Feature",
      "properties": {
        "name": null,
        "type": "residential",
        "slope": 119.55705393370096,
        "sun_diff": 2.464425852738586,
        "length": 113.80298025769014
      }
    },
    {
      "geometry": {
        "type": "LineString",
        "coordinates": [
          [
            141.4127345,
            43.0921333
          ],
          [
            141.4140788,
            43.0915873
          ]
        ]
      },
      "type": "Feature",
      "properties": {
        "name": null,
        "type": "residential",
        "slope": 119.08204993690302,
        "sun_diff": 2.9394298495365234,
        "length": 124.94564553722999
      }
    },
    {
      "geometry": {
        "type": "LineString",
        "coordinates": [
          [
            141.3840676,
            43.0777265
          ],
          [
            141.3853081,
            43.0772171
          ]
        ]
      },
      "type": "Feature",
      "properties": {
        "name": "\u531713\u6761\u30fb\u5317\u90f7\u901a",
        "type": "tertiary",
        "slope": 119.34415362361469,
        "sun_diff": 2.677326162824855,
        "length": 115.62043799260525
      }
    },
    {
      "geometry": {
        "type": "LineString",
        "coordinates": [
          [
            141.4075553,
            43.106353
          ],
          [
            141.4089794,
            43.1057442
          ]
        ]
      },
      "type": "Feature",
      "properties": {
        "name": null,
        "type": "tertiary",
        "slope": 120.3506191115761,
        "sun_diff": 1.670860674863448,
        "length": 134.01500807923387
      }
    },
    {
      "geometry": {
        "type": "LineString",
        "coordinates": [
          [
            141.4131301,
            43.1019251
          ],
          [
            141.4148097,
            43.1012249
          ]
        ]
      },
      "type": "Feature",
      "properties": {
        "name": null,
        "type": "residential",
        "slope": 119.72463026445112,
        "sun_diff": 2.2968495219884204,
        "length": 157.07495434465835
      }
    },
    {
      "geometry": {
        "type": "LineString",
        "coordinates": [
          [
            141.4119168,
            43.0973385
          ],
          [
            141.4130128,
            43.0968929
          ]
        ]
      },
      "type": "Feature",
      "properties": {
        "name": null,
        "type": "residential",
        "slope": 119.1087223445673,
        "sun_diff": 2.9127574418722446,
        "length": 101.88509019174808
      }
    },
    {
      "geometry": {
        "type": "LineString",
        "coordinates": [
          [
            141.4027706,
            43.0855724
          ],
          [
            141.4040722,
            43.0850392
          ]
        ]
      },
      "type": "Feature",
      "properties": {
        "name": null,
        "type": "residential",
        "slope": 119.28816137747435,
        "sun_diff": 2.7333184089651894,
        "length": 121.23319245821232
      }
    },
    {
      "geometry": {
        "type": "LineString",
        "coordinates": [
          [
            141.4147392,
            43.0924487
          ],
          [
            141.4160486,
            43.0919175
          ]
        ]
      },
      "type": "Feature",
      "properties": {
        "name": null,
        "type": "residential",
        "slope": 119.05356916423614,
        "sun_diff": 2.967910622203405,
        "length": 121.66760585314918
      }
    },
    {
      "geometry": {
        "type": "LineString",
        "coordinates": [
          [
            141.4162275,
            43.0955784
          ],
          [
            141.4143376,
            43.0963505
          ]
        ]
      },
      "type": "Feature",
      "properties": {
        "name": null,
        "type": "residential",
        "slope": 119.22641488234893,
        "sun_diff": 2.7950649040906086,
        "length": 175.8911367288424
      }
    },
    {
      "geometry": {
        "type": "LineString",
        "coordinates": [
          [
            141.4018607,
            43.0844738
          ],
          [
            141.4006564,
            43.0849779
          ]
        ]
      },
      "type": "Feature",
      "properties": {
        "name": null,
        "type": "residential",
        "slope": 119.81848390793115,
        "sun_diff": 2.202995878508389,
        "length": 112.76157867594314
      }
    },
    {
      "geometry": {
        "type": "LineString",
        "coordinates": [
          [
            141.3966171,
            43.0866321
          ],
          [
            141.3953456,
            43.0871511
          ]
        ]
      },
      "type": "Feature",
      "properties": {
        "name": null,
        "type": "residential",
        "slope": 119.2011828411928,
        "sun_diff": 2.8202969452467386,
        "length": 118.32570366158939
      }
    },
    {
      "geometry": {
        "type": "LineString",
        "coordinates": [
          [
            141.3969509,
            43.0241778
          ],
          [
            141.398249,
            43.024757
          ]
        ]
      },
      "type": "Feature",
      "properties": {
        "name": "\u767d\u77f3\u85fb\u5ca9\u901a",
        "type": "secondary",
        "slope": 58.60283798876941,
        "sun_diff": 0.5691881306942719,
        "length": 123.6632976687866
      }
    },
    {
      "geometry": {
        "type": "LineString",
        "coordinates": [
          [
            141.4112761,
            43.095674
          ],
          [
            141.4130103,
            43.0949641
          ]
        ]
      },
      "type": "Feature",
      "properties": {
        "name": null,
        "type": "unclassified",
        "slope": 119.27441563549809,
        "sun_diff": 2.747064150941455,
        "length": 161.47820296966194
      }
    },
    {
      "geometry": {
        "type": "LineString",
        "coordinates": [
          [
            141.3918302,
            43.0919471
          ],
          [
            141.3931033,
            43.0914179
          ]
        ]
      },
      "type": "Feature",
      "properties": {
        "name": "\u5bae\u306e\u68ee\u531724\u6761\u901a",
        "type": "tertiary",
        "slope": 119.64922222142073,
        "sun_diff": 2.3722575650188134,
        "length": 118.98925650350961
      }
    },
    {
      "geometry": {
        "type": "LineString",
        "coordinates": [
          [
            141.3933343,
            43.0913251
          ],
          [
            141.3951505,
            43.0905829
          ]
        ]
      },
      "type": "Feature",
      "properties": {
        "name": "\u5bae\u306e\u68ee\u531724\u6761\u901a",
        "type": "tertiary",
        "slope": 119.23100510860692,
        "sun_diff": 2.79047467783262,
        "length": 169.05385630770607
      }
    },
    {
      "geometry": {
        "type": "LineString",
        "coordinates": [
          [
            141.3972958,
            43.0896956
          ],
          [
            141.3985707,
            43.089166
          ]
        ]
      },
      "type": "Feature",
      "properties": {
        "name": "\u5bae\u306e\u68ee\u531724\u6761\u901a",
        "type": "tertiary",
        "slope": 119.6321285989822,
        "sun_diff": 2.3893511874573363,
        "length": 119.141645428519
      }
    },
    {
      "geometry": {
        "type": "LineString",
        "coordinates": [
          [
            141.3860906,
            43.0821563
          ],
          [
            141.3873525,
            43.0816447
          ]
        ]
      },
      "type": "Feature",
      "properties": {
        "name": "\u672d\u5e4c\u74b0\u72b6\u7dda",
        "type": "primary",
        "slope": 119.03380512174982,
        "sun_diff": 2.9876746646897203,
        "length": 117.25119069740369
      }
    },
    {
      "geometry": {
        "type": "LineString",
        "coordinates": [
          [
            141.4049412,
            43.0937726
          ],
          [
            141.4068764,
            43.0929684
          ]
        ]
      },
      "type": "Feature",
      "properties": {
        "name": null,
        "type": "residential",
        "slope": 119.64309082097148,
        "sun_diff": 2.378388965468062,
        "length": 180.8559933194769
      }
    },
    {
      "geometry": {
        "type": "LineString",
        "coordinates": [
          [
            141.3908628,
            43.087457
          ],
          [
            141.3922726,
            43.0868779
          ]
        ]
      },
      "type": "Feature",
      "properties": {
        "name": null,
        "type": "unclassified",
        "slope": 119.3555598438166,
        "sun_diff": 2.665919942622949,
        "length": 131.39392757871886
      }
    },
    {
      "geometry": {
        "type": "LineString",
        "coordinates": [
          [
            141.3945222,
            43.085962
          ],
          [
            141.3957343,
            43.0854649
          ]
        ]
      },
      "type": "Feature",
      "properties": {
        "name": null,
        "type": "unclassified",
        "slope": 119.31607406586846,
        "sun_diff": 2.705405720571079,
        "length": 112.92712546271635
      }
    },
    {
      "geometry": {
        "type": "LineString",
        "coordinates": [
          [
            141.4734496,
            43.0443896
          ],
          [
            141.4720599,
            43.043822
          ]
        ]
      },
      "type": "Feature",
      "properties": {
        "name": null,
        "type": "residential",
        "slope": 60.800875253527124,
        "sun_diff": 2.7672253954519874,
        "length": 129.41335753823168
      }
    },
    {
      "geometry": {
        "type": "LineString",
        "coordinates": [
          [
            141.4681865,
            43.0396813
          ],
          [
            141.4669984,
            43.0391885
          ]
        ]
      },
      "type": "Feature",
      "properties": {
        "name": null,
        "type": "residential",
        "slope": 60.425001085434275,
        "sun_diff": 2.391351227359138,
        "length": 111.05767724603396
      }
    },
    {
      "geometry": {
        "type": "LineString",
        "coordinates": [
          [
            141.4535141,
            43.0951886
          ],
          [
            141.4549825,
            43.0959047
          ]
        ]
      },
      "type": "Feature",
      "properties": {
        "name": "\u56fd\u9053275\u53f7",
        "type": "trunk",
        "slope": 56.26290206727887,
        "sun_diff": 1.714221145225224,
        "length": 143.41815954537765
      }
    },
    {
      "geometry": {
        "type": "LineString",
        "coordinates": [
          [
            141.4628876,
            43.0373218
          ],
          [
            141.4645494,
            43.0380022
          ]
        ]
      },
      "type": "Feature",
      "properties": {
        "name": null,
        "type": "residential",
        "slope": 60.74336372764668,
        "sun_diff": 2.7097138695715444,
        "length": 154.8550141727303
      }
    },
    {
      "geometry": {
        "type": "LineString",
        "coordinates": [
          [
            141.3807885,
            43.0851078
          ],
          [
            141.3820578,
            43.0845659
          ]
        ]
      },
      "type": "Feature",
      "properties": {
        "name": "\u531718\u6761\u901a",
        "type": "residential",
        "slope": 120.30867220349907,
        "sun_diff": 1.7128075829404708,
        "length": 119.4377421206194
      }
    },
    {
      "geometry": {
        "type": "LineString",
        "coordinates": [
          [
            141.1370871,
            42.9768612
          ],
          [
            141.1386178,
            42.976097
          ]
        ]
      },
      "type": "Feature",
      "properties": {
        "name": "\u5c0f\u6a3d\u5b9a\u5c71\u6e13\u7dda",
        "type": "primary",
        "slope": 124.30849639451583,
        "sun_diff": 2.3435432536473115,
        "length": 150.80581498535827
      }
    },
    {
      "geometry": {
        "type": "LineString",
        "coordinates": [
          [
            141.1607435,
            42.9627637
          ],
          [
            141.1620604,
            42.9633331
          ]
        ]
      },
      "type": "Feature",
      "properties": {
        "name": "\u56fd\u9053230\u53f7",
        "type": "trunk",
        "slope": 59.42322753453573,
        "sun_diff": 1.3895776764605898,
        "length": 124.50447527293313
      }
    },
    {
      "geometry": {
        "type": "LineString",
        "coordinates": [
          [
            141.3546404,
            42.9817795
          ],
          [
            141.3561844,
            42.9824288
          ]
        ]
      },
      "type": "Feature",
      "properties": {
        "name": "\u77f3\u5c71\u897f\u5ca1\u7dda",
        "type": "tertiary",
        "slope": 60.10801655519046,
        "sun_diff": 2.074366697115323,
        "length": 144.9170954666743
      }
    },
    {
      "geometry": {
        "type": "LineString",
        "coordinates": [
          [
            141.4044785,
            43.0700153
          ],
          [
            141.4056846,
            43.0705293
          ]
        ]
      },
      "type": "Feature",
      "properties": {
        "name": "\u65ed\u5c71\u516c\u5712\u7c73\u91cc\u7dda",
        "type": "primary",
        "slope": 59.74157122224011,
        "sun_diff": 1.7644480097360145,
        "length": 113.4594045708064
      }
    },
    {
      "geometry": {
        "type": "LineString",
        "coordinates": [
          [
            141.4233413,
            43.0989249
          ],
          [
            141.4245696,
            43.0984178
          ]
        ]
      },
      "type": "Feature",
      "properties": {
        "name": null,
        "type": "residential",
        "slope": 119.48397275746493,
        "sun_diff": 2.537507028974616,
        "length": 114.60128920780151
      }
    },
    {
      "geometry": {
        "type": "LineString",
        "coordinates": [
          [
            141.3193285,
            43.0752417
          ],
          [
            141.3212196,
            43.0744593
          ]
        ]
      },
      "type": "Feature",
      "properties": {
        "name": null,
        "type": "service",
        "slope": 119.52668558710079,
        "sun_diff": 2.494794199338756,
        "length": 176.58421642941062
      }
    },
    {
      "geometry": {
        "type": "LineString",
        "coordinates": [
          [
            141.3212196,
            43.0744593
          ],
          [
            141.3229408,
            43.0737119
          ]
        ]
      },
      "type": "Feature",
      "properties": {
        "name": null,
        "type": "service",
        "slope": 120.7294045039533,
        "sun_diff": 1.2920752824862376,
        "length": 162.69155470646186
      }
    },
    {
      "geometry": {
        "type": "LineString",
        "coordinates": [
          [
            141.4684491,
            43.0123307
          ],
          [
            141.4695462,
            43.0118825
          ]
        ]
      },
      "type": "Feature",
      "properties": {
        "name": null,
        "type": "unclassified",
        "slope": 119.19228944344886,
        "sun_diff": 2.7726773577979884,
        "length": 102.21193594367223
      }
    },
    {
      "geometry": {
        "type": "LineString",
        "coordinates": [
          [
            141.4338032,
            43.1493413
          ],
          [
            141.4279369,
            43.1519097
          ]
        ]
      },
      "type": "Feature",
      "properties": {
        "name": "\u672d\u5e4c\u5317\u5e83\u5cf6\u74b0\u72b6\u7dda",
        "type": "primary",
        "slope": 120.9693610549144,
        "sun_diff": 1.052118731525141,
        "length": 555.1854365751698
      }
    },
    {
      "geometry": {
        "type": "LineString",
        "coordinates": [
          [
            141.4279369,
            43.1519097
          ],
          [
            141.4262987,
            43.152638
          ]
        ]
      },
      "type": "Feature",
      "properties": {
        "name": "\u672d\u5e4c\u5317\u5e83\u5cf6\u74b0\u72b6\u7dda",
        "type": "primary",
        "slope": 121.35785174775538,
        "sun_diff": 0.7204825333353426,
        "length": 155.67237578922806
      }
    },
    {
      "geometry": {
        "type": "LineString",
        "coordinates": [
          [
            141.4255435,
            43.1529798
          ],
          [
            141.4244104,
            43.1534735
          ]
        ]
      },
      "type": "Feature",
      "properties": {
        "name": "\u672d\u5e4c\u5317\u5e83\u5cf6\u74b0\u72b6\u7dda",
        "type": "primary",
        "slope": 120.8477016504711,
        "sun_diff": 1.230632630619624,
        "length": 107.09604131994463
      }
    },
    {
      "geometry": {
        "type": "LineString",
        "coordinates": [
          [
            141.4240772,
            43.1536217
          ],
          [
            141.422985,
            43.1540982
          ]
        ]
      },
      "type": "Feature",
      "properties": {
        "name": "\u672d\u5e4c\u5317\u5e83\u5cf6\u74b0\u72b6\u7dda",
        "type": "primary",
        "slope": 120.88083264328384,
        "sun_diff": 1.1975016378068801,
        "length": 103.264952596196
      }
    },
    {
      "geometry": {
        "type": "LineString",
        "coordinates": [
          [
            141.422985,
            43.1540982
          ],
          [
            141.4218769,
            43.1545683
          ]
        ]
      },
      "type": "Feature",
      "properties": {
        "name": "\u672d\u5e4c\u5317\u5e83\u5cf6\u74b0\u72b6\u7dda",
        "type": "primary",
        "slope": 120.17969896990797,
        "sun_diff": 1.898635311182744,
        "length": 104.01406688301266
      }
    },
    {
      "geometry": {
        "type": "LineString",
        "coordinates": [
          [
            141.4213445,
            43.1547999
          ],
          [
            141.420089,
            43.1553645
          ]
        ]
      },
      "type": "Feature",
      "properties": {
        "name": "\u672d\u5e4c\u5317\u5e83\u5cf6\u74b0\u72b6\u7dda",
        "type": "primary",
        "slope": 121.65175605914663,
        "sun_diff": 0.4265782219440837,
        "length": 119.67597421688085
      }
    },
    {
      "geometry": {
        "type": "LineString",
        "coordinates": [
          [
            141.3226165,
            43.045679
          ],
          [
            141.3214394,
            43.0451094
          ]
        ]
      },
      "type": "Feature",
      "properties": {
        "name": "\u65ed\u5c71\u516c\u5712\u7c73\u91cc\u7dda",
        "type": "primary",
        "slope": 56.48995912192052,
        "sun_diff": 1.5436907361546162,
        "length": 114.75864250911876
      }
    },
    {
      "geometry": {
        "type": "LineString",
        "coordinates": [
          [
            141.0571554,
            42.845346
          ],
          [
            141.0583517,
            42.8448164
          ]
        ]
      },
      "type": "Feature",
      "properties": {
        "name": "\u56fd\u9053230\u53f7",
        "type": "trunk",
        "slope": 121.12319308838966,
        "sun_diff": 0.7297039689556328,
        "length": 113.9667738228362
      }
    },
    {
      "geometry": {
        "type": "LineString",
        "coordinates": [
          [
            141.058213,
            42.8448065
          ],
          [
            141.0571266,
            42.8452902
          ]
        ]
      },
      "type": "Feature",
      "properties": {
        "name": "\u56fd\u9053230\u53f7",
        "type": "trunk",
        "slope": 121.26826116558036,
        "sun_diff": 0.5846358917649326,
        "length": 103.6556578314275
      }
    },
    {
      "geometry": {
        "type": "LineString",
        "coordinates": [
          [
            141.105026,
            42.8632256
          ],
          [
            141.1075989,
            42.8644271
          ]
        ]
      },
      "type": "Feature",
      "properties": {
        "name": "\u56fd\u9053230\u53f7",
        "type": "trunk",
        "slope": 57.49820249759921,
        "sun_diff": 0.5916461569667888,
        "length": 248.71968397895532
      }
    },
    {
      "geometry": {
        "type": "LineString",
        "coordinates": [
          [
            141.1075989,
            42.8644271
          ],
          [
            141.1088685,
            42.86502
          ]
        ]
      },
      "type": "Feature",
      "properties": {
        "name": "\u56fd\u9053230\u53f7",
        "type": "trunk",
        "slope": 57.497135946279116,
        "sun_diff": 0.5927127082868822,
        "length": 122.73081582741051
      }
    },
    {
      "geometry": {
        "type": "LineString",
        "coordinates": [
          [
            141.4123811,
            43.1696089
          ],
          [
            141.4137772,
            43.1702575
          ]
        ]
      },
      "type": "Feature",
      "properties": {
        "name": "\u5f53\u5225\u30d0\u30a4\u30d1\u30b9",
        "type": "trunk",
        "slope": 57.50283064715774,
        "sun_diff": 0.4174380706951979,
        "length": 134.28176087861343
      }
    },
    {
      "geometry": {
        "type": "LineString",
        "coordinates": [
          [
            141.4138541,
            43.1701306
          ],
          [
            141.411932,
            43.169259
          ]
        ]
      },
      "type": "Feature",
      "properties": {
        "name": "\u5f53\u5225\u30d0\u30a4\u30d1\u30b9",
        "type": "trunk",
        "slope": 58.128840512014705,
        "sun_diff": 0.20857179416177019,
        "length": 183.6087449404835
      }
    },
    {
      "geometry": {
        "type": "LineString",
        "coordinates": [
          [
            141.4115953,
            43.1690901
          ],
          [
            141.4104045,
            43.1685784
          ]
        ]
      },
      "type": "Feature",
      "properties": {
        "name": "\u5f53\u5225\u30d0\u30a4\u30d1\u30b9",
        "type": "trunk",
        "slope": 59.49447659358381,
        "sun_diff": 1.5742078757308775,
        "length": 112.12318098422779
      }
    },
    {
      "geometry": {
        "type": "LineString",
        "coordinates": [
          [
            141.425863,
            43.175616
          ],
          [
            141.4227646,
            43.1741973
          ]
        ]
      },
      "type": "Feature",
      "properties": {
        "name": "\u5f53\u5225\u30d0\u30a4\u30d1\u30b9",
        "type": "trunk",
        "slope": 57.877059727252714,
        "sun_diff": 0.04320899060022043,
        "length": 296.7636987323757
      }
    },
    {
      "geometry": {
        "type": "LineString",
        "coordinates": [
          [
            141.4227646,
            43.1741973
          ],
          [
            141.4152978,
            43.1707765
          ]
        ]
      },
      "type": "Feature",
      "properties": {
        "name": "\u5f53\u5225\u30d0\u30a4\u30d1\u30b9",
        "type": "trunk",
        "slope": 57.86423999363342,
        "sun_diff": 0.05602872421951588,
        "length": 715.2997248574106
      }
    },
    {
      "geometry": {
        "type": "LineString",
        "coordinates": [
          [
            141.4550155,
            43.0958268
          ],
          [
            141.45356,
            43.095107
          ]
        ]
      },
      "type": "Feature",
      "properties": {
        "name": "\u56fd\u9053275\u53f7",
        "type": "trunk",
        "slope": 55.89239165442663,
        "sun_diff": 2.084731558077465,
        "length": 142.7785314893436
      }
    },
    {
      "geometry": {
        "type": "LineString",
        "coordinates": [
          [
            141.4101043,
            43.095503
          ],
          [
            141.4126375,
            43.0944715
          ]
        ]
      },
      "type": "Feature",
      "properties": {
        "name": null,
        "type": "residential",
        "slope": 119.14506929070575,
        "sun_diff": 2.8764104957337935,
        "length": 235.5801325945312
      }
    },
    {
      "geometry": {
        "type": "LineString",
        "coordinates": [
          [
            141.4070299,
            43.0985628
          ],
          [
            141.4082638,
            43.0980521
          ]
        ]
      },
      "type": "Feature",
      "properties": {
        "name": null,
        "type": "residential",
        "slope": 119.54585740295175,
        "sun_diff": 2.4756223834877886,
        "length": 115.19487397554002
      }
    },
    {
      "geometry": {
        "type": "LineString",
        "coordinates": [
          [
            141.4078517,
            43.0942986
          ],
          [
            141.4062985,
            43.0949508
          ]
        ]
      },
      "type": "Feature",
      "properties": {
        "name": null,
        "type": "residential",
        "slope": 119.90063296790186,
        "sun_diff": 2.120846818537686,
        "length": 145.52613447221594
      }
    },
    {
      "geometry": {
        "type": "LineString",
        "coordinates": [
          [
            141.4078842,
            43.0925898
          ],
          [
            141.4091715,
            43.0920559
          ]
        ]
      },
      "type": "Feature",
      "properties": {
        "name": null,
        "type": "residential",
        "slope": 119.5940869531151,
        "sun_diff": 2.427392833324447,
        "length": 120.24937954060748
      }
    },
    {
      "geometry": {
        "type": "LineString",
        "coordinates": [
          [
            141.4092144,
            43.092038
          ],
          [
            141.4103773,
            43.0915522
          ]
        ]
      },
      "type": "Feature",
      "properties": {
        "name": null,
        "type": "residential",
        "slope": 119.77181994871086,
        "sun_diff": 2.249659837728686,
        "length": 108.82208576737693
      }
    },
    {
      "geometry": {
        "type": "LineString",
        "coordinates": [
          [
            141.4081621,
            43.0928836
          ],
          [
            141.4093611,
            43.0923901
          ]
        ]
      },
      "type": "Feature",
      "properties": {
        "name": null,
        "type": "residential",
        "slope": 119.4069411669939,
        "sun_diff": 2.6145386194456393,
        "length": 111.79371856976742
      }
    },
    {
      "geometry": {
        "type": "LineString",
        "coordinates": [
          [
            141.407886,
            43.0961774
          ],
          [
            141.4090031,
            43.0957183
          ]
        ]
      },
      "type": "Feature",
      "properties": {
        "name": null,
        "type": "residential",
        "slope": 119.3714515824546,
        "sun_diff": 2.650028203984945,
        "length": 104.11546655841485
      }
    },
    {
      "geometry": {
        "type": "LineString",
        "coordinates": [
          [
            141.4099935,
            43.0909235
          ],
          [
            141.4113316,
            43.0903127
          ]
        ]
      },
      "type": "Feature",
      "properties": {
        "name": null,
        "type": "unclassified",
        "slope": 122.0078941831747,
        "sun_diff": 0.013585603264843371,
        "length": 128.17794520266125
      }
    },
    {
      "geometry": {
        "type": "LineString",
        "coordinates": [
          [
            141.4105816,
            43.0976849
          ],
          [
            141.4117501,
            43.0972026
          ]
        ]
      },
      "type": "Feature",
      "properties": {
        "name": null,
        "type": "residential",
        "slope": 119.47779897753367,
        "sun_diff": 2.543680808905876,
        "length": 109.01744464964601
      }
    },
    {
      "geometry": {
        "type": "LineString",
        "coordinates": [
          [
            141.4117727,
            43.0971649
          ],
          [
            141.4140096,
            43.0962499
          ]
        ]
      },
      "type": "Feature",
      "properties": {
        "name": null,
        "type": "residential",
        "slope": 119.25672948704991,
        "sun_diff": 2.7647502993896325,
        "length": 208.2459182318529
      }
    },
    {
      "geometry": {
        "type": "LineString",
        "coordinates": [
          [
            141.4084982,
            43.0983631
          ],
          [
            141.407268,
            43.0988901
          ]
        ]
      },
      "type": "Feature",
      "properties": {
        "name": null,
        "type": "residential",
        "slope": 120.39966140268578,
        "sun_diff": 1.6218183837537623,
        "length": 115.8398992050469
      }
    },
    {
      "geometry": {
        "type": "LineString",
        "coordinates": [
          [
            141.4100754,
            43.0989607
          ],
          [
            141.40871,
            43.0995222
          ]
        ]
      },
      "type": "Feature",
      "properties": {
        "name": null,
        "type": "residential",
        "slope": 119.38846169360036,
        "sun_diff": 2.6330180928391798,
        "length": 127.27158613990126
      }
    },
    {
      "geometry": {
        "type": "LineString",
        "coordinates": [
          [
            141.4084745,
            43.0992103
          ],
          [
            141.4098035,
            43.0986703
          ]
        ]
      },
      "type": "Feature",
      "properties": {
        "name": null,
        "type": "residential",
        "slope": 119.09452442214521,
        "sun_diff": 2.9269553642943293,
        "length": 123.52426973459418
      }
    },
    {
      "geometry": {
        "type": "LineString",
        "coordinates": [
          [
            141.4270986,
            43.0957312
          ],
          [
            141.4260154,
            43.0961776
          ]
        ]
      },
      "type": "Feature",
      "properties": {
        "name": null,
        "type": "residential",
        "slope": 119.43936778870363,
        "sun_diff": 2.5821119977359075,
        "length": 101.0232102945406
      }
    },
    {
      "geometry": {
        "type": "LineString",
        "coordinates": [
          [
            141.4243119,
            43.0980898
          ],
          [
            141.4230727,
            43.0985941
          ]
        ]
      },
      "type": "Feature",
      "properties": {
        "name": null,
        "type": "residential",
        "slope": 119.13255961171379,
        "sun_diff": 2.8889201747257545,
        "length": 115.22126583270241
      }
    },
    {
      "geometry": {
        "type": "LineString",
        "coordinates": [
          [
            141.4228828,
            43.0982291
          ],
          [
            141.4240747,
            43.097744
          ]
        ]
      },
      "type": "Feature",
      "properties": {
        "name": null,
        "type": "residential",
        "slope": 119.13468379005627,
        "sun_diff": 2.8867959963832703,
        "length": 110.82644017691919
      }
    },
    {
      "geometry": {
        "type": "LineString",
        "coordinates": [
          [
            141.3698724,
            43.0628122
          ],
          [
            141.371021,
            43.0632889
          ]
        ]
      },
      "type": "Feature",
      "properties": {
        "name": "\u5927\u901a",
        "type": "tertiary",
        "slope": 60.40068363008558,
        "sun_diff": 2.423560417581484,
        "length": 107.34974020319288
      }
    },
    {
      "geometry": {
        "type": "LineString",
        "coordinates": [
          [
            141.358547,
            43.0389431
          ],
          [
            141.356985,
            43.0397401
          ]
        ]
      },
      "type": "Feature",
      "properties": {
        "name": "\u5e4c\u5e73\u6a4b",
        "type": "tertiary",
        "slope": 124.91971568490757,
        "sun_diff": 2.954748883660727,
        "length": 154.86760848140858
      }
    },
    {
      "geometry": {
        "type": "LineString",
        "coordinates": [
          [
            141.4179701,
            43.1013621
          ],
          [
            141.4168023,
            43.1018352
          ]
        ]
      },
      "type": "Feature",
      "properties": {
        "name": null,
        "type": "residential",
        "slope": 119.02384441532232,
        "sun_diff": 2.9976353711172266,
        "length": 108.46219489376155
      }
    },
    {
      "geometry": {
        "type": "LineString",
        "coordinates": [
          [
            141.4162379,
            43.1010976
          ],
          [
            141.4173982,
            43.1006265
          ]
        ]
      },
      "type": "Feature",
      "properties": {
        "name": null,
        "type": "residential",
        "slope": 119.07703318113207,
        "sun_diff": 2.9444466053074763,
        "length": 107.82269093443095
      }
    },
    {
      "geometry": {
        "type": "LineString",
        "coordinates": [
          [
            141.4128602,
            43.1015033
          ],
          [
            141.4140243,
            43.1010161
          ]
        ]
      },
      "type": "Feature",
      "properties": {
        "name": null,
        "type": "residential",
        "slope": 119.8212565196713,
        "sun_diff": 2.2002232667682478,
        "length": 108.97137161172046
      }
    },
    {
      "geometry": {
        "type": "LineString",
        "coordinates": [
          [
            141.4126671,
            43.1012461
          ],
          [
            141.4138274,
            43.1007668
          ]
        ]
      },
      "type": "Feature",
      "properties": {
        "name": null,
        "type": "residential",
        "slope": 119.49893341720141,
        "sun_diff": 2.5225463692381282,
        "length": 108.26869281894666
      }
    },
    {
      "geometry": {
        "type": "LineString",
        "coordinates": [
          [
            141.4156732,
            43.098391
          ],
          [
            141.4144536,
            43.098893
          ]
        ]
      },
      "type": "Feature",
      "properties": {
        "name": null,
        "type": "residential",
        "slope": 119.41057812343098,
        "sun_diff": 2.610901663008562,
        "length": 113.70713945197807
      }
    },
    {
      "geometry": {
        "type": "LineString",
        "coordinates": [
          [
            141.4154771,
            43.098157
          ],
          [
            141.4143462,
            43.0986156
          ]
        ]
      },
      "type": "Feature",
      "properties": {
        "name": null,
        "type": "residential",
        "slope": 119.0463796137278,
        "sun_diff": 2.9751001727117483,
        "length": 105.06346981271439
      }
    },
    {
      "geometry": {
        "type": "LineString",
        "coordinates": [
          [
            141.411927,
            43.1017898
          ],
          [
            141.4103,
            43.1024616
          ]
        ]
      },
      "type": "Feature",
      "properties": {
        "name": null,
        "type": "unclassified",
        "slope": 119.48917157572905,
        "sun_diff": 2.5323082107104966,
        "length": 151.79916117919652
      }
    },
    {
      "geometry": {
        "type": "LineString",
        "coordinates": [
          [
            141.4101317,
            43.1021703
          ],
          [
            141.4116806,
            43.101531
          ]
        ]
      },
      "type": "Feature",
      "properties": {
        "name": null,
        "type": "residential",
        "slope": 119.47912602770691,
        "sun_diff": 2.542353758732631,
        "length": 144.49912716649692
      }
    },
    {
      "geometry": {
        "type": "LineString",
        "coordinates": [
          [
            141.3144982,
            43.0700435
          ],
          [
            141.3132546,
            43.0705561
          ]
        ]
      },
      "type": "Feature",
      "properties": {
        "name": "\u4e8c\u5341\u56db\u8ed2\u624b\u7a32\u901a",
        "type": "tertiary",
        "slope": 119.43376193425547,
        "sun_diff": 2.5877178521840705,
        "length": 116.02486087023564
      }
    },
    {
      "geometry": {
        "type": "LineString",
        "coordinates": [
          [
            141.4053479,
            43.0846713
          ],
          [
            141.4091546,
            43.0830839
          ]
        ]
      },
      "type": "Feature",
      "properties": {
        "name": null,
        "type": "residential",
        "slope": 119.72422367192402,
        "sun_diff": 2.2972561145155197,
        "length": 356.10185752020357
      }
    },
    {
      "geometry": {
        "type": "LineString",
        "coordinates": [
          [
            141.4109431,
            43.088859
          ],
          [
            141.4096327,
            43.0894014
          ]
        ]
      },
      "type": "Feature",
      "properties": {
        "name": null,
        "type": "residential",
        "slope": 119.5440778024346,
        "sun_diff": 2.477401984004942,
        "length": 122.35271236954414
      }
    },
    {
      "geometry": {
        "type": "LineString",
        "coordinates": [
          [
            141.4043894,
            43.0914694
          ],
          [
            141.4026361,
            43.0921871
          ]
        ]
      },
      "type": "Feature",
      "properties": {
        "name": null,
        "type": "residential",
        "slope": 119.27267266355832,
        "sun_diff": 2.7488071228812174,
        "length": 163.2627462220412
      }
    },
    {
      "geometry": {
        "type": "LineString",
        "coordinates": [
          [
            141.4413881,
            43.022195
          ],
          [
            141.4399914,
            43.0227719
          ]
        ]
      },
      "type": "Feature",
      "properties": {
        "name": null,
        "type": "residential",
        "slope": 119.46546050055545,
        "sun_diff": 2.499506300691394,
        "length": 130.45105998363786
      }
    },
    {
      "geometry": {
        "type": "LineString",
        "coordinates": [
          [
            141.4031259,
            43.0903339
          ],
          [
            141.4043635,
            43.0897528
          ]
        ]
      },
      "type": "Feature",
      "properties": {
        "name": null,
        "type": "residential",
        "slope": 122.73906934679866,
        "sun_diff": 0.7175895603591158,
        "length": 119.51509719085338
      }
    },
    {
      "geometry": {
        "type": "LineString",
        "coordinates": [
          [
            141.4055815,
            43.0891724
          ],
          [
            141.4067918,
            43.0885902
          ]
        ]
      },
      "type": "Feature",
      "properties": {
        "name": null,
        "type": "residential",
        "slope": 123.3723628237594,
        "sun_diff": 1.3508830373198606,
        "length": 117.72475309206702
      }
    },
    {
      "geometry": {
        "type": "LineString",
        "coordinates": [
          [
            141.2115995,
            43.0953146
          ],
          [
            141.210528,
            43.0958626
          ]
        ]
      },
      "type": "Feature",
      "properties": {
        "name": "\u624b\u7a32\u5c71\u9e93\u901a",
        "type": "tertiary",
        "slope": 125.00699634519773,
        "sun_diff": 2.985516558758192,
        "length": 106.25175693022034
      }
    },
    {
      "geometry": {
        "type": "LineString",
        "coordinates": [
          [
            141.2267173,
            43.1079307
          ],
          [
            141.2281456,
            43.1072137
          ]
        ]
      },
      "type": "Feature",
      "properties": {
        "name": "\u624b\u7a32\u5c71\u9e93\u901a",
        "type": "tertiary",
        "slope": 124.51214452528598,
        "sun_diff": 2.4906647388464336,
        "length": 140.7591964575269
      }
    },
    {
      "geometry": {
        "type": "LineString",
        "coordinates": [
          [
            141.4190121,
            43.1559699
          ],
          [
            141.4201489,
            43.1554754
          ]
        ]
      },
      "type": "Feature",
      "properties": {
        "name": "\u672d\u5e4c\u5317\u5e83\u5cf6\u74b0\u72b6\u7dda",
        "type": "primary",
        "slope": 120.80715408105334,
        "sun_diff": 1.271180200037378,
        "length": 107.39622429056509
      }
    },
    {
      "geometry": {
        "type": "LineString",
        "coordinates": [
          [
            141.4201489,
            43.1554754
          ],
          [
            141.4219584,
            43.1546838
          ]
        ]
      },
      "type": "Feature",
      "properties": {
        "name": "\u672d\u5e4c\u5317\u5e83\u5cf6\u74b0\u72b6\u7dda",
        "type": "primary",
        "slope": 120.95006910301058,
        "sun_diff": 1.1282651780801416,
        "length": 171.20489128737887
      }
    },
    {
      "geometry": {
        "type": "LineString",
        "coordinates": [
          [
            141.4219584,
            43.1546838
          ],
          [
            141.4230673,
            43.1541987
          ]
        ]
      },
      "type": "Feature",
      "properties": {
        "name": "\u672d\u5e4c\u5317\u5e83\u5cf6\u74b0\u72b6\u7dda",
        "type": "primary",
        "slope": 120.94938513377579,
        "sun_diff": 1.128949147314927,
        "length": 104.91826587929268
      }
    },
    {
      "geometry": {
        "type": "LineString",
        "coordinates": [
          [
            141.4230673,
            43.1541987
          ],
          [
            141.4241554,
            43.1537227
          ]
        ]
      },
      "type": "Feature",
      "properties": {
        "name": "\u672d\u5e4c\u5317\u5e83\u5cf6\u74b0\u72b6\u7dda",
        "type": "primary",
        "slope": 120.94914473467193,
        "sun_diff": 1.129189546418786,
        "length": 102.95082814035479
      }
    },
    {
      "geometry": {
        "type": "LineString",
        "coordinates": [
          [
            141.4244908,
            43.1535759
          ],
          [
            141.425612,
            43.1530696
          ]
        ]
      },
      "type": "Feature",
      "properties": {
        "name": "\u672d\u5e4c\u5317\u5e83\u5cf6\u74b0\u72b6\u7dda",
        "type": "primary",
        "slope": 121.75701020778232,
        "sun_diff": 0.3213240733084035,
        "length": 106.99900069100026
      }
    },
    {
      "geometry": {
        "type": "LineString",
        "coordinates": [
          [
            141.425612,
            43.1530696
          ],
          [
            141.4267898,
            43.1525326
          ]
        ]
      },
      "type": "Feature",
      "properties": {
        "name": "\u672d\u5e4c\u5317\u5e83\u5cf6\u74b0\u72b6\u7dda",
        "type": "primary",
        "slope": 122.00397732132399,
        "sun_diff": 0.07435695976673173,
        "length": 112.70320057408108
      }
    },
    {
      "geometry": {
        "type": "LineString",
        "coordinates": [
          [
            141.4267898,
            43.1525326
          ],
          [
            141.4280134,
            43.1520136
          ]
        ]
      },
      "type": "Feature",
      "properties": {
        "name": "\u672d\u5e4c\u5317\u5e83\u5cf6\u74b0\u72b6\u7dda",
        "type": "primary",
        "slope": 120.17387654548648,
        "sun_diff": 1.9044577356042396,
        "length": 114.85302991903923
      }
    },
    {
      "geometry": {
        "type": "LineString",
        "coordinates": [
          [
            141.4280134,
            43.1520136
          ],
          [
            141.4296853,
            43.1512669
          ]
        ]
      },
      "type": "Feature",
      "properties": {
        "name": "\u672d\u5e4c\u5317\u5e83\u5cf6\u74b0\u72b6\u7dda",
        "type": "primary",
        "slope": 121.47421066102595,
        "sun_diff": 0.6041236200647688,
        "length": 159.07413161061376
      }
    },
    {
      "geometry": {
        "type": "LineString",
        "coordinates": [
          [
            141.4296853,
            43.1512669
          ],
          [
            141.4322853,
            43.1501329
          ]
        ]
      },
      "type": "Feature",
      "properties": {
        "name": "\u672d\u5e4c\u5317\u5e83\u5cf6\u74b0\u72b6\u7dda",
        "type": "primary",
        "slope": 120.87216257480674,
        "sun_diff": 1.2061717062839818,
        "length": 245.81523362276997
      }
    },
    {
      "geometry": {
        "type": "LineString",
        "coordinates": [
          [
            141.4322853,
            43.1501329
          ],
          [
            141.4339268,
            43.149413
          ]
        ]
      },
      "type": "Feature",
      "properties": {
        "name": "\u672d\u5e4c\u5317\u5e83\u5cf6\u74b0\u72b6\u7dda",
        "type": "primary",
        "slope": 121.01100608058195,
        "sun_diff": 1.0673282005087685,
        "length": 155.42233635687987
      }
    },
    {
      "geometry": {
        "type": "LineString",
        "coordinates": [
          [
            141.3237268,
            43.0744009
          ],
          [
            141.3255716,
            43.0736074
          ]
        ]
      },
      "type": "Feature",
      "properties": {
        "name": "\u9ad8\u67b6\u5074\u90531\u53f7\u7dda",
        "type": "residential",
        "slope": 120.49092237164541,
        "sun_diff": 1.5305574147941314,
        "length": 173.94585629111623
      }
    },
    {
      "geometry": {
        "type": "LineString",
        "coordinates": [
          [
            141.325652,
            43.0735728
          ],
          [
            141.3275072,
            43.0727765
          ]
        ]
      },
      "type": "Feature",
      "properties": {
        "name": "\u9ad8\u67b6\u5074\u90531\u53f7\u7dda",
        "type": "residential",
        "slope": 120.43802210519843,
        "sun_diff": 1.5834576812411143,
        "length": 174.8338627812528
      }
    },
    {
      "geometry": {
        "type": "LineString",
        "coordinates": [
          [
            141.4424827,
            43.1085818
          ],
          [
            141.4413457,
            43.109097
          ]
        ]
      },
      "type": "Feature",
      "properties": {
        "name": null,
        "type": "unclassified",
        "slope": 121.82662060599128,
        "sun_diff": 0.19485918044826178,
        "length": 108.66733199686796
      }
    },
    {
      "geometry": {
        "type": "LineString",
        "coordinates": [
          [
            141.440512,
            43.1094429
          ],
          [
            141.4387888,
            43.1101579
          ]
        ]
      },
      "type": "Feature",
      "properties": {
        "name": null,
        "type": "unclassified",
        "slope": 119.61214068986212,
        "sun_diff": 2.409339096577426,
        "length": 160.95017511947268
      }
    },
    {
      "geometry": {
        "type": "LineString",
        "coordinates": [
          [
            141.4387888,
            43.1101579
          ],
          [
            141.4345588,
            43.1119337
          ]
        ]
      },
      "type": "Feature",
      "properties": {
        "name": null,
        "type": "unclassified",
        "slope": 119.90181586073575,
        "sun_diff": 2.11966392570379,
        "length": 396.22480070119934
      }
    },
    {
      "geometry": {
        "type": "LineString",
        "coordinates": [
          [
            141.4313258,
            43.106801
          ],
          [
            141.4299911,
            43.1073679
          ]
        ]
      },
      "type": "Feature",
      "properties": {
        "name": null,
        "type": "residential",
        "slope": 120.18980995164327,
        "sun_diff": 1.8316698347962728,
        "length": 125.39400572703539
      }
    },
    {
      "geometry": {
        "type": "LineString",
        "coordinates": [
          [
            141.4237811,
            43.1086187
          ],
          [
            141.4248741,
            43.1081439
          ]
        ]
      },
      "type": "Feature",
      "properties": {
        "name": null,
        "type": "residential",
        "slope": 120.75333919688362,
        "sun_diff": 1.2681405895559266,
        "length": 103.2804904800215
      }
    },
    {
      "geometry": {
        "type": "LineString",
        "coordinates": [
          [
            141.4225781,
            43.1092796
          ],
          [
            141.4237663,
            43.108792
          ]
        ]
      },
      "type": "Feature",
      "properties": {
        "name": null,
        "type": "residential",
        "slope": 119.34054053717045,
        "sun_diff": 2.6809392492690876,
        "length": 110.68484006511767
      }
    },
    {
      "geometry": {
        "type": "LineString",
        "coordinates": [
          [
            141.4162113,
            43.108615
          ],
          [
            141.417527,
            43.1080743
          ]
        ]
      },
      "type": "Feature",
      "properties": {
        "name": "\u6771\u82d7\u7a4213\u6761\u901a",
        "type": "tertiary",
        "slope": 119.37550627876803,
        "sun_diff": 2.6459735076715134,
        "length": 122.60537299182984
      }
    },
    {
      "geometry": {
        "type": "LineString",
        "coordinates": [
          [
            141.4205823,
            43.1068042
          ],
          [
            141.421729,
            43.1063304
          ]
        ]
      },
      "type": "Feature",
      "properties": {
        "name": "\u6771\u82d7\u7a4213\u6761\u901a",
        "type": "tertiary",
        "slope": 119.5072782168684,
        "sun_diff": 2.514201569571142,
        "length": 106.99876161173343
      }
    },
    {
      "geometry": {
        "type": "LineString",
        "coordinates": [
          [
            141.4242291,
            43.0999522
          ],
          [
            141.4253272,
            43.0995072
          ]
        ]
      },
      "type": "Feature",
      "properties": {
        "name": null,
        "type": "residential",
        "slope": 119.03040058879918,
        "sun_diff": 2.99107919764036,
        "length": 101.9984119565164
      }
    },
    {
      "geometry": {
        "type": "LineString",
        "coordinates": [
          [
            141.3957521,
            43.1163888
          ],
          [
            141.3975838,
            43.1155943
          ]
        ]
      },
      "type": "Feature",
      "properties": {
        "name": null,
        "type": "unclassified",
        "slope": 120.7186748871267,
        "sun_diff": 1.3028048993128465,
        "length": 172.99857806725095
      }
    },
    {
      "geometry": {
        "type": "LineString",
        "coordinates": [
          [
            141.4945482,
            43.0265529
          ],
          [
            141.496308,
            43.0258085
          ]
        ]
      },
      "type": "Feature",
      "properties": {
        "name": null,
        "type": "tertiary",
        "slope": 120.05479870867086,
        "sun_diff": 1.9101680925759865,
        "length": 165.3244285905054
      }
    },
    {
      "geometry": {
        "type": "LineString",
        "coordinates": [
          [
            141.4964481,
            43.0257492
          ],
          [
            141.4978326,
            43.0251625
          ]
        ]
      },
      "type": "Feature",
      "properties": {
        "name": null,
        "type": "tertiary",
        "slope": 120.09916940202024,
        "sun_diff": 1.865797399226608,
        "length": 130.1267090310949
      }
    },
    {
      "geometry": {
        "type": "LineString",
        "coordinates": [
          [
            141.4916669,
            43.0350836
          ],
          [
            141.4901524,
            43.0357828
          ]
        ]
      },
      "type": "Feature",
      "properties": {
        "name": null,
        "type": "unclassified",
        "slope": 122.27743819211082,
        "sun_diff": 0.31247139086397624,
        "length": 145.63554618461157
      }
    },
    {
      "geometry": {
        "type": "LineString",
        "coordinates": [
          [
            141.4236938,
            43.0801244
          ],
          [
            141.4250382,
            43.0807729
          ]
        ]
      },
      "type": "Feature",
      "properties": {
        "name": "\u7c73\u91cc\u6d41\u901a\u901a",
        "type": "unclassified",
        "slope": 56.558093834400125,
        "sun_diff": 1.4190293781039713,
        "length": 130.89088071977991
      }
    },
    {
      "geometry": {
        "type": "LineString",
        "coordinates": [
          [
            141.4250382,
            43.0807729
          ],
          [
            141.427227,
            43.0818069
          ]
        ]
      },
      "type": "Feature",
      "properties": {
        "name": "\u7c73\u91cc\u6d41\u901a\u901a",
        "type": "unclassified",
        "slope": 57.10544886847637,
        "sun_diff": 0.8716743440277241,
        "length": 211.77218853134153
      }
    },
    {
      "geometry": {
        "type": "LineString",
        "coordinates": [
          [
            141.427227,
            43.0818069
          ],
          [
            141.4293175,
            43.082813
          ]
        ]
      },
      "type": "Feature",
      "properties": {
        "name": "\u7c73\u91cc\u6d41\u901a\u901a",
        "type": "unclassified",
        "slope": 56.6172819317909,
        "sun_diff": 1.3598412807131979,
        "length": 203.38621862920874
      }
    },
    {
      "geometry": {
        "type": "LineString",
        "coordinates": [
          [
            141.4317122,
            43.0838087
          ],
          [
            141.4294017,
            43.0826777
          ]
        ]
      },
      "type": "Feature",
      "properties": {
        "name": null,
        "type": "unclassified",
        "slope": 56.16939742237744,
        "sun_diff": 1.8077257901266535,
        "length": 225.9587610813885
      }
    },
    {
      "geometry": {
        "type": "LineString",
        "coordinates": [
          [
            141.4293175,
            43.082813
          ],
          [
            141.4317561,
            43.0839687
          ]
        ]
      },
      "type": "Feature",
      "properties": {
        "name": null,
        "type": "unclassified",
        "slope": 57.02084040946187,
        "sun_diff": 0.9562828030422281,
        "length": 236.1586529885271
      }
    },
    {
      "geometry": {
        "type": "LineString",
        "coordinates": [
          [
            141.4294017,
            43.0826777
          ],
          [
            141.4273063,
            43.0816929
          ]
        ]
      },
      "type": "Feature",
      "properties": {
        "name": "\u7c73\u91cc\u6d41\u901a\u901a",
        "type": "unclassified",
        "slope": 57.239718913670885,
        "sun_diff": 0.7374042988332121,
        "length": 202.42724088539046
      }
    },
    {
      "geometry": {
        "type": "LineString",
        "coordinates": [
          [
            141.4273063,
            43.0816929
          ],
          [
            141.4251464,
            43.0806347
          ]
        ]
      },
      "type": "Feature",
      "properties": {
        "name": "\u7c73\u91cc\u6d41\u901a\u901a",
        "type": "unclassified",
        "slope": 56.14724598925562,
        "sun_diff": 1.8298772232484737,
        "length": 211.2925077057523
      }
    },
    {
      "geometry": {
        "type": "LineString",
        "coordinates": [
          [
            141.4251464,
            43.0806347
          ],
          [
            141.4237778,
            43.0799811
          ]
        ]
      },
      "type": "Feature",
      "properties": {
        "name": "\u7c73\u91cc\u6d41\u901a\u901a",
        "type": "unclassified",
        "slope": 56.82157317033449,
        "sun_diff": 1.155550042169608,
        "length": 132.84567676234587
      }
    },
    {
      "geometry": {
        "type": "LineString",
        "coordinates": [
          [
            141.4157069,
            43.1079628
          ],
          [
            141.4170562,
            43.1074098
          ]
        ]
      },
      "type": "Feature",
      "properties": {
        "name": null,
        "type": "residential",
        "slope": 119.30858016571935,
        "sun_diff": 2.7128996207201936,
        "length": 125.65525617707837
      }
    },
    {
      "geometry": {
        "type": "LineString",
        "coordinates": [
          [
            141.4201118,
            43.1061811
          ],
          [
            141.4213038,
            43.1056973
          ]
        ]
      },
      "type": "Feature",
      "properties": {
        "name": null,
        "type": "residential",
        "slope": 119.07046462084514,
        "sun_diff": 2.9510151655943986,
        "length": 110.75222009969578
      }
    },
    {
      "geometry": {
        "type": "LineString",
        "coordinates": [
          [
            141.4696553,
            43.0382383
          ],
          [
            141.468351,
            43.0376607
          ]
        ]
      },
      "type": "Feature",
      "properties": {
        "name": null,
        "type": "residential",
        "slope": 58.789049967161276,
        "sun_diff": 0.7554001090861391,
        "length": 123.98169003021972
      }
    },
    {
      "geometry": {
        "type": "LineString",
        "coordinates": [
          [
            141.4682802,
            43.0376307
          ],
          [
            141.466942,
            43.037032
          ]
        ]
      },
      "type": "Feature",
      "properties": {
        "name": null,
        "type": "residential",
        "slope": 58.529181142808625,
        "sun_diff": 0.49553128473348806,
        "length": 127.5572229532278
      }
    },
    {
      "geometry": {
        "type": "LineString",
        "coordinates": [
          [
            141.4691829,
            43.0386086
          ],
          [
            141.4680152,
            43.0380646
          ]
        ]
      },
      "type": "Feature",
      "properties": {
        "name": null,
        "type": "residential",
        "slope": 57.48672317836778,
        "sun_diff": 0.5469266797073544,
        "length": 112.57562464795295
      }
    },
    {
      "geometry": {
        "type": "LineString",
        "coordinates": [
          [
            141.4679524,
            43.0380353
          ],
          [
            141.4666961,
            43.0374455
          ]
        ]
      },
      "type": "Feature",
      "properties": {
        "name": null,
        "type": "residential",
        "slope": 57.28671450886259,
        "sun_diff": 0.7469353492125492,
        "length": 121.38939933558262
      }
    },
    {
      "geometry": {
        "type": "LineString",
        "coordinates": [
          [
            141.4241452,
            43.1126521
          ],
          [
            141.425537,
            43.112083
          ]
        ]
      },
      "type": "Feature",
      "properties": {
        "name": null,
        "type": "residential",
        "slope": 119.25389174020557,
        "sun_diff": 2.7675880462339677,
        "length": 129.533864372757
      }
    },
    {
      "geometry": {
        "type": "LineString",
        "coordinates": [
          [
            141.4222386,
            43.1107219
          ],
          [
            141.4236086,
            43.1101616
          ]
        ]
      },
      "type": "Feature",
      "properties": {
        "name": null,
        "type": "residential",
        "slope": 119.25809187677615,
        "sun_diff": 2.7633879096633933,
        "length": 127.51419944225125
      }
    },
    {
      "geometry": {
        "type": "LineString",
        "coordinates": [
          [
            141.4229217,
            43.1078028
          ],
          [
            141.4217943,
            43.1082621
          ]
        ]
      },
      "type": "Feature",
      "properties": {
        "name": null,
        "type": "residential",
        "slope": 119.16283291296156,
        "sun_diff": 2.85864687347798,
        "length": 104.84036679205197
      }
    },
    {
      "geometry": {
        "type": "LineString",
        "coordinates": [
          [
            141.3645329,
            43.1305035
          ],
          [
            141.3631072,
            43.131226
          ]
        ]
      },
      "type": "Feature",
      "properties": {
        "name": null,
        "type": "tertiary",
        "slope": 124.77624986509466,
        "sun_diff": 2.7547700786551133,
        "length": 140.89701893829692
      }
    },
    {
      "geometry": {
        "type": "LineString",
        "coordinates": [
          [
            141.3629966,
            43.1312823
          ],
          [
            141.3615315,
            43.1320278
          ]
        ]
      },
      "type": "Feature",
      "properties": {
        "name": null,
        "type": "tertiary",
        "slope": 124.88612198497302,
        "sun_diff": 2.864642198533474,
        "length": 144.9822299347198
      }
    },
    {
      "geometry": {
        "type": "LineString",
        "coordinates": [
          [
            141.4792417,
            43.0213623
          ],
          [
            141.4781516,
            43.0218131
          ]
        ]
      },
      "type": "Feature",
      "properties": {
        "name": null,
        "type": "unclassified",
        "slope": 119.49447598415102,
        "sun_diff": 2.470490817095822,
        "length": 101.84544106743668
      }
    },
    {
      "geometry": {
        "type": "LineString",
        "coordinates": [
          [
            141.4379363,
            43.0996072
          ],
          [
            141.4367117,
            43.1001194
          ]
        ]
      },
      "type": "Feature",
      "properties": {
        "name": "\u96c1\u7a42\u307f\u306e\u308a\u901a",
        "type": "tertiary",
        "slope": 119.80543356633055,
        "sun_diff": 2.2160462201089928,
        "length": 114.61901899139083
      }
    },
    {
      "geometry": {
        "type": "LineString",
        "coordinates": [
          [
            141.4328842,
            43.1060677
          ],
          [
            141.4341901,
            43.1055354
          ]
        ]
      },
      "type": "Feature",
      "properties": {
        "name": null,
        "type": "residential",
        "slope": 119.17455522680314,
        "sun_diff": 2.846924559636406,
        "length": 121.4581554854746
      }
    },
    {
      "geometry": {
        "type": "LineString",
        "coordinates": [
          [
            141.4326354,
            43.1057382
          ],
          [
            141.4339673,
            43.1051979
          ]
        ]
      },
      "type": "Feature",
      "properties": {
        "name": null,
        "type": "residential",
        "slope": 119.05759133326055,
        "sun_diff": 2.9638884531789955,
        "length": 123.73625366020579
      }
    },
    {
      "geometry": {
        "type": "LineString",
        "coordinates": [
          [
            141.4337093,
            43.1048644
          ],
          [
            141.4323846,
            43.1054028
          ]
        ]
      },
      "type": "Feature",
      "properties": {
        "name": null,
        "type": "residential",
        "slope": 119.10385831778976,
        "sun_diff": 2.9176214686497843,
        "length": 123.12305710803496
      }
    },
    {
      "geometry": {
        "type": "LineString",
        "coordinates": [
          [
            141.4307419,
            43.1005803
          ],
          [
            141.4295505,
            43.1010692
          ]
        ]
      },
      "type": "Feature",
      "properties": {
        "name": "\u6771\u96c1\u6765\u516c\u5712\u901a",
        "type": "residential",
        "slope": 119.33679350267394,
        "sun_diff": 2.6846862837656005,
        "length": 110.99352553892766
      }
    },
    {
      "geometry": {
        "type": "LineString",
        "coordinates": [
          [
            141.4295505,
            43.1010692
          ],
          [
            141.4282776,
            43.1016022
          ]
        ]
      },
      "type": "Feature",
      "properties": {
        "name": "\u6771\u96c1\u6765\u516c\u5712\u901a",
        "type": "residential",
        "slope": 119.83378557618997,
        "sun_diff": 2.1876942102495747,
        "length": 119.17068342176381
      }
    },
    {
      "geometry": {
        "type": "LineString",
        "coordinates": [
          [
            141.4272557,
            43.1020262
          ],
          [
            141.4261304,
            43.1024914
          ]
        ]
      },
      "type": "Feature",
      "properties": {
        "name": "\u6771\u96c1\u6765\u516c\u5712\u901a",
        "type": "residential",
        "slope": 119.51852802261317,
        "sun_diff": 2.502951763826374,
        "length": 105.0207909275289
      }
    },
    {
      "geometry": {
        "type": "LineString",
        "coordinates": [
          [
            141.4263166,
            43.1007691
          ],
          [
            141.4251555,
            43.1012564
          ]
        ]
      },
      "type": "Feature",
      "properties": {
        "name": null,
        "type": "residential",
        "slope": 119.89026342526896,
        "sun_diff": 2.131216361170587,
        "length": 108.76593208854125
      }
    },
    {
      "geometry": {
        "type": "LineString",
        "coordinates": [
          [
            141.4238972,
            43.1017992
          ],
          [
            141.422256,
            43.1025152
          ]
        ]
      },
      "type": "Feature",
      "properties": {
        "name": null,
        "type": "residential",
        "slope": 120.85901745247793,
        "sun_diff": 1.1624623339616136,
        "length": 155.26741094111523
      }
    },
    {
      "geometry": {
        "type": "LineString",
        "coordinates": [
          [
            141.4218321,
            43.1026992
          ],
          [
            141.4198797,
            43.1035535
          ]
        ]
      },
      "type": "Feature",
      "properties": {
        "name": null,
        "type": "residential",
        "slope": 120.93443990021584,
        "sun_diff": 1.0870398862237067,
        "length": 184.8513816142893
      }
    },
    {
      "geometry": {
        "type": "LineString",
        "coordinates": [
          [
            141.4260578,
            43.1004467
          ],
          [
            141.4248964,
            43.1009193
          ]
        ]
      },
      "type": "Feature",
      "properties": {
        "name": null,
        "type": "residential",
        "slope": 119.13148386660473,
        "sun_diff": 2.889995919834817,
        "length": 107.98214152069454
      }
    },
    {
      "geometry": {
        "type": "LineString",
        "coordinates": [
          [
            141.424411,
            43.100293
          ],
          [
            141.4255994,
            43.0998098
          ]
        ]
      },
      "type": "Feature",
      "properties": {
        "name": null,
        "type": "residential",
        "slope": 119.11154532749197,
        "sun_diff": 2.909934458947575,
        "length": 110.47241485685248
      }
    },
    {
      "geometry": {
        "type": "LineString",
        "coordinates": [
          [
            141.4276715,
            43.098979
          ],
          [
            141.428892,
            43.0984842
          ]
        ]
      },
      "type": "Feature",
      "properties": {
        "name": null,
        "type": "residential",
        "slope": 119.03972362928806,
        "sun_diff": 2.98175615715148,
        "length": 113.37979091528048
      }
    },
    {
      "geometry": {
        "type": "LineString",
        "coordinates": [
          [
            141.4235243,
            43.1049496
          ],
          [
            141.4257065,
            43.104004
          ]
        ]
      },
      "type": "Feature",
      "properties": {
        "name": null,
        "type": "residential",
        "slope": 120.68920046173159,
        "sun_diff": 1.3322793247079545,
        "length": 206.07813199746002
      }
    },
    {
      "geometry": {
        "type": "LineString",
        "coordinates": [
          [
            141.421335,
            43.1054386
          ],
          [
            141.4231953,
            43.1046126
          ]
        ]
      },
      "type": "Feature",
      "properties": {
        "name": null,
        "type": "residential",
        "slope": 121.3058569084034,
        "sun_diff": 0.7156228780361431,
        "length": 176.81726057001308
      }
    },
    {
      "geometry": {
        "type": "LineString",
        "coordinates": [
          [
            141.4232456,
            43.1045903
          ],
          [
            141.4253985,
            43.1036324
          ]
        ]
      },
      "type": "Feature",
      "properties": {
        "name": null,
        "type": "residential",
        "slope": 121.35814384434073,
        "sun_diff": 0.6633359420988114,
        "length": 204.74505381810593
      }
    },
    {
      "geometry": {
        "type": "LineString",
        "coordinates": [
          [
            141.4254689,
            43.1108223
          ],
          [
            141.4266137,
            43.110325
          ]
        ]
      },
      "type": "Feature",
      "properties": {
        "name": null,
        "type": "residential",
        "slope": 120.75413727191886,
        "sun_diff": 1.2673425145206778,
        "length": 108.17223804470967
      }
    },
    {
      "geometry": {
        "type": "LineString",
        "coordinates": [
          [
            141.4269847,
            43.1016585
          ],
          [
            141.4258504,
            43.1021498
          ]
        ]
      },
      "type": "Feature",
      "properties": {
        "name": null,
        "type": "residential",
        "slope": 120.6772022783947,
        "sun_diff": 1.34427750804484,
        "length": 107.10956353480401
      }
    },
    {
      "geometry": {
        "type": "LineString",
        "coordinates": [
          [
            141.4267591,
            43.1013593
          ],
          [
            141.4256201,
            43.1018572
          ]
        ]
      },
      "type": "Feature",
      "properties": {
        "name": null,
        "type": "residential",
        "slope": 120.90912723623498,
        "sun_diff": 1.1123525502045624,
        "length": 107.81366280987028
      }
    },
    {
      "geometry": {
        "type": "LineString",
        "coordinates": [
          [
            141.4243747,
            43.1023789
          ],
          [
            141.4233002,
            43.1028297
          ]
        ]
      },
      "type": "Feature",
      "properties": {
        "name": null,
        "type": "residential",
        "slope": 119.88239018018595,
        "sun_diff": 2.1390896062535916,
        "length": 100.64312788972592
      }
    },
    {
      "geometry": {
        "type": "LineString",
        "coordinates": [
          [
            141.4265406,
            43.1010651
          ],
          [
            141.425382,
            43.1015545
          ]
        ]
      },
      "type": "Feature",
      "properties": {
        "name": null,
        "type": "residential",
        "slope": 120.05045150111957,
        "sun_diff": 1.9710282853199743,
        "length": 108.70633566031788
      }
    },
    {
      "geometry": {
        "type": "LineString",
        "coordinates": [
          [
            141.4241442,
            43.1020954
          ],
          [
            141.4230601,
            43.1025364
          ]
        ]
      },
      "type": "Feature",
      "properties": {
        "name": null,
        "type": "residential",
        "slope": 119.12412518926075,
        "sun_diff": 2.89735459717879,
        "length": 100.78521386496125
      }
    },
    {
      "geometry": {
        "type": "LineString",
        "coordinates": [
          [
            141.424888,
            43.1029974
          ],
          [
            141.4238291,
            43.1034782
          ]
        ]
      },
      "type": "Feature",
      "properties": {
        "name": null,
        "type": "residential",
        "slope": 121.8771396155787,
        "sun_diff": 0.1443401708608434,
        "length": 101.26775151256
      }
    },
    {
      "geometry": {
        "type": "LineString",
        "coordinates": [
          [
            141.4227519,
            43.1039448
          ],
          [
            141.4215751,
            43.1044841
          ]
        ]
      },
      "type": "Feature",
      "properties": {
        "name": null,
        "type": "residential",
        "slope": 122.11578223289789,
        "sun_diff": 0.09430244645834307,
        "length": 112.8345355582041
      }
    },
    {
      "geometry": {
        "type": "LineString",
        "coordinates": [
          [
            141.4251548,
            43.1033353
          ],
          [
            141.4240989,
            43.1038055
          ]
        ]
      },
      "type": "Feature",
      "properties": {
        "name": null,
        "type": "residential",
        "slope": 121.37953146570283,
        "sun_diff": 0.6419483207367165,
        "length": 100.44160665155276
      }
    },
    {
      "geometry": {
        "type": "LineString",
        "coordinates": [
          [
            141.4240989,
            43.1038055
          ],
          [
            141.4230093,
            43.1042855
          ]
        ]
      },
      "type": "Feature",
      "properties": {
        "name": null,
        "type": "residential",
        "slope": 121.10560496390968,
        "sun_diff": 0.9158748225298581,
        "length": 103.34631654493442
      }
    },
    {
      "geometry": {
        "type": "LineString",
        "coordinates": [
          [
            141.4230093,
            43.1042855
          ],
          [
            141.4218431,
            43.1048086
          ]
        ]
      },
      "type": "Feature",
      "properties": {
        "name": null,
        "type": "residential",
        "slope": 121.56510613189576,
        "sun_diff": 0.456373654543782,
        "length": 111.15217491669958
      }
    },
    {
      "geometry": {
        "type": "LineString",
        "coordinates": [
          [
            141.4246221,
            43.1026772
          ],
          [
            141.4235503,
            43.1031353
          ]
        ]
      },
      "type": "Feature",
      "properties": {
        "name": null,
        "type": "residential",
        "slope": 120.34451444587143,
        "sun_diff": 1.6769653405681169,
        "length": 100.86045860815307
      }
    },
    {
      "geometry": {
        "type": "LineString",
        "coordinates": [
          [
            141.4232687,
            43.1010881
          ],
          [
            141.4212604,
            43.1019557
          ]
        ]
      },
      "type": "Feature",
      "properties": {
        "name": null,
        "type": "residential",
        "slope": 120.6118702175358,
        "sun_diff": 1.409609568903747,
        "length": 189.51251173015896
      }
    },
    {
      "geometry": {
        "type": "LineString",
        "coordinates": [
          [
            141.4233538,
            43.1097739
          ],
          [
            141.4219627,
            43.1103503
          ]
        ]
      },
      "type": "Feature",
      "properties": {
        "name": null,
        "type": "residential",
        "slope": 119.5779569562844,
        "sun_diff": 2.443522830155146,
        "length": 129.88686004616034
      }
    },
    {
      "geometry": {
        "type": "LineString",
        "coordinates": [
          [
            141.4294686,
            43.1042793
          ],
          [
            141.4278025,
            43.1049975
          ]
        ]
      },
      "type": "Feature",
      "properties": {
        "name": null,
        "type": "residential",
        "slope": 120.55841365183531,
        "sun_diff": 1.463066134604233,
        "length": 157.12630798874497
      }
    },
    {
      "geometry": {
        "type": "LineString",
        "coordinates": [
          [
            141.4268507,
            43.105407
          ],
          [
            141.4257459,
            43.105872
          ]
        ]
      },
      "type": "Feature",
      "properties": {
        "name": null,
        "type": "residential",
        "slope": 119.96300589580414,
        "sun_diff": 2.0584738906353977,
        "length": 103.55987562355384
      }
    },
    {
      "geometry": {
        "type": "LineString",
        "coordinates": [
          [
            141.4248595,
            43.1062666
          ],
          [
            141.4236409,
            43.106806
          ]
        ]
      },
      "type": "Feature",
      "properties": {
        "name": null,
        "type": "residential",
        "slope": 121.22791214289492,
        "sun_diff": 0.7935676435446197,
        "length": 115.72630079747378
      }
    },
    {
      "geometry": {
        "type": "LineString",
        "coordinates": [
          [
            141.4297142,
            43.1046062
          ],
          [
            141.4280631,
            43.105318
          ]
        ]
      },
      "type": "Feature",
      "properties": {
        "name": null,
        "type": "residential",
        "slope": 120.56087097245367,
        "sun_diff": 1.4606088139858713,
        "length": 155.71481212639637
      }
    },
    {
      "geometry": {
        "type": "LineString",
        "coordinates": [
          [
            141.4270942,
            43.1057089
          ],
          [
            141.4260099,
            43.1061932
          ]
        ]
      },
      "type": "Feature",
      "properties": {
        "name": null,
        "type": "residential",
        "slope": 121.45712496615528,
        "sun_diff": 0.5643548202842652,
        "length": 103.22447434260002
      }
    },
    {
      "geometry": {
        "type": "LineString",
        "coordinates": [
          [
            141.4078617,
            43.1260437
          ],
          [
            141.409331,
            43.1267665
          ]
        ]
      },
      "type": "Feature",
      "properties": {
        "name": null,
        "type": "residential",
        "slope": 56.01890949945158,
        "sun_diff": 1.9582137130525155,
        "length": 143.8441208840208
      }
    },
    {
      "geometry": {
        "type": "LineString",
        "coordinates": [
          [
            141.4021427,
            43.1251776
          ],
          [
            141.4033164,
            43.1257716
          ]
        ]
      },
      "type": "Feature",
      "properties": {
        "name": null,
        "type": "residential",
        "slope": 55.26200521738096,
        "sun_diff": 2.715117995123137,
        "length": 115.94925653945477
      }
    },
    {
      "geometry": {
        "type": "LineString",
        "coordinates": [
          [
            141.426328,
            43.1047788
          ],
          [
            141.4252579,
            43.1052453
          ]
        ]
      },
      "type": "Feature",
      "properties": {
        "name": null,
        "type": "residential",
        "slope": 120.84131099020954,
        "sun_diff": 1.1801687962300065,
        "length": 101.21455774714751
      }
    },
    {
      "geometry": {
        "type": "LineString",
        "coordinates": [
          [
            141.4255229,
            43.1055633
          ],
          [
            141.4265956,
            43.1050942
          ]
        ]
      },
      "type": "Feature",
      "properties": {
        "name": null,
        "type": "residential",
        "slope": 120.92027545607979,
        "sun_diff": 1.1012043303597494,
        "length": 101.54381420756036
      }
    },
    {
      "geometry": {
        "type": "LineString",
        "coordinates": [
          [
            141.4303259,
            43.1077062
          ],
          [
            141.4315858,
            43.1071485
          ]
        ]
      },
      "type": "Feature",
      "properties": {
        "name": null,
        "type": "residential",
        "slope": 121.22891990416707,
        "sun_diff": 0.7925598822724709,
        "length": 119.64824390627066
      }
    },
    {
      "geometry": {
        "type": "LineString",
        "coordinates": [
          [
            141.4225165,
            43.1110761
          ],
          [
            141.4238719,
            43.1105124
          ]
        ]
      },
      "type": "Feature",
      "properties": {
        "name": null,
        "type": "residential",
        "slope": 119.66957033407718,
        "sun_diff": 2.3519094523623636,
        "length": 126.66744398774291
      }
    },
    {
      "geometry": {
        "type": "LineString",
        "coordinates": [
          [
            141.4241471,
            43.1108614
          ],
          [
            141.4227864,
            43.1114195
          ]
        ]
      },
      "type": "Feature",
      "properties": {
        "name": null,
        "type": "residential",
        "slope": 119.32894084786776,
        "sun_diff": 2.6925389385717864,
        "length": 126.73475907327821
      }
    },
    {
      "geometry": {
        "type": "LineString",
        "coordinates": [
          [
            141.4257084,
            43.1111316
          ],
          [
            141.4268374,
            43.1106365
          ]
        ]
      },
      "type": "Feature",
      "properties": {
        "name": null,
        "type": "residential",
        "slope": 120.99308769759651,
        "sun_diff": 1.0283920888430345,
        "length": 106.94507670404995
      }
    },
    {
      "geometry": {
        "type": "LineString",
        "coordinates": [
          [
            141.4193737,
            43.1128337
          ],
          [
            141.4181659,
            43.1133368
          ]
        ]
      },
      "type": "Feature",
      "properties": {
        "name": null,
        "type": "residential",
        "slope": 119.70923713006246,
        "sun_diff": 2.31224265637708,
        "length": 112.91373941564905
      }
    },
    {
      "geometry": {
        "type": "LineString",
        "coordinates": [
          [
            141.3949262,
            43.125077
          ],
          [
            141.3960134,
            43.1255889
          ]
        ]
      },
      "type": "Feature",
      "properties": {
        "name": null,
        "type": "unclassified",
        "slope": 57.173286494464776,
        "sun_diff": 0.8038367180393209,
        "length": 105.0335989109386
      }
    },
    {
      "geometry": {
        "type": "LineString",
        "coordinates": [
          [
            141.3960134,
            43.1255889
          ],
          [
            141.3973779,
            43.1262322
          ]
        ]
      },
      "type": "Feature",
      "properties": {
        "name": null,
        "type": "unclassified",
        "slope": 57.139088008842265,
        "sun_diff": 0.8380352036618319,
        "length": 131.87286467389242
      }
    },
    {
      "geometry": {
        "type": "LineString",
        "coordinates": [
          [
            141.4054346,
            43.13001
          ],
          [
            141.4072768,
            43.1308868
          ]
        ]
      },
      "type": "Feature",
      "properties": {
        "name": null,
        "type": "unclassified",
        "slope": 56.88864895154117,
        "sun_diff": 1.0884742609629257,
        "length": 178.53292465706758
      }
    },
    {
      "geometry": {
        "type": "LineString",
        "coordinates": [
          [
            141.4215104,
            43.1059612
          ],
          [
            141.4203171,
            43.1064514
          ]
        ]
      },
      "type": "Feature",
      "properties": {
        "name": null,
        "type": "residential",
        "slope": 119.36494240937398,
        "sun_diff": 2.656537377065561,
        "length": 111.19147635982094
      }
    },
    {
      "geometry": {
        "type": "LineString",
        "coordinates": [
          [
            141.4249506,
            43.1075659
          ],
          [
            141.4234633,
            43.1082126
          ]
        ]
      },
      "type": "Feature",
      "properties": {
        "name": null,
        "type": "residential",
        "slope": 120.77735882893023,
        "sun_diff": 1.2441209575093097,
        "length": 140.57482174388633
      }
    },
    {
      "geometry": {
        "type": "LineString",
        "coordinates": [
          [
            141.4270831,
            43.1109516
          ],
          [
            141.4259438,
            43.1114431
          ]
        ]
      },
      "type": "Feature",
      "properties": {
        "name": null,
        "type": "residential",
        "slope": 120.58076072186691,
        "sun_diff": 1.440719064572633,
        "length": 107.45822540460969
      }
    },
    {
      "geometry": {
        "type": "LineString",
        "coordinates": [
          [
            141.4271426,
            43.1064522
          ],
          [
            141.4257618,
            43.107057
          ]
        ]
      },
      "type": "Feature",
      "properties": {
        "name": null,
        "type": "residential",
        "slope": 120.96145313479005,
        "sun_diff": 1.060026651649494,
        "length": 130.7621192087611
      }
    },
    {
      "geometry": {
        "type": "LineString",
        "coordinates": [
          [
            141.4259592,
            43.1072928
          ],
          [
            141.4273272,
            43.1066826
          ]
        ]
      },
      "type": "Feature",
      "properties": {
        "name": null,
        "type": "residential",
        "slope": 121.42334017551954,
        "sun_diff": 0.5981396109200006,
        "length": 130.1836547375712
      }
    },
    {
      "geometry": {
        "type": "LineString",
        "coordinates": [
          [
            141.4281888,
            43.1100143
          ],
          [
            141.4292838,
            43.1095271
          ]
        ]
      },
      "type": "Feature",
      "properties": {
        "name": null,
        "type": "residential",
        "slope": 121.36041072590541,
        "sun_diff": 0.6610690605341318,
        "length": 104.12944361109537
      }
    },
    {
      "geometry": {
        "type": "LineString",
        "coordinates": [
          [
            141.4026354,
            43.0574394
          ],
          [
            141.4016041,
            43.0579575
          ]
        ]
      },
      "type": "Feature",
      "properties": {
        "name": null,
        "type": "residential",
        "slope": 124.51089345392262,
        "sun_diff": 2.4894136674830776,
        "length": 101.71569719812744
      }
    },
    {
      "geometry": {
        "type": "LineString",
        "coordinates": [
          [
            141.365152,
            43.1309922
          ],
          [
            141.3636181,
            43.1317656
          ]
        ]
      },
      "type": "Feature",
      "properties": {
        "name": null,
        "type": "residential",
        "slope": 124.64047020452597,
        "sun_diff": 2.618990418086426,
        "length": 151.34013942872414
      }
    },
    {
      "geometry": {
        "type": "LineString",
        "coordinates": [
          [
            141.3635534,
            43.1317984
          ],
          [
            141.3620418,
            43.1325656
          ]
        ]
      },
      "type": "Feature",
      "properties": {
        "name": null,
        "type": "residential",
        "slope": 124.81776645632686,
        "sun_diff": 2.7962866698873228,
        "length": 149.4582256408961
      }
    },
    {
      "geometry": {
        "type": "LineString",
        "coordinates": [
          [
            141.3618594,
            43.1323585
          ],
          [
            141.3633571,
            43.1316053
          ]
        ]
      },
      "type": "Feature",
      "properties": {
        "name": null,
        "type": "residential",
        "slope": 124.57122877717495,
        "sun_diff": 2.5497489907354094,
        "length": 147.6444872163004
      }
    },
    {
      "geometry": {
        "type": "LineString",
        "coordinates": [
          [
            141.363423,
            43.1315722
          ],
          [
            141.3649546,
            43.1307961
          ]
        ]
      },
      "type": "Feature",
      "properties": {
        "name": null,
        "type": "residential",
        "slope": 124.77375108950017,
        "sun_diff": 2.752271303060624,
        "length": 151.35798024012004
      }
    },
    {
      "geometry": {
        "type": "LineString",
        "coordinates": [
          [
            141.3596602,
            43.1281238
          ],
          [
            141.3614506,
            43.1272133
          ]
        ]
      },
      "type": "Feature",
      "properties": {
        "name": null,
        "type": "residential",
        "slope": 124.86850322787524,
        "sun_diff": 2.847023441435695,
        "length": 177.14737396048483
      }
    },
    {
      "geometry": {
        "type": "LineString",
        "coordinates": [
          [
            141.3644891,
            43.1326577
          ],
          [
            141.3660589,
            43.131925
          ]
        ]
      },
      "type": "Feature",
      "properties": {
        "name": null,
        "type": "residential",
        "slope": 122.60181930920649,
        "sun_diff": 0.5803395227669483,
        "length": 151.25858423371722
      }
    },
    {
      "geometry": {
        "type": "LineString",
        "coordinates": [
          [
            141.3240352,
            43.0925244
          ],
          [
            141.3252008,
            43.0919717
          ]
        ]
      },
      "type": "Feature",
      "properties": {
        "name": null,
        "type": "residential",
        "slope": 122.99676008559126,
        "sun_diff": 0.97528029915172,
        "length": 112.885568937005
      }
    },
    {
      "geometry": {
        "type": "LineString",
        "coordinates": [
          [
            141.1556513,
            42.9346085
          ],
          [
            141.1584524,
            42.9332619
          ]
        ]
      },
      "type": "Feature",
      "properties": {
        "name": null,
        "type": "tertiary",
        "slope": 123.28953683723125,
        "sun_diff": 1.380768832475269,
        "length": 272.88957501721893
      }
    },
    {
      "geometry": {
        "type": "LineString",
        "coordinates": [
          [
            141.4011332,
            43.0749399
          ],
          [
            141.3996535,
            43.0755417
          ]
        ]
      },
      "type": "Feature",
      "properties": {
        "name": null,
        "type": "residential",
        "slope": 119.10830225000072,
        "sun_diff": 2.9131775364388233,
        "length": 137.60245696929934
      }
    },
    {
      "geometry": {
        "type": "LineString",
        "coordinates": [
          [
            141.4035807,
            43.0947142
          ],
          [
            141.4024589,
            43.0951738
          ]
        ]
      },
      "type": "Feature",
      "properties": {
        "name": null,
        "type": "residential",
        "slope": 119.29513305401568,
        "sun_diff": 2.7263467324238633,
        "length": 104.4768087094286
      }
    },
    {
      "geometry": {
        "type": "LineString",
        "coordinates": [
          [
            141.3996431,
            43.0963223
          ],
          [
            141.3982887,
            43.0968756
          ]
        ]
      },
      "type": "Feature",
      "properties": {
        "name": null,
        "type": "residential",
        "slope": 119.22544359416833,
        "sun_diff": 2.7960361922712167,
        "length": 126.05022978612632
      }
    },
    {
      "geometry": {
        "type": "LineString",
        "coordinates": [
          [
            141.4690938,
            43.0262595
          ],
          [
            141.4703129,
            43.0257288
          ]
        ]
      },
      "type": "Feature",
      "properties": {
        "name": null,
        "type": "residential",
        "slope": 120.77278172488911,
        "sun_diff": 1.192185076357731,
        "length": 115.37426461354664
      }
    },
    {
      "geometry": {
        "type": "LineString",
        "coordinates": [
          [
            141.4694481,
            43.0266025
          ],
          [
            141.4706663,
            43.0260201
          ]
        ]
      },
      "type": "Feature",
      "properties": {
        "name": null,
        "type": "residential",
        "slope": 123.18357183334786,
        "sun_diff": 1.21860503210101,
        "length": 118.35791037002218
      }
    },
    {
      "geometry": {
        "type": "LineString",
        "coordinates": [
          [
            141.4750512,
            43.0225
          ],
          [
            141.4737276,
            43.0230544
          ]
        ]
      },
      "type": "Feature",
      "properties": {
        "name": null,
        "type": "residential",
        "slope": 119.80971541581962,
        "sun_diff": 2.1552513854272206,
        "length": 124.04629272220748
      }
    },
    {
      "geometry": {
        "type": "LineString",
        "coordinates": [
          [
            141.4791919,
            43.0268055
          ],
          [
            141.4780208,
            43.0262817
          ]
        ]
      },
      "type": "Feature",
      "properties": {
        "name": null,
        "type": "unclassified",
        "slope": 58.540505284135435,
        "sun_diff": 0.506855426060298,
        "length": 111.63535217946
      }
    },
    {
      "geometry": {
        "type": "LineString",
        "coordinates": [
          [
            141.4719908,
            43.022239
          ],
          [
            141.4734119,
            43.0215983
          ]
        ]
      },
      "type": "Feature",
      "properties": {
        "name": null,
        "type": "residential",
        "slope": 121.66103807771324,
        "sun_diff": 0.3039287235336019,
        "length": 135.76993658881855
      }
    },
    {
      "geometry": {
        "type": "LineString",
        "coordinates": [
          [
            141.4777936,
            43.0200794
          ],
          [
            141.4788593,
            43.0195935
          ]
        ]
      },
      "type": "Feature",
      "properties": {
        "name": null,
        "type": "residential",
        "slope": 121.94866618817719,
        "sun_diff": 0.01630061306966013,
        "length": 102.13640259751264
      }
    },
    {
      "geometry": {
        "type": "LineString",
        "coordinates": [
          [
            141.4806117,
            43.0285339
          ],
          [
            141.4818574,
            43.0291139
          ]
        ]
      },
      "type": "Feature",
      "properties": {
        "name": null,
        "type": "residential",
        "slope": 57.50564184695659,
        "sun_diff": 0.5280080111185441,
        "length": 120.08848042728948
      }
    },
    {
      "geometry": {
        "type": "LineString",
        "coordinates": [
          [
            141.4788927,
            43.0271551
          ],
          [
            141.480031,
            43.0276829
          ]
        ]
      },
      "type": "Feature",
      "properties": {
        "name": null,
        "type": "residential",
        "slope": 57.61386476693244,
        "sun_diff": 0.4197850911426997,
        "length": 109.60572029958672
      }
    },
    {
      "geometry": {
        "type": "LineString",
        "coordinates": [
          [
            141.4785983,
            43.0275124
          ],
          [
            141.4797448,
            43.0280215
          ]
        ]
      },
      "type": "Feature",
      "properties": {
        "name": null,
        "type": "residential",
        "slope": 58.72404407623105,
        "sun_diff": 0.690394218155916,
        "length": 109.07470867673786
      }
    },
    {
      "geometry": {
        "type": "LineString",
        "coordinates": [
          [
            141.4811323,
            43.0343789
          ],
          [
            141.4823865,
            43.0349014
          ]
        ]
      },
      "type": "Feature",
      "properties": {
        "name": null,
        "type": "residential",
        "slope": 60.318901685345,
        "sun_diff": 2.2852518272698603,
        "length": 117.36884332580038
      }
    },
    {
      "geometry": {
        "type": "LineString",
        "coordinates": [
          [
            141.4822581,
            43.053463
          ],
          [
            141.4834701,
            43.0528455
          ]
        ]
      },
      "type": "Feature",
      "properties": {
        "name": null,
        "type": "residential",
        "slope": 124.88565540720839,
        "sun_diff": 2.8641756207688474,
        "length": 120.0897413412238
      }
    },
    {
      "geometry": {
        "type": "LineString",
        "coordinates": [
          [
            141.4871729,
            43.0329331
          ],
          [
            141.4861181,
            43.0334145
          ]
        ]
      },
      "type": "Feature",
      "properties": {
        "name": null,
        "type": "unclassified",
        "slope": 121.97958467991296,
        "sun_diff": 0.014617878666115303,
        "length": 101.10360295043128
      }
    },
    {
      "geometry": {
        "type": "LineString",
        "coordinates": [
          [
            141.4942384,
            43.0261558
          ],
          [
            141.4961477,
            43.0253543
          ]
        ]
      },
      "type": "Feature",
      "properties": {
        "name": null,
        "type": "residential",
        "slope": 119.86546764938387,
        "sun_diff": 2.0994991518629718,
        "length": 179.02913581422473
      }
    },
    {
      "geometry": {
        "type": "LineString",
        "coordinates": [
          [
            141.4961477,
            43.0253543
          ],
          [
            141.4975198,
            43.0247717
          ]
        ]
      },
      "type": "Feature",
      "properties": {
        "name": null,
        "type": "residential",
        "slope": 120.14835301275576,
        "sun_diff": 1.8166137884910825,
        "length": 129.0263292956095
      }
    },
    {
      "geometry": {
        "type": "LineString",
        "coordinates": [
          [
            141.4972173,
            43.0243635
          ],
          [
            141.4958253,
            43.0249555
          ]
        ]
      },
      "type": "Feature",
      "properties": {
        "name": null,
        "type": "unclassified",
        "slope": 120.18842257235633,
        "sun_diff": 1.7765442288905149,
        "length": 130.9514056112702
      }
    },
    {
      "geometry": {
        "type": "LineString",
        "coordinates": [
          [
            141.4957433,
            43.0249888
          ],
          [
            141.4944865,
            43.0255133
          ]
        ]
      },
      "type": "Feature",
      "properties": {
        "name": null,
        "type": "unclassified",
        "slope": 119.7204685647281,
        "sun_diff": 2.2444982365187514,
        "length": 117.6762592596562
      }
    },
    {
      "geometry": {
        "type": "LineString",
        "coordinates": [
          [
            141.4638621,
            43.0221098
          ],
          [
            141.465004,
            43.0225856
          ]
        ]
      },
      "type": "Feature",
      "properties": {
        "name": null,
        "type": "residential",
        "slope": 60.31948476395698,
        "sun_diff": 2.285834905881842,
        "length": 106.88052952613202
      }
    },
    {
      "geometry": {
        "type": "LineString",
        "coordinates": [
          [
            141.4796349,
            43.0172203
          ],
          [
            141.4809488,
            43.0166291
          ]
        ]
      },
      "type": "Feature",
      "properties": {
        "name": null,
        "type": "residential",
        "slope": 121.6084202119151,
        "sun_diff": 0.3565465893317423,
        "length": 125.46738947523008
      }
    },
    {
      "geometry": {
        "type": "LineString",
        "coordinates": [
          [
            141.4792282,
            43.0165944
          ],
          [
            141.4802919,
            43.0161161
          ]
        ]
      },
      "type": "Feature",
      "properties": {
        "name": null,
        "type": "residential",
        "slope": 121.59107937425429,
        "sun_diff": 0.3738874269925532,
        "length": 101.55721049318734
      }
    },
    {
      "geometry": {
        "type": "LineString",
        "coordinates": [
          [
            141.4798445,
            43.017522
          ],
          [
            141.4810325,
            43.0169918
          ]
        ]
      },
      "type": "Feature",
      "properties": {
        "name": null,
        "type": "residential",
        "slope": 121.39997528244487,
        "sun_diff": 0.5649915188019747,
        "length": 113.19159985301813
      }
    },
    {
      "geometry": {
        "type": "LineString",
        "coordinates": [
          [
            141.4794286,
            43.0169042
          ],
          [
            141.4808716,
            43.0162554
          ]
        ]
      },
      "type": "Feature",
      "properties": {
        "name": null,
        "type": "residential",
        "slope": 121.58897622303073,
        "sun_diff": 0.37599057821611837,
        "length": 137.76747827085867
      }
    },
    {
      "geometry": {
        "type": "LineString",
        "coordinates": [
          [
            141.4645672,
            43.0212049
          ],
          [
            141.4657887,
            43.0217313
          ]
        ]
      },
      "type": "Feature",
      "properties": {
        "name": null,
        "type": "residential",
        "slope": 59.48268197694168,
        "sun_diff": 1.4490321188665405,
        "length": 115.3046711200964
      }
    },
    {
      "geometry": {
        "type": "LineString",
        "coordinates": [
          [
            141.4641014,
            43.0218021
          ],
          [
            141.4651902,
            43.0222636
          ]
        ]
      },
      "type": "Feature",
      "properties": {
        "name": null,
        "type": "residential",
        "slope": 59.89625357378779,
        "sun_diff": 1.8626037157126518,
        "length": 102.34461417764588
      }
    },
    {
      "geometry": {
        "type": "LineString",
        "coordinates": [
          [
            141.410059,
            43.0970454
          ],
          [
            141.411231,
            43.096559
          ]
        ]
      },
      "type": "Feature",
      "properties": {
        "name": null,
        "type": "residential",
        "slope": 119.61209131651813,
        "sun_diff": 2.40938846992141,
        "length": 109.49049405803859
      }
    },
    {
      "geometry": {
        "type": "LineString",
        "coordinates": [
          [
            141.426066,
            43.1044604
          ],
          [
            141.4249731,
            43.1049225
          ]
        ]
      },
      "type": "Feature",
      "properties": {
        "name": "\u96c1\u7a42\u307f\u306e\u308a\u901a",
        "type": "tertiary",
        "slope": 120.07613369058404,
        "sun_diff": 1.9453460958554984,
        "length": 102.5629422999051
      }
    },
    {
      "geometry": {
        "type": "LineString",
        "coordinates": [
          [
            141.4252707,
            43.1112822
          ],
          [
            141.4241935,
            43.1117261
          ]
        ]
      },
      "type": "Feature",
      "properties": {
        "name": null,
        "type": "residential",
        "slope": 119.44408715052171,
        "sun_diff": 2.577392635917832,
        "length": 100.44278381727085
      }
    },
    {
      "geometry": {
        "type": "LineString",
        "coordinates": [
          [
            141.420351,
            43.1133173
          ],
          [
            141.4192315,
            43.1137763
          ]
        ]
      },
      "type": "Feature",
      "properties": {
        "name": null,
        "type": "residential",
        "slope": 119.32081045886326,
        "sun_diff": 2.7006693275762785,
        "length": 104.25714946079302
      }
    },
    {
      "geometry": {
        "type": "LineString",
        "coordinates": [
          [
            141.4280654,
            43.1043972
          ],
          [
            141.429213,
            43.1039217
          ]
        ]
      },
      "type": "Feature",
      "properties": {
        "name": null,
        "type": "residential",
        "slope": 119.57505452004457,
        "sun_diff": 2.446425266394968,
        "length": 107.15876725504171
      }
    },
    {
      "geometry": {
        "type": "LineString",
        "coordinates": [
          [
            141.4178916,
            43.1129927
          ],
          [
            141.4191159,
            43.1124948
          ]
        ]
      },
      "type": "Feature",
      "properties": {
        "name": null,
        "type": "residential",
        "slope": 119.12163962887655,
        "sun_diff": 2.8998401575629913,
        "length": 113.79721514202132
      }
    },
    {
      "geometry": {
        "type": "LineString",
        "coordinates": [
          [
            141.4225543,
            43.0979033
          ],
          [
            141.4238157,
            43.0973887
          ]
        ]
      },
      "type": "Feature",
      "properties": {
        "name": "\u6771\u96c1\u6765\u516c\u5712\u901a",
        "type": "residential",
        "slope": 119.19211315938011,
        "sun_diff": 2.8293666270594287,
        "length": 117.35504176361718
      }
    },
    {
      "geometry": {
        "type": "LineString",
        "coordinates": [
          [
            141.4225388,
            43.1001763
          ],
          [
            141.4238316,
            43.0996489
          ]
        ]
      },
      "type": "Feature",
      "properties": {
        "name": "\u96c1\u7a42\u3081\u3050\u307f\u901a",
        "type": "tertiary",
        "slope": 119.19255456847645,
        "sun_diff": 2.8289252179630893,
        "length": 120.2724264268497
      }
    },
    {
      "geometry": {
        "type": "LineString",
        "coordinates": [
          [
            141.4239481,
            43.0996017
          ],
          [
            141.4250549,
            43.0991466
          ]
        ]
      },
      "type": "Feature",
      "properties": {
        "name": "\u96c1\u7a42\u3081\u3050\u307f\u901a",
        "type": "tertiary",
        "slope": 119.38536822371498,
        "sun_diff": 2.6361115627245653,
        "length": 103.16382360367417
      }
    },
    {
      "geometry": {
        "type": "LineString",
        "coordinates": [
          [
            141.4052616,
            43.0997882
          ],
          [
            141.4064111,
            43.0993225
          ]
        ]
      },
      "type": "Feature",
      "properties": {
        "name": null,
        "type": "residential",
        "slope": 119.02356243725794,
        "sun_diff": 2.9979173491816056,
        "length": 106.7660031581179
      }
    },
    {
      "geometry": {
        "type": "LineString",
        "coordinates": [
          [
            141.3860212,
            43.1048377
          ],
          [
            141.3873947,
            43.1041422
          ]
        ]
      },
      "type": "Feature",
      "properties": {
        "name": null,
        "type": "residential",
        "slope": 124.74328494506261,
        "sun_diff": 2.72180515862307,
        "length": 135.74309458693853
      }
    },
    {
      "geometry": {
        "type": "LineString",
        "coordinates": [
          [
            141.3967596,
            43.0888793
          ],
          [
            141.3979668,
            43.0883737
          ]
        ]
      },
      "type": "Feature",
      "properties": {
        "name": null,
        "type": "residential",
        "slope": 119.83384826835086,
        "sun_diff": 2.187631518088679,
        "length": 113.04352362360665
      }
    },
    {
      "geometry": {
        "type": "LineString",
        "coordinates": [
          [
            141.4046545,
            43.0854788
          ],
          [
            141.4031633,
            43.0860917
          ]
        ]
      },
      "type": "Feature",
      "properties": {
        "name": null,
        "type": "residential",
        "slope": 119.36977259253612,
        "sun_diff": 2.6517071939034196,
        "length": 139.0026492726211
      }
    },
    {
      "geometry": {
        "type": "LineString",
        "coordinates": [
          [
            141.3949994,
            43.0725345
          ],
          [
            141.3936841,
            43.0731453
          ]
        ]
      },
      "type": "Feature",
      "properties": {
        "name": null,
        "type": "residential",
        "slope": 122.44484969474624,
        "sun_diff": 0.42336990830669663,
        "length": 126.63746497909172
      }
    },
    {
      "geometry": {
        "type": "LineString",
        "coordinates": [
          [
            141.3976948,
            43.0900801
          ],
          [
            141.3988835,
            43.0895946
          ]
        ]
      },
      "type": "Feature",
      "properties": {
        "name": null,
        "type": "residential",
        "slope": 119.21710292590015,
        "sun_diff": 2.804376860539392,
        "length": 110.63242262649312
      }
    },
    {
      "geometry": {
        "type": "LineString",
        "coordinates": [
          [
            141.3985508,
            43.0911443
          ],
          [
            141.3974059,
            43.0916083
          ]
        ]
      },
      "type": "Feature",
      "properties": {
        "name": null,
        "type": "residential",
        "slope": 119.02907318443883,
        "sun_diff": 2.992406602000713,
        "length": 106.35844357159908
      }
    },
    {
      "geometry": {
        "type": "LineString",
        "coordinates": [
          [
            141.395412,
            43.0909831
          ],
          [
            141.393612,
            43.0917362
          ]
        ]
      },
      "type": "Feature",
      "properties": {
        "name": null,
        "type": "residential",
        "slope": 119.80972234952176,
        "sun_diff": 2.211757436917779,
        "length": 168.5053358042435
      }
    },
    {
      "geometry": {
        "type": "LineString",
        "coordinates": [
          [
            141.3935638,
            43.0917564
          ],
          [
            141.3921168,
            43.0923547
          ]
        ]
      },
      "type": "Feature",
      "properties": {
        "name": null,
        "type": "residential",
        "slope": 119.51893473430309,
        "sun_diff": 2.5025450521364547,
        "length": 135.06707460861935
      }
    },
    {
      "geometry": {
        "type": "LineString",
        "coordinates": [
          [
            141.3763767,
            43.0742633
          ],
          [
            141.3774913,
            43.0747293
          ]
        ]
      },
      "type": "Feature",
      "properties": {
        "name": null,
        "type": "residential",
        "slope": 60.214958850475284,
        "sun_diff": 2.2378356379711875,
        "length": 104.34529119225205
      }
    },
    {
      "geometry": {
        "type": "LineString",
        "coordinates": [
          [
            141.381097,
            43.0859998
          ],
          [
            141.3826387,
            43.0853378
          ]
        ]
      },
      "type": "Feature",
      "properties": {
        "name": null,
        "type": "residential",
        "slope": 120.45307406418203,
        "sun_diff": 1.5684057222575092,
        "length": 145.2824212231576
      }
    },
    {
      "geometry": {
        "type": "LineString",
        "coordinates": [
          [
            141.3826931,
            43.0853141
          ],
          [
            141.3839467,
            43.0847691
          ]
        ]
      },
      "type": "Feature",
      "properties": {
        "name": null,
        "type": "residential",
        "slope": 120.76384462701847,
        "sun_diff": 1.2576351594210706,
        "length": 118.51412141993016
      }
    },
    {
      "geometry": {
        "type": "LineString",
        "coordinates": [
          [
            141.3822858,
            43.0874305
          ],
          [
            141.3837833,
            43.0867647
          ]
        ]
      },
      "type": "Feature",
      "properties": {
        "name": null,
        "type": "residential",
        "slope": 121.3324143640244,
        "sun_diff": 0.6890654224151405,
        "length": 142.41573756907243
      }
    },
    {
      "geometry": {
        "type": "LineString",
        "coordinates": [
          [
            141.3837833,
            43.0867647
          ],
          [
            141.3851472,
            43.0861695
          ]
        ]
      },
      "type": "Feature",
      "properties": {
        "name": null,
        "type": "residential",
        "slope": 120.85977031062396,
        "sun_diff": 1.1617094758155844,
        "length": 129.0676001605253
      }
    },
    {
      "geometry": {
        "type": "LineString",
        "coordinates": [
          [
            141.3818846,
            43.0871292
          ],
          [
            141.3834523,
            43.0864279
          ]
        ]
      },
      "type": "Feature",
      "properties": {
        "name": null,
        "type": "residential",
        "slope": 121.48859467299383,
        "sun_diff": 0.5328851134457153,
        "length": 149.34109176595072
      }
    },
    {
      "geometry": {
        "type": "LineString",
        "coordinates": [
          [
            141.3834523,
            43.0864279
          ],
          [
            141.3848483,
            43.0858142
          ]
        ]
      },
      "type": "Feature",
      "properties": {
        "name": null,
        "type": "residential",
        "slope": 121.04527234948995,
        "sun_diff": 0.9762074369495934,
        "length": 132.3627786173115
      }
    },
    {
      "geometry": {
        "type": "LineString",
        "coordinates": [
          [
            141.3809619,
            43.0856013
          ],
          [
            141.3823697,
            43.0849817
          ]
        ]
      },
      "type": "Feature",
      "properties": {
        "name": null,
        "type": "residential",
        "slope": 121.07406690142307,
        "sun_diff": 0.947412885016476,
        "length": 133.52382302989227
      }
    },
    {
      "geometry": {
        "type": "LineString",
        "coordinates": [
          [
            141.3823697,
            43.0849817
          ],
          [
            141.383715,
            43.0844061
          ]
        ]
      },
      "type": "Feature",
      "properties": {
        "name": null,
        "type": "residential",
        "slope": 120.36305535429929,
        "sun_diff": 1.6584244321402508,
        "length": 126.65977697530727
      }
    },
    {
      "geometry": {
        "type": "LineString",
        "coordinates": [
          [
            141.3829499,
            43.0856602
          ],
          [
            141.384199,
            43.0851096
          ]
        ]
      },
      "type": "Feature",
      "properties": {
        "name": null,
        "type": "residential",
        "slope": 121.1131255754164,
        "sun_diff": 0.9083542110231377,
        "length": 118.52032379870955
      }
    },
    {
      "geometry": {
        "type": "LineString",
        "coordinates": [
          [
            141.3831798,
            43.0860642
          ],
          [
            141.3845351,
            43.0854552
          ]
        ]
      },
      "type": "Feature",
      "properties": {
        "name": null,
        "type": "residential",
        "slope": 121.60236087989372,
        "sun_diff": 0.41911890654581896,
        "length": 129.26719358601548
      }
    },
    {
      "geometry": {
        "type": "LineString",
        "coordinates": [
          [
            141.389759,
            43.0888958
          ],
          [
            141.3914369,
            43.0881983
          ]
        ]
      },
      "type": "Feature",
      "properties": {
        "name": null,
        "type": "residential",
        "slope": 119.6491083129199,
        "sun_diff": 2.3723714735196353,
        "length": 156.8314629594268
      }
    },
    {
      "geometry": {
        "type": "LineString",
        "coordinates": [
          [
            141.3896107,
            43.0858196
          ],
          [
            141.3877413,
            43.0865817
          ]
        ]
      },
      "type": "Feature",
      "properties": {
        "name": null,
        "type": "residential",
        "slope": 119.17055489336803,
        "sun_diff": 2.8509248930715074,
        "length": 173.91618174074537
      }
    },
    {
      "geometry": {
        "type": "LineString",
        "coordinates": [
          [
            141.3881539,
            43.0870347
          ],
          [
            141.38997,
            43.0862937
          ]
        ]
      },
      "type": "Feature",
      "properties": {
        "name": null,
        "type": "residential",
        "slope": 119.19114802678868,
        "sun_diff": 2.8303317596508606,
        "length": 168.99064418630465
      }
    },
    {
      "geometry": {
        "type": "LineString",
        "coordinates": [
          [
            141.38997,
            43.0862937
          ],
          [
            141.3913755,
            43.0857223
          ]
        ]
      },
      "type": "Feature",
      "properties": {
        "name": null,
        "type": "residential",
        "slope": 119.10286576031999,
        "sun_diff": 2.918614026119556,
        "length": 130.67276656928564
      }
    },
    {
      "geometry": {
        "type": "LineString",
        "coordinates": [
          [
            141.3924929,
            43.0852673
          ],
          [
            141.3935715,
            43.0848291
          ]
        ]
      },
      "type": "Feature",
      "properties": {
        "name": null,
        "type": "residential",
        "slope": 119.08583823529574,
        "sun_diff": 2.935641551143803,
        "length": 100.2650382036918
      }
    },
    {
      "geometry": {
        "type": "LineString",
        "coordinates": [
          [
            141.3935715,
            43.0848291
          ],
          [
            141.394824,
            43.0843155
          ]
        ]
      },
      "type": "Feature",
      "properties": {
        "name": null,
        "type": "residential",
        "slope": 119.31234675731639,
        "sun_diff": 2.7091330291231515,
        "length": 116.68896746078286
      }
    },
    {
      "geometry": {
        "type": "LineString",
        "coordinates": [
          [
            141.3905787,
            43.0870868
          ],
          [
            141.3919809,
            43.0865183
          ]
        ]
      },
      "type": "Feature",
      "properties": {
        "name": null,
        "type": "residential",
        "slope": 119.03657410740595,
        "sun_diff": 2.984905679033588,
        "length": 130.2804443120205
      }
    },
    {
      "geometry": {
        "type": "LineString",
        "coordinates": [
          [
            141.392157,
            43.0824089
          ],
          [
            141.393618,
            43.0818084
          ]
        ]
      },
      "type": "Feature",
      "properties": {
        "name": null,
        "type": "residential",
        "slope": 119.36857181525625,
        "sun_diff": 2.6529079711832964,
        "length": 136.1944389128163
      }
    },
    {
      "geometry": {
        "type": "LineString",
        "coordinates": [
          [
            141.3884898,
            43.0874127
          ],
          [
            141.3902694,
            43.0866838
          ]
        ]
      },
      "type": "Feature",
      "properties": {
        "name": null,
        "type": "residential",
        "slope": 119.28504370810012,
        "sun_diff": 2.7364360783394233,
        "length": 165.74519891633676
      }
    },
    {
      "geometry": {
        "type": "LineString",
        "coordinates": [
          [
            141.3902694,
            43.0866838
          ],
          [
            141.39167,
            43.086114
          ]
        ]
      },
      "type": "Feature",
      "properties": {
        "name": null,
        "type": "residential",
        "slope": 119.11978473263335,
        "sun_diff": 2.9016950538061934,
        "length": 130.23778413316242
      }
    },
    {
      "geometry": {
        "type": "LineString",
        "coordinates": [
          [
            141.3911468,
            43.087818
          ],
          [
            141.3894321,
            43.0885186
          ]
        ]
      },
      "type": "Feature",
      "properties": {
        "name": null,
        "type": "residential",
        "slope": 119.22594941151254,
        "sun_diff": 2.7955303749269973,
        "length": 159.60505742241097
      }
    },
    {
      "geometry": {
        "type": "LineString",
        "coordinates": [
          [
            141.3919071,
            43.082079
          ],
          [
            141.3933676,
            43.0814844
          ]
        ]
      },
      "type": "Feature",
      "properties": {
        "name": null,
        "type": "residential",
        "slope": 119.13561510091463,
        "sun_diff": 2.8858646855249077,
        "length": 135.83886804789307
      }
    },
    {
      "geometry": {
        "type": "LineString",
        "coordinates": [
          [
            141.3945936,
            43.0898676
          ],
          [
            141.3928025,
            43.0906073
          ]
        ]
      },
      "type": "Feature",
      "properties": {
        "name": null,
        "type": "residential",
        "slope": 119.48912999905806,
        "sun_diff": 2.5323497873814773,
        "length": 167.14205205279023
      }
    },
    {
      "geometry": {
        "type": "LineString",
        "coordinates": [
          [
            141.3932302,
            43.0844035
          ],
          [
            141.3944964,
            43.0838713
          ]
        ]
      },
      "type": "Feature",
      "properties": {
        "name": null,
        "type": "residential",
        "slope": 119.9200544548568,
        "sun_diff": 2.101425331582746,
        "length": 118.67958284663572
      }
    },
    {
      "geometry": {
        "type": "LineString",
        "coordinates": [
          [
            141.3960315,
            43.0858609
          ],
          [
            141.3947638,
            43.0863775
          ]
        ]
      },
      "type": "Feature",
      "properties": {
        "name": null,
        "type": "residential",
        "slope": 119.16082774876668,
        "sun_diff": 2.860652037672864,
        "length": 117.92717091383406
      }
    },
    {
      "geometry": {
        "type": "LineString",
        "coordinates": [
          [
            141.3378583,
            43.1076585
          ],
          [
            141.3366472,
            43.1082381
          ]
        ]
      },
      "type": "Feature",
      "properties": {
        "name": null,
        "type": "residential",
        "slope": 123.24573219711584,
        "sun_diff": 1.2242524106763,
        "length": 117.5946497526995
      }
    },
    {
      "geometry": {
        "type": "LineString",
        "coordinates": [
          [
            141.3379018,
            43.1066568
          ],
          [
            141.3367273,
            43.1071984
          ]
        ]
      },
      "type": "Feature",
      "properties": {
        "name": null,
        "type": "residential",
        "slope": 122.27741120025954,
        "sun_diff": 0.25593141381999374,
        "length": 112.80920890347208
      }
    },
    {
      "geometry": {
        "type": "LineString",
        "coordinates": [
          [
            141.2957769,
            43.0037355
          ],
          [
            141.2946611,
            43.0042141
          ]
        ]
      },
      "type": "Feature",
      "properties": {
        "name": null,
        "type": "path",
        "slope": 120.39281164503842,
        "sun_diff": 1.5721414958300954,
        "length": 105.22250279530222
      }
    },
    {
      "geometry": {
        "type": "LineString",
        "coordinates": [
          [
            141.3832068,
            43.064734
          ],
          [
            141.3821853,
            43.0642153
          ]
        ]
      },
      "type": "Feature",
      "properties": {
        "name": null,
        "type": "residential",
        "slope": 55.199462047428085,
        "sun_diff": 2.7776611650760117,
        "length": 101.09093912585892
      }
    },
    {
      "geometry": {
        "type": "LineString",
        "coordinates": [
          [
            141.3497348,
            43.1354268
          ],
          [
            141.3514579,
            43.1347187
          ]
        ]
      },
      "type": "Feature",
      "properties": {
        "name": null,
        "type": "residential",
        "slope": 119.3853058073231,
        "sun_diff": 2.6361739791164354,
        "length": 160.51489743071608
      }
    },
    {
      "geometry": {
        "type": "LineString",
        "coordinates": [
          [
            141.3472236,
            43.1314844
          ],
          [
            141.3486021,
            43.1307821
          ]
        ]
      },
      "type": "Feature",
      "properties": {
        "name": null,
        "type": "residential",
        "slope": 124.91872770994345,
        "sun_diff": 2.8972479235039117,
        "length": 136.46839794160053
      }
    },
    {
      "geometry": {
        "type": "LineString",
        "coordinates": [
          [
            141.3972587,
            43.0621429
          ],
          [
            141.398372,
            43.0615904
          ]
        ]
      },
      "type": "Feature",
      "properties": {
        "name": null,
        "type": "unclassified",
        "slope": 124.18623223229963,
        "sun_diff": 2.1647524458600884,
        "length": 109.37173075196687
      }
    },
    {
      "geometry": {
        "type": "LineString",
        "coordinates": [
          [
            141.3682601,
            43.1505277
          ],
          [
            141.3694817,
            43.1510941
          ]
        ]
      },
      "type": "Feature",
      "properties": {
        "name": null,
        "type": "residential",
        "slope": 57.56272678626203,
        "sun_diff": 0.35754193159090164,
        "length": 117.45639484902746
      }
    },
    {
      "geometry": {
        "type": "LineString",
        "coordinates": [
          [
            141.3905681,
            43.1345481
          ],
          [
            141.3915973,
            43.1350542
          ]
        ]
      },
      "type": "Feature",
      "properties": {
        "name": null,
        "type": "service",
        "slope": 56.025773037060475,
        "sun_diff": 1.951350175443622,
        "length": 100.73652748409249
      }
    },
    {
      "geometry": {
        "type": "LineString",
        "coordinates": [
          [
            141.3908571,
            43.1342303
          ],
          [
            141.3920002,
            43.1347978
          ]
        ]
      },
      "type": "Feature",
      "properties": {
        "name": null,
        "type": "residential",
        "slope": 55.772008640390254,
        "sun_diff": 2.2051145721138425,
        "length": 112.22141778419112
      }
    },
    {
      "geometry": {
        "type": "LineString",
        "coordinates": [
          [
            141.3863078,
            43.1314505
          ],
          [
            141.3880528,
            43.1323106
          ]
        ]
      },
      "type": "Feature",
      "properties": {
        "name": null,
        "type": "residential",
        "slope": 55.96476259044297,
        "sun_diff": 2.0123606220611236,
        "length": 170.92868739363715
      }
    },
    {
      "geometry": {
        "type": "LineString",
        "coordinates": [
          [
            141.4114382,
            43.1631024
          ],
          [
            141.4129914,
            43.1637471
          ]
        ]
      },
      "type": "Feature",
      "properties": {
        "name": null,
        "type": "residential",
        "slope": 60.357214579171796,
        "sun_diff": 2.4369458613188613,
        "length": 144.98880134779355
      }
    },
    {
      "geometry": {
        "type": "LineString",
        "coordinates": [
          [
            141.4111811,
            43.1634911
          ],
          [
            141.4127442,
            43.1641313
          ]
        ]
      },
      "type": "Feature",
      "properties": {
        "name": null,
        "type": "residential",
        "slope": 60.68493584670054,
        "sun_diff": 2.7646671288476057,
        "length": 145.4410101335151
      }
    },
    {
      "geometry": {
        "type": "LineString",
        "coordinates": [
          [
            141.4109216,
            43.1638836
          ],
          [
            141.4124919,
            43.1645234
          ]
        ]
      },
      "type": "Feature",
      "properties": {
        "name": null,
        "type": "residential",
        "slope": 60.81230414619495,
        "sun_diff": 2.8920354283420124,
        "length": 145.92821331319632
      }
    },
    {
      "geometry": {
        "type": "LineString",
        "coordinates": [
          [
            141.3352079,
            43.0965734
          ],
          [
            141.3338389,
            43.0971286
          ]
        ]
      },
      "type": "Feature",
      "properties": {
        "name": null,
        "type": "tertiary",
        "slope": 119.04781408092688,
        "sun_diff": 2.9736657055126585,
        "length": 127.18849570655986
      }
    },
    {
      "geometry": {
        "type": "LineString",
        "coordinates": [
          [
            141.3324845,
            43.1067513
          ],
          [
            141.3337479,
            43.1061661
          ]
        ]
      },
      "type": "Feature",
      "properties": {
        "name": null,
        "type": "residential",
        "slope": 122.39251108539565,
        "sun_diff": 0.37103129895611175,
        "length": 121.50360290837574
      }
    },
    {
      "geometry": {
        "type": "LineString",
        "coordinates": [
          [
            141.3344545,
            43.0956269
          ],
          [
            141.3329785,
            43.096305
          ]
        ]
      },
      "type": "Feature",
      "properties": {
        "name": null,
        "type": "residential",
        "slope": 122.17650159414589,
        "sun_diff": 0.15502180770634766,
        "length": 141.63589711838335
      }
    },
    {
      "geometry": {
        "type": "LineString",
        "coordinates": [
          [
            141.3297486,
            43.0926795
          ],
          [
            141.3284084,
            43.0933015
          ]
        ]
      },
      "type": "Feature",
      "properties": {
        "name": null,
        "type": "residential",
        "slope": 122.43824684182366,
        "sun_diff": 0.4167670553841134,
        "length": 128.9829578891702
      }
    },
    {
      "geometry": {
        "type": "LineString",
        "coordinates": [
          [
            141.3268997,
            43.0939899
          ],
          [
            141.3258502,
            43.0944637
          ]
        ]
      },
      "type": "Feature",
      "properties": {
        "name": null,
        "type": "residential",
        "slope": 121.72582922453091,
        "sun_diff": 0.29565056190863004,
        "length": 100.2193146166618
      }
    },
    {
      "geometry": {
        "type": "LineString",
        "coordinates": [
          [
            141.3298019,
            43.0902879
          ],
          [
            141.328361,
            43.0909422
          ]
        ]
      },
      "type": "Feature",
      "properties": {
        "name": null,
        "type": "residential",
        "slope": 121.87386545016116,
        "sun_diff": 0.14761433627838016,
        "length": 137.82372423837236
      }
    },
    {
      "geometry": {
        "type": "LineString",
        "coordinates": [
          [
            141.3283279,
            43.0955707
          ],
          [
            141.3271036,
            43.0961268
          ]
        ]
      },
      "type": "Feature",
      "properties": {
        "name": null,
        "type": "residential",
        "slope": 121.88325692445417,
        "sun_diff": 0.13822286198536915,
        "length": 117.1076440572144
      }
    },
    {
      "geometry": {
        "type": "LineString",
        "coordinates": [
          [
            141.330059,
            43.0905871
          ],
          [
            141.3286195,
            43.0912385
          ]
        ]
      },
      "type": "Feature",
      "properties": {
        "name": null,
        "type": "residential",
        "slope": 121.78490381115094,
        "sun_diff": 0.23657597528860208,
        "length": 137.55650413945935
      }
    },
    {
      "geometry": {
        "type": "LineString",
        "coordinates": [
          [
            141.3269058,
            43.0915743
          ],
          [
            141.3255635,
            43.0921892
          ]
        ]
      },
      "type": "Feature",
      "properties": {
        "name": null,
        "type": "residential",
        "slope": 122.10033537257587,
        "sun_diff": 0.07885558613632782,
        "length": 128.70721767617167
      }
    },
    {
      "geometry": {
        "type": "LineString",
        "coordinates": [
          [
            141.3280379,
            43.0952411
          ],
          [
            141.3268667,
            43.0957789
          ]
        ]
      },
      "type": "Feature",
      "properties": {
        "name": null,
        "type": "residential",
        "slope": 122.16333839550731,
        "sun_diff": 0.14185860906776782,
        "length": 112.37214225454197
      }
    },
    {
      "geometry": {
        "type": "LineString",
        "coordinates": [
          [
            141.328634,
            43.0959126
          ],
          [
            141.3274041,
            43.0964762
          ]
        ]
      },
      "type": "Feature",
      "properties": {
        "name": null,
        "type": "residential",
        "slope": 122.11082930829642,
        "sun_diff": 0.0893495218568745,
        "length": 117.93493944917476
      }
    },
    {
      "geometry": {
        "type": "LineString",
        "coordinates": [
          [
            141.3346947,
            43.0959082
          ],
          [
            141.3332137,
            43.0965778
          ]
        ]
      },
      "type": "Feature",
      "properties": {
        "name": null,
        "type": "residential",
        "slope": 121.76495157791697,
        "sun_diff": 0.2565282085225675,
        "length": 141.47933983491836
      }
    },
    {
      "geometry": {
        "type": "LineString",
        "coordinates": [
          [
            141.3332137,
            43.0965778
          ],
          [
            141.3318119,
            43.0972205
          ]
        ]
      },
      "type": "Feature",
      "properties": {
        "name": null,
        "type": "residential",
        "slope": 122.12427536046854,
        "sun_diff": 0.10279557402900252,
        "length": 134.43663763379473
      }
    },
    {
      "geometry": {
        "type": "LineString",
        "coordinates": [
          [
            141.3349204,
            43.0961596
          ],
          [
            141.333426,
            43.0968304
          ]
        ]
      },
      "type": "Feature",
      "properties": {
        "name": null,
        "type": "residential",
        "slope": 121.5802848226304,
        "sun_diff": 0.4411949638091386,
        "length": 142.47526164187897
      }
    },
    {
      "geometry": {
        "type": "LineString",
        "coordinates": [
          [
            141.333426,
            43.0968304
          ],
          [
            141.3320366,
            43.0974734
          ]
        ]
      },
      "type": "Feature",
      "properties": {
        "name": null,
        "type": "residential",
        "slope": 122.36617283043347,
        "sun_diff": 0.34469304399392797,
        "length": 133.60224394098648
      }
    },
    {
      "geometry": {
        "type": "LineString",
        "coordinates": [
          [
            141.332979,
            43.0985997
          ],
          [
            141.3316948,
            43.0991919
          ]
        ]
      },
      "type": "Feature",
      "properties": {
        "name": null,
        "type": "residential",
        "slope": 122.27462988655961,
        "sun_diff": 0.25315010012006667,
        "length": 123.35813883864763
      }
    },
    {
      "geometry": {
        "type": "LineString",
        "coordinates": [
          [
            141.3277411,
            43.0948895
          ],
          [
            141.326525,
            43.0954531
          ]
        ]
      },
      "type": "Feature",
      "properties": {
        "name": null,
        "type": "residential",
        "slope": 122.40219536863557,
        "sun_diff": 0.3807155821960322,
        "length": 116.98846627224434
      }
    },
    {
      "geometry": {
        "type": "LineString",
        "coordinates": [
          [
            141.3288758,
            43.1025716
          ],
          [
            141.3300905,
            43.1020068
          ]
        ]
      },
      "type": "Feature",
      "properties": {
        "name": null,
        "type": "residential",
        "slope": 122.49002692939854,
        "sun_diff": 0.4685471429589967,
        "length": 116.95443826669181
      }
    },
    {
      "geometry": {
        "type": "LineString",
        "coordinates": [
          [
            141.3376122,
            43.106286
          ],
          [
            141.3364606,
            43.1068166
          ]
        ]
      },
      "type": "Feature",
      "properties": {
        "name": null,
        "type": "residential",
        "slope": 122.25580747189224,
        "sun_diff": 0.23432768545269766,
        "length": 110.58404791910242
      }
    },
    {
      "geometry": {
        "type": "LineString",
        "coordinates": [
          [
            141.3351007,
            43.1042787
          ],
          [
            141.3338216,
            43.1048685
          ]
        ]
      },
      "type": "Feature",
      "properties": {
        "name": null,
        "type": "residential",
        "slope": 122.27491575469924,
        "sun_diff": 0.2534359682596943,
        "length": 122.85723494912153
      }
    },
    {
      "geometry": {
        "type": "LineString",
        "coordinates": [
          [
            141.3298222,
            43.1016904
          ],
          [
            141.3286007,
            43.1022631
          ]
        ]
      },
      "type": "Feature",
      "properties": {
        "name": null,
        "type": "residential",
        "slope": 122.70618175997987,
        "sun_diff": 0.6847019735403279,
        "length": 117.89351992828051
      }
    },
    {
      "geometry": {
        "type": "LineString",
        "coordinates": [
          [
            141.3332329,
            43.1041938
          ],
          [
            141.3347585,
            43.1034977
          ]
        ]
      },
      "type": "Feature",
      "properties": {
        "name": null,
        "type": "residential",
        "slope": 122.0027954443415,
        "sun_diff": 0.01868434209804093,
        "length": 146.09909597335525
      }
    },
    {
      "geometry": {
        "type": "LineString",
        "coordinates": [
          [
            141.3291496,
            43.1028889
          ],
          [
            141.3303581,
            43.1023172
          ]
        ]
      },
      "type": "Feature",
      "properties": {
        "name": null,
        "type": "residential",
        "slope": 122.9398404265171,
        "sun_diff": 0.9183606400775517,
        "length": 116.94516592470102
      }
    },
    {
      "geometry": {
        "type": "LineString",
        "coordinates": [
          [
            141.3336028,
            43.1046186
          ],
          [
            141.3348161,
            43.1040528
          ]
        ]
      },
      "type": "Feature",
      "properties": {
        "name": null,
        "type": "residential",
        "slope": 122.56680110820739,
        "sun_diff": 0.5453213217678439,
        "length": 116.91561020936301
      }
    },
    {
      "geometry": {
        "type": "LineString",
        "coordinates": [
          [
            141.333454,
            43.1013467
          ],
          [
            141.3322297,
            43.1019085
          ]
        ]
      },
      "type": "Feature",
      "properties": {
        "name": null,
        "type": "residential",
        "slope": 122.14833619342846,
        "sun_diff": 0.12685640698892087,
        "length": 117.4358090217763
      }
    },
    {
      "geometry": {
        "type": "LineString",
        "coordinates": [
          [
            141.3285986,
            43.1092367
          ],
          [
            141.3271081,
            43.1099922
          ]
        ]
      },
      "type": "Feature",
      "properties": {
        "name": null,
        "type": "residential",
        "slope": 124.77266904517006,
        "sun_diff": 2.75118925873052,
        "length": 147.34574169875273
      }
    },
    {
      "geometry": {
        "type": "LineString",
        "coordinates": [
          [
            141.3237422,
            43.0476727
          ],
          [
            141.325334,
            43.0484385
          ]
        ]
      },
      "type": "Feature",
      "properties": {
        "name": null,
        "type": "residential",
        "slope": 56.641986473606266,
        "sun_diff": 1.3916633844688704,
        "length": 154.9099986725279
      }
    },
    {
      "geometry": {
        "type": "LineString",
        "coordinates": [
          [
            141.29446,
            43.0545716
          ],
          [
            141.2958559,
            43.055223
          ]
        ]
      },
      "type": "Feature",
      "properties": {
        "name": null,
        "type": "residential",
        "slope": 57.436036095954364,
        "sun_diff": 0.5410871165497326,
        "length": 134.61518358441464
      }
    },
    {
      "geometry": {
        "type": "LineString",
        "coordinates": [
          [
            141.2954099,
            43.0555493
          ],
          [
            141.2940369,
            43.0548932
          ]
        ]
      },
      "type": "Feature",
      "properties": {
        "name": null,
        "type": "residential",
        "slope": 56.816361484244396,
        "sun_diff": 1.1607617282597005,
        "length": 133.33525730026378
      }
    },
    {
      "geometry": {
        "type": "LineString",
        "coordinates": [
          [
            141.2999477,
            43.0577639
          ],
          [
            141.3011825,
            43.0572171
          ]
        ]
      },
      "type": "Feature",
      "properties": {
        "name": null,
        "type": "residential",
        "slope": 121.2180051539996,
        "sun_diff": 0.8034746324399435,
        "length": 117.34665159889815
      }
    },
    {
      "geometry": {
        "type": "LineString",
        "coordinates": [
          [
            141.3000625,
            43.0581625
          ],
          [
            141.3014244,
            43.0575502
          ]
        ]
      },
      "type": "Feature",
      "properties": {
        "name": null,
        "type": "residential",
        "slope": 121.60468373533354,
        "sun_diff": 0.4167960511060045,
        "length": 129.95909084870524
      }
    },
    {
      "geometry": {
        "type": "LineString",
        "coordinates": [
          [
            141.30767,
            43.059132
          ],
          [
            141.3062728,
            43.0598461
          ]
        ]
      },
      "type": "Feature",
      "properties": {
        "name": null,
        "type": "unclassified",
        "slope": 124.97332982249537,
        "sun_diff": 2.9518500360558306,
        "length": 138.57330282951818
      }
    },
    {
      "geometry": {
        "type": "LineString",
        "coordinates": [
          [
            141.3062728,
            43.0598461
          ],
          [
            141.3048237,
            43.0605683
          ]
        ]
      },
      "type": "Feature",
      "properties": {
        "name": null,
        "type": "unclassified",
        "slope": 124.29864668541401,
        "sun_diff": 2.277166898974471,
        "length": 142.55470563196232
      }
    },
    {
      "geometry": {
        "type": "LineString",
        "coordinates": [
          [
            141.3052393,
            43.0609278
          ],
          [
            141.3081179,
            43.0594819
          ]
        ]
      },
      "type": "Feature",
      "properties": {
        "name": null,
        "type": "residential",
        "slope": 124.5071462549819,
        "sun_diff": 2.4856664685423624,
        "length": 283.8894383556796
      }
    },
    {
      "geometry": {
        "type": "LineString",
        "coordinates": [
          [
            141.4902115,
            43.0340808
          ],
          [
            141.4891243,
            43.0345793
          ]
        ]
      },
      "type": "Feature",
      "properties": {
        "name": "\u539a\u5225\u6771\u901a",
        "type": "tertiary",
        "slope": 122.09990215707231,
        "sun_diff": 0.134935355825462,
        "length": 104.3442465957767
      }
    },
    {
      "geometry": {
        "type": "LineString",
        "coordinates": [
          [
            141.3244461,
            43.0449274
          ],
          [
            141.3258999,
            43.0455463
          ]
        ]
      },
      "type": "Feature",
      "properties": {
        "name": null,
        "type": "residential",
        "slope": 59.778361293251464,
        "sun_diff": 1.7447114351763275,
        "length": 136.7654843760795
      }
    },
    {
      "geometry": {
        "type": "LineString",
        "coordinates": [
          [
            141.3302716,
            43.0379173
          ],
          [
            141.3315543,
            43.0385523
          ]
        ]
      },
      "type": "Feature",
      "properties": {
        "name": null,
        "type": "unclassified",
        "slope": 55.88943218896321,
        "sun_diff": 2.1442176691119244,
        "length": 125.94906940229785
      }
    },
    {
      "geometry": {
        "type": "LineString",
        "coordinates": [
          [
            141.3316405,
            43.0385951
          ],
          [
            141.3328404,
            43.0391912
          ]
        ]
      },
      "type": "Feature",
      "properties": {
        "name": null,
        "type": "unclassified",
        "slope": 55.79565206185072,
        "sun_diff": 2.2379977962244197,
        "length": 117.94855318467621
      }
    },
    {
      "geometry": {
        "type": "LineString",
        "coordinates": [
          [
            141.333451,
            43.0394925
          ],
          [
            141.3346868,
            43.040106
          ]
        ]
      },
      "type": "Feature",
      "properties": {
        "name": null,
        "type": "unclassified",
        "slope": 55.81412505671631,
        "sun_diff": 2.21952480135883,
        "length": 121.44906656931998
      }
    },
    {
      "geometry": {
        "type": "LineString",
        "coordinates": [
          [
            141.3250238,
            43.0463257
          ],
          [
            141.326143,
            43.0468605
          ]
        ]
      },
      "type": "Feature",
      "properties": {
        "name": null,
        "type": "residential",
        "slope": 56.82075368512375,
        "sun_diff": 1.212896172951389,
        "length": 108.69766868869928
      }
    },
    {
      "geometry": {
        "type": "LineString",
        "coordinates": [
          [
            141.32494,
            43.0458842
          ],
          [
            141.3263148,
            43.0465428
          ]
        ]
      },
      "type": "Feature",
      "properties": {
        "name": null,
        "type": "unclassified",
        "slope": 56.75447562702681,
        "sun_diff": 1.27917423104833,
        "length": 133.62370462918614
      }
    },
    {
      "geometry": {
        "type": "LineString",
        "coordinates": [
          [
            141.067858,
            43.093168
          ],
          [
            141.066422,
            43.093793
          ]
        ]
      },
      "type": "Feature",
      "properties": {
        "name": null,
        "type": "unclassified",
        "slope": 120.79586486045494,
        "sun_diff": 1.2256149259846012,
        "length": 135.7841893667986
      }
    },
    {
      "geometry": {
        "type": "LineString",
        "coordinates": [
          [
            141.022117,
            43.167521
          ],
          [
            141.020053,
            43.168522
          ]
        ]
      },
      "type": "Feature",
      "properties": {
        "name": null,
        "type": "unclassified",
        "slope": 123.622079106494,
        "sun_diff": 1.5437448254032802,
        "length": 201.0821505914044
      }
    },
    {
      "geometry": {
        "type": "LineString",
        "coordinates": [
          [
            141.1652263,
            43.1403818
          ],
          [
            141.1672902,
            43.1412565
          ]
        ]
      },
      "type": "Feature",
      "properties": {
        "name": null,
        "type": "service",
        "slope": 59.85098753324843,
        "sun_diff": 1.8738643207443317,
        "length": 193.71455183033723
      }
    },
    {
      "geometry": {
        "type": "LineString",
        "coordinates": [
          [
            141.1708503,
            43.1340706
          ],
          [
            141.1732254,
            43.1330436
          ]
        ]
      },
      "type": "Feature",
      "properties": {
        "name": "\u30ad\u30e9\u30a4\u30c4\u5206\u7dda",
        "type": "unclassified",
        "slope": 120.64762753220072,
        "sun_diff": 1.3738522542388267,
        "length": 224.09184680669725
      }
    },
    {
      "geometry": {
        "type": "LineString",
        "coordinates": [
          [
            141.0068097,
            43.1883737
          ],
          [
            141.0081625,
            43.1890382
          ]
        ]
      },
      "type": "Feature",
      "properties": {
        "name": null,
        "type": "residential",
        "slope": 56.031362253794896,
        "sun_diff": 1.8889064640580386,
        "length": 132.28447901412392
      }
    },
    {
      "geometry": {
        "type": "LineString",
        "coordinates": [
          [
            141.0363243,
            43.1700361
          ],
          [
            141.0346233,
            43.1692948
          ]
        ]
      },
      "type": "Feature",
      "properties": {
        "name": null,
        "type": "unclassified",
        "slope": 59.14025971109851,
        "sun_diff": 1.219990993245574,
        "length": 160.74900970443437
      }
    },
    {
      "geometry": {
        "type": "LineString",
        "coordinates": [
          [
            141.0564161,
            43.1769908
          ],
          [
            141.0578603,
            43.1763967
          ]
        ]
      },
      "type": "Feature",
      "properties": {
        "name": null,
        "type": "unclassified",
        "slope": 119.42730745276103,
        "sun_diff": 2.651026828329691,
        "length": 134.49797476091246
      }
    },
    {
      "geometry": {
        "type": "LineString",
        "coordinates": [
          [
            141.0276753,
            43.1736959
          ],
          [
            141.0262034,
            43.1729559
          ]
        ]
      },
      "type": "Feature",
      "properties": {
        "name": null,
        "type": "unclassified",
        "slope": 55.41879854923923,
        "sun_diff": 2.5014701686137073,
        "length": 145.02036713355983
      }
    },
    {
      "geometry": {
        "type": "LineString",
        "coordinates": [
          [
            141.0197096,
            43.1868058
          ],
          [
            141.0217557,
            43.1857903
          ]
        ]
      },
      "type": "Feature",
      "properties": {
        "name": null,
        "type": "unclassified",
        "slope": 124.24234329609462,
        "sun_diff": 2.1640090150038986,
        "length": 200.7363876856389
      }
    },
    {
      "geometry": {
        "type": "LineString",
        "coordinates": [
          [
            141.0483531,
            43.1769542
          ],
          [
            141.0496573,
            43.1776118
          ]
        ]
      },
      "type": "Feature",
      "properties": {
        "name": null,
        "type": "tertiary",
        "slope": 55.33877768010987,
        "sun_diff": 2.5814910377430635,
        "length": 128.61271477017368
      }
    },
    {
      "geometry": {
        "type": "LineString",
        "coordinates": [
          [
            141.131546,
            43.141785
          ],
          [
            141.130425,
            43.141272
          ]
        ]
      },
      "type": "Feature",
      "properties": {
        "name": "\u548c\u5b87\u5c3b\u5c71\u30ce\u4e0a\u7dda",
        "type": "unclassified",
        "slope": 57.90529424261848,
        "sun_diff": 0.07182896988561538,
        "length": 107.39422618128198
      }
    },
    {
      "geometry": {
        "type": "LineString",
        "coordinates": [
          [
            141.0073471,
            43.1822318
          ],
          [
            141.0085745,
            43.1828567
          ]
        ]
      },
      "type": "Feature",
      "properties": {
        "name": null,
        "type": "unclassified",
        "slope": 55.07640422554033,
        "sun_diff": 2.843864492312605,
        "length": 121.41441952451987
      }
    },
    {
      "geometry": {
        "type": "LineString",
        "coordinates": [
          [
            141.228328,
            43.1631761
          ],
          [
            141.2272756,
            43.1626987
          ]
        ]
      },
      "type": "Feature",
      "properties": {
        "name": null,
        "type": "path",
        "slope": 58.122114383900936,
        "sun_diff": 0.20184566604800125,
        "length": 100.54895866035889
      }
    },
    {
      "geometry": {
        "type": "LineString",
        "coordinates": [
          [
            141.053855,
            43.1711949
          ],
          [
            141.0517798,
            43.1720789
          ]
        ]
      },
      "type": "Feature",
      "properties": {
        "name": null,
        "type": "unclassified",
        "slope": 120.28906370891784,
        "sun_diff": 1.7892705721728817,
        "length": 194.95430732047808
      }
    },
    {
      "geometry": {
        "type": "LineString",
        "coordinates": [
          [
            141.0319653,
            43.1710213
          ],
          [
            141.0330018,
            43.1705086
          ]
        ]
      },
      "type": "Feature",
      "properties": {
        "name": null,
        "type": "unclassified",
        "slope": 124.14619760115474,
        "sun_diff": 2.0678633200640206,
        "length": 101.59756539448769
      }
    },
    {
      "geometry": {
        "type": "LineString",
        "coordinates": [
          [
            141.0181524,
            43.1874876
          ],
          [
            141.0197096,
            43.1868058
          ]
        ]
      },
      "type": "Feature",
      "properties": {
        "name": null,
        "type": "unclassified",
        "slope": 120.98463355326368,
        "sun_diff": 1.0937007278270414,
        "length": 147.30960711507922
      }
    },
    {
      "geometry": {
        "type": "LineString",
        "coordinates": [
          [
            141.1422033,
            43.1461753
          ],
          [
            141.1437366,
            43.1455291
          ]
        ]
      },
      "type": "Feature",
      "properties": {
        "name": null,
        "type": "unclassified",
        "slope": 120.01166973611402,
        "sun_diff": 2.0098100503255267,
        "length": 143.70217504998368
      }
    },
    {
      "geometry": {
        "type": "LineString",
        "coordinates": [
          [
            141.261121,
            43.177589
          ],
          [
            141.259107,
            43.176579
          ]
        ]
      },
      "type": "Feature",
      "properties": {
        "name": null,
        "type": "path",
        "slope": 55.48447234947449,
        "sun_diff": 2.4357963683784476,
        "length": 198.2626894661864
      }
    },
    {
      "geometry": {
        "type": "LineString",
        "coordinates": [
          [
            141.259107,
            43.176579
          ],
          [
            141.2555626,
            43.1748241
          ]
        ]
      },
      "type": "Feature",
      "properties": {
        "name": null,
        "type": "path",
        "slope": 55.82644371846956,
        "sun_diff": 2.093824999383372,
        "length": 347.50713913637
      }
    },
    {
      "geometry": {
        "type": "LineString",
        "coordinates": [
          [
            141.0445819,
            43.1773214
          ],
          [
            141.0435142,
            43.1768361
          ]
        ]
      },
      "type": "Feature",
      "properties": {
        "name": null,
        "type": "unclassified",
        "slope": 58.065288999803045,
        "sun_diff": 0.14502028195011007,
        "length": 102.05014092854753
      }
    },
    {
      "geometry": {
        "type": "LineString",
        "coordinates": [
          [
            141.0198163,
            43.1843663
          ],
          [
            141.0184716,
            43.1850293
          ]
        ]
      },
      "type": "Feature",
      "properties": {
        "name": "\u7bc9\u6e2f\u6d77\u5cb8\u901a",
        "type": "tertiary",
        "slope": 124.06640988951267,
        "sun_diff": 1.9880756084219513,
        "length": 131.65259518222666
      }
    },
    {
      "geometry": {
        "type": "LineString",
        "coordinates": [
          [
            141.239666,
            43.161622
          ],
          [
            141.2384684,
            43.1622219
          ]
        ]
      },
      "type": "Feature",
      "properties": {
        "name": null,
        "type": "unclassified",
        "slope": 124.47876918005892,
        "sun_diff": 2.4004348989682,
        "length": 117.87122931814717
      }
    },
    {
      "geometry": {
        "type": "LineString",
        "coordinates": [
          [
            141.2384078,
            43.1622484
          ],
          [
            141.233691,
            43.164305
          ]
        ]
      },
      "type": "Feature",
      "properties": {
        "name": null,
        "type": "unclassified",
        "slope": 120.87003535585382,
        "sun_diff": 1.2082989252369032,
        "length": 445.8419157853261
      }
    },
    {
      "geometry": {
        "type": "LineString",
        "coordinates": [
          [
            141.0481036,
            43.1632102
          ],
          [
            141.0491575,
            43.1627064
          ]
        ]
      },
      "type": "Feature",
      "properties": {
        "name": null,
        "type": "unclassified",
        "slope": 123.23951514853098,
        "sun_diff": 1.1611808674402653,
        "length": 102.23192895603569
      }
    },
    {
      "geometry": {
        "type": "LineString",
        "coordinates": [
          [
            141.218504,
            43.158469
          ],
          [
            141.2148785,
            43.156775
          ]
        ]
      },
      "type": "Feature",
      "properties": {
        "name": null,
        "type": "residential",
        "slope": 57.35983397891573,
        "sun_diff": 0.5604347389372037,
        "length": 349.3419118288693
      }
    },
    {
      "geometry": {
        "type": "LineString",
        "coordinates": [
          [
            141.233691,
            43.164305
          ],
          [
            141.2316215,
            43.1652558
          ]
        ]
      },
      "type": "Feature",
      "properties": {
        "name": null,
        "type": "unclassified",
        "slope": 122.20659612851904,
        "sun_diff": 0.1282618474283197,
        "length": 198.42989754788238
      }
    },
    {
      "geometry": {
        "type": "LineString",
        "coordinates": [
          [
            141.0259105,
            43.1818392
          ],
          [
            141.0241498,
            43.1826644
          ]
        ]
      },
      "type": "Feature",
      "properties": {
        "name": "\u7bc9\u6e2f\u6d77\u5cb8\u901a",
        "type": "tertiary",
        "slope": 122.73085682586267,
        "sun_diff": 0.6525225447719549,
        "length": 169.75848139616193
      }
    },
    {
      "geometry": {
        "type": "LineString",
        "coordinates": [
          [
            141.377317,
            42.9881257
          ],
          [
            141.3784231,
            42.9875623
          ]
        ]
      },
      "type": "Feature",
      "properties": {
        "name": null,
        "type": "residential",
        "slope": 124.85015639751572,
        "sun_diff": 2.885189596268873,
        "length": 109.66602339594743
      }
    },
    {
      "geometry": {
        "type": "LineString",
        "coordinates": [
          [
            141.3819092,
            43.0285226
          ],
          [
            141.3830039,
            43.0280018
          ]
        ]
      },
      "type": "Feature",
      "properties": {
        "name": null,
        "type": "residential",
        "slope": 123.0560103664196,
        "sun_diff": 1.091043565172754,
        "length": 106.20113302373105
      }
    },
    {
      "geometry": {
        "type": "LineString",
        "coordinates": [
          [
            141.3776026,
            43.0239661
          ],
          [
            141.3765121,
            43.0244376
          ]
        ]
      },
      "type": "Feature",
      "properties": {
        "name": null,
        "type": "tertiary",
        "slope": 120.60122900263164,
        "sun_diff": 1.3637377986152046,
        "length": 103.02327441849482
      }
    },
    {
      "geometry": {
        "type": "LineString",
        "coordinates": [
          [
            141.3758374,
            43.0036811
          ],
          [
            141.3770573,
            43.0031679
          ]
        ]
      },
      "type": "Feature",
      "properties": {
        "name": null,
        "type": "residential",
        "slope": 119.909706457558,
        "sun_diff": 2.0552603436888432,
        "length": 114.4785621411995
      }
    },
    {
      "geometry": {
        "type": "LineString",
        "coordinates": [
          [
            141.3512251,
            43.1240053
          ],
          [
            141.3525247,
            43.1234342
          ]
        ]
      },
      "type": "Feature",
      "properties": {
        "name": null,
        "type": "residential",
        "slope": 121.05102248195158,
        "sun_diff": 0.9704573044879652,
        "length": 123.15431168584522
      }
    },
    {
      "geometry": {
        "type": "LineString",
        "coordinates": [
          [
            141.351435,
            43.1244016
          ],
          [
            141.3528361,
            43.1237681
          ]
        ]
      },
      "type": "Feature",
      "properties": {
        "name": null,
        "type": "residential",
        "slope": 121.77735510795105,
        "sun_diff": 0.24412467848848962,
        "length": 133.80398647664816
      }
    },
    {
      "geometry": {
        "type": "LineString",
        "coordinates": [
          [
            141.3855643,
            43.0885576
          ],
          [
            141.3869099,
            43.0879547
          ]
        ]
      },
      "type": "Feature",
      "properties": {
        "name": null,
        "type": "residential",
        "slope": 121.5296994319699,
        "sun_diff": 0.49178035446963975,
        "length": 128.23682890136166
      }
    },
    {
      "geometry": {
        "type": "LineString",
        "coordinates": [
          [
            141.3836509,
            43.0883971
          ],
          [
            141.3848617,
            43.0878443
          ]
        ]
      },
      "type": "Feature",
      "properties": {
        "name": null,
        "type": "residential",
        "slope": 122.01190644554029,
        "sun_diff": 0.009573340899251548,
        "length": 115.99354136463106
      }
    },
    {
      "geometry": {
        "type": "LineString",
        "coordinates": [
          [
            141.381989,
            43.0886521
          ],
          [
            141.3832019,
            43.0880942
          ]
        ]
      },
      "type": "Feature",
      "properties": {
        "name": null,
        "type": "residential",
        "slope": 122.20420421610618,
        "sun_diff": 0.18272442966663505,
        "length": 116.43920867310017
      }
    },
    {
      "geometry": {
        "type": "LineString",
        "coordinates": [
          [
            141.3832019,
            43.0880942
          ],
          [
            141.3845082,
            43.0874988
          ]
        ]
      },
      "type": "Feature",
      "properties": {
        "name": null,
        "type": "residential",
        "slope": 121.96850473139011,
        "sun_diff": 0.0529750550494299,
        "length": 125.08383016993537
      }
    },
    {
      "geometry": {
        "type": "LineString",
        "coordinates": [
          [
            141.3845082,
            43.0874988
          ],
          [
            141.3858192,
            43.0869199
          ]
        ]
      },
      "type": "Feature",
      "properties": {
        "name": null,
        "type": "residential",
        "slope": 121.15835916477698,
        "sun_diff": 0.86312062166256,
        "length": 124.44931975791393
      }
    },
    {
      "geometry": {
        "type": "LineString",
        "coordinates": [
          [
            141.3865307,
            43.0895098
          ],
          [
            141.3878814,
            43.0889192
          ]
        ]
      },
      "type": "Feature",
      "properties": {
        "name": null,
        "type": "residential",
        "slope": 120.91054508581365,
        "sun_diff": 1.11093470062589,
        "length": 127.88050004279398
      }
    },
    {
      "geometry": {
        "type": "LineString",
        "coordinates": [
          [
            141.3841042,
            43.0886923
          ],
          [
            141.3852122,
            43.0882018
          ]
        ]
      },
      "type": "Feature",
      "properties": {
        "name": null,
        "type": "residential",
        "slope": 121.2230890554415,
        "sun_diff": 0.7983907309980367,
        "length": 105.24895060462126
      }
    },
    {
      "geometry": {
        "type": "LineString",
        "coordinates": [
          [
            141.3852122,
            43.0882018
          ],
          [
            141.3865376,
            43.0876014
          ]
        ]
      },
      "type": "Feature",
      "properties": {
        "name": null,
        "type": "residential",
        "slope": 121.81041821013577,
        "sun_diff": 0.2110615763037771,
        "length": 126.69483484792589
      }
    },
    {
      "geometry": {
        "type": "LineString",
        "coordinates": [
          [
            141.3858769,
            43.0888513
          ],
          [
            141.3872365,
            43.0882789
          ]
        ]
      },
      "type": "Feature",
      "properties": {
        "name": null,
        "type": "residential",
        "slope": 119.96268649575015,
        "sun_diff": 2.058793290689394,
        "length": 127.47928849863115
      }
    },
    {
      "geometry": {
        "type": "LineString",
        "coordinates": [
          [
            141.3862136,
            43.0891911
          ],
          [
            141.3875486,
            43.0885888
          ]
        ]
      },
      "type": "Feature",
      "properties": {
        "name": null,
        "type": "residential",
        "slope": 121.70679173106834,
        "sun_diff": 0.3146880553712066,
        "length": 127.46764726973379
      }
    },
    {
      "geometry": {
        "type": "LineString",
        "coordinates": [
          [
            141.3842367,
            43.0899835
          ],
          [
            141.3853126,
            43.0894692
          ]
        ]
      },
      "type": "Feature",
      "properties": {
        "name": null,
        "type": "residential",
        "slope": 123.20721907039947,
        "sun_diff": 1.1857392839599328,
        "length": 104.45245541564204
      }
    },
    {
      "geometry": {
        "type": "LineString",
        "coordinates": [
          [
            141.3479639,
            43.0179862
          ],
          [
            141.3466615,
            43.0174067
          ]
        ]
      },
      "type": "Feature",
      "properties": {
        "name": null,
        "type": "unclassified",
        "slope": 58.67690476926089,
        "sun_diff": 0.6432549111857497,
        "length": 123.98921532412305
      }
    },
    {
      "geometry": {
        "type": "LineString",
        "coordinates": [
          [
            141.4011925,
            43.0474344
          ],
          [
            141.4000717,
            43.0480025
          ]
        ]
      },
      "type": "Feature",
      "properties": {
        "name": null,
        "type": "unclassified",
        "slope": 124.74515843939236,
        "sun_diff": 2.78019163814551,
        "length": 110.87354905626059
      }
    },
    {
      "geometry": {
        "type": "LineString",
        "coordinates": [
          [
            141.4241936,
            43.0517973
          ],
          [
            141.4254949,
            43.0512611
          ]
        ]
      },
      "type": "Feature",
      "properties": {
        "name": null,
        "type": "unclassified",
        "slope": 119.41766218132386,
        "sun_diff": 2.6038176051156796,
        "length": 121.42630917493203
      }
    },
    {
      "geometry": {
        "type": "LineString",
        "coordinates": [
          [
            141.4254949,
            43.0512611
          ],
          [
            141.4267336,
            43.0507485
          ]
        ]
      },
      "type": "Feature",
      "properties": {
        "name": null,
        "type": "unclassified",
        "slope": 119.52273425787371,
        "sun_diff": 2.498745528565834,
        "length": 115.70583257404425
      }
    },
    {
      "geometry": {
        "type": "LineString",
        "coordinates": [
          [
            141.3951373,
            43.0177885
          ],
          [
            141.3963112,
            43.0172023
          ]
        ]
      },
      "type": "Feature",
      "properties": {
        "name": null,
        "type": "residential",
        "slope": 124.33234933682726,
        "sun_diff": 2.3673825355804183,
        "length": 115.60921522991676
      }
    },
    {
      "geometry": {
        "type": "LineString",
        "coordinates": [
          [
            141.3907353,
            43.0996636
          ],
          [
            141.3918605,
            43.0992041
          ]
        ]
      },
      "type": "Feature",
      "properties": {
        "name": null,
        "type": "residential",
        "slope": 119.21749459291598,
        "sun_diff": 2.803985193523559,
        "length": 104.70645730895914
      }
    },
    {
      "geometry": {
        "type": "LineString",
        "coordinates": [
          [
            141.3929419,
            43.0987534
          ],
          [
            141.394514,
            43.098109
          ]
        ]
      },
      "type": "Feature",
      "properties": {
        "name": null,
        "type": "residential",
        "slope": 119.30817330284935,
        "sun_diff": 2.7133064835901877,
        "length": 146.4253625554186
      }
    },
    {
      "geometry": {
        "type": "LineString",
        "coordinates": [
          [
            141.3955139,
            43.0754946
          ],
          [
            141.3968048,
            43.0749472
          ]
        ]
      },
      "type": "Feature",
      "properties": {
        "name": null,
        "type": "residential",
        "slope": 120.13590703002174,
        "sun_diff": 1.885572756417801,
        "length": 121.2760973004815
      }
    },
    {
      "geometry": {
        "type": "LineString",
        "coordinates": [
          [
            141.3913716,
            43.0985456
          ],
          [
            141.3924686,
            43.0980863
          ]
        ]
      },
      "type": "Feature",
      "properties": {
        "name": null,
        "type": "unclassified",
        "slope": 119.82991173106356,
        "sun_diff": 2.1915680553759813,
        "length": 102.7039680092323
      }
    },
    {
      "geometry": {
        "type": "LineString",
        "coordinates": [
          [
            141.3924686,
            43.0980863
          ],
          [
            141.3940126,
            43.0974599
          ]
        ]
      },
      "type": "Feature",
      "properties": {
        "name": null,
        "type": "unclassified",
        "slope": 119.05681924821715,
        "sun_diff": 2.9646605382223896,
        "length": 143.4577597014137
      }
    },
    {
      "geometry": {
        "type": "LineString",
        "coordinates": [
          [
            141.3918672,
            43.0978992
          ],
          [
            141.39069,
            43.0984024
          ]
        ]
      },
      "type": "Feature",
      "properties": {
        "name": null,
        "type": "unclassified",
        "slope": 120.34510505820796,
        "sun_diff": 1.676374728231579,
        "length": 110.78826235513962
      }
    },
    {
      "geometry": {
        "type": "LineString",
        "coordinates": [
          [
            141.3887661,
            43.098654
          ],
          [
            141.3902903,
            43.0980362
          ]
        ]
      },
      "type": "Feature",
      "properties": {
        "name": null,
        "type": "residential",
        "slope": 119.03473312964528,
        "sun_diff": 2.986746656794267,
        "length": 141.58644226307982
      }
    },
    {
      "geometry": {
        "type": "LineString",
        "coordinates": [
          [
            141.3903707,
            43.0981278
          ],
          [
            141.3916427,
            43.0976039
          ]
        ]
      },
      "type": "Feature",
      "properties": {
        "name": null,
        "type": "residential",
        "slope": 119.42558359817895,
        "sun_diff": 2.595896188260596,
        "length": 118.61181420604998
      }
    },
    {
      "geometry": {
        "type": "LineString",
        "coordinates": [
          [
            141.3982325,
            43.0997908
          ],
          [
            141.3994002,
            43.0993101
          ]
        ]
      },
      "type": "Feature",
      "properties": {
        "name": null,
        "type": "residential",
        "slope": 119.41393612608749,
        "sun_diff": 2.60754366035205,
        "length": 108.87053193331742
      }
    },
    {
      "geometry": {
        "type": "LineString",
        "coordinates": [
          [
            141.3997737,
            43.1012154
          ],
          [
            141.4011681,
            43.1006447
          ]
        ]
      },
      "type": "Feature",
      "properties": {
        "name": null,
        "type": "residential",
        "slope": 119.27232199778868,
        "sun_diff": 2.7491577886508622,
        "length": 129.82349276367202
      }
    },
    {
      "geometry": {
        "type": "LineString",
        "coordinates": [
          [
            141.4014656,
            43.1018064
          ],
          [
            141.4027623,
            43.1012768
          ]
        ]
      },
      "type": "Feature",
      "properties": {
        "name": null,
        "type": "residential",
        "slope": 119.22128155224354,
        "sun_diff": 2.800198234196003,
        "length": 120.66586121850189
      }
    },
    {
      "geometry": {
        "type": "LineString",
        "coordinates": [
          [
            141.4003288,
            43.1014139
          ],
          [
            141.4014014,
            43.1009665
          ]
        ]
      },
      "type": "Feature",
      "properties": {
        "name": null,
        "type": "residential",
        "slope": 119.73827232475543,
        "sun_diff": 2.283207461684114,
        "length": 100.32298247493654
      }
    },
    {
      "geometry": {
        "type": "LineString",
        "coordinates": [
          [
            141.4037209,
            43.0977946
          ],
          [
            141.4048781,
            43.0973174
          ]
        ]
      },
      "type": "Feature",
      "properties": {
        "name": null,
        "type": "unclassified",
        "slope": 119.45543966292783,
        "sun_diff": 2.566040123511712,
        "length": 107.93918832128053
      }
    },
    {
      "geometry": {
        "type": "LineString",
        "coordinates": [
          [
            141.399705,
            43.0986457
          ],
          [
            141.4009604,
            43.0981279
          ]
        ]
      },
      "type": "Feature",
      "properties": {
        "name": null,
        "type": "residential",
        "slope": 119.46073077437029,
        "sun_diff": 2.5607490120692518,
        "length": 117.10343699646373
      }
    },
    {
      "geometry": {
        "type": "LineString",
        "coordinates": [
          [
            141.399921,
            43.0989433
          ],
          [
            141.4011886,
            43.0984113
          ]
        ]
      },
      "type": "Feature",
      "properties": {
        "name": null,
        "type": "residential",
        "slope": 119.88926222903453,
        "sun_diff": 2.1322175574050135,
        "length": 118.74589157724313
      }
    },
    {
      "geometry": {
        "type": "LineString",
        "coordinates": [
          [
            141.4040211,
            43.0981683
          ],
          [
            141.4051635,
            43.0976938
          ]
        ]
      },
      "type": "Feature",
      "properties": {
        "name": null,
        "type": "residential",
        "slope": 119.63250517949425,
        "sun_diff": 2.388974606945297,
        "length": 106.74485783176836
      }
    },
    {
      "geometry": {
        "type": "LineString",
        "coordinates": [
          [
            141.402973,
            43.0958043
          ],
          [
            141.4040716,
            43.0953507
          ]
        ]
      },
      "type": "Feature",
      "properties": {
        "name": null,
        "type": "residential",
        "slope": 119.48524678676165,
        "sun_diff": 2.5362329996778925,
        "length": 102.50664115384717
      }
    },
    {
      "geometry": {
        "type": "LineString",
        "coordinates": [
          [
            141.402692,
            43.097438
          ],
          [
            141.4043931,
            43.096747
          ]
        ]
      },
      "type": "Feature",
      "properties": {
        "name": null,
        "type": "residential",
        "slope": 119.08700137713797,
        "sun_diff": 2.934478409301576,
        "length": 158.10247324960494
      }
    },
    {
      "geometry": {
        "type": "LineString",
        "coordinates": [
          [
            141.4029207,
            43.0977364
          ],
          [
            141.4046206,
            43.0970462
          ]
        ]
      },
      "type": "Feature",
      "properties": {
        "name": null,
        "type": "residential",
        "slope": 119.07610159482837,
        "sun_diff": 2.9453781916111694,
        "length": 157.97345717137594
      }
    },
    {
      "geometry": {
        "type": "LineString",
        "coordinates": [
          [
            141.3954784,
            43.1155885
          ],
          [
            141.3969906,
            43.1149369
          ]
        ]
      },
      "type": "Feature",
      "properties": {
        "name": null,
        "type": "residential",
        "slope": 120.55252441428445,
        "sun_diff": 1.4689553721550936,
        "length": 142.5793375762172
      }
    },
    {
      "geometry": {
        "type": "LineString",
        "coordinates": [
          [
            141.3956684,
            43.1158611
          ],
          [
            141.3971825,
            43.1152216
          ]
        ]
      },
      "type": "Feature",
      "properties": {
        "name": null,
        "type": "residential",
        "slope": 120.05345488883731,
        "sun_diff": 1.968024897602234,
        "length": 142.03294482201693
      }
    },
    {
      "geometry": {
        "type": "LineString",
        "coordinates": [
          [
            141.4021777,
            43.1270386
          ],
          [
            141.4034084,
            43.1276638
          ]
        ]
      },
      "type": "Feature",
      "properties": {
        "name": null,
        "type": "tertiary",
        "slope": 55.15995186552959,
        "sun_diff": 2.8171713469745043,
        "length": 121.72705463044969
      }
    },
    {
      "geometry": {
        "type": "LineString",
        "coordinates": [
          [
            141.4007097,
            43.1235967
          ],
          [
            141.4018205,
            43.1241647
          ]
        ]
      },
      "type": "Feature",
      "properties": {
        "name": null,
        "type": "residential",
        "slope": 54.98526040606504,
        "sun_diff": 2.991862806439059,
        "length": 110.10832543399711
      }
    },
    {
      "geometry": {
        "type": "LineString",
        "coordinates": [
          [
            141.402796,
            43.1246462
          ],
          [
            141.4038167,
            43.1251634
          ]
        ]
      },
      "type": "Feature",
      "properties": {
        "name": null,
        "type": "residential",
        "slope": 55.22945761430455,
        "sun_diff": 2.7476655981995464,
        "length": 100.87517123371356
      }
    },
    {
      "geometry": {
        "type": "LineString",
        "coordinates": [
          [
            141.4010022,
            43.1232929
          ],
          [
            141.4021227,
            43.1238533
          ]
        ]
      },
      "type": "Feature",
      "properties": {
        "name": null,
        "type": "residential",
        "slope": 55.5799023273041,
        "sun_diff": 2.3972208851999994,
        "length": 110.27454701754318
      }
    },
    {
      "geometry": {
        "type": "LineString",
        "coordinates": [
          [
            141.4030831,
            43.1243255
          ],
          [
            141.4041484,
            43.1248606
          ]
        ]
      },
      "type": "Feature",
      "properties": {
        "name": null,
        "type": "residential",
        "slope": 55.46391995281479,
        "sun_diff": 2.5132032596893055,
        "length": 104.98611101409838
      }
    },
    {
      "geometry": {
        "type": "LineString",
        "coordinates": [
          [
            141.4041484,
            43.1248606
          ],
          [
            141.4053815,
            43.12549
          ]
        ]
      },
      "type": "Feature",
      "properties": {
        "name": null,
        "type": "residential",
        "slope": 55.0332700965192,
        "sun_diff": 2.9438531159848935,
        "length": 122.15706818285913
      }
    },
    {
      "geometry": {
        "type": "LineString",
        "coordinates": [
          [
            141.4030283,
            43.1260909
          ],
          [
            141.4042637,
            43.1267214
          ]
        ]
      },
      "type": "Feature",
      "properties": {
        "name": null,
        "type": "residential",
        "slope": 55.03588503499955,
        "sun_diff": 2.9412381775045446,
        "length": 122.37854899888744
      }
    },
    {
      "geometry": {
        "type": "LineString",
        "coordinates": [
          [
            141.4024492,
            43.1248965
          ],
          [
            141.4035895,
            43.1254696
          ]
        ]
      },
      "type": "Feature",
      "properties": {
        "name": null,
        "type": "residential",
        "slope": 55.44835599582592,
        "sun_diff": 2.528767216678176,
        "length": 112.39733831610243
      }
    },
    {
      "geometry": {
        "type": "LineString",
        "coordinates": [
          [
            141.4063815,
            43.1236278
          ],
          [
            141.4074956,
            43.1241865
          ]
        ]
      },
      "type": "Feature",
      "properties": {
        "name": null,
        "type": "residential",
        "slope": 55.50785608724249,
        "sun_diff": 2.4692671252616094,
        "length": 109.73873091881697
      }
    },
    {
      "geometry": {
        "type": "LineString",
        "coordinates": [
          [
            141.4078856,
            43.1243836
          ],
          [
            141.408907,
            43.1248886
          ]
        ]
      },
      "type": "Feature",
      "properties": {
        "name": null,
        "type": "residential",
        "slope": 55.88582436725807,
        "sun_diff": 2.0912988452460297,
        "length": 100.1548377486744
      }
    },
    {
      "geometry": {
        "type": "LineString",
        "coordinates": [
          [
            141.408907,
            43.1248886
          ],
          [
            141.4099977,
            43.1254114
          ]
        ]
      },
      "type": "Feature",
      "properties": {
        "name": null,
        "type": "residential",
        "slope": 56.705630030332685,
        "sun_diff": 1.2714931821714117,
        "length": 105.9333582311737
      }
    },
    {
      "geometry": {
        "type": "LineString",
        "coordinates": [
          [
            141.4027356,
            43.126417
          ],
          [
            141.403964,
            43.1270428
          ]
        ]
      },
      "type": "Feature",
      "properties": {
        "name": null,
        "type": "residential",
        "slope": 55.08416380375368,
        "sun_diff": 2.8929594087504142,
        "length": 121.6128738079951
      }
    },
    {
      "geometry": {
        "type": "LineString",
        "coordinates": [
          [
            141.4033792,
            43.1240457
          ],
          [
            141.4044456,
            43.1245657
          ]
        ]
      },
      "type": "Feature",
      "properties": {
        "name": null,
        "type": "residential",
        "slope": 56.253318207309974,
        "sun_diff": 1.723805005194123,
        "length": 104.11770379965512
      }
    },
    {
      "geometry": {
        "type": "LineString",
        "coordinates": [
          [
            141.4005875,
            43.1267043
          ],
          [
            141.4018924,
            43.1273614
          ]
        ]
      },
      "type": "Feature",
      "properties": {
        "name": null,
        "type": "residential",
        "slope": 55.39556250783477,
        "sun_diff": 2.5815607046693287,
        "length": 128.69946268860636
      }
    },
    {
      "geometry": {
        "type": "LineString",
        "coordinates": [
          [
            141.4012046,
            43.1260809
          ],
          [
            141.4024649,
            43.1267186
          ]
        ]
      },
      "type": "Feature",
      "properties": {
        "name": null,
        "type": "residential",
        "slope": 55.266955651131525,
        "sun_diff": 2.7101675613725718,
        "length": 124.49507311679235
      }
    },
    {
      "geometry": {
        "type": "LineString",
        "coordinates": [
          [
            141.4024649,
            43.1267186
          ],
          [
            141.4036994,
            43.1273461
          ]
        ]
      },
      "type": "Feature",
      "properties": {
        "name": null,
        "type": "residential",
        "slope": 55.14426208629851,
        "sun_diff": 2.832861126205586,
        "length": 122.12682637292006
      }
    },
    {
      "geometry": {
        "type": "LineString",
        "coordinates": [
          [
            141.4060946,
            43.1239183
          ],
          [
            141.4072197,
            43.1244897
          ]
        ]
      },
      "type": "Feature",
      "properties": {
        "name": null,
        "type": "residential",
        "slope": 55.16862354889767,
        "sun_diff": 2.808499663606426,
        "length": 111.2763058818156
      }
    },
    {
      "geometry": {
        "type": "LineString",
        "coordinates": [
          [
            141.4098703,
            43.0762298
          ],
          [
            141.4114219,
            43.0769171
          ]
        ]
      },
      "type": "Feature",
      "properties": {
        "name": null,
        "type": "residential",
        "slope": 58.765954544238866,
        "sun_diff": 0.7888313317347695,
        "length": 147.4318055957591
      }
    },
    {
      "geometry": {
        "type": "LineString",
        "coordinates": [
          [
            141.4096181,
            43.0766206
          ],
          [
            141.4110885,
            43.0772911
          ]
        ]
      },
      "type": "Feature",
      "properties": {
        "name": null,
        "type": "residential",
        "slope": 58.0240862760285,
        "sun_diff": 0.046963063524401605,
        "length": 140.83298399568883
      }
    },
    {
      "geometry": {
        "type": "LineString",
        "coordinates": [
          [
            141.417473,
            43.0786037
          ],
          [
            141.4190327,
            43.077929
          ]
        ]
      },
      "type": "Feature",
      "properties": {
        "name": null,
        "type": "residential",
        "slope": 120.63548374353076,
        "sun_diff": 1.3859960429087863,
        "length": 147.27283228595752
      }
    },
    {
      "geometry": {
        "type": "LineString",
        "coordinates": [
          [
            141.4183503,
            43.0795398
          ],
          [
            141.4196121,
            43.0789703
          ]
        ]
      },
      "type": "Feature",
      "properties": {
        "name": null,
        "type": "residential",
        "slope": 121.71289280145356,
        "sun_diff": 0.30858698498597903,
        "length": 120.5052786266411
      }
    },
    {
      "geometry": {
        "type": "LineString",
        "coordinates": [
          [
            141.4178961,
            43.0791061
          ],
          [
            141.4196604,
            43.0783298
          ]
        ]
      },
      "type": "Feature",
      "properties": {
        "name": null,
        "type": "residential",
        "slope": 121.06470989638802,
        "sun_diff": 0.9567698900515182,
        "length": 167.33787275127477
      }
    },
    {
      "geometry": {
        "type": "LineString",
        "coordinates": [
          [
            141.3994285,
            43.0665896
          ],
          [
            141.4006036,
            43.0670714
          ]
        ]
      },
      "type": "Feature",
      "properties": {
        "name": null,
        "type": "residential",
        "slope": 60.697649945873366,
        "sun_diff": 2.720526733369269,
        "length": 109.49877137747116
      }
    },
    {
      "geometry": {
        "type": "LineString",
        "coordinates": [
          [
            141.4006036,
            43.0670714
          ],
          [
            141.4017735,
            43.0676078
          ]
        ]
      },
      "type": "Feature",
      "properties": {
        "name": null,
        "type": "residential",
        "slope": 57.887138773843986,
        "sun_diff": 0.0899844386601103,
        "length": 112.23689961233684
      }
    },
    {
      "geometry": {
        "type": "LineString",
        "coordinates": [
          [
            141.3945219,
            43.059107
          ],
          [
            141.3955503,
            43.0585842
          ]
        ]
      },
      "type": "Feature",
      "properties": {
        "name": null,
        "type": "residential",
        "slope": 124.82872072027425,
        "sun_diff": 2.8072409338347057,
        "length": 101.81795250619012
      }
    },
    {
      "geometry": {
        "type": "LineString",
        "coordinates": [
          [
            141.3981033,
            43.0535954
          ],
          [
            141.3991927,
            43.0530449
          ]
        ]
      },
      "type": "Feature",
      "properties": {
        "name": null,
        "type": "residential",
        "slope": 124.66543767411707,
        "sun_diff": 2.64395788767753,
        "length": 107.65403591396354
      }
    },
    {
      "geometry": {
        "type": "LineString",
        "coordinates": [
          [
            141.4004267,
            43.0519785
          ],
          [
            141.4015801,
            43.0514061
          ]
        ]
      },
      "type": "Feature",
      "properties": {
        "name": null,
        "type": "residential",
        "slope": 124.18178518649262,
        "sun_diff": 2.160305400053076,
        "length": 113.32402967472844
      }
    },
    {
      "geometry": {
        "type": "LineString",
        "coordinates": [
          [
            141.4031667,
            43.0596572
          ],
          [
            141.4043287,
            43.0590754
          ]
        ]
      },
      "type": "Feature",
      "properties": {
        "name": null,
        "type": "unclassified",
        "slope": 124.42145001234036,
        "sun_diff": 2.399970225900816,
        "length": 114.48093247805008
      }
    },
    {
      "geometry": {
        "type": "LineString",
        "coordinates": [
          [
            141.3997359,
            43.0476495
          ],
          [
            141.4008384,
            43.0471239
          ]
        ]
      },
      "type": "Feature",
      "properties": {
        "name": null,
        "type": "residential",
        "slope": 123.11853994147731,
        "sun_diff": 1.1535731402304634,
        "length": 107.00057327490883
      }
    },
    {
      "geometry": {
        "type": "LineString",
        "coordinates": [
          [
            141.3979459,
            43.0472785
          ],
          [
            141.3990034,
            43.0467664
          ]
        ]
      },
      "type": "Feature",
      "properties": {
        "name": null,
        "type": "residential",
        "slope": 123.53005478193481,
        "sun_diff": 1.565087980687963,
        "length": 103.1196228073786
      }
    },
    {
      "geometry": {
        "type": "LineString",
        "coordinates": [
          [
            141.4077319,
            43.0450713
          ],
          [
            141.4090129,
            43.0444274
          ]
        ]
      },
      "type": "Feature",
      "properties": {
        "name": null,
        "type": "residential",
        "slope": 124.51981951098168,
        "sun_diff": 2.5548527097348313,
        "length": 126.38386511887818
      }
    },
    {
      "geometry": {
        "type": "LineString",
        "coordinates": [
          [
            141.4072631,
            43.0446108
          ],
          [
            141.4085261,
            43.0439845
          ]
        ]
      },
      "type": "Feature",
      "properties": {
        "name": null,
        "type": "residential",
        "slope": 124.1576818351389,
        "sun_diff": 2.192715033892057,
        "length": 124.07200647963812
      }
    },
    {
      "geometry": {
        "type": "LineString",
        "coordinates": [
          [
            141.409167,
            43.0419283
          ],
          [
            141.4105161,
            43.0412603
          ]
        ]
      },
      "type": "Feature",
      "properties": {
        "name": null,
        "type": "residential",
        "slope": 124.11686870915116,
        "sun_diff": 2.1519019079043176,
        "length": 132.4719820721619
      }
    },
    {
      "geometry": {
        "type": "LineString",
        "coordinates": [
          [
            141.4105161,
            43.0412603
          ],
          [
            141.4116763,
            43.040708
          ]
        ]
      },
      "type": "Feature",
      "properties": {
        "name": null,
        "type": "residential",
        "slope": 123.07750033018749,
        "sun_diff": 1.112533528940645,
        "length": 112.55970543313525
      }
    },
    {
      "geometry": {
        "type": "LineString",
        "coordinates": [
          [
            141.4095861,
            43.0423149
          ],
          [
            141.4108657,
            43.0416804
          ]
        ]
      },
      "type": "Feature",
      "properties": {
        "name": null,
        "type": "residential",
        "slope": 124.15535405124655,
        "sun_diff": 2.190387249999702,
        "length": 125.7039734496378
      }
    },
    {
      "geometry": {
        "type": "LineString",
        "coordinates": [
          [
            141.4220612,
            43.0496871
          ],
          [
            141.423108,
            43.0491639
          ]
        ]
      },
      "type": "Feature",
      "properties": {
        "name": null,
        "type": "tertiary",
        "slope": 124.37017680271276,
        "sun_diff": 2.4052100014659175,
        "length": 103.08488869800284
      }
    },
    {
      "geometry": {
        "type": "LineString",
        "coordinates": [
          [
            141.423861,
            43.0514626
          ],
          [
            141.4252402,
            43.0508895
          ]
        ]
      },
      "type": "Feature",
      "properties": {
        "name": null,
        "type": "residential",
        "slope": 119.62419654576263,
        "sun_diff": 2.397283240676913,
        "length": 128.9589912317937
      }
    },
    {
      "geometry": {
        "type": "LineString",
        "coordinates": [
          [
            141.4301843,
            43.032348
          ],
          [
            141.4322015,
            43.0314179
          ]
        ]
      },
      "type": "Feature",
      "properties": {
        "name": "\u672d\u5e4c\u5915\u5f35\u7dda",
        "type": "primary",
        "slope": 122.24276046695422,
        "sun_diff": 0.27779366570737807,
        "length": 193.9134461194072
      }
    },
    {
      "geometry": {
        "type": "LineString",
        "coordinates": [
          [
            141.4313515,
            43.0316607
          ],
          [
            141.4300999,
            43.0322417
          ]
        ]
      },
      "type": "Feature",
      "properties": {
        "name": "\u672d\u5e4c\u5915\u5f35\u7dda",
        "type": "primary",
        "slope": 122.41778096452367,
        "sun_diff": 0.4528141632768268,
        "length": 120.5485951343848
      }
    },
    {
      "geometry": {
        "type": "LineString",
        "coordinates": [
          [
            141.4313347,
            43.0389647
          ],
          [
            141.4325176,
            43.0384487
          ]
        ]
      },
      "type": "Feature",
      "properties": {
        "name": null,
        "type": "residential",
        "slope": 120.82975947588486,
        "sun_diff": 1.1352073253619892,
        "length": 111.99152116545415
      }
    },
    {
      "geometry": {
        "type": "LineString",
        "coordinates": [
          [
            141.4316843,
            43.0342217
          ],
          [
            141.4331727,
            43.0335107
          ]
        ]
      },
      "type": "Feature",
      "properties": {
        "name": null,
        "type": "service",
        "slope": 123.16545499145704,
        "sun_diff": 1.2004881902101943,
        "length": 144.56236996112344
      }
    },
    {
      "geometry": {
        "type": "LineString",
        "coordinates": [
          [
            141.4634261,
            42.9952155
          ],
          [
            141.4618597,
            42.9958923
          ]
        ]
      },
      "type": "Feature",
      "properties": {
        "name": null,
        "type": "residential",
        "slope": 120.57232284948537,
        "sun_diff": 1.392643951761471,
        "length": 148.0080103911763
      }
    },
    {
      "geometry": {
        "type": "LineString",
        "coordinates": [
          [
            141.4222288,
            43.0804171
          ],
          [
            141.4244176,
            43.0814616
          ]
        ]
      },
      "type": "Feature",
      "properties": {
        "name": null,
        "type": "unclassified",
        "slope": 56.84106707000126,
        "sun_diff": 1.136056142502838,
        "length": 212.40958769203831
      }
    },
    {
      "geometry": {
        "type": "LineString",
        "coordinates": [
          [
            141.4244176,
            43.0814616
          ],
          [
            141.426568,
            43.0825061
          ]
        ]
      },
      "type": "Feature",
      "properties": {
        "name": null,
        "type": "unclassified",
        "slope": 56.37462733338569,
        "sun_diff": 1.6024958791184076,
        "length": 209.80239728079468
      }
    },
    {
      "geometry": {
        "type": "LineString",
        "coordinates": [
          [
            141.426568,
            43.0825061
          ],
          [
            141.4288608,
            43.0835897
          ]
        ]
      },
      "type": "Feature",
      "properties": {
        "name": null,
        "type": "unclassified",
        "slope": 57.09335497951619,
        "sun_diff": 0.8837682329879044,
        "length": 221.85836526696298
      }
    },
    {
      "geometry": {
        "type": "LineString",
        "coordinates": [
          [
            141.4288608,
            43.0835897
          ],
          [
            141.4300079,
            43.0841604
          ]
        ]
      },
      "type": "Feature",
      "properties": {
        "name": null,
        "type": "unclassified",
        "slope": 55.73729417502807,
        "sun_diff": 2.239829037476028,
        "length": 112.7538123395999
      }
    },
    {
      "geometry": {
        "type": "LineString",
        "coordinates": [
          [
            141.4276786,
            43.0852247
          ],
          [
            141.4288416,
            43.0857693
          ]
        ]
      },
      "type": "Feature",
      "properties": {
        "name": null,
        "type": "residential",
        "slope": 57.332960312395585,
        "sun_diff": 0.6441629001085118,
        "length": 112.2283817913005
      }
    },
    {
      "geometry": {
        "type": "LineString",
        "coordinates": [
          [
            141.427997,
            43.0848517
          ],
          [
            141.4264965,
            43.084158
          ]
        ]
      },
      "type": "Feature",
      "properties": {
        "name": null,
        "type": "residential",
        "slope": 57.666174379871876,
        "sun_diff": 0.31094883263222073,
        "length": 144.26407383619198
      }
    },
    {
      "geometry": {
        "type": "LineString",
        "coordinates": [
          [
            141.4264965,
            43.084158
          ],
          [
            141.4246867,
            43.0832745
          ]
        ]
      },
      "type": "Feature",
      "properties": {
        "name": null,
        "type": "residential",
        "slope": 56.241138916801816,
        "sun_diff": 1.7359842957022806,
        "length": 176.8423196106922
      }
    },
    {
      "geometry": {
        "type": "LineString",
        "coordinates": [
          [
            141.4246867,
            43.0832745
          ],
          [
            141.4229274,
            43.0824477
          ]
        ]
      },
      "type": "Feature",
      "properties": {
        "name": null,
        "type": "residential",
        "slope": 57.24063050749436,
        "sun_diff": 0.7364927050097378,
        "length": 169.9544412274553
      }
    },
    {
      "geometry": {
        "type": "LineString",
        "coordinates": [
          [
            141.4229274,
            43.0824477
          ],
          [
            141.4214126,
            43.0817215
          ]
        ]
      },
      "type": "Feature",
      "properties": {
        "name": null,
        "type": "residential",
        "slope": 56.7201113906269,
        "sun_diff": 1.2570118218771995,
        "length": 147.20328310992147
      }
    },
    {
      "geometry": {
        "type": "LineString",
        "coordinates": [
          [
            141.423988,
            43.0819319
          ],
          [
            141.4261471,
            43.0829787
          ]
        ]
      },
      "type": "Feature",
      "properties": {
        "name": null,
        "type": "residential",
        "slope": 56.42296518486128,
        "sun_diff": 1.5541580276428135,
        "length": 210.5315401886419
      }
    },
    {
      "geometry": {
        "type": "LineString",
        "coordinates": [
          [
            141.4255281,
            43.0800068
          ],
          [
            141.4277229,
            43.0810549
          ]
        ]
      },
      "type": "Feature",
      "properties": {
        "name": null,
        "type": "residential",
        "slope": 56.822789378059156,
        "sun_diff": 1.154333834444941,
        "length": 213.0376817710417
      }
    },
    {
      "geometry": {
        "type": "LineString",
        "coordinates": [
          [
            141.3925346,
            43.0471084
          ],
          [
            141.393722,
            43.0465906
          ]
        ]
      },
      "type": "Feature",
      "properties": {
        "name": null,
        "type": "unclassified",
        "slope": 120.82517119175833,
        "sun_diff": 1.139795609488516,
        "length": 112.39726952067805
      }
    },
    {
      "geometry": {
        "type": "LineString",
        "coordinates": [
          [
            141.4052778,
            43.0403684
          ],
          [
            141.4067131,
            43.039775
          ]
        ]
      },
      "type": "Feature",
      "properties": {
        "name": null,
        "type": "residential",
        "slope": 119.49528937858304,
        "sun_diff": 2.469677422663807,
        "length": 134.05762756640507
      }
    },
    {
      "geometry": {
        "type": "LineString",
        "coordinates": [
          [
            141.4244246,
            43.0334684
          ],
          [
            141.4255196,
            43.0329329
          ]
        ]
      },
      "type": "Feature",
      "properties": {
        "name": null,
        "type": "residential",
        "slope": 123.78402797729794,
        "sun_diff": 1.8190611760510933,
        "length": 107.11609108305738
      }
    },
    {
      "geometry": {
        "type": "LineString",
        "coordinates": [
          [
            141.4255196,
            43.0329329
          ],
          [
            141.4266248,
            43.0323863
          ]
        ]
      },
      "type": "Feature",
      "properties": {
        "name": null,
        "type": "residential",
        "slope": 124.0821803051889,
        "sun_diff": 2.117213503942054,
        "length": 108.4940324838098
      }
    },
    {
      "geometry": {
        "type": "LineString",
        "coordinates": [
          [
            141.3979901,
            43.0427274
          ],
          [
            141.3990935,
            43.0422426
          ]
        ]
      },
      "type": "Feature",
      "properties": {
        "name": null,
        "type": "residential",
        "slope": 121.01323632650747,
        "sun_diff": 0.951730474739378,
        "length": 104.65894869997042
      }
    },
    {
      "geometry": {
        "type": "LineString",
        "coordinates": [
          [
            141.4027837,
            43.0396349
          ],
          [
            141.401735,
            43.0391392
          ]
        ]
      },
      "type": "Feature",
      "properties": {
        "name": null,
        "type": "residential",
        "slope": 57.108398943462845,
        "sun_diff": 0.9252509146122918,
        "length": 101.53085851075815
      }
    },
    {
      "geometry": {
        "type": "LineString",
        "coordinates": [
          [
            141.4013575,
            43.0395629
          ],
          [
            141.4024105,
            43.0400813
          ]
        ]
      },
      "type": "Feature",
      "properties": {
        "name": null,
        "type": "residential",
        "slope": 56.0363675297381,
        "sun_diff": 1.997282328337036,
        "length": 103.21310755277851
      }
    },
    {
      "geometry": {
        "type": "LineString",
        "coordinates": [
          [
            141.4031488,
            43.0392321
          ],
          [
            141.4020875,
            43.0387345
          ]
        ]
      },
      "type": "Feature",
      "properties": {
        "name": null,
        "type": "residential",
        "slope": 57.3203044246963,
        "sun_diff": 0.7133454333788336,
        "length": 102.50693326151276
      }
    },
    {
      "geometry": {
        "type": "LineString",
        "coordinates": [
          [
            141.4140576,
            43.0354995
          ],
          [
            141.4154642,
            43.0349276
          ]
        ]
      },
      "type": "Feature",
      "properties": {
        "name": null,
        "type": "unclassified",
        "slope": 119.08494519188437,
        "sun_diff": 2.8800216093624726,
        "length": 130.86064505632504
      }
    },
    {
      "geometry": {
        "type": "LineString",
        "coordinates": [
          [
            141.4154642,
            43.0349276
          ],
          [
            141.4169042,
            43.0343334
          ]
        ]
      },
      "type": "Feature",
      "properties": {
        "name": null,
        "type": "unclassified",
        "slope": 119.44594622116423,
        "sun_diff": 2.5190205800826106,
        "length": 134.44309197982614
      }
    },
    {
      "geometry": {
        "type": "LineString",
        "coordinates": [
          [
            141.4136647,
            43.0350911
          ],
          [
            141.4151383,
            43.0344918
          ]
        ]
      },
      "type": "Feature",
      "properties": {
        "name": null,
        "type": "residential",
        "slope": 119.09122802295738,
        "sun_diff": 2.8737387782894643,
        "length": 137.1031902519265
      }
    },
    {
      "geometry": {
        "type": "LineString",
        "coordinates": [
          [
            141.4151383,
            43.0344918
          ],
          [
            141.4166605,
            43.0338679
          ]
        ]
      },
      "type": "Feature",
      "properties": {
        "name": null,
        "type": "residential",
        "slope": 119.28074399326431,
        "sun_diff": 2.684222807982536,
        "length": 141.88823825121648
      }
    },
    {
      "geometry": {
        "type": "LineString",
        "coordinates": [
          [
            141.4144749,
            43.0359162
          ],
          [
            141.4158083,
            43.0353724
          ]
        ]
      },
      "type": "Feature",
      "properties": {
        "name": null,
        "type": "residential",
        "slope": 119.15967981801802,
        "sun_diff": 2.805286983228825,
        "length": 124.13990585434615
      }
    },
    {
      "geometry": {
        "type": "LineString",
        "coordinates": [
          [
            141.4158083,
            43.0353724
          ],
          [
            141.4172891,
            43.0347631
          ]
        ]
      },
      "type": "Feature",
      "properties": {
        "name": null,
        "type": "residential",
        "slope": 119.37639687849395,
        "sun_diff": 2.588569922752896,
        "length": 138.1567596472429
      }
    },
    {
      "geometry": {
        "type": "LineString",
        "coordinates": [
          [
            141.4270434,
            43.0287221
          ],
          [
            141.4288304,
            43.0295922
          ]
        ]
      },
      "type": "Feature",
      "properties": {
        "name": null,
        "type": "residential",
        "slope": 56.3332075526574,
        "sun_diff": 1.700442305417738,
        "length": 174.5818201449823
      }
    },
    {
      "geometry": {
        "type": "LineString",
        "coordinates": [
          [
            141.4274642,
            43.0294609
          ],
          [
            141.4285008,
            43.0299573
          ]
        ]
      },
      "type": "Feature",
      "properties": {
        "name": null,
        "type": "residential",
        "slope": 56.77135132776988,
        "sun_diff": 1.2622985303052587,
        "length": 100.76004490566953
      }
    },
    {
      "geometry": {
        "type": "LineString",
        "coordinates": [
          [
            141.4285008,
            43.0299573
          ],
          [
            141.4296662,
            43.030521
          ]
        ]
      },
      "type": "Feature",
      "properties": {
        "name": null,
        "type": "residential",
        "slope": 56.50737723619238,
        "sun_diff": 1.5262726218827538,
        "length": 113.62285725647273
      }
    },
    {
      "geometry": {
        "type": "LineString",
        "coordinates": [
          [
            141.4382328,
            43.02526
          ],
          [
            141.4395184,
            43.0247322
          ]
        ]
      },
      "type": "Feature",
      "properties": {
        "name": null,
        "type": "residential",
        "slope": 119.3176568981151,
        "sun_diff": 2.6473099031317417,
        "length": 119.89538086714664
      }
    },
    {
      "geometry": {
        "type": "LineString",
        "coordinates": [
          [
            141.4379779,
            43.0249088
          ],
          [
            141.4393339,
            43.0243442
          ]
        ]
      },
      "type": "Feature",
      "properties": {
        "name": null,
        "type": "residential",
        "slope": 119.66333619273303,
        "sun_diff": 2.3016306085138183,
        "length": 126.89391767674452
      }
    },
    {
      "geometry": {
        "type": "LineString",
        "coordinates": [
          [
            141.3980976,
            43.0398389
          ],
          [
            141.3958834,
            43.0387884
          ]
        ]
      },
      "type": "Feature",
      "properties": {
        "name": null,
        "type": "residential",
        "slope": 57.01152454421083,
        "sun_diff": 1.0221253138643078,
        "length": 214.60533117536332
      }
    },
    {
      "geometry": {
        "type": "LineString",
        "coordinates": [
          [
            141.3991864,
            43.0375629
          ],
          [
            141.3980401,
            43.0370367
          ]
        ]
      },
      "type": "Feature",
      "properties": {
        "name": null,
        "type": "residential",
        "slope": 57.86955088017521,
        "sun_diff": 0.16409897789992556,
        "length": 110.04813707034278
      }
    },
    {
      "geometry": {
        "type": "LineString",
        "coordinates": [
          [
            141.4397353,
            43.0224947
          ],
          [
            141.4411632,
            43.0219062
          ]
        ]
      },
      "type": "Feature",
      "properties": {
        "name": null,
        "type": "residential",
        "slope": 119.41154046528257,
        "sun_diff": 2.553426335964275,
        "length": 133.2952317087484
      }
    },
    {
      "geometry": {
        "type": "LineString",
        "coordinates": [
          [
            141.4370097,
            43.0179608
          ],
          [
            141.4381284,
            43.0174958
          ]
        ]
      },
      "type": "Feature",
      "properties": {
        "name": null,
        "type": "residential",
        "slope": 119.6185185675063,
        "sun_diff": 2.3464482337405457,
        "length": 104.65263257761617
      }
    },
    {
      "geometry": {
        "type": "LineString",
        "coordinates": [
          [
            141.4441505,
            43.009753
          ],
          [
            141.4454206,
            43.0091977
          ]
        ]
      },
      "type": "Feature",
      "properties": {
        "name": null,
        "type": "residential",
        "slope": 120.87513126617372,
        "sun_diff": 1.0898355350731208,
        "length": 120.36141822057466
      }
    },
    {
      "geometry": {
        "type": "LineString",
        "coordinates": [
          [
            141.4439145,
            43.0093925
          ],
          [
            141.4451979,
            43.0088586
          ]
        ]
      },
      "type": "Feature",
      "properties": {
        "name": null,
        "type": "residential",
        "slope": 119.6353841046539,
        "sun_diff": 2.3295826965929507,
        "length": 120.09699810567594
      }
    },
    {
      "geometry": {
        "type": "LineString",
        "coordinates": [
          [
            141.443819,
            43.0067837
          ],
          [
            141.4425429,
            43.0073144
          ]
        ]
      },
      "type": "Feature",
      "properties": {
        "name": null,
        "type": "residential",
        "slope": 119.62719557588548,
        "sun_diff": 2.337771225361365,
        "length": 119.40796116011903
      }
    },
    {
      "geometry": {
        "type": "LineString",
        "coordinates": [
          [
            141.4432024,
            43.0083085
          ],
          [
            141.4444729,
            43.0077864
          ]
        ]
      },
      "type": "Feature",
      "properties": {
        "name": null,
        "type": "residential",
        "slope": 119.33431259633034,
        "sun_diff": 2.6306542049165103,
        "length": 118.53921397794643
      }
    },
    {
      "geometry": {
        "type": "LineString",
        "coordinates": [
          [
            141.4427442,
            43.0075979
          ],
          [
            141.4440128,
            43.0070733
          ]
        ]
      },
      "type": "Feature",
      "properties": {
        "name": null,
        "type": "residential",
        "slope": 119.48779238509297,
        "sun_diff": 2.477174416153872,
        "length": 118.54218667268283
      }
    },
    {
      "geometry": {
        "type": "LineString",
        "coordinates": [
          [
            141.4429693,
            43.0079458
          ],
          [
            141.4442277,
            43.0074347
          ]
        ]
      },
      "type": "Feature",
      "properties": {
        "name": null,
        "type": "residential",
        "slope": 119.04815084976445,
        "sun_diff": 2.9168159514823913,
        "length": 117.08379018381623
      }
    },
    {
      "geometry": {
        "type": "LineString",
        "coordinates": [
          [
            141.396654,
            43.0367848
          ],
          [
            141.3978187,
            43.0373267
          ]
        ]
      },
      "type": "Feature",
      "properties": {
        "name": null,
        "type": "residential",
        "slope": 57.52066441714433,
        "sun_diff": 0.5129854409308052,
        "length": 112.2460950245348
      }
    },
    {
      "geometry": {
        "type": "LineString",
        "coordinates": [
          [
            141.3978187,
            43.0373267
          ],
          [
            141.3989763,
            43.0378808
          ]
        ]
      },
      "type": "Feature",
      "properties": {
        "name": null,
        "type": "residential",
        "slope": 56.77950650841268,
        "sun_diff": 1.2541433496624563,
        "length": 112.49656151790785
      }
    },
    {
      "geometry": {
        "type": "LineString",
        "coordinates": [
          [
            141.410846,
            43.0181544
          ],
          [
            141.4123429,
            43.0174102
          ]
        ]
      },
      "type": "Feature",
      "properties": {
        "name": null,
        "type": "residential",
        "slope": 124.21469604603908,
        "sun_diff": 2.249729244792235,
        "length": 147.2124510019912
      }
    },
    {
      "geometry": {
        "type": "LineString",
        "coordinates": [
          [
            141.4167698,
            43.0167322
          ],
          [
            141.4179113,
            43.0162146
          ]
        ]
      },
      "type": "Feature",
      "properties": {
        "name": null,
        "type": "unclassified",
        "slope": 121.80563939630022,
        "sun_diff": 0.15932740494662312,
        "length": 109.23733894708847
      }
    },
    {
      "geometry": {
        "type": "LineString",
        "coordinates": [
          [
            141.4214421,
            43.0174048
          ],
          [
            141.4226377,
            43.0168874
          ]
        ]
      },
      "type": "Feature",
      "properties": {
        "name": null,
        "type": "residential",
        "slope": 120.62037128525347,
        "sun_diff": 1.344595515993376,
        "length": 112.98798078007266
      }
    },
    {
      "geometry": {
        "type": "LineString",
        "coordinates": [
          [
            141.4221565,
            43.0149049
          ],
          [
            141.4232109,
            43.01437
          ]
        ]
      },
      "type": "Feature",
      "properties": {
        "name": null,
        "type": "residential",
        "slope": 124.75334808511997,
        "sun_diff": 2.7883812838731217,
        "length": 104.37191169142274
      }
    },
    {
      "geometry": {
        "type": "LineString",
        "coordinates": [
          [
            141.4229071,
            43.0140524
          ],
          [
            141.4218616,
            43.0145866
          ]
        ]
      },
      "type": "Feature",
      "properties": {
        "name": null,
        "type": "residential",
        "slope": 124.94601195783753,
        "sun_diff": 2.9810451565906817,
        "length": 103.73376816381816
      }
    },
    {
      "geometry": {
        "type": "LineString",
        "coordinates": [
          [
            141.4212728,
            43.0139816
          ],
          [
            141.4223298,
            43.0134494
          ]
        ]
      },
      "type": "Feature",
      "properties": {
        "name": null,
        "type": "residential",
        "slope": 124.55132814814246,
        "sun_diff": 2.5863613468956146,
        "length": 104.376158507578
      }
    },
    {
      "geometry": {
        "type": "LineString",
        "coordinates": [
          [
            141.4224535,
            43.0152308
          ],
          [
            141.4235249,
            43.0146918
          ]
        ]
      },
      "type": "Feature",
      "properties": {
        "name": null,
        "type": "residential",
        "slope": 124.52951763837271,
        "sun_diff": 2.5645508371258643,
        "length": 105.76826172832689
      }
    },
    {
      "geometry": {
        "type": "LineString",
        "coordinates": [
          [
            141.4285541,
            43.010484
          ],
          [
            141.4295969,
            43.0099905
          ]
        ]
      },
      "type": "Feature",
      "properties": {
        "name": null,
        "type": "residential",
        "slope": 122.91038999215891,
        "sun_diff": 0.9454231909120665,
        "length": 101.0290264503363
      }
    },
    {
      "geometry": {
        "type": "LineString",
        "coordinates": [
          [
            141.4326438,
            43.0066225
          ],
          [
            141.4337932,
            43.0071068
          ]
        ]
      },
      "type": "Feature",
      "properties": {
        "name": null,
        "type": "residential",
        "slope": 60.04986480998997,
        "sun_diff": 2.016214951914833,
        "length": 107.90022632966796
      }
    },
    {
      "geometry": {
        "type": "LineString",
        "coordinates": [
          [
            141.4400723,
            43.0006142
          ],
          [
            141.4412595,
            43.0001297
          ]
        ]
      },
      "type": "Feature",
      "properties": {
        "name": null,
        "type": "residential",
        "slope": 119.16203073211062,
        "sun_diff": 2.802936069136223,
        "length": 110.59467477710233
      }
    },
    {
      "geometry": {
        "type": "LineString",
        "coordinates": [
          [
            141.463058,
            43.0098684
          ],
          [
            141.4642163,
            43.0104058
          ]
        ]
      },
      "type": "Feature",
      "properties": {
        "name": null,
        "type": "unclassified",
        "slope": 57.60540535748379,
        "sun_diff": 0.42824450059134733,
        "length": 111.57334239616634
      }
    },
    {
      "geometry": {
        "type": "LineString",
        "coordinates": [
          [
            141.4632963,
            43.0091518
          ],
          [
            141.4648207,
            43.0098679
          ]
        ]
      },
      "type": "Feature",
      "properties": {
        "name": null,
        "type": "residential",
        "slope": 57.28262092221442,
        "sun_diff": 0.7510289358607167,
        "length": 147.36849002569645
      }
    },
    {
      "geometry": {
        "type": "LineString",
        "coordinates": [
          [
            141.4634102,
            43.0088039
          ],
          [
            141.4649238,
            43.0094999
          ]
        ]
      },
      "type": "Feature",
      "properties": {
        "name": null,
        "type": "residential",
        "slope": 57.836815442008685,
        "sun_diff": 0.19683441606645147,
        "length": 145.42844252086513
      }
    },
    {
      "geometry": {
        "type": "LineString",
        "coordinates": [
          [
            141.4649887,
            43.0091123
          ],
          [
            141.4636516,
            43.0084964
          ]
        ]
      },
      "type": "Feature",
      "properties": {
        "name": null,
        "type": "residential",
        "slope": 57.792739335360864,
        "sun_diff": 0.24091052271427316,
        "length": 128.53344980019705
      }
    },
    {
      "geometry": {
        "type": "LineString",
        "coordinates": [
          [
            141.4631849,
            43.0095039
          ],
          [
            141.4643273,
            43.0100245
          ]
        ]
      },
      "type": "Feature",
      "properties": {
        "name": null,
        "type": "residential",
        "slope": 58.06872513944995,
        "sun_diff": 0.03507528137481586,
        "length": 109.48429849220017
      }
    },
    {
      "geometry": {
        "type": "LineString",
        "coordinates": [
          [
            141.4450384,
            43.0037306
          ],
          [
            141.4472225,
            43.0046982
          ]
        ]
      },
      "type": "Feature",
      "properties": {
        "name": null,
        "type": "tertiary",
        "slope": 58.79252951118167,
        "sun_diff": 0.7588796531065327,
        "length": 207.71782093803
      }
    },
    {
      "geometry": {
        "type": "LineString",
        "coordinates": [
          [
            141.4616578,
            42.9955467
          ],
          [
            141.4631745,
            42.994881
          ]
        ]
      },
      "type": "Feature",
      "properties": {
        "name": null,
        "type": "residential",
        "slope": 120.96748032341438,
        "sun_diff": 0.9974864778324672,
        "length": 143.90281105873976
      }
    },
    {
      "geometry": {
        "type": "LineString",
        "coordinates": [
          [
            141.461458,
            42.9952149
          ],
          [
            141.4625814,
            42.994733
          ]
        ]
      },
      "type": "Feature",
      "properties": {
        "name": null,
        "type": "residential",
        "slope": 120.39103582742075,
        "sun_diff": 1.5739309738260943,
        "length": 105.95300637411127
      }
    },
    {
      "geometry": {
        "type": "LineString",
        "coordinates": [
          [
            141.4660473,
            42.9868063
          ],
          [
            141.4646884,
            42.9873671
          ]
        ]
      },
      "type": "Feature",
      "properties": {
        "name": null,
        "type": "residential",
        "slope": 119.43003622369497,
        "sun_diff": 2.534930577551876,
        "length": 126.94939576754531
      }
    },
    {
      "geometry": {
        "type": "LineString",
        "coordinates": [
          [
            141.4651511,
            42.9876936
          ],
          [
            141.4663295,
            42.9871997
          ]
        ]
      },
      "type": "Feature",
      "properties": {
        "name": null,
        "type": "residential",
        "slope": 119.81121494676364,
        "sun_diff": 2.153751854483204,
        "length": 110.50373718272793
      }
    },
    {
      "geometry": {
        "type": "LineString",
        "coordinates": [
          [
            141.3607186,
            43.0346392
          ],
          [
            141.3595839,
            43.0351998
          ]
        ]
      },
      "type": "Feature",
      "properties": {
        "name": null,
        "type": "residential",
        "slope": 124.05543922047346,
        "sun_diff": 2.0904724192266144,
        "length": 111.35038798503913
      }
    },
    {
      "geometry": {
        "type": "LineString",
        "coordinates": [
          [
            141.349,
            42.9869094
          ],
          [
            141.3477147,
            42.9875357
          ]
        ]
      },
      "type": "Feature",
      "properties": {
        "name": null,
        "type": "residential",
        "slope": 123.66897946922205,
        "sun_diff": 1.7040263283535353,
        "length": 125.65702502079866
      }
    },
    {
      "geometry": {
        "type": "LineString",
        "coordinates": [
          [
            141.3999139,
            43.024404
          ],
          [
            141.3988038,
            43.0238404
          ]
        ]
      },
      "type": "Feature",
      "properties": {
        "name": null,
        "type": "unclassified",
        "slope": 55.22139648131153,
        "sun_diff": 2.812253376763607,
        "length": 109.90214566750477
      }
    },
    {
      "geometry": {
        "type": "LineString",
        "coordinates": [
          [
            141.4037622,
            43.0158853
          ],
          [
            141.4022072,
            43.0152294
          ]
        ]
      },
      "type": "Feature",
      "properties": {
        "name": null,
        "type": "unclassified",
        "slope": 60.02010015389595,
        "sun_diff": 1.9864502958208163,
        "length": 145.99943281774793
      }
    },
    {
      "geometry": {
        "type": "LineString",
        "coordinates": [
          [
            141.4019571,
            43.0150273
          ],
          [
            141.4030426,
            43.0145175
          ]
        ]
      },
      "type": "Feature",
      "properties": {
        "name": null,
        "type": "unclassified",
        "slope": 122.71306860225718,
        "sun_diff": 0.7481018010103355,
        "length": 104.92490538665085
      }
    },
    {
      "geometry": {
        "type": "LineString",
        "coordinates": [
          [
            141.3779612,
            43.0238129
          ],
          [
            141.3797143,
            43.0230658
          ]
        ]
      },
      "type": "Feature",
      "properties": {
        "name": null,
        "type": "unclassified",
        "slope": 120.2386913894077,
        "sun_diff": 1.72627541183914,
        "length": 165.00964743476203
      }
    },
    {
      "geometry": {
        "type": "LineString",
        "coordinates": [
          [
            141.3615101,
            43.016864
          ],
          [
            141.3628821,
            43.0162751
          ]
        ]
      },
      "type": "Feature",
      "properties": {
        "name": null,
        "type": "residential",
        "slope": 120.41506217081565,
        "sun_diff": 1.5499046304312003,
        "length": 129.38599147997854
      }
    },
    {
      "geometry": {
        "type": "LineString",
        "coordinates": [
          [
            141.4261721,
            42.9960073
          ],
          [
            141.4273272,
            42.9955268
          ]
        ]
      },
      "type": "Feature",
      "properties": {
        "name": null,
        "type": "unclassified",
        "slope": 119.62867563145667,
        "sun_diff": 2.3362911697901723,
        "length": 108.10733486102845
      }
    },
    {
      "geometry": {
        "type": "LineString",
        "coordinates": [
          [
            141.4275505,
            42.9948478
          ],
          [
            141.4263543,
            42.9942649
          ]
        ]
      },
      "type": "Feature",
      "properties": {
        "name": null,
        "type": "residential",
        "slope": 56.32737410494431,
        "sun_diff": 1.706275753130825,
        "length": 116.93754412082562
      }
    },
    {
      "geometry": {
        "type": "LineString",
        "coordinates": [
          [
            141.4331095,
            42.987367
          ],
          [
            141.434147,
            42.9868731
          ]
        ]
      },
      "type": "Feature",
      "properties": {
        "name": null,
        "type": "residential",
        "slope": 123.055061996039,
        "sun_diff": 1.0900951947921556,
        "length": 100.71828339282314
      }
    },
    {
      "geometry": {
        "type": "LineString",
        "coordinates": [
          [
            141.4326962,
            42.9862857
          ],
          [
            141.4339665,
            42.9856415
          ]
        ]
      },
      "type": "Feature",
      "properties": {
        "name": null,
        "type": "residential",
        "slope": 124.73136398085305,
        "sun_diff": 2.7663971796062015,
        "length": 125.76846914499727
      }
    },
    {
      "geometry": {
        "type": "LineString",
        "coordinates": [
          [
            141.4615906,
            42.9691494
          ],
          [
            141.4628816,
            42.9685343
          ]
        ]
      },
      "type": "Feature",
      "properties": {
        "name": null,
        "type": "service",
        "slope": 123.06948077262462,
        "sun_diff": 1.10451397137777,
        "length": 125.38535703539016
      }
    },
    {
      "geometry": {
        "type": "LineString",
        "coordinates": [
          [
            141.4629889,
            42.9710504
          ],
          [
            141.4643085,
            42.9704302
          ]
        ]
      },
      "type": "Feature",
      "properties": {
        "name": null,
        "type": "service",
        "slope": 122.71354309737242,
        "sun_diff": 0.7485762961255773,
        "length": 127.64524570672238
      }
    },
    {
      "geometry": {
        "type": "LineString",
        "coordinates": [
          [
            141.4785298,
            42.9725331
          ],
          [
            141.4798507,
            42.9730959
          ]
        ]
      },
      "type": "Feature",
      "properties": {
        "name": null,
        "type": "residential",
        "slope": 59.78661996957163,
        "sun_diff": 1.752970111496495,
        "length": 124.39915881737045
      }
    },
    {
      "geometry": {
        "type": "LineString",
        "coordinates": [
          [
            141.4814078,
            42.9598519
          ],
          [
            141.4828247,
            42.9592126
          ]
        ]
      },
      "type": "Feature",
      "properties": {
        "name": null,
        "type": "residential",
        "slope": 121.65482617546351,
        "sun_diff": 0.31014062578333323,
        "length": 135.4970892102712
      }
    },
    {
      "geometry": {
        "type": "LineString",
        "coordinates": [
          [
            141.166423,
            42.9710054
          ],
          [
            141.1651781,
            42.9715851
          ]
        ]
      },
      "type": "Feature",
      "properties": {
        "name": null,
        "type": "unclassified",
        "slope": 122.47329981431494,
        "sun_diff": 0.5083466734464253,
        "length": 120.09567339681743
      }
    },
    {
      "geometry": {
        "type": "LineString",
        "coordinates": [
          [
            141.2318124,
            42.9588488
          ],
          [
            141.2338354,
            42.9578352
          ]
        ]
      },
      "type": "Feature",
      "properties": {
        "name": null,
        "type": "tertiary",
        "slope": 124.39606705111544,
        "sun_diff": 2.4311139102469213,
        "length": 199.5748952671802
      }
    },
    {
      "geometry": {
        "type": "LineString",
        "coordinates": [
          [
            141.2318042,
            42.9436183
          ],
          [
            141.230329,
            42.9429822
          ]
        ]
      },
      "type": "Feature",
      "properties": {
        "name": null,
        "type": "unclassified",
        "slope": 59.50023524444455,
        "sun_diff": 1.4103865898785557,
        "length": 139.40526250836234
      }
    },
    {
      "geometry": {
        "type": "LineString",
        "coordinates": [
          [
            141.230329,
            42.9429822
          ],
          [
            141.2287463,
            42.9422846
          ]
        ]
      },
      "type": "Feature",
      "properties": {
        "name": null,
        "type": "unclassified",
        "slope": 58.94760692937683,
        "sun_diff": 0.8577582748108341,
        "length": 150.42719603116018
      }
    },
    {
      "geometry": {
        "type": "LineString",
        "coordinates": [
          [
            141.2287463,
            42.9422846
          ],
          [
            141.2272981,
            42.9416706
          ]
        ]
      },
      "type": "Feature",
      "properties": {
        "name": null,
        "type": "unclassified",
        "slope": 59.92218288562205,
        "sun_diff": 1.832334231056052,
        "length": 136.2692896532764
      }
    },
    {
      "geometry": {
        "type": "LineString",
        "coordinates": [
          [
            141.301914,
            42.9571706
          ],
          [
            141.302991,
            42.9576922
          ]
        ]
      },
      "type": "Feature",
      "properties": {
        "name": null,
        "type": "residential",
        "slope": 56.50530167215186,
        "sun_diff": 1.528348185923278,
        "length": 105.1311396401827
      }
    },
    {
      "geometry": {
        "type": "LineString",
        "coordinates": [
          [
            141.3358932,
            42.969302
          ],
          [
            141.3370969,
            42.9698647
          ]
        ]
      },
      "type": "Feature",
      "properties": {
        "name": null,
        "type": "residential",
        "slope": 57.42636417650564,
        "sun_diff": 0.6072856815694934,
        "length": 116.25408140864113
      }
    },
    {
      "geometry": {
        "type": "LineString",
        "coordinates": [
          [
            141.3319507,
            42.9675015
          ],
          [
            141.3329903,
            42.967981
          ]
        ]
      },
      "type": "Feature",
      "properties": {
        "name": null,
        "type": "unclassified",
        "slope": 57.77549693673953,
        "sun_diff": 0.25815292133560774,
        "length": 100.02070903920173
      }
    },
    {
      "geometry": {
        "type": "LineString",
        "coordinates": [
          [
            141.3329903,
            42.967981
          ],
          [
            141.334122,
            42.9684898
          ]
        ]
      },
      "type": "Feature",
      "properties": {
        "name": null,
        "type": "unclassified",
        "slope": 58.43258021470055,
        "sun_diff": 0.39893035662541365,
        "length": 108.10648840748873
      }
    },
    {
      "geometry": {
        "type": "LineString",
        "coordinates": [
          [
            141.3270786,
            42.9807621
          ],
          [
            141.3281591,
            42.9802924
          ]
        ]
      },
      "type": "Feature",
      "properties": {
        "name": null,
        "type": "unclassified",
        "slope": 120.71857443982503,
        "sun_diff": 1.2463787010434828,
        "length": 102.27543401767299
      }
    },
    {
      "geometry": {
        "type": "LineString",
        "coordinates": [
          [
            141.326832,
            42.9804381
          ],
          [
            141.3280551,
            42.9799296
          ]
        ]
      },
      "type": "Feature",
      "properties": {
        "name": null,
        "type": "unclassified",
        "slope": 119.6085524196379,
        "sun_diff": 2.3564007212306137,
        "length": 114.47771502146684
      }
    },
    {
      "geometry": {
        "type": "LineString",
        "coordinates": [
          [
            141.3077896,
            42.9847908
          ],
          [
            141.3067317,
            42.9853244
          ]
        ]
      },
      "type": "Feature",
      "properties": {
        "name": null,
        "type": "unclassified",
        "slope": 124.58661855772854,
        "sun_diff": 2.6216654168600257,
        "length": 104.55784063922962
      }
    },
    {
      "geometry": {
        "type": "LineString",
        "coordinates": [
          [
            141.3107142,
            42.9906793
          ],
          [
            141.3119297,
            42.9900961
          ]
        ]
      },
      "type": "Feature",
      "properties": {
        "name": null,
        "type": "unclassified",
        "slope": 123.26253056180764,
        "sun_diff": 1.2975774209391204,
        "length": 118.27137438282699
      }
    },
    {
      "geometry": {
        "type": "LineString",
        "coordinates": [
          [
            141.3165861,
            42.9893927
          ],
          [
            141.3176398,
            42.9888996
          ]
        ]
      },
      "type": "Feature",
      "properties": {
        "name": null,
        "type": "residential",
        "slope": 122.60918908213671,
        "sun_diff": 0.6442359412681924,
        "length": 101.77523689369126
      }
    },
    {
      "geometry": {
        "type": "LineString",
        "coordinates": [
          [
            141.3122743,
            42.9903463
          ],
          [
            141.3110445,
            42.9909007
          ]
        ]
      },
      "type": "Feature",
      "properties": {
        "name": null,
        "type": "unclassified",
        "slope": 121.64581067757351,
        "sun_diff": 0.31914246329500884,
        "length": 117.53369725096027
      }
    },
    {
      "geometry": {
        "type": "LineString",
        "coordinates": [
          [
            141.3305588,
            43.0016436
          ],
          [
            141.3294032,
            43.0021123
          ]
        ]
      },
      "type": "Feature",
      "properties": {
        "name": null,
        "type": "tertiary",
        "slope": 119.01247186415466,
        "sun_diff": 2.952481276713854,
        "length": 107.49190888722242
      }
    },
    {
      "geometry": {
        "type": "LineString",
        "coordinates": [
          [
            141.32461,
            43.0013344
          ],
          [
            141.3234932,
            43.0017915
          ]
        ]
      },
      "type": "Feature",
      "properties": {
        "name": null,
        "type": "unclassified",
        "slope": 119.23381140399229,
        "sun_diff": 2.731141736876225,
        "length": 104.10715472966577
      }
    },
    {
      "geometry": {
        "type": "LineString",
        "coordinates": [
          [
            141.3246343,
            43.0032939
          ],
          [
            141.3259605,
            43.0026503
          ]
        ]
      },
      "type": "Feature",
      "properties": {
        "name": null,
        "type": "residential",
        "slope": 123.56775990636885,
        "sun_diff": 1.6028067655003326,
        "length": 129.47062930255962
      }
    },
    {
      "geometry": {
        "type": "LineString",
        "coordinates": [
          [
            141.3244693,
            43.0029286
          ],
          [
            141.3234043,
            43.0034683
          ]
        ]
      },
      "type": "Feature",
      "properties": {
        "name": null,
        "type": "unclassified",
        "slope": 124.71989813044726,
        "sun_diff": 2.754944989578746,
        "length": 105.39783537866869
      }
    },
    {
      "geometry": {
        "type": "LineString",
        "coordinates": [
          [
            141.3397765,
            43.0263602
          ],
          [
            141.341213,
            43.0269542
          ]
        ]
      },
      "type": "Feature",
      "properties": {
        "name": null,
        "type": "residential",
        "slope": 60.50554566977456,
        "sun_diff": 2.471895811699426,
        "length": 134.19761735297834
      }
    },
    {
      "geometry": {
        "type": "LineString",
        "coordinates": [
          [
            141.3308249,
            43.0373171
          ],
          [
            141.3321148,
            43.0379583
          ]
        ]
      },
      "type": "Feature",
      "properties": {
        "name": null,
        "type": "unclassified",
        "slope": 55.78002965201256,
        "sun_diff": 2.2536202060625783,
        "length": 126.82152007219257
      }
    },
    {
      "geometry": {
        "type": "LineString",
        "coordinates": [
          [
            141.3322172,
            43.0380228
          ],
          [
            141.3334149,
            43.0386179
          ]
        ]
      },
      "type": "Feature",
      "properties": {
        "name": null,
        "type": "unclassified",
        "slope": 55.79174031092697,
        "sun_diff": 2.2419095471481683,
        "length": 117.7388595188772
      }
    },
    {
      "geometry": {
        "type": "LineString",
        "coordinates": [
          [
            141.331763,
            43.0383262
          ],
          [
            141.3303943,
            43.0376504
          ]
        ]
      },
      "type": "Feature",
      "properties": {
        "name": null,
        "type": "residential",
        "slope": 55.9595415278751,
        "sun_diff": 2.0741083302000334,
        "length": 134.28325788612779
      }
    },
    {
      "geometry": {
        "type": "LineString",
        "coordinates": [
          [
            141.3372834,
            43.0682289
          ],
          [
            141.3385581,
            43.0676742
          ]
        ]
      },
      "type": "Feature",
      "properties": {
        "name": null,
        "type": "residential",
        "slope": 120.78075050155687,
        "sun_diff": 1.2407292848826756,
        "length": 120.56369241474992
      }
    },
    {
      "geometry": {
        "type": "LineString",
        "coordinates": [
          [
            141.3068456,
            43.0607189
          ],
          [
            141.3056388,
            43.0612886
          ]
        ]
      },
      "type": "Feature",
      "properties": {
        "name": null,
        "type": "residential",
        "slope": 122.86754799290438,
        "sun_diff": 0.8460682064648353,
        "length": 116.76429519155832
      }
    },
    {
      "geometry": {
        "type": "LineString",
        "coordinates": [
          [
            141.3138836,
            43.0783048
          ],
          [
            141.3161912,
            43.0773101
          ]
        ]
      },
      "type": "Feature",
      "properties": {
        "name": null,
        "type": "residential",
        "slope": 120.54633899179328,
        "sun_diff": 1.475140794646265,
        "length": 217.69385635755717
      }
    },
    {
      "geometry": {
        "type": "LineString",
        "coordinates": [
          [
            141.3104892,
            43.0797251
          ],
          [
            141.3122377,
            43.0789699
          ]
        ]
      },
      "type": "Feature",
      "properties": {
        "name": null,
        "type": "residential",
        "slope": 120.59697859263414,
        "sun_diff": 1.4245011938053977,
        "length": 165.0315176555087
      }
    },
    {
      "geometry": {
        "type": "LineString",
        "coordinates": [
          [
            141.3067085,
            43.074607
          ],
          [
            141.3078533,
            43.0740785
          ]
        ]
      },
      "type": "Feature",
      "properties": {
        "name": null,
        "type": "unclassified",
        "slope": 122.29259575248264,
        "sun_diff": 0.27111596604309796,
        "length": 110.03377357291579
      }
    },
    {
      "geometry": {
        "type": "LineString",
        "coordinates": [
          [
            141.3089843,
            43.0804361
          ],
          [
            141.3103722,
            43.0797785
          ]
        ]
      },
      "type": "Feature",
      "properties": {
        "name": null,
        "type": "residential",
        "slope": 122.97129142687055,
        "sun_diff": 0.9498116404310082,
        "length": 134.40268823711284
      }
    },
    {
      "geometry": {
        "type": "LineString",
        "coordinates": [
          [
            141.3192592,
            43.0759004
          ],
          [
            141.31637,
            43.0771447
          ]
        ]
      },
      "type": "Feature",
      "properties": {
        "name": null,
        "type": "residential",
        "slope": 120.52409654211272,
        "sun_diff": 1.4973832443268265,
        "length": 272.50273016570094
      }
    },
    {
      "geometry": {
        "type": "LineString",
        "coordinates": [
          [
            141.3062313,
            43.0661221
          ],
          [
            141.304987,
            43.0667589
          ]
        ]
      },
      "type": "Feature",
      "properties": {
        "name": null,
        "type": "unclassified",
        "slope": 125.01215852319487,
        "sun_diff": 2.990678736755328,
        "length": 123.45337413808316
      }
    },
    {
      "geometry": {
        "type": "LineString",
        "coordinates": [
          [
            141.2759316,
            43.0824458
          ],
          [
            141.2748374,
            43.0829962
          ]
        ]
      },
      "type": "Feature",
      "properties": {
        "name": null,
        "type": "unclassified",
        "slope": 124.55590350367595,
        "sun_diff": 2.5344237172364075,
        "length": 107.93370969321089
      }
    },
    {
      "geometry": {
        "type": "LineString",
        "coordinates": [
          [
            141.2819311,
            43.0784585
          ],
          [
            141.2807093,
            43.0790671
          ]
        ]
      },
      "type": "Feature",
      "properties": {
        "name": null,
        "type": "unclassified",
        "slope": 124.29273725936326,
        "sun_diff": 2.271257472923722,
        "length": 120.14934909463236
      }
    },
    {
      "geometry": {
        "type": "LineString",
        "coordinates": [
          [
            141.2807093,
            43.0790671
          ],
          [
            141.2795719,
            43.0796336
          ]
        ]
      },
      "type": "Feature",
      "properties": {
        "name": null,
        "type": "unclassified",
        "slope": 124.2902120153943,
        "sun_diff": 2.268732228954761,
        "length": 111.84520129353014
      }
    },
    {
      "geometry": {
        "type": "LineString",
        "coordinates": [
          [
            141.2783336,
            43.0647336
          ],
          [
            141.2765139,
            43.0638983
          ]
        ]
      },
      "type": "Feature",
      "properties": {
        "name": null,
        "type": "unclassified",
        "slope": 57.858834385877486,
        "sun_diff": 0.11828882662661044,
        "length": 174.6402061237024
      }
    },
    {
      "geometry": {
        "type": "LineString",
        "coordinates": [
          [
            141.2611878,
            43.0491923
          ],
          [
            141.2625461,
            43.0485223
          ]
        ]
      },
      "type": "Feature",
      "properties": {
        "name": null,
        "type": "unclassified",
        "slope": 124.01880727660193,
        "sun_diff": 2.053854135733417,
        "length": 133.20530883718274
      }
    },
    {
      "geometry": {
        "type": "LineString",
        "coordinates": [
          [
            141.2675449,
            43.0576147
          ],
          [
            141.2663428,
            43.0581042
          ]
        ]
      },
      "type": "Feature",
      "properties": {
        "name": null,
        "type": "unclassified",
        "slope": 119.13130033415928,
        "sun_diff": 2.8901794522802646,
        "length": 111.84419679937609
      }
    },
    {
      "geometry": {
        "type": "LineString",
        "coordinates": [
          [
            141.2686581,
            43.0583752
          ],
          [
            141.2670538,
            43.0590437
          ]
        ]
      },
      "type": "Feature",
      "properties": {
        "name": null,
        "type": "unclassified",
        "slope": 119.69626910033335,
        "sun_diff": 2.325210686106189,
        "length": 150.09514211204478
      }
    },
    {
      "geometry": {
        "type": "LineString",
        "coordinates": [
          [
            141.2684345,
            43.058077
          ],
          [
            141.2668469,
            43.0587459
          ]
        ]
      },
      "type": "Feature",
      "properties": {
        "name": null,
        "type": "unclassified",
        "slope": 119.96967115137633,
        "sun_diff": 2.0518086350632103,
        "length": 148.9404555440472
      }
    },
    {
      "geometry": {
        "type": "LineString",
        "coordinates": [
          [
            141.2733927,
            43.0694909
          ],
          [
            141.2723632,
            43.0689648
          ]
        ]
      },
      "type": "Feature",
      "properties": {
        "name": null,
        "type": "unclassified",
        "slope": 55.02629254673289,
        "sun_diff": 2.950830665771207,
        "length": 102.08966894957884
      }
    },
    {
      "geometry": {
        "type": "LineString",
        "coordinates": [
          [
            141.2723889,
            43.0702093
          ],
          [
            141.2712457,
            43.0696916
          ]
        ]
      },
      "type": "Feature",
      "properties": {
        "name": null,
        "type": "unclassified",
        "slope": 58.20522283356354,
        "sun_diff": 0.22809962105944237,
        "length": 109.29185489777062
      }
    },
    {
      "geometry": {
        "type": "LineString",
        "coordinates": [
          [
            141.2688535,
            43.0850002
          ],
          [
            141.2701624,
            43.0843479
          ]
        ]
      },
      "type": "Feature",
      "properties": {
        "name": null,
        "type": "unclassified",
        "slope": 124.30787749574944,
        "sun_diff": 2.2863977093098953,
        "length": 128.72579174391058
      }
    },
    {
      "geometry": {
        "type": "LineString",
        "coordinates": [
          [
            141.263647,
            43.0899158
          ],
          [
            141.2625141,
            43.0893592
          ]
        ]
      },
      "type": "Feature",
      "properties": {
        "name": null,
        "type": "unclassified",
        "slope": 56.06911885808998,
        "sun_diff": 1.9080043544141176,
        "length": 110.91217486610714
      }
    },
    {
      "geometry": {
        "type": "LineString",
        "coordinates": [
          [
            141.2640271,
            43.089596
          ],
          [
            141.2628983,
            43.0890614
          ]
        ]
      },
      "type": "Feature",
      "properties": {
        "name": null,
        "type": "unclassified",
        "slope": 57.03628960288657,
        "sun_diff": 0.9408336096175276,
        "length": 109.28586822798582
      }
    },
    {
      "geometry": {
        "type": "LineString",
        "coordinates": [
          [
            141.3186076,
            43.0778092
          ],
          [
            141.3196878,
            43.0773134
          ]
        ]
      },
      "type": "Feature",
      "properties": {
        "name": null,
        "type": "residential",
        "slope": 122.14441772563615,
        "sun_diff": 0.12293793919660345,
        "length": 103.65014327148492
      }
    },
    {
      "geometry": {
        "type": "LineString",
        "coordinates": [
          [
            141.2486968,
            43.1143033
          ],
          [
            141.2476525,
            43.1138162
          ]
        ]
      },
      "type": "Feature",
      "properties": {
        "name": null,
        "type": "residential",
        "slope": 57.423180565711306,
        "sun_diff": 0.553942646792791,
        "length": 100.62572353861906
      }
    },
    {
      "geometry": {
        "type": "LineString",
        "coordinates": [
          [
            141.2473512,
            43.1141618
          ],
          [
            141.2462798,
            43.1136389
          ]
        ]
      },
      "type": "Feature",
      "properties": {
        "name": null,
        "type": "unclassified",
        "slope": 56.234653668810466,
        "sun_diff": 1.7424695436936304,
        "length": 104.64672411080811
      }
    },
    {
      "geometry": {
        "type": "LineString",
        "coordinates": [
          [
            141.2421598,
            43.1137143
          ],
          [
            141.2409798,
            43.1142441
          ]
        ]
      },
      "type": "Feature",
      "properties": {
        "name": null,
        "type": "tertiary",
        "slope": 121.59366446233523,
        "sun_diff": 0.42781532410431566,
        "length": 112.48459981085814
      }
    },
    {
      "geometry": {
        "type": "LineString",
        "coordinates": [
          [
            141.2419391,
            43.1166612
          ],
          [
            141.2397757,
            43.1157154
          ]
        ]
      },
      "type": "Feature",
      "properties": {
        "name": null,
        "type": "unclassified",
        "slope": 59.08259176878107,
        "sun_diff": 1.1054685562769748,
        "length": 204.74928319721423
      }
    },
    {
      "geometry": {
        "type": "LineString",
        "coordinates": [
          [
            141.222112,
            43.1227622
          ],
          [
            141.2210057,
            43.1232599
          ]
        ]
      },
      "type": "Feature",
      "properties": {
        "name": null,
        "type": "unclassified",
        "slope": 121.64836970439214,
        "sun_diff": 0.37311008204740403,
        "length": 105.50552580890638
      }
    },
    {
      "geometry": {
        "type": "LineString",
        "coordinates": [
          [
            141.2208946,
            43.1233099
          ],
          [
            141.2195739,
            43.123898
          ]
        ]
      },
      "type": "Feature",
      "properties": {
        "name": null,
        "type": "unclassified",
        "slope": 121.38714181895486,
        "sun_diff": 0.634337967484683,
        "length": 125.59951009754202
      }
    },
    {
      "geometry": {
        "type": "LineString",
        "coordinates": [
          [
            141.2431784,
            43.1184331
          ],
          [
            141.2420355,
            43.1179231
          ]
        ]
      },
      "type": "Feature",
      "properties": {
        "name": null,
        "type": "unclassified",
        "slope": 58.56165546135907,
        "sun_diff": 0.5845322488549698,
        "length": 108.7598487718388
      }
    },
    {
      "geometry": {
        "type": "LineString",
        "coordinates": [
          [
            141.224309,
            43.1182733
          ],
          [
            141.2254415,
            43.1177735
          ]
        ]
      },
      "type": "Feature",
      "properties": {
        "name": null,
        "type": "unclassified",
        "slope": 121.15696014850084,
        "sun_diff": 0.8645196379386988,
        "length": 107.44914704916592
      }
    },
    {
      "geometry": {
        "type": "LineString",
        "coordinates": [
          [
            141.2254415,
            43.1177735
          ],
          [
            141.2269575,
            43.1171044
          ]
        ]
      },
      "type": "Feature",
      "properties": {
        "name": null,
        "type": "unclassified",
        "slope": 121.15865636762786,
        "sun_diff": 0.8628234188116863,
        "length": 143.83879813013732
      }
    },
    {
      "geometry": {
        "type": "LineString",
        "coordinates": [
          [
            141.2265591,
            43.1168829
          ],
          [
            141.2254689,
            43.1173546
          ]
        ]
      },
      "type": "Feature",
      "properties": {
        "name": null,
        "type": "unclassified",
        "slope": 120.65687241036184,
        "sun_diff": 1.3646073760777,
        "length": 102.89805887543511
      }
    },
    {
      "geometry": {
        "type": "LineString",
        "coordinates": [
          [
            141.2254689,
            43.1173546
          ],
          [
            141.2243423,
            43.1178442
          ]
        ]
      },
      "type": "Feature",
      "properties": {
        "name": null,
        "type": "unclassified",
        "slope": 120.76783185258847,
        "sun_diff": 1.2536479338510702,
        "length": 106.45521701722542
      }
    },
    {
      "geometry": {
        "type": "LineString",
        "coordinates": [
          [
            141.2188207,
            43.1225293
          ],
          [
            141.217711,
            43.1230501
          ]
        ]
      },
      "type": "Feature",
      "properties": {
        "name": null,
        "type": "unclassified",
        "slope": 122.74093277918956,
        "sun_diff": 0.7194529927500213,
        "length": 107.10843334514512
      }
    },
    {
      "geometry": {
        "type": "LineString",
        "coordinates": [
          [
            141.2160783,
            43.1228624
          ],
          [
            141.2173135,
            43.1223082
          ]
        ]
      },
      "type": "Feature",
      "properties": {
        "name": null,
        "type": "unclassified",
        "slope": 121.57933255744328,
        "sun_diff": 0.44214722899626224,
        "length": 117.71221142928042
      }
    },
    {
      "geometry": {
        "type": "LineString",
        "coordinates": [
          [
            141.1870863,
            43.1309118
          ],
          [
            141.1859384,
            43.1314053
          ]
        ]
      },
      "type": "Feature",
      "properties": {
        "name": null,
        "type": "unclassified",
        "slope": 120.50219859355087,
        "sun_diff": 1.5192811928886698,
        "length": 108.14652742971539
      }
    },
    {
      "geometry": {
        "type": "LineString",
        "coordinates": [
          [
            141.213311,
            43.1301431
          ],
          [
            141.2119263,
            43.13082
          ]
        ]
      },
      "type": "Feature",
      "properties": {
        "name": null,
        "type": "residential",
        "slope": 123.81557952055599,
        "sun_diff": 1.7940997341164433,
        "length": 135.2899300148419
      }
    },
    {
      "geometry": {
        "type": "LineString",
        "coordinates": [
          [
            141.2425544,
            43.1233401
          ],
          [
            141.243635,
            43.1238469
          ]
        ]
      },
      "type": "Feature",
      "properties": {
        "name": null,
        "type": "unclassified",
        "slope": 57.27635491573551,
        "sun_diff": 0.7007682967685867,
        "length": 104.27810338834415
      }
    },
    {
      "geometry": {
        "type": "LineString",
        "coordinates": [
          [
            141.2347869,
            43.1253273
          ],
          [
            141.2330836,
            43.1260703
          ]
        ]
      },
      "type": "Feature",
      "properties": {
        "name": null,
        "type": "residential",
        "slope": 120.86560036273579,
        "sun_diff": 1.1558794237037517,
        "length": 161.0915192012265
      }
    },
    {
      "geometry": {
        "type": "LineString",
        "coordinates": [
          [
            141.2294104,
            43.1276655
          ],
          [
            141.2280813,
            43.1282694
          ]
        ]
      },
      "type": "Feature",
      "properties": {
        "name": null,
        "type": "residential",
        "slope": 121.90517844605654,
        "sun_diff": 0.11630134038300355,
        "length": 127.09559273530202
      }
    },
    {
      "geometry": {
        "type": "LineString",
        "coordinates": [
          [
            141.2270448,
            43.1287267
          ],
          [
            141.2258899,
            43.1292364
          ]
        ]
      },
      "type": "Feature",
      "properties": {
        "name": null,
        "type": "residential",
        "slope": 121.16242692500973,
        "sun_diff": 0.8590528614298165,
        "length": 109.56086385907815
      }
    },
    {
      "geometry": {
        "type": "LineString",
        "coordinates": [
          [
            141.2231272,
            43.1361069
          ],
          [
            141.2243905,
            43.1355843
          ]
        ]
      },
      "type": "Feature",
      "properties": {
        "name": null,
        "type": "residential",
        "slope": 119.54831333947527,
        "sun_diff": 2.473166446964271,
        "length": 117.87014768681591
      }
    },
    {
      "geometry": {
        "type": "LineString",
        "coordinates": [
          [
            141.223661,
            43.1341221
          ],
          [
            141.2221205,
            43.1347617
          ]
        ]
      },
      "type": "Feature",
      "properties": {
        "name": null,
        "type": "residential",
        "slope": 119.63771077706147,
        "sun_diff": 2.383769009378071,
        "length": 143.8642312409733
      }
    },
    {
      "geometry": {
        "type": "LineString",
        "coordinates": [
          [
            141.2179398,
            43.1353924
          ],
          [
            141.2162925,
            43.1361376
          ]
        ]
      },
      "type": "Feature",
      "properties": {
        "name": null,
        "type": "residential",
        "slope": 121.79569621012809,
        "sun_diff": 0.22578357631145707,
        "length": 157.31657301811236
      }
    },
    {
      "geometry": {
        "type": "LineString",
        "coordinates": [
          [
            141.2452394,
            43.1310294
          ],
          [
            141.2441263,
            43.1315684
          ]
        ]
      },
      "type": "Feature",
      "properties": {
        "name": null,
        "type": "unclassified",
        "slope": 123.56538648469319,
        "sun_diff": 1.5439066982536502,
        "length": 108.4361297385291
      }
    },
    {
      "geometry": {
        "type": "LineString",
        "coordinates": [
          [
            141.2677213,
            43.133146
          ],
          [
            141.2666421,
            43.132658
          ]
        ]
      },
      "type": "Feature",
      "properties": {
        "name": null,
        "type": "residential",
        "slope": 58.216530585022696,
        "sun_diff": 0.239407372518599,
        "length": 103.05470479308237
      }
    },
    {
      "geometry": {
        "type": "LineString",
        "coordinates": [
          [
            141.3375367,
            43.1697428
          ],
          [
            141.3359941,
            43.1690339
          ]
        ]
      },
      "type": "Feature",
      "properties": {
        "name": null,
        "type": "unclassified",
        "slope": 57.78538525047395,
        "sun_diff": 0.13488346737898382,
        "length": 147.91159155876355
      }
    },
    {
      "geometry": {
        "type": "LineString",
        "coordinates": [
          [
            141.3365043,
            43.1688279
          ],
          [
            141.3378061,
            43.1694533
          ]
        ]
      },
      "type": "Feature",
      "properties": {
        "name": null,
        "type": "unclassified",
        "slope": 56.627116214570435,
        "sun_diff": 1.2931525032824993,
        "length": 126.45920847905792
      }
    },
    {
      "geometry": {
        "type": "LineString",
        "coordinates": [
          [
            141.3450463,
            43.1638717
          ],
          [
            141.3438541,
            43.1643607
          ]
        ]
      },
      "type": "Feature",
      "properties": {
        "name": null,
        "type": "residential",
        "slope": 119.3506992971954,
        "sun_diff": 2.727634983895314,
        "length": 110.96831171750999
      }
    },
    {
      "geometry": {
        "type": "LineString",
        "coordinates": [
          [
            141.3449831,
            43.1634549
          ],
          [
            141.3435918,
            43.164025
          ]
        ]
      },
      "type": "Feature",
      "properties": {
        "name": null,
        "type": "residential",
        "slope": 119.32636330891876,
        "sun_diff": 2.7519709721719607,
        "length": 129.47012676796163
      }
    },
    {
      "geometry": {
        "type": "LineString",
        "coordinates": [
          [
            141.3449106,
            43.1630382
          ],
          [
            141.3433325,
            43.1636932
          ]
        ]
      },
      "type": "Feature",
      "properties": {
        "name": null,
        "type": "residential",
        "slope": 119.64143053785943,
        "sun_diff": 2.4369037432312837,
        "length": 147.31133463656917
      }
    },
    {
      "geometry": {
        "type": "LineString",
        "coordinates": [
          [
            141.3211212,
            43.1704132
          ],
          [
            141.3199005,
            43.170999
          ]
        ]
      },
      "type": "Feature",
      "properties": {
        "name": null,
        "type": "unclassified",
        "slope": 123.3448780891159,
        "sun_diff": 1.266543808025176,
        "length": 118.53982848795373
      }
    },
    {
      "geometry": {
        "type": "LineString",
        "coordinates": [
          [
            141.3138781,
            43.1747914
          ],
          [
            141.3128014,
            43.1753027
          ]
        ]
      },
      "type": "Feature",
      "properties": {
        "name": null,
        "type": "unclassified",
        "slope": 123.07109692762498,
        "sun_diff": 0.9927626465342598,
        "length": 104.22235331548501
      }
    },
    {
      "geometry": {
        "type": "LineString",
        "coordinates": [
          [
            141.3206497,
            43.1555552
          ],
          [
            141.3193094,
            43.1561756
          ]
        ]
      },
      "type": "Feature",
      "properties": {
        "name": null,
        "type": "unclassified",
        "slope": 122.39617767853451,
        "sun_diff": 0.3178433974437951,
        "length": 128.80000400066692
      }
    },
    {
      "geometry": {
        "type": "LineString",
        "coordinates": [
          [
            141.3193094,
            43.1561756
          ],
          [
            141.3180077,
            43.1567781
          ]
        ]
      },
      "type": "Feature",
      "properties": {
        "name": null,
        "type": "unclassified",
        "slope": 122.39502324552475,
        "sun_diff": 0.3166889644340358,
        "length": 125.08777978719219
      }
    },
    {
      "geometry": {
        "type": "LineString",
        "coordinates": [
          [
            141.3177449,
            43.1564063
          ],
          [
            141.3189868,
            43.1558245
          ]
        ]
      },
      "type": "Feature",
      "properties": {
        "name": null,
        "type": "unclassified",
        "slope": 122.70820210670848,
        "sun_diff": 0.6298678256177652,
        "length": 119.75942964270607
      }
    },
    {
      "geometry": {
        "type": "LineString",
        "coordinates": [
          [
            141.3189868,
            43.1558245
          ],
          [
            141.3202944,
            43.155212
          ]
        ]
      },
      "type": "Feature",
      "properties": {
        "name": null,
        "type": "unclassified",
        "slope": 122.70458742118433,
        "sun_diff": 0.6262531400936098,
        "length": 126.09117314873352
      }
    },
    {
      "geometry": {
        "type": "LineString",
        "coordinates": [
          [
            141.3174632,
            43.156058
          ],
          [
            141.3186802,
            43.1554822
          ]
        ]
      },
      "type": "Feature",
      "properties": {
        "name": null,
        "type": "unclassified",
        "slope": 122.9661572586854,
        "sun_diff": 0.8878229775946807,
        "length": 117.700419010626
      }
    },
    {
      "geometry": {
        "type": "LineString",
        "coordinates": [
          [
            141.3186802,
            43.1554822
          ],
          [
            141.3199514,
            43.1548807
          ]
        ]
      },
      "type": "Feature",
      "properties": {
        "name": null,
        "type": "unclassified",
        "slope": 122.96834907327977,
        "sun_diff": 0.8900147921890493,
        "length": 122.94653712324745
      }
    },
    {
      "geometry": {
        "type": "LineString",
        "coordinates": [
          [
            141.3223393,
            43.1663414
          ],
          [
            141.3234337,
            43.1658739
          ]
        ]
      },
      "type": "Feature",
      "properties": {
        "name": null,
        "type": "unclassified",
        "slope": 120.35628085793275,
        "sun_diff": 1.7220534231579734,
        "length": 102.8933945944168
      }
    },
    {
      "geometry": {
        "type": "LineString",
        "coordinates": [
          [
            141.5034397,
            43.0933397
          ],
          [
            141.4977269,
            43.0961519
          ]
        ]
      },
      "type": "Feature",
      "properties": {
        "name": "\u5341\u4e01\u76ee\u901a",
        "type": "tertiary",
        "slope": 123.98551008872064,
        "sun_diff": 1.9640303022811025,
        "length": 559.597249603302
      }
    },
    {
      "geometry": {
        "type": "LineString",
        "coordinates": [
          [
            141.4977269,
            43.0961519
          ],
          [
            141.4955192,
            43.0972386
          ]
        ]
      },
      "type": "Feature",
      "properties": {
        "name": "\u5341\u4e01\u76ee\u901a",
        "type": "tertiary",
        "slope": 123.98429524488836,
        "sun_diff": 1.9628154584488158,
        "length": 216.24620154837248
      }
    },
    {
      "geometry": {
        "type": "LineString",
        "coordinates": [
          [
            141.4952529,
            43.0973697
          ],
          [
            141.4938804,
            43.0980453
          ]
        ]
      },
      "type": "Feature",
      "properties": {
        "name": "\u5341\u4e01\u76ee\u901a",
        "type": "tertiary",
        "slope": 123.98511461860474,
        "sun_diff": 1.963634832165198,
        "length": 134.43682465449857
      }
    },
    {
      "geometry": {
        "type": "LineString",
        "coordinates": [
          [
            141.2183445,
            43.1609606
          ],
          [
            141.2171308,
            43.1604641
          ]
        ]
      },
      "type": "Feature",
      "properties": {
        "name": null,
        "type": "path",
        "slope": 60.71573799295035,
        "sun_diff": 2.7954692750974175,
        "length": 112.9024713080117
      }
    },
    {
      "geometry": {
        "type": "LineString",
        "coordinates": [
          [
            141.4966329,
            43.0709936
          ],
          [
            141.4949185,
            43.0702562
          ]
        ]
      },
      "type": "Feature",
      "properties": {
        "name": null,
        "type": "residential",
        "slope": 59.51083192647593,
        "sun_diff": 1.5337087139718335,
        "length": 161.6564438417259
      }
    },
    {
      "geometry": {
        "type": "LineString",
        "coordinates": [
          [
            141.4969331,
            43.070303
          ],
          [
            141.4953864,
            43.0696372
          ]
        ]
      },
      "type": "Feature",
      "properties": {
        "name": null,
        "type": "residential",
        "slope": 59.49108123638294,
        "sun_diff": 1.5139580238788426,
        "length": 145.8746088977343
      }
    },
    {
      "geometry": {
        "type": "LineString",
        "coordinates": [
          [
            141.4968708,
            43.0706873
          ],
          [
            141.4950103,
            43.0698734
          ]
        ]
      },
      "type": "Feature",
      "properties": {
        "name": null,
        "type": "residential",
        "slope": 59.08527785812106,
        "sun_diff": 1.1081546456169633,
        "length": 176.209157365514
      }
    },
    {
      "geometry": {
        "type": "LineString",
        "coordinates": [
          [
            141.4035727,
            43.0843791
          ],
          [
            141.4022171,
            43.0849407
          ]
        ]
      },
      "type": "Feature",
      "properties": {
        "name": null,
        "type": "residential",
        "slope": 119.5637833558269,
        "sun_diff": 2.4576964306126428,
        "length": 126.60697913975869
      }
    },
    {
      "geometry": {
        "type": "LineString",
        "coordinates": [
          [
            141.2373304,
            43.1344352
          ],
          [
            141.2393557,
            43.1334149
          ]
        ]
      },
      "type": "Feature",
      "properties": {
        "name": "\u4e0b\u624b\u7a32\u901a",
        "type": "tertiary",
        "slope": 124.61845433650984,
        "sun_diff": 2.5969745500703,
        "length": 199.7630558761479
      }
    },
    {
      "geometry": {
        "type": "LineString",
        "coordinates": [
          [
            141.2393557,
            43.1334149
          ],
          [
            141.2407832,
            43.1326918
          ]
        ]
      },
      "type": "Feature",
      "properties": {
        "name": "\u4e0b\u624b\u7a32\u901a",
        "type": "tertiary",
        "slope": 124.76530763560436,
        "sun_diff": 2.7438278491648163,
        "length": 141.0516975541355
      }
    },
    {
      "geometry": {
        "type": "LineString",
        "coordinates": [
          [
            141.147672,
            43.1451154
          ],
          [
            141.1492966,
            43.1444458
          ]
        ]
      },
      "type": "Feature",
      "properties": {
        "name": null,
        "type": "unclassified",
        "slope": 119.46173964608488,
        "sun_diff": 2.5597401403546627,
        "length": 151.42901316256163
      }
    },
    {
      "geometry": {
        "type": "LineString",
        "coordinates": [
          [
            141.2219858,
            43.1362501
          ],
          [
            141.2204433,
            43.13689
          ]
        ]
      },
      "type": "Feature",
      "properties": {
        "name": null,
        "type": "service",
        "slope": 119.61816853582201,
        "sun_diff": 2.4033112506175343,
        "length": 144.01805521070312
      }
    },
    {
      "geometry": {
        "type": "LineString",
        "coordinates": [
          [
            141.3107817,
            43.0800473
          ],
          [
            141.3121025,
            43.0794456
          ]
        ]
      },
      "type": "Feature",
      "properties": {
        "name": "\u9244\u5de5\u56e3\u5730\u901a",
        "type": "tertiary",
        "slope": 121.95191283011815,
        "sun_diff": 0.06956695632139542,
        "length": 126.4660379451132
      }
    },
    {
      "geometry": {
        "type": "LineString",
        "coordinates": [
          [
            141.3129977,
            43.0790655
          ],
          [
            141.3141641,
            43.0785633
          ]
        ]
      },
      "type": "Feature",
      "properties": {
        "name": "\u9244\u5de5\u56e3\u5730\u901a",
        "type": "tertiary",
        "slope": 120.51784907939592,
        "sun_diff": 1.5036307070436266,
        "length": 110.00139626934372
      }
    },
    {
      "geometry": {
        "type": "LineString",
        "coordinates": [
          [
            141.3152076,
            43.0781139
          ],
          [
            141.316436,
            43.0775849
          ]
        ]
      },
      "type": "Feature",
      "properties": {
        "name": "\u9244\u5de5\u56e3\u5730\u901a",
        "type": "tertiary",
        "slope": 120.52245091282745,
        "sun_diff": 1.4990288736120903,
        "length": 115.85583777819855
      }
    },
    {
      "geometry": {
        "type": "LineString",
        "coordinates": [
          [
            141.425377,
            43.157463
          ],
          [
            141.4301333,
            43.1552687
          ]
        ]
      },
      "type": "Feature",
      "properties": {
        "name": null,
        "type": "unclassified",
        "slope": 122.30973234150179,
        "sun_diff": 0.2313980604110668,
        "length": 456.6330333865907
      }
    },
    {
      "geometry": {
        "type": "LineString",
        "coordinates": [
          [
            141.4022687,
            43.1836664
          ],
          [
            141.4008967,
            43.1829657
          ]
        ]
      },
      "type": "Feature",
      "properties": {
        "name": null,
        "type": "unclassified",
        "slope": 54.992488624414904,
        "sun_diff": 2.927780093438031,
        "length": 135.85609572515773
      }
    },
    {
      "geometry": {
        "type": "LineString",
        "coordinates": [
          [
            141.4008967,
            43.1829657
          ],
          [
            141.3994718,
            43.1822379
          ]
        ]
      },
      "type": "Feature",
      "properties": {
        "name": null,
        "type": "unclassified",
        "slope": 54.98973108902476,
        "sun_diff": 2.9305376288281764,
        "length": 141.1006966056966
      }
    },
    {
      "geometry": {
        "type": "LineString",
        "coordinates": [
          [
            141.339947,
            43.171696
          ],
          [
            141.341881,
            43.17267
          ]
        ]
      },
      "type": "Feature",
      "properties": {
        "name": null,
        "type": "service",
        "slope": 55.37272974818157,
        "sun_diff": 2.547538969671365,
        "length": 190.65765987287057
      }
    },
    {
      "geometry": {
        "type": "LineString",
        "coordinates": [
          [
            141.3898246,
            43.0804733
          ],
          [
            141.3886448,
            43.0809634
          ]
        ]
      },
      "type": "Feature",
      "properties": {
        "name": "\u672d\u5e4c\u74b0\u72b6\u7dda",
        "type": "primary",
        "slope": 119.62908420186315,
        "sun_diff": 2.3923955845763913,
        "length": 110.26650810921232
      }
    },
    {
      "geometry": {
        "type": "LineString",
        "coordinates": [
          [
            141.4002948,
            43.0764254
          ],
          [
            141.4017624,
            43.0758306
          ]
        ]
      },
      "type": "Feature",
      "properties": {
        "name": "\u672d\u5e4c\u74b0\u72b6\u7dda",
        "type": "primary",
        "slope": 119.02353087570106,
        "sun_diff": 2.9979489107384865,
        "length": 136.36339001277696
      }
    },
    {
      "geometry": {
        "type": "LineString",
        "coordinates": [
          [
            141.3971418,
            43.0777111
          ],
          [
            141.3989854,
            43.0769589
          ]
        ]
      },
      "type": "Feature",
      "properties": {
        "name": "\u672d\u5e4c\u74b0\u72b6\u7dda",
        "type": "primary",
        "slope": 119.18676730601646,
        "sun_diff": 2.8347124804230788,
        "length": 171.56835749513002
      }
    },
    {
      "geometry": {
        "type": "LineString",
        "coordinates": [
          [
            141.3812809,
            43.0759463
          ],
          [
            141.3799875,
            43.0753804
          ]
        ]
      },
      "type": "Feature",
      "properties": {
        "name": null,
        "type": "tertiary",
        "slope": 59.07920150864484,
        "sun_diff": 1.1020782961407463,
        "length": 122.4957055177737
      }
    },
    {
      "geometry": {
        "type": "LineString",
        "coordinates": [
          [
            141.3316122,
            43.0716676
          ],
          [
            141.3329033,
            43.0710994
          ]
        ]
      },
      "type": "Feature",
      "properties": {
        "name": "\u9244\u5de5\u56e3\u5730\u901a",
        "type": "tertiary",
        "slope": 121.06663165559547,
        "sun_diff": 0.9548481308440699,
        "length": 122.47353363138002
      }
    },
    {
      "geometry": {
        "type": "LineString",
        "coordinates": [
          [
            141.4983185,
            42.9669552
          ],
          [
            141.4994487,
            42.96752
          ]
        ]
      },
      "type": "Feature",
      "properties": {
        "name": null,
        "type": "unclassified",
        "slope": 55.66927300233684,
        "sun_diff": 2.3643768557383,
        "length": 111.39407870035103
      }
    },
    {
      "geometry": {
        "type": "LineString",
        "coordinates": [
          [
            141.391258,
            42.953899
          ],
          [
            141.389966,
            42.953259
          ]
        ]
      },
      "type": "Feature",
      "properties": {
        "name": null,
        "type": "service",
        "slope": 55.90988666106685,
        "sun_diff": 2.1237631970082873,
        "length": 127.00684152021613
      }
    },
    {
      "geometry": {
        "type": "LineString",
        "coordinates": [
          [
            141.4098591,
            42.9308232
          ],
          [
            141.4084675,
            42.930128
          ]
        ]
      },
      "type": "Feature",
      "properties": {
        "name": "\u771f\u99d2\u5185\u5fa1\u6599\u672d\u5e4c\u7dda",
        "type": "secondary",
        "slope": 55.69432901627144,
        "sun_diff": 2.3955196382945587,
        "length": 137.19945101876462
      }
    },
    {
      "geometry": {
        "type": "LineString",
        "coordinates": [
          [
            141.3892705,
            42.922303
          ],
          [
            141.3874786,
            42.9230622
          ]
        ]
      },
      "type": "Feature",
      "properties": {
        "name": "\u771f\u99d2\u5185\u5fa1\u6599\u672d\u5e4c\u7dda",
        "type": "secondary",
        "slope": 120.05329932807754,
        "sun_diff": 1.8554686766784414,
        "length": 168.6205435564873
      }
    },
    {
      "geometry": {
        "type": "LineString",
        "coordinates": [
          [
            141.264615,
            43.020186
          ],
          [
            141.26349,
            43.020748
          ]
        ]
      },
      "type": "Feature",
      "properties": {
        "name": null,
        "type": "path",
        "slope": 124.34428020712053,
        "sun_diff": 2.379327066252017,
        "length": 110.8034649650706
      }
    },
    {
      "geometry": {
        "type": "LineString",
        "coordinates": [
          [
            141.479176,
            42.934912
          ],
          [
            141.480616,
            42.935509
          ]
        ]
      },
      "type": "Feature",
      "properties": {
        "name": null,
        "type": "residential",
        "slope": 60.47811325999109,
        "sun_diff": 2.3882646054250927,
        "length": 134.76133149684574
      }
    },
    {
      "geometry": {
        "type": "LineString",
        "coordinates": [
          [
            141.457487,
            42.936455
          ],
          [
            141.458562,
            42.93599
          ]
        ]
      },
      "type": "Feature",
      "properties": {
        "name": null,
        "type": "path",
        "slope": 120.57601517575446,
        "sun_diff": 1.332752829001521,
        "length": 101.67810941944539
      }
    },
    {
      "geometry": {
        "type": "LineString",
        "coordinates": [
          [
            141.5014914,
            42.9179985
          ],
          [
            141.5035134,
            42.9188939
          ]
        ]
      },
      "type": "Feature",
      "properties": {
        "name": null,
        "type": "tertiary",
        "slope": 58.838878210932336,
        "sun_diff": 0.7490295563663381,
        "length": 192.47540825854628
      }
    },
    {
      "geometry": {
        "type": "LineString",
        "coordinates": [
          [
            141.4908472,
            42.9997391
          ],
          [
            141.4922247,
            42.9990863
          ]
        ]
      },
      "type": "Feature",
      "properties": {
        "name": null,
        "type": "service",
        "slope": 122.94200985266298,
        "sun_diff": 0.9770430514161319,
        "length": 133.52686499562182
      }
    },
    {
      "geometry": {
        "type": "LineString",
        "coordinates": [
          [
            141.49874,
            42.962741
          ],
          [
            141.500065,
            42.963326
          ]
        ]
      },
      "type": "Feature",
      "properties": {
        "name": null,
        "type": "residential",
        "slope": 58.89624404436245,
        "sun_diff": 0.8625941862873105,
        "length": 125.96013734968992
      }
    },
    {
      "geometry": {
        "type": "LineString",
        "coordinates": [
          [
            141.2582789,
            42.9658005
          ],
          [
            141.2594206,
            42.965289
          ]
        ]
      },
      "type": "Feature",
      "properties": {
        "name": null,
        "type": "tertiary",
        "slope": 121.47659249338125,
        "sun_diff": 0.48836064748726926,
        "length": 108.9607727246204
      }
    },
    {
      "geometry": {
        "type": "LineString",
        "coordinates": [
          [
            141.324509,
            42.909841
          ],
          [
            141.325603,
            42.909284
          ]
        ]
      },
      "type": "Feature",
      "properties": {
        "name": null,
        "type": "unclassified",
        "slope": 124.80458127709323,
        "sun_diff": 2.89581327233725,
        "length": 108.54429490486461
      }
    },
    {
      "geometry": {
        "type": "LineString",
        "coordinates": [
          [
            141.1549385,
            42.9339301
          ],
          [
            141.1561154,
            42.9334531
          ]
        ]
      },
      "type": "Feature",
      "properties": {
        "name": null,
        "type": "path",
        "slope": 118.96809983966654,
        "sun_diff": 2.9406681650894484,
        "length": 109.54779797259839
      }
    },
    {
      "geometry": {
        "type": "LineString",
        "coordinates": [
          [
            141.0941087,
            43.0748651
          ],
          [
            141.095289,
            43.074377
          ]
        ]
      },
      "type": "Feature",
      "properties": {
        "name": "\u79e9\u7236\u6ca2\u6797\u9053",
        "type": "path",
        "slope": 119.5154552826001,
        "sun_diff": 2.5060245038394413,
        "length": 110.20034782294948
      }
    },
    {
      "geometry": {
        "type": "LineString",
        "coordinates": [
          [
            141.095289,
            43.074377
          ],
          [
            141.096325,
            43.073857
          ]
        ]
      },
      "type": "Feature",
      "properties": {
        "name": "\u79e9\u7236\u6ca2\u6797\u9053",
        "type": "path",
        "slope": 124.49412117616177,
        "sun_diff": 2.4726413897222272,
        "length": 102.13161385885252
      }
    },
    {
      "geometry": {
        "type": "LineString",
        "coordinates": [
          [
            141.282937,
            43.009204
          ],
          [
            141.281791,
            43.00873
          ]
        ]
      },
      "type": "Feature",
      "properties": {
        "name": null,
        "type": "path",
        "slope": 60.50644943849261,
        "sun_diff": 2.4727995804174725,
        "length": 107.08926834898996
      }
    },
    {
      "geometry": {
        "type": "LineString",
        "coordinates": [
          [
            141.2498261,
            42.9632394
          ],
          [
            141.248286,
            42.962472
          ]
        ]
      },
      "type": "Feature",
      "properties": {
        "name": null,
        "type": "tertiary",
        "slope": 55.74923604854561,
        "sun_diff": 2.284413809529525,
        "length": 151.66132099601396
      }
    },
    {
      "geometry": {
        "type": "LineString",
        "coordinates": [
          [
            141.247834,
            42.962236
          ],
          [
            141.246325,
            42.961514
          ]
        ]
      },
      "type": "Feature",
      "properties": {
        "name": null,
        "type": "unclassified",
        "slope": 56.82311554043838,
        "sun_diff": 1.210534317636757,
        "length": 146.75411848185894
      }
    },
    {
      "geometry": {
        "type": "LineString",
        "coordinates": [
          [
            141.251242,
            42.9639614
          ],
          [
            141.2498261,
            42.9632394
          ]
        ]
      },
      "type": "Feature",
      "properties": {
        "name": null,
        "type": "tertiary",
        "slope": 55.13063820340898,
        "sun_diff": 2.903011654666159,
        "length": 140.46983975147052
      }
    },
    {
      "geometry": {
        "type": "LineString",
        "coordinates": [
          [
            141.301643,
            42.901319
          ],
          [
            141.299823,
            42.902096
          ]
        ]
      },
      "type": "Feature",
      "properties": {
        "name": null,
        "type": "residential",
        "slope": 120.2343089298491,
        "sun_diff": 1.6744590749068777,
        "length": 171.63767594901944
      }
    },
    {
      "geometry": {
        "type": "LineString",
        "coordinates": [
          [
            141.3289931,
            42.9179206
          ],
          [
            141.3261887,
            42.916763
          ]
        ]
      },
      "type": "Feature",
      "properties": {
        "name": null,
        "type": "tertiary",
        "slope": 60.59255135238763,
        "sun_diff": 2.5027026978216327,
        "length": 262.2286691084623
      }
    },
    {
      "geometry": {
        "type": "LineString",
        "coordinates": [
          [
            141.4726826,
            43.1452084
          ],
          [
            141.4748205,
            43.1442927
          ]
        ]
      },
      "type": "Feature",
      "properties": {
        "name": null,
        "type": "service",
        "slope": 120.41424440538785,
        "sun_diff": 1.6072353810516944,
        "length": 201.19102661507029
      }
    },
    {
      "geometry": {
        "type": "LineString",
        "coordinates": [
          [
            141.4748205,
            43.1442927
          ],
          [
            141.4766405,
            43.1434727
          ]
        ]
      },
      "type": "Feature",
      "properties": {
        "name": null,
        "type": "service",
        "slope": 121.69501771321029,
        "sun_diff": 0.32646207322925136,
        "length": 173.59806963500074
      }
    },
    {
      "geometry": {
        "type": "LineString",
        "coordinates": [
          [
            141.4766405,
            43.1434727
          ],
          [
            141.4780005,
            43.1428817
          ]
        ]
      },
      "type": "Feature",
      "properties": {
        "name": null,
        "type": "service",
        "slope": 120.77680326393846,
        "sun_diff": 1.2446765225010807,
        "length": 128.46830348950365
      }
    },
    {
      "geometry": {
        "type": "LineString",
        "coordinates": [
          [
            141.4780005,
            43.1428817
          ],
          [
            141.4804115,
            43.1418127
          ]
        ]
      },
      "type": "Feature",
      "properties": {
        "name": null,
        "type": "service",
        "slope": 121.28521549031737,
        "sun_diff": 0.7362642961221724,
        "length": 228.97024930345313
      }
    },
    {
      "geometry": {
        "type": "LineString",
        "coordinates": [
          [
            141.4804115,
            43.1418127
          ],
          [
            141.4830665,
            43.1406332
          ]
        ]
      },
      "type": "Feature",
      "properties": {
        "name": null,
        "type": "service",
        "slope": 121.33468443770718,
        "sun_diff": 0.6867953487323604,
        "length": 252.27983631723203
      }
    },
    {
      "geometry": {
        "type": "LineString",
        "coordinates": [
          [
            141.4831375,
            43.1406029
          ],
          [
            141.4880922,
            43.1384676
          ]
        ]
      },
      "type": "Feature",
      "properties": {
        "name": null,
        "type": "service",
        "slope": 120.566199404251,
        "sun_diff": 1.4552803821885476,
        "length": 467.04094356275357
      }
    },
    {
      "geometry": {
        "type": "LineString",
        "coordinates": [
          [
            141.475025,
            43.153885
          ],
          [
            141.476577,
            43.153188
          ]
        ]
      },
      "type": "Feature",
      "properties": {
        "name": null,
        "type": "service",
        "slope": 121.61649225845625,
        "sun_diff": 0.4618556830128142,
        "length": 147.88683981580093
      }
    },
    {
      "geometry": {
        "type": "LineString",
        "coordinates": [
          [
            141.476577,
            43.153188
          ],
          [
            141.478205,
            43.152457
          ]
        ]
      },
      "type": "Feature",
      "properties": {
        "name": null,
        "type": "service",
        "slope": 121.61158765929105,
        "sun_diff": 0.466760282178015,
        "length": 155.12237151839884
      }
    },
    {
      "geometry": {
        "type": "LineString",
        "coordinates": [
          [
            141.479119,
            43.152051
          ],
          [
            141.481407,
            43.15105
          ]
        ]
      },
      "type": "Feature",
      "properties": {
        "name": null,
        "type": "service",
        "slope": 120.95036217827118,
        "sun_diff": 1.1279857631978842,
        "length": 216.49118060035426
      }
    },
    {
      "geometry": {
        "type": "LineString",
        "coordinates": [
          [
            141.4751601,
            43.1543101
          ],
          [
            141.4817033,
            43.1514349
          ]
        ]
      },
      "type": "Feature",
      "properties": {
        "name": null,
        "type": "unclassified",
        "slope": 121.06118359170989,
        "sun_diff": 1.0171643497591702,
        "length": 619.8286030939933
      }
    },
    {
      "geometry": {
        "type": "LineString",
        "coordinates": [
          [
            141.337507,
            42.842973
          ],
          [
            141.3386074,
            42.8434616
          ]
        ]
      },
      "type": "Feature",
      "properties": {
        "name": "\u65e7\u9053\u9053\u6075\u5ead\u5cb3\u516c\u5712\u7dda",
        "type": "unclassified",
        "slope": 58.801714449738114,
        "sun_diff": 0.6559948477614057,
        "length": 104.91680574969386
      }
    },
    {
      "geometry": {
        "type": "LineString",
        "coordinates": [
          [
            141.4867436,
            42.8990824
          ],
          [
            141.4879503,
            42.8996761
          ]
        ]
      },
      "type": "Feature",
      "properties": {
        "name": null,
        "type": "service",
        "slope": 56.11336532867202,
        "sun_diff": 1.9764833258939802,
        "length": 118.4417470484568
      }
    },
    {
      "geometry": {
        "type": "LineString",
        "coordinates": [
          [
            141.4444718,
            42.8955699
          ],
          [
            141.4465454,
            42.8964267
          ]
        ]
      },
      "type": "Feature",
      "properties": {
        "name": null,
        "type": "service",
        "slope": 60.576034171043744,
        "sun_diff": 2.4861855164777467,
        "length": 193.99227975523138
      }
    },
    {
      "geometry": {
        "type": "LineString",
        "coordinates": [
          [
            141.476469,
            42.842978
          ],
          [
            141.47955,
            42.844306
          ]
        ]
      },
      "type": "Feature",
      "properties": {
        "name": null,
        "type": "residential",
        "slope": 59.55000066399202,
        "sun_diff": 1.4042810620153148,
        "length": 291.47278446777295
      }
    },
    {
      "geometry": {
        "type": "LineString",
        "coordinates": [
          [
            141.480147,
            42.844559
          ],
          [
            141.483282,
            42.845916
          ]
        ]
      },
      "type": "Feature",
      "properties": {
        "name": null,
        "type": "residential",
        "slope": 59.44341982091504,
        "sun_diff": 1.2977002189383313,
        "length": 296.8988668963461
      }
    },
    {
      "geometry": {
        "type": "LineString",
        "coordinates": [
          [
            141.483496,
            42.86535
          ],
          [
            141.4846455,
            42.8658903
          ]
        ]
      },
      "type": "Feature",
      "properties": {
        "name": null,
        "type": "service",
        "slope": 57.328452249555994,
        "sun_diff": 0.7613964050100037,
        "length": 111.32859322320034
      }
    },
    {
      "geometry": {
        "type": "LineString",
        "coordinates": [
          [
            141.431983,
            43.172417
          ],
          [
            141.4302907,
            43.1731171
          ]
        ]
      },
      "type": "Feature",
      "properties": {
        "name": null,
        "type": "service",
        "slope": 119.56453441750088,
        "sun_diff": 2.5137998635898384,
        "length": 157.82687819791266
      }
    },
    {
      "geometry": {
        "type": "LineString",
        "coordinates": [
          [
            141.4841304,
            43.1725394
          ],
          [
            141.4852225,
            43.1730577
          ]
        ]
      },
      "type": "Feature",
      "properties": {
        "name": null,
        "type": "unclassified",
        "slope": 56.94568667867105,
        "sun_diff": 0.9745820391818825,
        "length": 105.6967754969817
      }
    },
    {
      "geometry": {
        "type": "LineString",
        "coordinates": [
          [
            141.4297563,
            43.1727066
          ],
          [
            141.4274563,
            43.173837
          ]
        ]
      },
      "type": "Feature",
      "properties": {
        "name": null,
        "type": "service",
        "slope": 123.97687850033182,
        "sun_diff": 1.8985442192411028,
        "length": 224.9854803104006
      }
    },
    {
      "geometry": {
        "type": "LineString",
        "coordinates": [
          [
            141.3242,
            43.0749307
          ],
          [
            141.3283118,
            43.0731212
          ]
        ]
      },
      "type": "Feature",
      "properties": {
        "name": "\u9244\u5de5\u56e3\u5730\u901a",
        "type": "tertiary",
        "slope": 121.06660739104555,
        "sun_diff": 0.9548723953939913,
        "length": 390.02880692573723
      }
    },
    {
      "geometry": {
        "type": "LineString",
        "coordinates": [
          [
            141.3224603,
            43.0476858
          ],
          [
            141.3236068,
            43.0482427
          ]
        ]
      },
      "type": "Feature",
      "properties": {
        "name": null,
        "type": "unclassified",
        "slope": 56.38854283984193,
        "sun_diff": 1.6451070182332046,
        "length": 111.90169540301912
      }
    },
    {
      "geometry": {
        "type": "LineString",
        "coordinates": [
          [
            141.3236068,
            43.0482427
          ],
          [
            141.3250639,
            43.0489343
          ]
        ]
      },
      "type": "Feature",
      "properties": {
        "name": null,
        "type": "unclassified",
        "slope": 56.99596351675865,
        "sun_diff": 1.037686341316487,
        "length": 141.2284256923695
      }
    },
    {
      "geometry": {
        "type": "LineString",
        "coordinates": [
          [
            141.3319247,
            43.0775947
          ],
          [
            141.3336516,
            43.0783909
          ]
        ]
      },
      "type": "Feature",
      "properties": {
        "name": "\u5e73\u6210\u30dd\u30d7\u30e9\u4e26\u6728",
        "type": "service",
        "slope": 57.73896315894706,
        "sun_diff": 0.2381600535570385,
        "length": 165.91485831701053
      }
    },
    {
      "geometry": {
        "type": "LineString",
        "coordinates": [
          [
            141.497626,
            43.0441211
          ],
          [
            141.4988514,
            43.0436198
          ]
        ]
      },
      "type": "Feature",
      "properties": {
        "name": null,
        "type": "service",
        "slope": 119.23830418095707,
        "sun_diff": 2.7266626202897726,
        "length": 114.15728610063378
      }
    },
    {
      "geometry": {
        "type": "LineString",
        "coordinates": [
          [
            141.3091717,
            43.0567402
          ],
          [
            141.3079957,
            43.0562543
          ]
        ]
      },
      "type": "Feature",
      "properties": {
        "name": "\u5357\u5341\u4e5d\u6761\u5bae\u306e\u6ca2\u7dda",
        "type": "primary",
        "slope": 60.51311139393633,
        "sun_diff": 2.5359881814322307,
        "length": 109.80035970042626
      }
    },
    {
      "geometry": {
        "type": "LineString",
        "coordinates": [
          [
            141.311241,
            43.0806498
          ],
          [
            141.3127044,
            43.08
          ]
        ]
      },
      "type": "Feature",
      "properties": {
        "name": null,
        "type": "service",
        "slope": 121.29678289872456,
        "sun_diff": 0.724696887714984,
        "length": 139.13548040240025
      }
    },
    {
      "geometry": {
        "type": "LineString",
        "coordinates": [
          [
            141.3115485,
            43.0809409
          ],
          [
            141.3128514,
            43.0803701
          ]
        ]
      },
      "type": "Feature",
      "properties": {
        "name": null,
        "type": "service",
        "slope": 120.95578606643187,
        "sun_diff": 1.0656937200076726,
        "length": 123.43055285825622
      }
    },
    {
      "geometry": {
        "type": "LineString",
        "coordinates": [
          [
            141.3109263,
            43.0803532
          ],
          [
            141.3123962,
            43.0797117
          ]
        ]
      },
      "type": "Feature",
      "properties": {
        "name": null,
        "type": "service",
        "slope": 120.85876529722933,
        "sun_diff": 1.1627144892102166,
        "length": 139.1116819864008
      }
    },
    {
      "geometry": {
        "type": "LineString",
        "coordinates": [
          [
            141.4215655,
            43.0142703
          ],
          [
            141.4226029,
            43.0137475
          ]
        ]
      },
      "type": "Feature",
      "properties": {
        "name": null,
        "type": "residential",
        "slope": 124.57546199431704,
        "sun_diff": 2.610495193070193,
        "length": 102.46994519381707
      }
    },
    {
      "geometry": {
        "type": "LineString",
        "coordinates": [
          [
            141.3210536,
            43.0467062
          ],
          [
            141.3221393,
            43.0472266
          ]
        ]
      },
      "type": "Feature",
      "properties": {
        "name": null,
        "type": "unclassified",
        "slope": 56.73934628548943,
        "sun_diff": 1.2943035725857044,
        "length": 105.54163892828463
      }
    },
    {
      "geometry": {
        "type": "LineString",
        "coordinates": [
          [
            141.3972595,
            43.0199226
          ],
          [
            141.3983214,
            43.0194004
          ]
        ]
      },
      "type": "Feature",
      "properties": {
        "name": null,
        "type": "residential",
        "slope": 123.92514928555556,
        "sun_diff": 1.9601824843087172,
        "length": 104.07287716691548
      }
    },
    {
      "geometry": {
        "type": "LineString",
        "coordinates": [
          [
            141.3603662,
            43.0403481
          ],
          [
            141.3619786,
            43.0395543
          ]
        ]
      },
      "type": "Feature",
      "properties": {
        "name": null,
        "type": "service",
        "slope": 123.96350735141093,
        "sun_diff": 1.9985405501640798,
        "length": 158.04442077182492
      }
    },
    {
      "geometry": {
        "type": "LineString",
        "coordinates": [
          [
            141.3615304,
            43.0391519
          ],
          [
            141.3601457,
            43.0398467
          ]
        ]
      },
      "type": "Feature",
      "properties": {
        "name": null,
        "type": "service",
        "slope": 124.47070390991297,
        "sun_diff": 2.505737108666125,
        "length": 136.54569657291316
      }
    },
    {
      "geometry": {
        "type": "LineString",
        "coordinates": [
          [
            141.4622703,
            43.0214274
          ],
          [
            141.4634284,
            43.0219135
          ]
        ]
      },
      "type": "Feature",
      "properties": {
        "name": null,
        "type": "service",
        "slope": 60.138755757444926,
        "sun_diff": 2.1051058993697893,
        "length": 108.59378971828936
      }
    },
    {
      "geometry": {
        "type": "LineString",
        "coordinates": [
          [
            141.4287966,
            43.1207954
          ],
          [
            141.427366,
            43.1201649
          ]
        ]
      },
      "type": "Feature",
      "properties": {
        "name": null,
        "type": "path",
        "slope": 58.87656939644839,
        "sun_diff": 0.899446183944292,
        "length": 135.6788367748623
      }
    },
    {
      "geometry": {
        "type": "LineString",
        "coordinates": [
          [
            141.4955557,
            42.9505912
          ],
          [
            141.4938619,
            42.9497902
          ]
        ]
      },
      "type": "Feature",
      "properties": {
        "name": null,
        "type": "tertiary",
        "slope": 57.13418346378768,
        "sun_diff": 0.8994663942874581,
        "length": 164.17735494699411
      }
    },
    {
      "geometry": {
        "type": "LineString",
        "coordinates": [
          [
            141.4938619,
            42.9497902
          ],
          [
            141.4921895,
            42.9489714
          ]
        ]
      },
      "type": "Feature",
      "properties": {
        "name": null,
        "type": "tertiary",
        "slope": 56.222127684766576,
        "sun_diff": 1.8677209697994215,
        "length": 163.81065110454185
      }
    },
    {
      "geometry": {
        "type": "LineString",
        "coordinates": [
          [
            141.4936933,
            42.9476157
          ],
          [
            141.4950642,
            42.9482663
          ]
        ]
      },
      "type": "Feature",
      "properties": {
        "name": null,
        "type": "tertiary",
        "slope": 57.04228254607489,
        "sun_diff": 1.047566108491111,
        "length": 133.0215843151861
      }
    },
    {
      "geometry": {
        "type": "LineString",
        "coordinates": [
          [
            141.4934178,
            42.952833
          ],
          [
            141.4902028,
            42.9512946
          ]
        ]
      },
      "type": "Feature",
      "properties": {
        "name": null,
        "type": "tertiary",
        "slope": 56.82503632215892,
        "sun_diff": 1.2086135359162142,
        "length": 312.7106149610128
      }
    },
    {
      "geometry": {
        "type": "LineString",
        "coordinates": [
          [
            141.4309678,
            43.1028962
          ],
          [
            141.4323057,
            43.1023522
          ]
        ]
      },
      "type": "Feature",
      "properties": {
        "name": null,
        "type": "residential",
        "slope": 119.11317144583498,
        "sun_diff": 2.908308340604563,
        "length": 124.36653173523817
      }
    },
    {
      "geometry": {
        "type": "LineString",
        "coordinates": [
          [
            141.4286001,
            43.0998283
          ],
          [
            141.4273485,
            43.1003361
          ]
        ]
      },
      "type": "Feature",
      "properties": {
        "name": null,
        "type": "residential",
        "slope": 119.05923275254949,
        "sun_diff": 2.9622470338900513,
        "length": 116.28806411465494
      }
    },
    {
      "geometry": {
        "type": "LineString",
        "coordinates": [
          [
            141.4275688,
            43.1006406
          ],
          [
            141.4288239,
            43.100108
          ]
        ]
      },
      "type": "Feature",
      "properties": {
        "name": null,
        "type": "residential",
        "slope": 120.16392775988757,
        "sun_diff": 1.8575520265519714,
        "length": 117.8978695293065
      }
    },
    {
      "geometry": {
        "type": "LineString",
        "coordinates": [
          [
            141.4277897,
            43.1009428
          ],
          [
            141.4290591,
            43.1004112
          ]
        ]
      },
      "type": "Feature",
      "properties": {
        "name": null,
        "type": "residential",
        "slope": 119.83635381266882,
        "sun_diff": 2.185125973770724,
        "length": 118.84759807839443
      }
    },
    {
      "geometry": {
        "type": "LineString",
        "coordinates": [
          [
            141.4292866,
            43.1007273
          ],
          [
            141.430453,
            43.1002509
          ]
        ]
      },
      "type": "Feature",
      "properties": {
        "name": null,
        "type": "residential",
        "slope": 119.22175929028478,
        "sun_diff": 2.7997204961547624,
        "length": 108.5430106499762
      }
    },
    {
      "geometry": {
        "type": "LineString",
        "coordinates": [
          [
            141.2122444,
            42.9689097
          ],
          [
            141.2134229,
            42.9684008
          ]
        ]
      },
      "type": "Feature",
      "properties": {
        "name": "\u56fd\u9053230\u53f7",
        "type": "trunk",
        "slope": 120.54638818227878,
        "sun_diff": 1.4185649585897409,
        "length": 111.37485608865964
      }
    },
    {
      "geometry": {
        "type": "LineString",
        "coordinates": [
          [
            141.2142373,
            42.9680676
          ],
          [
            141.2155621,
            42.9674927
          ]
        ]
      },
      "type": "Feature",
      "properties": {
        "name": "\u56fd\u9053230\u53f7",
        "type": "trunk",
        "slope": 120.66968828085524,
        "sun_diff": 1.2952648600132761,
        "length": 125.36232220971044
      }
    },
    {
      "geometry": {
        "type": "LineString",
        "coordinates": [
          [
            141.1793476,
            42.9692343
          ],
          [
            141.1769906,
            42.9702136
          ]
        ]
      },
      "type": "Feature",
      "properties": {
        "name": "\u56fd\u9053230\u53f7",
        "type": "trunk",
        "slope": 119.58920694461108,
        "sun_diff": 2.375746196257438,
        "length": 220.60119440894886
      }
    },
    {
      "geometry": {
        "type": "LineString",
        "coordinates": [
          [
            141.4435185,
            43.1098808
          ],
          [
            141.4421504,
            43.1104766
          ]
        ]
      },
      "type": "Feature",
      "properties": {
        "name": null,
        "type": "unclassified",
        "slope": 120.81765185579599,
        "sun_diff": 1.2038279306435555,
        "length": 129.35780994837285
      }
    },
    {
      "geometry": {
        "type": "LineString",
        "coordinates": [
          [
            141.441407,
            43.1094923
          ],
          [
            141.4427546,
            43.1089227
          ]
        ]
      },
      "type": "Feature",
      "properties": {
        "name": null,
        "type": "unclassified",
        "slope": 120.06937238380263,
        "sun_diff": 1.952107402636912,
        "length": 126.44750079301804
      }
    },
    {
      "geometry": {
        "type": "LineString",
        "coordinates": [
          [
            141.4399245,
            43.1083758
          ],
          [
            141.4417332,
            43.1076082
          ]
        ]
      },
      "type": "Feature",
      "properties": {
        "name": null,
        "type": "unclassified",
        "slope": 120.1695908584125,
        "sun_diff": 1.8518889280270372,
        "length": 169.88901012783754
      }
    },
    {
      "geometry": {
        "type": "LineString",
        "coordinates": [
          [
            141.4419163,
            43.1101667
          ],
          [
            141.4432756,
            43.1095762
          ]
        ]
      },
      "type": "Feature",
      "properties": {
        "name": null,
        "type": "unclassified",
        "slope": 120.75474215133534,
        "sun_diff": 1.2667376351042066,
        "length": 128.44266518551825
      }
    },
    {
      "geometry": {
        "type": "LineString",
        "coordinates": [
          [
            141.4430072,
            43.1092395
          ],
          [
            141.4416555,
            43.1098214
          ]
        ]
      },
      "type": "Feature",
      "properties": {
        "name": null,
        "type": "unclassified",
        "slope": 120.52711398075465,
        "sun_diff": 1.4943658056848932,
        "length": 127.4246897216773
      }
    },
    {
      "geometry": {
        "type": "LineString",
        "coordinates": [
          [
            141.4425868,
            43.1110545
          ],
          [
            141.4439763,
            43.110455
          ]
        ]
      },
      "type": "Feature",
      "properties": {
        "name": null,
        "type": "unclassified",
        "slope": 120.58296810699889,
        "sun_diff": 1.4385116794406514,
        "length": 131.0612025416128
      }
    },
    {
      "geometry": {
        "type": "LineString",
        "coordinates": [
          [
            141.3911466,
            43.1339139
          ],
          [
            141.3924061,
            43.1345396
          ]
        ]
      },
      "type": "Feature",
      "properties": {
        "name": null,
        "type": "path",
        "slope": 55.75455034146728,
        "sun_diff": 2.2225728710368173,
        "length": 123.674945899936
      }
    },
    {
      "geometry": {
        "type": "LineString",
        "coordinates": [
          [
            141.3896804,
            43.1298255
          ],
          [
            141.3931692,
            43.1315856
          ]
        ]
      },
      "type": "Feature",
      "properties": {
        "name": null,
        "type": "service",
        "slope": 55.34392654912156,
        "sun_diff": 2.6331966633825346,
        "length": 344.2853478362667
      }
    },
    {
      "geometry": {
        "type": "LineString",
        "coordinates": [
          [
            141.3889158,
            43.122297
          ],
          [
            141.390117,
            43.1228789
          ]
        ]
      },
      "type": "Feature",
      "properties": {
        "name": null,
        "type": "unclassified",
        "slope": 56.42751677388259,
        "sun_diff": 1.5496064386215096,
        "length": 117.04494078826072
      }
    },
    {
      "geometry": {
        "type": "LineString",
        "coordinates": [
          [
            141.3891599,
            43.1220256
          ],
          [
            141.3903837,
            43.1226124
          ]
        ]
      },
      "type": "Feature",
      "properties": {
        "name": null,
        "type": "unclassified",
        "slope": 56.69778921426317,
        "sun_diff": 1.2793339982409293,
        "length": 118.87675506740983
      }
    },
    {
      "geometry": {
        "type": "LineString",
        "coordinates": [
          [
            141.3912934,
            43.1003747
          ],
          [
            141.3924083,
            43.0999174
          ]
        ]
      },
      "type": "Feature",
      "properties": {
        "name": null,
        "type": "unclassified",
        "slope": 119.32522526147773,
        "sun_diff": 2.696254524961816,
        "length": 103.85617320739789
      }
    },
    {
      "geometry": {
        "type": "LineString",
        "coordinates": [
          [
            141.2990215,
            42.9699996
          ],
          [
            141.3005855,
            42.9692604
          ]
        ]
      },
      "type": "Feature",
      "properties": {
        "name": null,
        "type": "tertiary",
        "slope": 122.85933727479255,
        "sun_diff": 0.894384133924035,
        "length": 151.53706562057198
      }
    },
    {
      "geometry": {
        "type": "LineString",
        "coordinates": [
          [
            141.2834013,
            42.9665273
          ],
          [
            141.2844917,
            42.9670503
          ]
        ]
      },
      "type": "Feature",
      "properties": {
        "name": null,
        "type": "service",
        "slope": 56.756191729211935,
        "sun_diff": 1.277458128863202,
        "length": 106.11651422211212
      }
    },
    {
      "geometry": {
        "type": "LineString",
        "coordinates": [
          [
            141.4314946,
            43.1035291
          ],
          [
            141.4301092,
            43.1040927
          ]
        ]
      },
      "type": "Feature",
      "properties": {
        "name": null,
        "type": "residential",
        "slope": 119.12623408492647,
        "sun_diff": 2.895245701513076,
        "length": 128.7955501623513
      }
    },
    {
      "geometry": {
        "type": "LineString",
        "coordinates": [
          [
            141.2327776,
            42.9469802
          ],
          [
            141.23145,
            42.9463979
          ]
        ]
      },
      "type": "Feature",
      "properties": {
        "name": null,
        "type": "tertiary",
        "slope": 59.06985668032888,
        "sun_diff": 0.9800080257628849,
        "length": 126.01135762931472
      }
    },
    {
      "geometry": {
        "type": "LineString",
        "coordinates": [
          [
            141.2288439,
            42.9582196
          ],
          [
            141.2276234,
            42.9587679
          ]
        ]
      },
      "type": "Feature",
      "properties": {
        "name": "\u56fd\u9053230\u53f7",
        "type": "trunk",
        "slope": 121.54365411622459,
        "sun_diff": 0.421299024643929,
        "length": 116.57792729496597
      }
    },
    {
      "geometry": {
        "type": "LineString",
        "coordinates": [
          [
            141.3975293,
            43.0782469
          ],
          [
            141.3996254,
            43.0773962
          ]
        ]
      },
      "type": "Feature",
      "properties": {
        "name": null,
        "type": "residential",
        "slope": 119.0578123292307,
        "sun_diff": 2.9636674572088424,
        "length": 194.8204643669912
      }
    },
    {
      "geometry": {
        "type": "LineString",
        "coordinates": [
          [
            141.3806184,
            43.0846445
          ],
          [
            141.3819247,
            43.0840935
          ]
        ]
      },
      "type": "Feature",
      "properties": {
        "name": null,
        "type": "residential",
        "slope": 120.0078333976906,
        "sun_diff": 2.0136463887489384,
        "length": 122.54584471470294
      }
    },
    {
      "geometry": {
        "type": "LineString",
        "coordinates": [
          [
            141.392567,
            43.0901577
          ],
          [
            141.3942713,
            43.0894657
          ]
        ]
      },
      "type": "Feature",
      "properties": {
        "name": null,
        "type": "residential",
        "slope": 119.07356406026318,
        "sun_diff": 2.9479157261763618,
        "length": 158.39805713291736
      }
    },
    {
      "geometry": {
        "type": "LineString",
        "coordinates": [
          [
            141.3929658,
            43.0909196
          ],
          [
            141.3948037,
            43.0901546
          ]
        ]
      },
      "type": "Feature",
      "properties": {
        "name": null,
        "type": "residential",
        "slope": 119.68174891223128,
        "sun_diff": 2.339730874208257,
        "length": 171.83667873807914
      }
    },
    {
      "geometry": {
        "type": "LineString",
        "coordinates": [
          [
            141.3970383,
            43.0892442
          ],
          [
            141.398247,
            43.0887394
          ]
        ]
      },
      "type": "Feature",
      "properties": {
        "name": null,
        "type": "residential",
        "slope": 119.76418620655369,
        "sun_diff": 2.2572935798858538,
        "length": 113.10452902531024
      }
    },
    {
      "geometry": {
        "type": "LineString",
        "coordinates": [
          [
            141.3890934,
            43.0818506
          ],
          [
            141.391112,
            43.0810313
          ]
        ]
      },
      "type": "Feature",
      "properties": {
        "name": null,
        "type": "residential",
        "slope": 119.06083796300976,
        "sun_diff": 2.960641823429782,
        "length": 187.61169540487205
      }
    },
    {
      "geometry": {
        "type": "LineString",
        "coordinates": [
          [
            141.3928049,
            43.0805864
          ],
          [
            141.3962997,
            43.0791482
          ]
        ]
      },
      "type": "Feature",
      "properties": {
        "name": null,
        "type": "service",
        "slope": 119.3976367165391,
        "sun_diff": 2.6238430699004454,
        "length": 325.89083077404695
      }
    },
    {
      "geometry": {
        "type": "LineString",
        "coordinates": [
          [
            141.3968624,
            43.0908817
          ],
          [
            141.3979652,
            43.0904288
          ]
        ]
      },
      "type": "Feature",
      "properties": {
        "name": null,
        "type": "residential",
        "slope": 119.35187796100672,
        "sun_diff": 2.669601825432821,
        "length": 102.7718117474136
      }
    },
    {
      "geometry": {
        "type": "LineString",
        "coordinates": [
          [
            141.3944815,
            43.0826788
          ],
          [
            141.3966058,
            43.0818109
          ]
        ]
      },
      "type": "Feature",
      "properties": {
        "name": null,
        "type": "service",
        "slope": 119.221694165712,
        "sun_diff": 2.7997856207275476,
        "length": 197.7423200766012
      }
    },
    {
      "geometry": {
        "type": "LineString",
        "coordinates": [
          [
            141.3058342,
            42.9833494
          ],
          [
            141.3073362,
            42.9840989
          ]
        ]
      },
      "type": "Feature",
      "properties": {
        "name": null,
        "type": "unclassified",
        "slope": 55.70125245212839,
        "sun_diff": 2.3323974059467503,
        "length": 147.9430783344694
      }
    },
    {
      "geometry": {
        "type": "LineString",
        "coordinates": [
          [
            141.0279437,
            43.1824128
          ],
          [
            141.0264194,
            43.1830367
          ]
        ]
      },
      "type": "Feature",
      "properties": {
        "name": null,
        "type": "tertiary",
        "slope": 119.30662074891322,
        "sun_diff": 2.7717135321775004,
        "length": 141.77516170074463
      }
    },
    {
      "geometry": {
        "type": "LineString",
        "coordinates": [
          [
            141.0236,
            43.1842663
          ],
          [
            141.0220401,
            43.1849912
          ]
        ]
      },
      "type": "Feature",
      "properties": {
        "name": null,
        "type": "tertiary",
        "slope": 122.51066441565649,
        "sun_diff": 0.43233013456577396,
        "length": 150.0229967110322
      }
    },
    {
      "geometry": {
        "type": "LineString",
        "coordinates": [
          [
            141.0202425,
            43.18578
          ],
          [
            141.0191375,
            43.1862559
          ]
        ]
      },
      "type": "Feature",
      "properties": {
        "name": null,
        "type": "tertiary",
        "slope": 120.56918020331639,
        "sun_diff": 1.5091540777743262,
        "length": 104.08313945881703
      }
    },
    {
      "geometry": {
        "type": "LineString",
        "coordinates": [
          [
            141.4022027,
            43.0590831
          ],
          [
            141.4036461,
            43.0583607
          ]
        ]
      },
      "type": "Feature",
      "properties": {
        "name": null,
        "type": "residential",
        "slope": 124.41027831469682,
        "sun_diff": 2.388798528257283,
        "length": 142.18717902284786
      }
    },
    {
      "geometry": {
        "type": "LineString",
        "coordinates": [
          [
            141.4266383,
            43.0776317
          ],
          [
            141.4276951,
            43.0781146
          ]
        ]
      },
      "type": "Feature",
      "properties": {
        "name": null,
        "type": "unclassified",
        "slope": 57.97031230293857,
        "sun_diff": 0.00681090956553021,
        "length": 101.27683009365394
      }
    },
    {
      "geometry": {
        "type": "LineString",
        "coordinates": [
          [
            141.3315701,
            43.0992624
          ],
          [
            141.3303745,
            43.0998148
          ]
        ]
      },
      "type": "Feature",
      "properties": {
        "name": null,
        "type": "residential",
        "slope": 122.32447137550176,
        "sun_diff": 0.30299158906221635,
        "length": 114.90934643247763
      }
    },
    {
      "geometry": {
        "type": "LineString",
        "coordinates": [
          [
            141.3855923,
            43.1005346
          ],
          [
            141.3844128,
            43.1010233
          ]
        ]
      },
      "type": "Feature",
      "properties": {
        "name": "\u672d\u5e4c\u65b0\u9053",
        "type": "trunk",
        "slope": 119.5730074394219,
        "sun_diff": 2.448472347017642,
        "length": 110.14111190293497
      }
    },
    {
      "geometry": {
        "type": "LineString",
        "coordinates": [
          [
            141.3844128,
            43.1010233
          ],
          [
            141.3828613,
            43.1016661
          ]
        ]
      },
      "type": "Feature",
      "properties": {
        "name": "\u672d\u5e4c\u65b0\u9053",
        "type": "trunk",
        "slope": 119.5721157736582,
        "sun_diff": 2.449364012781345,
        "length": 144.87562074556072
      }
    },
    {
      "geometry": {
        "type": "LineString",
        "coordinates": [
          [
            141.3828613,
            43.1016661
          ],
          [
            141.3808878,
            43.1024766
          ]
        ]
      },
      "type": "Feature",
      "properties": {
        "name": "\u672d\u5e4c\u65b0\u9053",
        "type": "trunk",
        "slope": 119.35727649545024,
        "sun_diff": 2.664203290989306,
        "length": 183.88883375134958
      }
    },
    {
      "geometry": {
        "type": "LineString",
        "coordinates": [
          [
            141.3898413,
            43.0990872
          ],
          [
            141.390958,
            43.0985694
          ]
        ]
      },
      "type": "Feature",
      "properties": {
        "name": "\u672d\u5e4c\u65b0\u9053",
        "type": "trunk",
        "slope": 122.41687664893675,
        "sun_diff": 0.39539686249720774,
        "length": 107.4375478905396
      }
    },
    {
      "geometry": {
        "type": "LineString",
        "coordinates": [
          [
            141.390958,
            43.0985694
          ],
          [
            141.3938994,
            43.0972789
          ]
        ]
      },
      "type": "Feature",
      "properties": {
        "name": "\u672d\u5e4c\u65b0\u9053",
        "type": "trunk",
        "slope": 120.99950424684849,
        "sun_diff": 1.021975539591054,
        "length": 278.7037744602993
      }
    },
    {
      "geometry": {
        "type": "LineString",
        "coordinates": [
          [
            141.3972725,
            43.0960638
          ],
          [
            141.3992997,
            43.0952318
          ]
        ]
      },
      "type": "Feature",
      "properties": {
        "name": "\u672d\u5e4c\u65b0\u9053",
        "type": "trunk",
        "slope": 119.33808301884184,
        "sun_diff": 2.6833967675976993,
        "length": 188.87739508319675
      }
    },
    {
      "geometry": {
        "type": "LineString",
        "coordinates": [
          [
            141.3904296,
            43.0985521
          ],
          [
            141.3887159,
            43.0992667
          ]
        ]
      },
      "type": "Feature",
      "properties": {
        "name": "\u672d\u5e4c\u65b0\u9053",
        "type": "trunk",
        "slope": 119.73020248917365,
        "sun_diff": 2.291277297265893,
        "length": 160.27938408571566
      }
    },
    {
      "geometry": {
        "type": "LineString",
        "coordinates": [
          [
            141.4098996,
            43.0907886
          ],
          [
            141.4111652,
            43.0901707
          ]
        ]
      },
      "type": "Feature",
      "properties": {
        "name": "\u672d\u5e4c\u65b0\u9053",
        "type": "trunk",
        "slope": 123.764630432378,
        "sun_diff": 1.7431506459384565,
        "length": 123.66109160624757
      }
    },
    {
      "geometry": {
        "type": "LineString",
        "coordinates": [
          [
            141.4907875,
            43.0008029
          ],
          [
            141.4923096,
            43.0014316
          ]
        ]
      },
      "type": "Feature",
      "properties": {
        "name": null,
        "type": "service",
        "slope": 60.54290298888242,
        "sun_diff": 2.5092531308072807,
        "length": 142.20108081045788
      }
    },
    {
      "geometry": {
        "type": "LineString",
        "coordinates": [
          [
            141.4437321,
            43.0090086
          ],
          [
            141.4449536,
            43.0084906
          ]
        ]
      },
      "type": "Feature",
      "properties": {
        "name": null,
        "type": "residential",
        "slope": 120.11034675736084,
        "sun_diff": 1.8546200438860012,
        "length": 114.85083956606987
      }
    },
    {
      "geometry": {
        "type": "LineString",
        "coordinates": [
          [
            141.4582543,
            43.0299402
          ],
          [
            141.4566523,
            43.0292821
          ]
        ]
      },
      "type": "Feature",
      "properties": {
        "name": "\u672d\u5e4c\u5915\u5f35\u7dda",
        "type": "primary",
        "slope": 60.665552583428024,
        "sun_diff": 2.6319027253528873,
        "length": 149.41632675762744
      }
    },
    {
      "geometry": {
        "type": "LineString",
        "coordinates": [
          [
            141.4558311,
            43.0289486
          ],
          [
            141.4546998,
            43.0284884
          ]
        ]
      },
      "type": "Feature",
      "properties": {
        "name": "\u672d\u5e4c\u5915\u5f35\u7dda",
        "type": "primary",
        "slope": 60.90531448625788,
        "sun_diff": 2.8716646281827423,
        "length": 105.26964889394837
      }
    },
    {
      "geometry": {
        "type": "LineString",
        "coordinates": [
          [
            141.4546998,
            43.0284884
          ],
          [
            141.4535873,
            43.0280373
          ]
        ]
      },
      "type": "Feature",
      "properties": {
        "name": "\u672d\u5e4c\u5915\u5f35\u7dda",
        "type": "primary",
        "slope": 60.98368208547197,
        "sun_diff": 2.9500322273968322,
        "length": 103.44240285693574
      }
    },
    {
      "geometry": {
        "type": "LineString",
        "coordinates": [
          [
            141.4565051,
            43.029364
          ],
          [
            141.4582054,
            43.030057
          ]
        ]
      },
      "type": "Feature",
      "properties": {
        "name": "\u672d\u5e4c\u5915\u5f35\u7dda",
        "type": "primary",
        "slope": 60.857645012520976,
        "sun_diff": 2.8239951544458393,
        "length": 158.28662625477546
      }
    },
    {
      "geometry": {
        "type": "LineString",
        "coordinates": [
          [
            141.4533468,
            43.030695
          ],
          [
            141.4549331,
            43.0299573
          ]
        ]
      },
      "type": "Feature",
      "properties": {
        "name": null,
        "type": "tertiary",
        "slope": 122.46363364653195,
        "sun_diff": 0.49866684528510064,
        "length": 152.86768123324597
      }
    },
    {
      "geometry": {
        "type": "LineString",
        "coordinates": [
          [
            141.4566035,
            43.0291669
          ],
          [
            141.4586369,
            43.0282206
          ]
        ]
      },
      "type": "Feature",
      "properties": {
        "name": null,
        "type": "tertiary",
        "slope": 122.48151738383518,
        "sun_diff": 0.5165505825883372,
        "length": 195.9978036004474
      }
    },
    {
      "geometry": {
        "type": "LineString",
        "coordinates": [
          [
            141.4574278,
            43.0213771
          ],
          [
            141.4585595,
            43.0218454
          ]
        ]
      },
      "type": "Feature",
      "properties": {
        "name": "\u539a\u5225\u6edd\u91ce\u516c\u5712\u901a",
        "type": "secondary",
        "slope": 60.48994570738617,
        "sun_diff": 2.456295849311033,
        "length": 105.74825292336597
      }
    },
    {
      "geometry": {
        "type": "LineString",
        "coordinates": [
          [
            141.4586365,
            43.0217655
          ],
          [
            141.4575042,
            43.0212924
          ]
        ]
      },
      "type": "Feature",
      "properties": {
        "name": "\u539a\u5225\u6edd\u91ce\u516c\u5712\u901a",
        "type": "secondary",
        "slope": 60.25213024804822,
        "sun_diff": 2.218480389973081,
        "length": 106.05472471955686
      }
    },
    {
      "geometry": {
        "type": "LineString",
        "coordinates": [
          [
            141.4744881,
            43.0207212
          ],
          [
            141.4727259,
            43.0215274
          ]
        ]
      },
      "type": "Feature",
      "properties": {
        "name": null,
        "type": "residential",
        "slope": 122.03695583785759,
        "sun_diff": 0.07198903661074496,
        "length": 169.04738469827794
      }
    },
    {
      "geometry": {
        "type": "LineString",
        "coordinates": [
          [
            141.4758911,
            43.0002277
          ],
          [
            141.4743397,
            43.0009523
          ]
        ]
      },
      "type": "Feature",
      "properties": {
        "name": "\u5927\u66f2\u901a",
        "type": "tertiary",
        "slope": 122.56379121917465,
        "sun_diff": 0.5988244179278013,
        "length": 149.74311165493125
      }
    },
    {
      "geometry": {
        "type": "LineString",
        "coordinates": [
          [
            141.4781391,
            42.9991346
          ],
          [
            141.4770235,
            42.9996806
          ]
        ]
      },
      "type": "Feature",
      "properties": {
        "name": "\u5927\u66f2\u901a",
        "type": "tertiary",
        "slope": 123.79034556743477,
        "sun_diff": 1.8253787661879244,
        "length": 109.19907471219041
      }
    },
    {
      "geometry": {
        "type": "LineString",
        "coordinates": [
          [
            141.4770829,
            42.9997517
          ],
          [
            141.4782013,
            42.9992013
          ]
        ]
      },
      "type": "Feature",
      "properties": {
        "name": "\u5927\u66f2\u901a",
        "type": "tertiary",
        "slope": 123.93646517558622,
        "sun_diff": 1.971498374339376,
        "length": 109.66083690093912
      }
    },
    {
      "geometry": {
        "type": "LineString",
        "coordinates": [
          [
            141.474414,
            43.0010368
          ],
          [
            141.475953,
            43.0003119
          ]
        ]
      },
      "type": "Feature",
      "properties": {
        "name": "\u5927\u66f2\u901a",
        "type": "tertiary",
        "slope": 122.78323801957578,
        "sun_diff": 0.8182712183289311,
        "length": 148.9118876871986
      }
    },
    {
      "geometry": {
        "type": "LineString",
        "coordinates": [
          [
            141.4769322,
            42.9930572
          ],
          [
            141.4758798,
            42.993548
          ]
        ]
      },
      "type": "Feature",
      "properties": {
        "name": null,
        "type": "residential",
        "slope": 122.52172444452196,
        "sun_diff": 0.5567576432751196,
        "length": 101.54351190173793
      }
    },
    {
      "geometry": {
        "type": "LineString",
        "coordinates": [
          [
            141.4768502,
            42.9949461
          ],
          [
            141.4755792,
            42.9955582
          ]
        ]
      },
      "type": "Feature",
      "properties": {
        "name": null,
        "type": "residential",
        "slope": 123.36261281407846,
        "sun_diff": 1.3976460128316148,
        "length": 123.8035603665844
      }
    },
    {
      "geometry": {
        "type": "LineString",
        "coordinates": [
          [
            141.4604624,
            43.1365025
          ],
          [
            141.4587726,
            43.1357548
          ]
        ]
      },
      "type": "Feature",
      "properties": {
        "name": null,
        "type": "service",
        "slope": 58.76929228135367,
        "sun_diff": 0.7921690688495744,
        "length": 160.402163029663
      }
    },
    {
      "geometry": {
        "type": "LineString",
        "coordinates": [
          [
            141.4172511,
            43.1196624
          ],
          [
            141.4159594,
            43.1202266
          ]
        ]
      },
      "type": "Feature",
      "properties": {
        "name": null,
        "type": "service",
        "slope": 120.89653270251182,
        "sun_diff": 1.1249470839277222,
        "length": 122.2149749676397
      }
    },
    {
      "geometry": {
        "type": "LineString",
        "coordinates": [
          [
            141.4278478,
            43.0865199
          ],
          [
            141.4266963,
            43.0860314
          ]
        ]
      },
      "type": "Feature",
      "properties": {
        "name": null,
        "type": "path",
        "slope": 59.84879613356364,
        "sun_diff": 1.8716729210595417,
        "length": 108.17713442340262
      }
    },
    {
      "geometry": {
        "type": "LineString",
        "coordinates": [
          [
            141.4112139,
            43.0798546
          ],
          [
            141.4098549,
            43.0792167
          ]
        ]
      },
      "type": "Feature",
      "properties": {
        "name": null,
        "type": "path",
        "slope": 57.27365977679378,
        "sun_diff": 0.7034634357103187,
        "length": 131.2424882877549
      }
    },
    {
      "geometry": {
        "type": "LineString",
        "coordinates": [
          [
            141.410082,
            43.1028486
          ],
          [
            141.4125906,
            43.1018087
          ]
        ]
      },
      "type": "Feature",
      "properties": {
        "name": null,
        "type": "path",
        "slope": 119.58554315578664,
        "sun_diff": 2.435936630652904,
        "length": 234.27567104286877
      }
    },
    {
      "geometry": {
        "type": "LineString",
        "coordinates": [
          [
            141.4083593,
            43.0066831
          ],
          [
            141.4103535,
            43.0057181
          ]
        ]
      },
      "type": "Feature",
      "properties": {
        "name": null,
        "type": "service",
        "slope": 123.49323924144977,
        "sun_diff": 1.528272440202926,
        "length": 194.50651990568636
      }
    },
    {
      "geometry": {
        "type": "LineString",
        "coordinates": [
          [
            141.3173267,
            43.0689921
          ],
          [
            141.3185114,
            43.0684997
          ]
        ]
      },
      "type": "Feature",
      "properties": {
        "name": "\u4e8c\u5341\u56db\u8ed2\u624b\u7a32\u901a",
        "type": "tertiary",
        "slope": 119.63730661056039,
        "sun_diff": 2.3841731758791553,
        "length": 110.7553642016702
      }
    },
    {
      "geometry": {
        "type": "LineString",
        "coordinates": [
          [
            140.9975473,
            43.1719518
          ],
          [
            140.9962752,
            43.1725258
          ]
        ]
      },
      "type": "Feature",
      "properties": {
        "name": null,
        "type": "residential",
        "slope": 121.74544586538866,
        "sun_diff": 0.3328884157020582,
        "length": 121.3467382721645
      }
    },
    {
      "geometry": {
        "type": "LineString",
        "coordinates": [
          [
            141.4152284,
            43.1709131
          ],
          [
            141.4256939,
            43.1756969
          ]
        ]
      },
      "type": "Feature",
      "properties": {
        "name": "\u5f53\u5225\u30d0\u30a4\u30d1\u30b9",
        "type": "trunk",
        "slope": 57.92037810211576,
        "sun_diff": 0.00010938426282791625,
        "length": 1001.9186400668798
      }
    },
    {
      "geometry": {
        "type": "LineString",
        "coordinates": [
          [
            141.2458401,
            43.1224097
          ],
          [
            141.2445414,
            43.1218001
          ]
        ]
      },
      "type": "Feature",
      "properties": {
        "name": "\u624b\u7a32\u99c5\u5317\u901a",
        "type": "tertiary",
        "slope": 57.255354812774414,
        "sun_diff": 0.7217683997296831,
        "length": 125.35771040943548
      }
    },
    {
      "geometry": {
        "type": "LineString",
        "coordinates": [
          [
            141.3247945,
            42.8036045
          ],
          [
            141.3230268,
            42.8028352
          ]
        ]
      },
      "type": "Feature",
      "properties": {
        "name": "\u56fd\u9053453\u53f7",
        "type": "trunk",
        "slope": 59.3253340722753,
        "sun_diff": 1.1796144702985885,
        "length": 167.72829854916625
      }
    },
    {
      "geometry": {
        "type": "LineString",
        "coordinates": [
          [
            141.1386178,
            42.976097
          ],
          [
            141.1397094,
            42.9756251
          ]
        ]
      },
      "type": "Feature",
      "properties": {
        "name": "\u5c0f\u6a3d\u5b9a\u5c71\u6e13\u7dda",
        "type": "primary",
        "slope": 120.57726801065044,
        "sun_diff": 1.387685130218074,
        "length": 103.18305801310541
      }
    },
    {
      "geometry": {
        "type": "LineString",
        "coordinates": [
          [
            141.2276338,
            42.9588706
          ],
          [
            141.228929,
            42.9582951
          ]
        ]
      },
      "type": "Feature",
      "properties": {
        "name": "\u56fd\u9053230\u53f7",
        "type": "trunk",
        "slope": 121.2634723597076,
        "sun_diff": 0.7014807811609103,
        "length": 123.34436325932998
      }
    },
    {
      "geometry": {
        "type": "LineString",
        "coordinates": [
          [
            141.129323,
            43.152643
          ],
          [
            141.1307413,
            43.1520071
          ]
        ]
      },
      "type": "Feature",
      "properties": {
        "name": "\u56fd\u90535\u53f7",
        "type": "trunk",
        "slope": 121.5735892862069,
        "sun_diff": 0.5047449948838221,
        "length": 135.08727383843905
      }
    },
    {
      "geometry": {
        "type": "LineString",
        "coordinates": [
          [
            141.0560744,
            43.1765771
          ],
          [
            141.057389,
            43.1759467
          ]
        ]
      },
      "type": "Feature",
      "properties": {
        "name": "\u56fd\u90535\u53f7",
        "type": "trunk",
        "slope": 123.32775669542002,
        "sun_diff": 1.2494224143293025,
        "length": 127.6219595330346
      }
    },
    {
      "geometry": {
        "type": "LineString",
        "coordinates": [
          [
            141.0605134,
            43.1745304
          ],
          [
            141.0616264,
            43.174029
          ]
        ]
      },
      "type": "Feature",
      "properties": {
        "name": "\u56fd\u90535\u53f7",
        "type": "trunk",
        "slope": 121.704684050004,
        "sun_diff": 0.3736502310867138,
        "length": 106.12007611656782
      }
    },
    {
      "geometry": {
        "type": "LineString",
        "coordinates": [
          [
            141.2155115,
            42.967391
          ],
          [
            141.2141455,
            42.9679702
          ]
        ]
      },
      "type": "Feature",
      "properties": {
        "name": "\u56fd\u9053230\u53f7",
        "type": "trunk",
        "slope": 120.09061379432703,
        "sun_diff": 1.8743393465414897,
        "length": 128.49726713801715
      }
    },
    {
      "geometry": {
        "type": "LineString",
        "coordinates": [
          [
            141.2133824,
            42.9682995
          ],
          [
            141.2121812,
            42.9688173
          ]
        ]
      },
      "type": "Feature",
      "properties": {
        "name": "\u56fd\u9053230\u53f7",
        "type": "trunk",
        "slope": 120.50291262450816,
        "sun_diff": 1.4620405163603607,
        "length": 113.46928988999704
      }
    },
    {
      "geometry": {
        "type": "LineString",
        "coordinates": [
          [
            141.0547149,
            43.1722893
          ],
          [
            141.0560211,
            43.1717511
          ]
        ]
      },
      "type": "Feature",
      "properties": {
        "name": null,
        "type": "residential",
        "slope": 119.46507825754733,
        "sun_diff": 2.6132560235433857,
        "length": 121.70064999774168
      }
    },
    {
      "geometry": {
        "type": "LineString",
        "coordinates": [
          [
            141.3095494,
            42.8481405
          ],
          [
            141.3084273,
            42.8476425
          ]
        ]
      },
      "type": "Feature",
      "properties": {
        "name": "\u56fd\u9053453\u53f7",
        "type": "trunk",
        "slope": 58.811984642244624,
        "sun_diff": 0.6662650402679162,
        "length": 106.96630083364174
      }
    },
    {
      "geometry": {
        "type": "LineString",
        "coordinates": [
          [
            141.3393433,
            42.8936324
          ],
          [
            141.3407961,
            42.8930256
          ]
        ]
      },
      "type": "Feature",
      "properties": {
        "name": "\u56fd\u9053453\u53f7",
        "type": "trunk",
        "slope": 119.68783451595979,
        "sun_diff": 2.2209334887961916,
        "length": 136.27604490391644
      }
    },
    {
      "geometry": {
        "type": "LineString",
        "coordinates": [
          [
            141.0957478,
            42.8560714
          ],
          [
            141.0972913,
            42.8568072
          ]
        ]
      },
      "type": "Feature",
      "properties": {
        "name": "\u56fd\u9053230\u53f7",
        "type": "trunk",
        "slope": 56.96391026893423,
        "sun_diff": 1.1259383856317697,
        "length": 150.12505352127934
      }
    },
    {
      "geometry": {
        "type": "LineString",
        "coordinates": [
          [
            141.119188,
            42.9036518
          ],
          [
            141.120543,
            42.9043041
          ]
        ]
      },
      "type": "Feature",
      "properties": {
        "name": "\u56fd\u9053230\u53f7",
        "type": "trunk",
        "slope": 56.68661125881681,
        "sun_diff": 1.403237395749187,
        "length": 132.10687454104846
      }
    },
    {
      "geometry": {
        "type": "LineString",
        "coordinates": [
          [
            141.1329142,
            42.9444639
          ],
          [
            141.134994,
            42.9455064
          ]
        ]
      },
      "type": "Feature",
      "properties": {
        "name": "\u56fd\u9053230\u53f7",
        "type": "trunk",
        "slope": 55.59798144053076,
        "sun_diff": 2.4918672140352385,
        "length": 205.23641713772702
      }
    },
    {
      "geometry": {
        "type": "LineString",
        "coordinates": [
          [
            141.1427128,
            42.9476194
          ],
          [
            141.1439054,
            42.9481892
          ]
        ]
      },
      "type": "Feature",
      "properties": {
        "name": "\u56fd\u9053230\u53f7",
        "type": "trunk",
        "slope": 56.86626667448499,
        "sun_diff": 1.2235819800810077,
        "length": 115.95231469150579
      }
    },
    {
      "geometry": {
        "type": "LineString",
        "coordinates": [
          [
            141.1439054,
            42.9481892
          ],
          [
            141.1460967,
            42.949236
          ]
        ]
      },
      "type": "Feature",
      "properties": {
        "name": "\u56fd\u9053230\u53f7",
        "type": "trunk",
        "slope": 56.86979183373711,
        "sun_diff": 1.2200568208288871,
        "length": 213.0408130122839
      }
    },
    {
      "geometry": {
        "type": "LineString",
        "coordinates": [
          [
            141.3235831,
            43.0421286
          ],
          [
            141.3224412,
            43.0415512
          ]
        ]
      },
      "type": "Feature",
      "properties": {
        "name": null,
        "type": "tertiary",
        "slope": 55.32237948454798,
        "sun_diff": 2.7112703735271566,
        "length": 112.87979315585181
      }
    },
    {
      "geometry": {
        "type": "LineString",
        "coordinates": [
          [
            141.3267816,
            42.9619075
          ],
          [
            141.325419,
            42.9612725
          ]
        ]
      },
      "type": "Feature",
      "properties": {
        "name": null,
        "type": "path",
        "slope": 57.51094001931958,
        "sun_diff": 0.52270983875556,
        "length": 131.4943476015356
      }
    },
    {
      "geometry": {
        "type": "LineString",
        "coordinates": [
          [
            141.3266987,
            42.9617071
          ],
          [
            141.3255249,
            42.961126
          ]
        ]
      },
      "type": "Feature",
      "properties": {
        "name": null,
        "type": "path",
        "slope": 55.922449629514944,
        "sun_diff": 2.111200228560193,
        "length": 115.35565574249647
      }
    },
    {
      "geometry": {
        "type": "LineString",
        "coordinates": [
          [
            141.4183715,
            43.1029907
          ],
          [
            141.4172552,
            43.1034475
          ]
        ]
      },
      "type": "Feature",
      "properties": {
        "name": null,
        "type": "service",
        "slope": 119.26920212694424,
        "sun_diff": 2.752277659495306,
        "length": 103.92414879304886
      }
    },
    {
      "geometry": {
        "type": "LineString",
        "coordinates": [
          [
            141.4173561,
            43.1035786
          ],
          [
            141.4184748,
            43.1031223
          ]
        ]
      },
      "type": "Feature",
      "properties": {
        "name": null,
        "type": "service",
        "slope": 119.18989686409836,
        "sun_diff": 2.831582922341184,
        "length": 104.0669116208982
      }
    },
    {
      "geometry": {
        "type": "LineString",
        "coordinates": [
          [
            141.3017152,
            43.057922
          ],
          [
            141.300064,
            43.0587279
          ]
        ]
      },
      "type": "Feature",
      "properties": {
        "name": "\u5357\u5341\u4e5d\u6761\u5bae\u306e\u6ca2\u7dda",
        "type": "primary",
        "slope": 123.7425020311232,
        "sun_diff": 1.7210222446836525,
        "length": 161.38029919539684
      }
    },
    {
      "geometry": {
        "type": "LineString",
        "coordinates": [
          [
            141.3250001,
            43.0728235
          ],
          [
            141.3262037,
            43.0723064
          ]
        ]
      },
      "type": "Feature",
      "properties": {
        "name": null,
        "type": "tertiary",
        "slope": 120.46125265711439,
        "sun_diff": 1.5602271293251562,
        "length": 113.45524476643487
      }
    },
    {
      "geometry": {
        "type": "LineString",
        "coordinates": [
          [
            141.4342517,
            43.014899
          ],
          [
            141.4331091,
            43.0143648
          ]
        ]
      },
      "type": "Feature",
      "properties": {
        "name": null,
        "type": "tertiary",
        "slope": 57.40448531094714,
        "sun_diff": 0.6291645471279992,
        "length": 110.29935096708864
      }
    },
    {
      "geometry": {
        "type": "LineString",
        "coordinates": [
          [
            141.1141946,
            42.9893222
          ],
          [
            141.1118958,
            42.9904256
          ]
        ]
      },
      "type": "Feature",
      "properties": {
        "name": "\u4eac\u6975\u5b9a\u5c71\u6e13\u7dda",
        "type": "primary",
        "slope": 123.27291199467078,
        "sun_diff": 1.307958853802262,
        "length": 223.70687560942557
      }
    },
    {
      "geometry": {
        "type": "LineString",
        "coordinates": [
          [
            141.0997889,
            42.994073
          ],
          [
            141.0974595,
            42.9951918
          ]
        ]
      },
      "type": "Feature",
      "properties": {
        "name": "\u4eac\u6975\u5b9a\u5c71\u6e13\u7dda",
        "type": "primary",
        "slope": 123.29169075649892,
        "sun_diff": 1.3267376156304067,
        "length": 226.7159156089797
      }
    },
    {
      "geometry": {
        "type": "LineString",
        "coordinates": [
          [
            141.2153225,
            43.1223813
          ],
          [
            141.2163626,
            43.1218942
          ]
        ]
      },
      "type": "Feature",
      "properties": {
        "name": null,
        "type": "unclassified",
        "slope": 122.68510885082179,
        "sun_diff": 0.6636290643822491,
        "length": 100.32913422473993
      }
    },
    {
      "geometry": {
        "type": "LineString",
        "coordinates": [
          [
            141.406332,
            43.0857923
          ],
          [
            141.4100152,
            43.0842399
          ]
        ]
      },
      "type": "Feature",
      "properties": {
        "name": "\u5bae\u306e\u68ee\u531724\u6761\u901a",
        "type": "tertiary",
        "slope": 119.98902206571822,
        "sun_diff": 2.0324577207213252,
        "length": 345.457754636067
      }
    },
    {
      "geometry": {
        "type": "LineString",
        "coordinates": [
          [
            141.4811325,
            43.0492
          ],
          [
            141.4798746,
            43.0486911
          ]
        ]
      },
      "type": "Feature",
      "properties": {
        "name": null,
        "type": "tertiary",
        "slope": 61.030681191843456,
        "sun_diff": 2.9970313337683194,
        "length": 116.8694343944463
      }
    },
    {
      "geometry": {
        "type": "LineString",
        "coordinates": [
          [
            141.2241631,
            43.1287915
          ],
          [
            141.2230631,
            43.1292718
          ]
        ]
      },
      "type": "Feature",
      "properties": {
        "name": null,
        "type": "service",
        "slope": 120.89145775253331,
        "sun_diff": 1.1300220339062292,
        "length": 104.05620886537095
      }
    },
    {
      "geometry": {
        "type": "LineString",
        "coordinates": [
          [
            141.2298416,
            43.1266314
          ],
          [
            141.2279156,
            43.1274862
          ]
        ]
      },
      "type": "Feature",
      "properties": {
        "name": null,
        "type": "service",
        "slope": 121.30430515077467,
        "sun_diff": 0.7171746356648754,
        "length": 182.99230159043603
      }
    },
    {
      "geometry": {
        "type": "LineString",
        "coordinates": [
          [
            141.2269161,
            43.1279229
          ],
          [
            141.2243452,
            43.1290454
          ]
        ]
      },
      "type": "Feature",
      "properties": {
        "name": null,
        "type": "service",
        "slope": 120.89027529125053,
        "sun_diff": 1.1312044951890101,
        "length": 243.19711703714262
      }
    },
    {
      "geometry": {
        "type": "LineString",
        "coordinates": [
          [
            141.2288857,
            43.1267165
          ],
          [
            141.227284,
            43.1274121
          ]
        ]
      },
      "type": "Feature",
      "properties": {
        "name": null,
        "type": "service",
        "slope": 120.75476572897782,
        "sun_diff": 1.2667140574617264,
        "length": 151.30457165785737
      }
    },
    {
      "geometry": {
        "type": "LineString",
        "coordinates": [
          [
            141.4201626,
            43.0806829
          ],
          [
            141.4215151,
            43.0813264
          ]
        ]
      },
      "type": "Feature",
      "properties": {
        "name": "\u7c73\u91cc\u901a",
        "type": "tertiary",
        "slope": 56.91907179764203,
        "sun_diff": 1.0580514148620637,
        "length": 131.13527774372199
      }
    },
    {
      "geometry": {
        "type": "LineString",
        "coordinates": [
          [
            141.4217654,
            43.0814487
          ],
          [
            141.4236076,
            43.0823528
          ]
        ]
      },
      "type": "Feature",
      "properties": {
        "name": "\u7c73\u91cc\u901a",
        "type": "tertiary",
        "slope": 56.10098239917093,
        "sun_diff": 1.8761408133331656,
        "length": 180.30811541114377
      }
    },
    {
      "geometry": {
        "type": "LineString",
        "coordinates": [
          [
            141.4236076,
            43.0823528
          ],
          [
            141.4249492,
            43.0829959
          ]
        ]
      },
      "type": "Feature",
      "properties": {
        "name": "\u7c73\u91cc\u901a",
        "type": "tertiary",
        "slope": 56.72231758493223,
        "sun_diff": 1.2548056275718693,
        "length": 130.36728818113818
      }
    },
    {
      "geometry": {
        "type": "LineString",
        "coordinates": [
          [
            141.4259502,
            43.0834674
          ],
          [
            141.4280876,
            43.0845038
          ]
        ]
      },
      "type": "Feature",
      "properties": {
        "name": "\u7c73\u91cc\u901a",
        "type": "tertiary",
        "slope": 56.419229311326376,
        "sun_diff": 1.5578939011777209,
        "length": 208.41941717383054
      }
    },
    {
      "geometry": {
        "type": "LineString",
        "coordinates": [
          [
            141.4819766,
            42.8438315
          ],
          [
            141.4798301,
            42.8429546
          ]
        ]
      },
      "type": "Feature",
      "properties": {
        "name": "\u6075\u5ead\u5cb3\u516c\u5712\u7dda",
        "type": "primary",
        "slope": 60.8749289522645,
        "sun_diff": 2.729209350287789,
        "length": 200.39731050700533
      }
    },
    {
      "geometry": {
        "type": "LineString",
        "coordinates": [
          [
            141.4917433,
            42.8479619
          ],
          [
            141.4904113,
            42.84736
          ]
        ]
      },
      "type": "Feature",
      "properties": {
        "name": "\u6075\u5ead\u5cb3\u516c\u5712\u7dda",
        "type": "primary",
        "slope": 58.35303098717648,
        "sun_diff": 0.2073113851997732,
        "length": 127.59872089825389
      }
    },
    {
      "geometry": {
        "type": "LineString",
        "coordinates": [
          [
            141.4904113,
            42.84736
          ],
          [
            141.4885552,
            42.8465278
          ]
        ]
      },
      "type": "Feature",
      "properties": {
        "name": "\u6075\u5ead\u5cb3\u516c\u5712\u7dda",
        "type": "primary",
        "slope": 58.5530086571554,
        "sun_diff": 0.40728905517869407,
        "length": 177.42635225473873
      }
    },
    {
      "geometry": {
        "type": "LineString",
        "coordinates": [
          [
            141.0860648,
            43.0762731
          ],
          [
            141.0840718,
            43.0754377
          ]
        ]
      },
      "type": "Feature",
      "properties": {
        "name": "\u5c0f\u6a3d\u5b9a\u5c71\u6e13\u7dda",
        "type": "primary",
        "slope": 60.15091170123051,
        "sun_diff": 2.173788488726416,
        "length": 186.69420903594465
      }
    },
    {
      "geometry": {
        "type": "LineString",
        "coordinates": [
          [
            141.1198992,
            43.0458939
          ],
          [
            141.1211499,
            43.0453257
          ]
        ]
      },
      "type": "Feature",
      "properties": {
        "name": "\u5c0f\u6a3d\u5b9a\u5c71\u6e13\u7dda",
        "type": "primary",
        "slope": 121.86687299917759,
        "sun_diff": 0.09808014169092871,
        "length": 119.7099958875073
      }
    },
    {
      "geometry": {
        "type": "LineString",
        "coordinates": [
          [
            141.0722036,
            43.1385651
          ],
          [
            141.0710371,
            43.1390673
          ]
        ]
      },
      "type": "Feature",
      "properties": {
        "name": null,
        "type": "unclassified",
        "slope": 120.54048130559849,
        "sun_diff": 1.480998480841052,
        "length": 109.92841023862643
      }
    },
    {
      "geometry": {
        "type": "LineString",
        "coordinates": [
          [
            141.0054574,
            42.8052396
          ],
          [
            141.0072858,
            42.8044392
          ]
        ]
      },
      "type": "Feature",
      "properties": {
        "name": null,
        "type": "unclassified",
        "slope": 120.82306437386038,
        "sun_diff": 1.029832683484912,
        "length": 173.75081004158207
      }
    },
    {
      "geometry": {
        "type": "LineString",
        "coordinates": [
          [
            141.0072858,
            42.8044392
          ],
          [
            141.008755,
            42.8038129
          ]
        ]
      },
      "type": "Feature",
      "properties": {
        "name": null,
        "type": "unclassified",
        "slope": 120.15750055490801,
        "sun_diff": 1.6953965024372764,
        "length": 138.66626322274226
      }
    },
    {
      "geometry": {
        "type": "LineString",
        "coordinates": [
          [
            141.0568189,
            42.8454314
          ],
          [
            141.0551459,
            42.8461864
          ]
        ]
      },
      "type": "Feature",
      "properties": {
        "name": "\u56fd\u9053230\u53f7",
        "type": "trunk",
        "slope": 121.61295692750531,
        "sun_diff": 0.23994012983997948,
        "length": 160.21049278550686
      }
    },
    {
      "geometry": {
        "type": "LineString",
        "coordinates": [
          [
            141.0551459,
            42.8461864
          ],
          [
            141.05394,
            42.8466846
          ]
        ]
      },
      "type": "Feature",
      "properties": {
        "name": "\u56fd\u9053230\u53f7",
        "type": "trunk",
        "slope": 119.40070977118626,
        "sun_diff": 2.452187286159031,
        "length": 112.8808933642603
      }
    },
    {
      "geometry": {
        "type": "LineString",
        "coordinates": [
          [
            141.0540303,
            42.8467295
          ],
          [
            141.0551924,
            42.8462385
          ]
        ]
      },
      "type": "Feature",
      "properties": {
        "name": "\u56fd\u9053230\u53f7",
        "type": "trunk",
        "slope": 119.95359114843032,
        "sun_diff": 1.8993059089149682,
        "length": 109.38086090803166
      }
    },
    {
      "geometry": {
        "type": "LineString",
        "coordinates": [
          [
            141.0551924,
            42.8462385
          ],
          [
            141.0568581,
            42.8454761
          ]
        ]
      },
      "type": "Feature",
      "properties": {
        "name": "\u56fd\u9053230\u53f7",
        "type": "trunk",
        "slope": 121.97511216332495,
        "sun_diff": 0.12221510597966301,
        "length": 160.1380666793201
      }
    },
    {
      "geometry": {
        "type": "LineString",
        "coordinates": [
          [
            141.2237437,
            43.1238321
          ],
          [
            141.2221669,
            43.1244954
          ]
        ]
      },
      "type": "Feature",
      "properties": {
        "name": "\u53175\u6761\u624b\u7a32\u901a",
        "type": "trunk",
        "slope": 119.95708474150638,
        "sun_diff": 2.064395044933164,
        "length": 147.74981862050473
      }
    },
    {
      "geometry": {
        "type": "LineString",
        "coordinates": [
          [
            141.2220752,
            43.1245329
          ],
          [
            141.2209712,
            43.1250036
          ]
        ]
      },
      "type": "Feature",
      "properties": {
        "name": "\u53175\u6761\u624b\u7a32\u901a",
        "type": "trunk",
        "slope": 120.29184126826274,
        "sun_diff": 1.7296385181767988,
        "length": 103.79767551093488
      }
    },
    {
      "geometry": {
        "type": "LineString",
        "coordinates": [
          [
            141.130672,
            43.1519335
          ],
          [
            141.1292994,
            43.1525593
          ]
        ]
      },
      "type": "Feature",
      "properties": {
        "name": "\u56fd\u90535\u53f7",
        "type": "trunk",
        "slope": 122.00332619321966,
        "sun_diff": 0.07500808787105484,
        "length": 131.34344128473168
      }
    },
    {
      "geometry": {
        "type": "LineString",
        "coordinates": [
          [
            141.3916752,
            43.0481355
          ],
          [
            141.3928634,
            43.0475348
          ]
        ]
      },
      "type": "Feature",
      "properties": {
        "name": "\u672d\u5e4c\u5915\u5f35\u7dda",
        "type": "primary",
        "slope": 124.67525866916947,
        "sun_diff": 2.7102918679226207,
        "length": 117.44184852448372
      }
    },
    {
      "geometry": {
        "type": "LineString",
        "coordinates": [
          [
            141.4854915,
            42.8322254
          ],
          [
            141.482048,
            42.8307361
          ]
        ]
      },
      "type": "Feature",
      "properties": {
        "name": null,
        "type": "unclassified",
        "slope": 59.47037890749357,
        "sun_diff": 1.3246593055168603,
        "length": 326.09923341139347
      }
    },
    {
      "geometry": {
        "type": "LineString",
        "coordinates": [
          [
            141.0416043,
            43.125503
          ],
          [
            141.0402236,
            43.1248226
          ]
        ]
      },
      "type": "Feature",
      "properties": {
        "name": "\u5c0f\u6a3d\u5b9a\u5c71\u6e13\u7dda",
        "type": "primary",
        "slope": 55.9734330297577,
        "sun_diff": 2.0036901827463964,
        "length": 135.24582909162652
      }
    },
    {
      "geometry": {
        "type": "LineString",
        "coordinates": [
          [
            141.2430442,
            43.1613168
          ],
          [
            141.2413449,
            43.1605314
          ]
        ]
      },
      "type": "Feature",
      "properties": {
        "name": null,
        "type": "unclassified",
        "slope": 57.64069326208633,
        "sun_diff": 0.27957545576660436,
        "length": 163.21955306773236
      }
    },
    {
      "geometry": {
        "type": "LineString",
        "coordinates": [
          [
            141.2251152,
            43.1543016
          ],
          [
            141.2238214,
            43.1536672
          ]
        ]
      },
      "type": "Feature",
      "properties": {
        "name": null,
        "type": "unclassified",
        "slope": 56.093500719793525,
        "sun_diff": 1.8267679980594096,
        "length": 126.49513824295204
      }
    },
    {
      "geometry": {
        "type": "LineString",
        "coordinates": [
          [
            141.3347688,
            43.1030488
          ],
          [
            141.3330806,
            43.1038302
          ]
        ]
      },
      "type": "Feature",
      "properties": {
        "name": null,
        "type": "tertiary",
        "slope": 122.37279008622099,
        "sun_diff": 0.3513102997814457,
        "length": 162.3294836999758
      }
    },
    {
      "geometry": {
        "type": "LineString",
        "coordinates": [
          [
            141.2253543,
            43.1232271
          ],
          [
            141.2267743,
            43.1226069
          ]
        ]
      },
      "type": "Feature",
      "properties": {
        "name": "\u53175\u6761\u624b\u7a32\u901a",
        "type": "trunk",
        "slope": 120.89588697172911,
        "sun_diff": 1.12559281471043,
        "length": 134.34706631028106
      }
    },
    {
      "geometry": {
        "type": "LineString",
        "coordinates": [
          [
            141.2267235,
            43.1225421
          ],
          [
            141.2252815,
            43.1231795
          ]
        ]
      },
      "type": "Feature",
      "properties": {
        "name": "\u53175\u6761\u624b\u7a32\u901a",
        "type": "trunk",
        "slope": 121.19944961057138,
        "sun_diff": 0.8220301758681643,
        "length": 136.86408086713672
      }
    },
    {
      "geometry": {
        "type": "LineString",
        "coordinates": [
          [
            141.4341973,
            43.1679058
          ],
          [
            141.4352908,
            43.1683701
          ]
        ]
      },
      "type": "Feature",
      "properties": {
        "name": null,
        "type": "service",
        "slope": 59.793536387993896,
        "sun_diff": 1.8732676701409616,
        "length": 102.64831570084033
      }
    },
    {
      "geometry": {
        "type": "LineString",
        "coordinates": [
          [
            141.4171939,
            43.1707966
          ],
          [
            141.4158768,
            43.1701654
          ]
        ]
      },
      "type": "Feature",
      "properties": {
        "name": null,
        "type": "service",
        "slope": 56.69134547042563,
        "sun_diff": 1.2289232474273035,
        "length": 127.84874346336203
      }
    },
    {
      "geometry": {
        "type": "LineString",
        "coordinates": [
          [
            141.4323386,
            43.1044981
          ],
          [
            141.4336488,
            43.1039627
          ]
        ]
      },
      "type": "Feature",
      "properties": {
        "name": null,
        "type": "residential",
        "slope": 119.23541238595047,
        "sun_diff": 2.786067400489074,
        "length": 121.93359090607495
      }
    },
    {
      "geometry": {
        "type": "LineString",
        "coordinates": [
          [
            141.4424069,
            42.9882455
          ],
          [
            141.4408554,
            42.9889472
          ]
        ]
      },
      "type": "Feature",
      "properties": {
        "name": "\u7f8a\u30f6\u4e18\u7dda",
        "type": "primary",
        "slope": 121.72819947335358,
        "sun_diff": 0.23676732789326138,
        "length": 148.4155368445786
      }
    },
    {
      "geometry": {
        "type": "LineString",
        "coordinates": [
          [
            141.4415038,
            42.9887873
          ],
          [
            141.4429443,
            42.9881417
          ]
        ]
      },
      "type": "Feature",
      "properties": {
        "name": "\u7f8a\u30f6\u4e18\u7dda",
        "type": "primary",
        "slope": 121.49527936603059,
        "sun_diff": 0.4696874352162581,
        "length": 137.4537028374324
      }
    },
    {
      "geometry": {
        "type": "LineString",
        "coordinates": [
          [
            141.4268847,
            43.0039072
          ],
          [
            141.4286817,
            43.0031241
          ]
        ]
      },
      "type": "Feature",
      "properties": {
        "name": "\u7f8a\u30f6\u4e18\u7dda",
        "type": "primary",
        "slope": 120.79015608674814,
        "sun_diff": 1.1748107144987046,
        "length": 170.15916347599787
      }
    },
    {
      "geometry": {
        "type": "LineString",
        "coordinates": [
          [
            141.4767445,
            43.019675
          ],
          [
            141.4753111,
            43.0203308
          ]
        ]
      },
      "type": "Feature",
      "properties": {
        "name": null,
        "type": "residential",
        "slope": 122.03742754414543,
        "sun_diff": 0.07246074289858484,
        "length": 137.50895407931037
      }
    },
    {
      "geometry": {
        "type": "LineString",
        "coordinates": [
          [
            141.3931695,
            43.0880334
          ],
          [
            141.3918382,
            43.0885748
          ]
        ]
      },
      "type": "Feature",
      "properties": {
        "name": null,
        "type": "residential",
        "slope": 119.11145347299095,
        "sun_diff": 2.910026313448597,
        "length": 123.77963472720702
      }
    },
    {
      "geometry": {
        "type": "LineString",
        "coordinates": [
          [
            141.3916481,
            43.0886534
          ],
          [
            141.3901252,
            43.0892711
          ]
        ]
      },
      "type": "Feature",
      "properties": {
        "name": null,
        "type": "residential",
        "slope": 119.04806520659912,
        "sun_diff": 2.973414579840423,
        "length": 141.5053032546204
      }
    },
    {
      "geometry": {
        "type": "LineString",
        "coordinates": [
          [
            141.4764639,
            42.9946911
          ],
          [
            141.4754062,
            42.9951981
          ]
        ]
      },
      "type": "Feature",
      "properties": {
        "name": null,
        "type": "residential",
        "slope": 123.23947967989528,
        "sun_diff": 1.2745128786484372,
        "length": 102.88196905810769
      }
    },
    {
      "geometry": {
        "type": "LineString",
        "coordinates": [
          [
            141.2476164,
            43.1292602
          ],
          [
            141.2502257,
            43.1279482
          ]
        ]
      },
      "type": "Feature",
      "properties": {
        "name": "\u4e0b\u624b\u7a32\u901a",
        "type": "tertiary",
        "slope": 124.5649645357222,
        "sun_diff": 2.543484749282655,
        "length": 257.2221272272237
      }
    },
    {
      "geometry": {
        "type": "LineString",
        "coordinates": [
          [
            141.2503082,
            43.1279067
          ],
          [
            141.2534902,
            43.1263066
          ]
        ]
      },
      "type": "Feature",
      "properties": {
        "name": "\u4e0b\u624b\u7a32\u901a",
        "type": "tertiary",
        "slope": 124.56653467794416,
        "sun_diff": 2.54505489150462,
        "length": 313.69214813242644
      }
    },
    {
      "geometry": {
        "type": "LineString",
        "coordinates": [
          [
            141.1843713,
            43.1336028
          ],
          [
            141.1830102,
            43.1342857
          ]
        ]
      },
      "type": "Feature",
      "properties": {
        "name": "\u56fd\u90535\u53f7",
        "type": "trunk",
        "slope": 124.50965150405045,
        "sun_diff": 2.4881717176109106,
        "length": 134.07431702234862
      }
    },
    {
      "geometry": {
        "type": "LineString",
        "coordinates": [
          [
            141.1835684,
            43.1340875
          ],
          [
            141.1849164,
            43.1334275
          ]
        ]
      },
      "type": "Feature",
      "properties": {
        "name": "\u56fd\u90535\u53f7",
        "type": "trunk",
        "slope": 123.85852115987541,
        "sun_diff": 1.8370413734358664,
        "length": 131.76379172321992
      }
    },
    {
      "geometry": {
        "type": "LineString",
        "coordinates": [
          [
            141.142949,
            43.1448559
          ],
          [
            141.1414326,
            43.1454699
          ]
        ]
      },
      "type": "Feature",
      "properties": {
        "name": "\u56fd\u90535\u53f7",
        "type": "trunk",
        "slope": 119.0283155338989,
        "sun_diff": 2.9931642525406374,
        "length": 140.74504748185242
      }
    },
    {
      "geometry": {
        "type": "LineString",
        "coordinates": [
          [
            141.1414918,
            43.1455474
          ],
          [
            141.143008,
            43.1449335
          ]
        ]
      },
      "type": "Feature",
      "properties": {
        "name": "\u56fd\u90535\u53f7",
        "type": "trunk",
        "slope": 119.02734912545037,
        "sun_diff": 2.994130660989171,
        "length": 140.72532145312212
      }
    },
    {
      "geometry": {
        "type": "LineString",
        "coordinates": [
          [
            141.4623641,
            42.9820937
          ],
          [
            141.4611155,
            42.9826385
          ]
        ]
      },
      "type": "Feature",
      "properties": {
        "name": "\u6708\u5bd2\u901a",
        "type": "trunk",
        "slope": 120.81335875897938,
        "sun_diff": 1.151608042267469,
        "length": 118.29970707463735
      }
    },
    {
      "geometry": {
        "type": "LineString",
        "coordinates": [
          [
            141.3950527,
            43.1154123
          ],
          [
            141.3967518,
            43.1146773
          ]
        ]
      },
      "type": "Feature",
      "properties": {
        "name": null,
        "type": "residential",
        "slope": 120.65048995357998,
        "sun_diff": 1.3709898328595642,
        "length": 160.36408268383235
      }
    },
    {
      "geometry": {
        "type": "LineString",
        "coordinates": [
          [
            141.3828148,
            43.0877416
          ],
          [
            141.384146,
            43.0871317
          ]
        ]
      },
      "type": "Feature",
      "properties": {
        "name": null,
        "type": "unclassified",
        "slope": 122.10179405358204,
        "sun_diff": 0.0803142671424979,
        "length": 127.65455069369527
      }
    },
    {
      "geometry": {
        "type": "LineString",
        "coordinates": [
          [
            141.3842039,
            43.0871061
          ],
          [
            141.3854245,
            43.0865522
          ]
        ]
      },
      "type": "Feature",
      "properties": {
        "name": null,
        "type": "unclassified",
        "slope": 121.85516161293597,
        "sun_diff": 0.16631817350356926,
        "length": 116.73562651258995
      }
    },
    {
      "geometry": {
        "type": "LineString",
        "coordinates": [
          [
            141.4025552,
            43.0935848
          ],
          [
            141.4012731,
            43.0941287
          ]
        ]
      },
      "type": "Feature",
      "properties": {
        "name": "\u672d\u5e4c\u65b0\u9053",
        "type": "trunk",
        "slope": 120.15429518118103,
        "sun_diff": 1.8671846052585153,
        "length": 120.43490215204753
      }
    },
    {
      "geometry": {
        "type": "LineString",
        "coordinates": [
          [
            141.4012731,
            43.0941287
          ],
          [
            141.3998507,
            43.094737
          ]
        ]
      },
      "type": "Feature",
      "properties": {
        "name": "\u672d\u5e4c\u65b0\u9053",
        "type": "trunk",
        "slope": 120.35544229577755,
        "sun_diff": 1.6660374906619921,
        "length": 133.88668639380106
      }
    },
    {
      "geometry": {
        "type": "LineString",
        "coordinates": [
          [
            141.4010974,
            43.0944978
          ],
          [
            141.4027364,
            43.093825
          ]
        ]
      },
      "type": "Feature",
      "properties": {
        "name": "\u672d\u5e4c\u65b0\u9053",
        "type": "trunk",
        "slope": 119.3420458906514,
        "sun_diff": 2.6794338957881365,
        "length": 152.71778998849322
      }
    },
    {
      "geometry": {
        "type": "LineString",
        "coordinates": [
          [
            141.4030044,
            43.0937138
          ],
          [
            141.4044424,
            43.0931093
          ]
        ]
      },
      "type": "Feature",
      "properties": {
        "name": "\u672d\u5e4c\u65b0\u9053",
        "type": "trunk",
        "slope": 119.9274899045563,
        "sun_diff": 2.093989881883246,
        "length": 134.77189494790272
      }
    },
    {
      "geometry": {
        "type": "LineString",
        "coordinates": [
          [
            141.4052469,
            43.0927743
          ],
          [
            141.4063524,
            43.092318
          ]
        ]
      },
      "type": "Feature",
      "properties": {
        "name": "\u672d\u5e4c\u65b0\u9053",
        "type": "trunk",
        "slope": 119.47602079095225,
        "sun_diff": 2.5454589954872944,
        "length": 103.14617329794696
      }
    },
    {
      "geometry": {
        "type": "LineString",
        "coordinates": [
          [
            141.4067959,
            43.0921402
          ],
          [
            141.4084901,
            43.0914457
          ]
        ]
      },
      "type": "Feature",
      "properties": {
        "name": "\u672d\u5e4c\u65b0\u9053",
        "type": "trunk",
        "slope": 119.30732599873005,
        "sun_diff": 2.714153787709492,
        "length": 157.8135657573053
      }
    },
    {
      "geometry": {
        "type": "LineString",
        "coordinates": [
          [
            141.4094669,
            43.0999818
          ],
          [
            141.4105986,
            43.0995059
          ]
        ]
      },
      "type": "Feature",
      "properties": {
        "name": "\u4e18\u73e0\u7a7a\u6e2f\u901a",
        "type": "secondary",
        "slope": 119.9384625340848,
        "sun_diff": 2.083017252354736,
        "length": 106.0656188734244
      }
    },
    {
      "geometry": {
        "type": "LineString",
        "coordinates": [
          [
            141.380381,
            43.1030463
          ],
          [
            141.3849748,
            43.1011033
          ]
        ]
      },
      "type": "Feature",
      "properties": {
        "name": "\u672d\u5e4c\u65b0\u9053",
        "type": "trunk",
        "slope": 120.08289009443132,
        "sun_diff": 1.9385896920082217,
        "length": 431.1540765308649
      }
    },
    {
      "geometry": {
        "type": "LineString",
        "coordinates": [
          [
            141.4105426,
            43.0994334
          ],
          [
            141.4090478,
            43.100049
          ]
        ]
      },
      "type": "Feature",
      "properties": {
        "name": "\u4e18\u73e0\u7a7a\u6e2f\u901a",
        "type": "secondary",
        "slope": 119.42397906364337,
        "sun_diff": 2.5975007227961697,
        "length": 139.3807476170223
      }
    },
    {
      "geometry": {
        "type": "LineString",
        "coordinates": [
          [
            141.3892913,
            43.060153
          ],
          [
            141.3880623,
            43.0607368
          ]
        ]
      },
      "type": "Feature",
      "properties": {
        "name": null,
        "type": "residential",
        "slope": 123.02996566954516,
        "sun_diff": 1.008485883105621,
        "length": 119.13202036237395
      }
    },
    {
      "geometry": {
        "type": "LineString",
        "coordinates": [
          [
            141.2155621,
            42.9674927
          ],
          [
            141.2166781,
            42.9670157
          ]
        ]
      },
      "type": "Feature",
      "properties": {
        "name": "\u56fd\u9053230\u53f7",
        "type": "trunk",
        "slope": 120.28957433289344,
        "sun_diff": 1.675378807975079,
        "length": 105.19345601538808
      }
    },
    {
      "geometry": {
        "type": "LineString",
        "coordinates": [
          [
            141.2166781,
            42.9670157
          ],
          [
            141.2182217,
            42.9663589
          ]
        ]
      },
      "type": "Feature",
      "properties": {
        "name": "\u56fd\u9053230\u53f7",
        "type": "trunk",
        "slope": 120.177057726816,
        "sun_diff": 1.7878954140525138,
        "length": 145.33372918790272
      }
    },
    {
      "geometry": {
        "type": "LineString",
        "coordinates": [
          [
            141.2181465,
            42.9662682
          ],
          [
            141.2166131,
            42.9669149
          ]
        ]
      },
      "type": "Feature",
      "properties": {
        "name": "\u56fd\u9053230\u53f7",
        "type": "trunk",
        "slope": 119.95699336964745,
        "sun_diff": 2.007959771221067,
        "length": 144.05255581029544
      }
    },
    {
      "geometry": {
        "type": "LineString",
        "coordinates": [
          [
            141.3642045,
            42.7956198
          ],
          [
            141.3654158,
            42.7951085
          ]
        ]
      },
      "type": "Feature",
      "properties": {
        "name": "\u56fd\u9053453\u53f7",
        "type": "trunk",
        "slope": 119.9094899441638,
        "sun_diff": 1.9434071131814932,
        "length": 114.055485853387
      }
    },
    {
      "geometry": {
        "type": "LineString",
        "coordinates": [
          [
            141.3526898,
            42.8008164
          ],
          [
            141.3556394,
            42.7995106
          ]
        ]
      },
      "type": "Feature",
      "properties": {
        "name": "\u56fd\u9053453\u53f7",
        "type": "trunk",
        "slope": 121.10494888581789,
        "sun_diff": 0.7479481715273977,
        "length": 281.14739464108806
      }
    },
    {
      "geometry": {
        "type": "LineString",
        "coordinates": [
          [
            141.1619857,
            42.9632069
          ],
          [
            141.16046,
            42.9625373
          ]
        ]
      },
      "type": "Feature",
      "properties": {
        "name": "\u56fd\u9053230\u53f7",
        "type": "trunk",
        "slope": 59.047710768361924,
        "sun_diff": 1.014060910286787,
        "length": 144.8098478514386
      }
    },
    {
      "geometry": {
        "type": "LineString",
        "coordinates": [
          [
            141.4089015,
            43.0177246
          ],
          [
            141.409928,
            43.017228
          ]
        ]
      },
      "type": "Feature",
      "properties": {
        "name": "\u6708\u5bd2\u901a",
        "type": "trunk",
        "slope": 123.49145114903749,
        "sun_diff": 1.5264843477906425,
        "length": 100.10025861355415
      }
    },
    {
      "geometry": {
        "type": "LineString",
        "coordinates": [
          [
            141.409928,
            43.017228
          ],
          [
            141.4116529,
            43.0163914
          ]
        ]
      },
      "type": "Feature",
      "properties": {
        "name": "\u6708\u5bd2\u901a",
        "type": "trunk",
        "slope": 123.55828389427774,
        "sun_diff": 1.5933170930308904,
        "length": 168.3374981771325
      }
    },
    {
      "geometry": {
        "type": "LineString",
        "coordinates": [
          [
            141.378062,
            42.9201598
          ],
          [
            141.3760959,
            42.9193446
          ]
        ]
      },
      "type": "Feature",
      "properties": {
        "name": "\u771f\u99d2\u5185\u5fa1\u6599\u672d\u5e4c\u7dda",
        "type": "secondary",
        "slope": 60.48191658744176,
        "sun_diff": 2.3920679328757615,
        "length": 184.0357845018096
      }
    },
    {
      "geometry": {
        "type": "LineString",
        "coordinates": [
          [
            141.3927907,
            43.0474706
          ],
          [
            141.3916036,
            43.0480623
          ]
        ]
      },
      "type": "Feature",
      "properties": {
        "name": "\u672d\u5e4c\u5915\u5f35\u7dda",
        "type": "primary",
        "slope": 124.29659371452172,
        "sun_diff": 2.3316269132748744,
        "length": 116.80142487647282
      }
    },
    {
      "geometry": {
        "type": "LineString",
        "coordinates": [
          [
            141.4714367,
            43.0222513
          ],
          [
            141.4696373,
            43.0230657
          ]
        ]
      },
      "type": "Feature",
      "properties": {
        "name": "\u5e73\u548c\u901a",
        "type": "trunk",
        "slope": 121.76075717771249,
        "sun_diff": 0.20420962353435357,
        "length": 172.09452812457593
      }
    },
    {
      "geometry": {
        "type": "LineString",
        "coordinates": [
          [
            141.4652825,
            43.0088776
          ],
          [
            141.4637879,
            43.0081917
          ]
        ]
      },
      "type": "Feature",
      "properties": {
        "name": "\u539a\u5225\u4e2d\u592e\u901a",
        "type": "secondary",
        "slope": 57.88860799461432,
        "sun_diff": 0.14504186346081838,
        "length": 143.52327538650079
      }
    },
    {
      "geometry": {
        "type": "LineString",
        "coordinates": [
          [
            141.463374,
            43.0081054
          ],
          [
            141.4646314,
            43.00869
          ]
        ]
      },
      "type": "Feature",
      "properties": {
        "name": "\u539a\u5225\u4e2d\u592e\u901a",
        "type": "secondary",
        "slope": 57.55187092747218,
        "sun_diff": 0.48177893060295673,
        "length": 121.19447529012382
      }
    },
    {
      "geometry": {
        "type": "LineString",
        "coordinates": [
          [
            141.4697126,
            43.0231487
          ],
          [
            141.4709808,
            43.0225806
          ]
        ]
      },
      "type": "Feature",
      "properties": {
        "name": "\u5e73\u548c\u901a",
        "type": "trunk",
        "slope": 121.49705734643572,
        "sun_diff": 0.4679094548111209,
        "length": 120.9472263055507
      }
    },
    {
      "geometry": {
        "type": "LineString",
        "coordinates": [
          [
            141.3929296,
            43.1318424
          ],
          [
            141.394831,
            43.132809
          ]
        ]
      },
      "type": "Feature",
      "properties": {
        "name": null,
        "type": "residential",
        "slope": 55.13872715031874,
        "sun_diff": 2.8383960621853532,
        "length": 188.09823057975782
      }
    },
    {
      "geometry": {
        "type": "LineString",
        "coordinates": [
          [
            141.4281301,
            42.998413
          ],
          [
            141.429269,
            42.9979087
          ]
        ]
      },
      "type": "Feature",
      "properties": {
        "name": null,
        "type": "tertiary",
        "slope": 121.19180636092159,
        "sun_diff": 0.7731604403252561,
        "length": 108.30764505248887
      }
    },
    {
      "geometry": {
        "type": "LineString",
        "coordinates": [
          [
            141.2817691,
            43.167847
          ],
          [
            141.2828419,
            43.1682906
          ]
        ]
      },
      "type": "Feature",
      "properties": {
        "name": "\u5c0f\u6a3d\u77f3\u72e9\u7dda",
        "type": "secondary",
        "slope": 60.44929386410848,
        "sun_diff": 2.529025146255549,
        "length": 100.04527099822319
      }
    },
    {
      "geometry": {
        "type": "LineString",
        "coordinates": [
          [
            141.4035804,
            42.9197285
          ],
          [
            141.4067248,
            42.9182292
          ]
        ]
      },
      "type": "Feature",
      "properties": {
        "name": null,
        "type": "service",
        "slope": 123.068057016576,
        "sun_diff": 1.1592890118200216,
        "length": 305.63565967657
      }
    },
    {
      "geometry": {
        "type": "LineString",
        "coordinates": [
          [
            141.469419,
            43.0230294
          ],
          [
            141.4705207,
            43.0225299
          ]
        ]
      },
      "type": "Feature",
      "properties": {
        "name": null,
        "type": "residential",
        "slope": 121.80554841164371,
        "sun_diff": 0.15941838960313248,
        "length": 105.41768989990247
      }
    },
    {
      "geometry": {
        "type": "LineString",
        "coordinates": [
          [
            141.4954576,
            43.0970462
          ],
          [
            141.4974938,
            43.096059
          ]
        ]
      },
      "type": "Feature",
      "properties": {
        "name": null,
        "type": "service",
        "slope": 123.58229349465995,
        "sun_diff": 1.560813708220408,
        "length": 198.5151036424059
      }
    },
    {
      "geometry": {
        "type": "LineString",
        "coordinates": [
          [
            141.4719757,
            43.0221233
          ],
          [
            141.473659,
            43.0213495
          ]
        ]
      },
      "type": "Feature",
      "properties": {
        "name": "\u5e73\u548c\u901a",
        "type": "trunk",
        "slope": 122.16038346371488,
        "sun_diff": 0.19541666246803402,
        "length": 161.69585226691922
      }
    },
    {
      "geometry": {
        "type": "LineString",
        "coordinates": [
          [
            141.4749041,
            43.0207802
          ],
          [
            141.4764437,
            43.0200733
          ]
        ]
      },
      "type": "Feature",
      "properties": {
        "name": "\u5e73\u548c\u901a",
        "type": "trunk",
        "slope": 122.12911249315076,
        "sun_diff": 0.16414569190391148,
        "length": 147.84461398967989
      }
    },
    {
      "geometry": {
        "type": "LineString",
        "coordinates": [
          [
            141.4768147,
            43.0197722
          ],
          [
            141.4752876,
            43.0204748
          ]
        ]
      },
      "type": "Feature",
      "properties": {
        "name": "\u5e73\u548c\u901a",
        "type": "trunk",
        "slope": 122.18222191077501,
        "sun_diff": 0.21725510952816762,
        "length": 146.72998992476118
      }
    },
    {
      "geometry": {
        "type": "LineString",
        "coordinates": [
          [
            141.474536,
            43.0208202
          ],
          [
            141.4724041,
            43.0217983
          ]
        ]
      },
      "type": "Feature",
      "properties": {
        "name": "\u5e73\u548c\u901a",
        "type": "trunk",
        "slope": 122.11001577564721,
        "sun_diff": 0.14504897440036757,
        "length": 204.67539498890628
      }
    },
    {
      "geometry": {
        "type": "LineString",
        "coordinates": [
          [
            141.2426385,
            43.1317591
          ],
          [
            141.2437278,
            43.131211
          ]
        ]
      },
      "type": "Feature",
      "properties": {
        "name": "\u4e0b\u624b\u7a32\u901a",
        "type": "tertiary",
        "slope": 124.58503878298848,
        "sun_diff": 2.5635589965489345,
        "length": 107.40273909657782
      }
    },
    {
      "geometry": {
        "type": "LineString",
        "coordinates": [
          [
            141.2438012,
            43.1311745
          ],
          [
            141.2451485,
            43.130504
          ]
        ]
      },
      "type": "Feature",
      "properties": {
        "name": "\u4e0b\u624b\u7a32\u901a",
        "type": "tertiary",
        "slope": 124.29074478116627,
        "sun_diff": 2.2692649947267256,
        "length": 132.3754062917511
      }
    },
    {
      "geometry": {
        "type": "LineString",
        "coordinates": [
          [
            141.2252815,
            43.1231795
          ],
          [
            141.2237437,
            43.1238321
          ]
        ]
      },
      "type": "Feature",
      "properties": {
        "name": "\u53175\u6761\u624b\u7a32\u901a",
        "type": "trunk",
        "slope": 120.17497511179874,
        "sun_diff": 1.8465046746407978,
        "length": 144.41455147995993
      }
    },
    {
      "geometry": {
        "type": "LineString",
        "coordinates": [
          [
            141.2239175,
            43.1238363
          ],
          [
            141.2253543,
            43.1232271
          ]
        ]
      },
      "type": "Feature",
      "properties": {
        "name": "\u53175\u6761\u624b\u7a32\u901a",
        "type": "trunk",
        "slope": 120.15274100356817,
        "sun_diff": 1.8687387828713753,
        "length": 134.89952485341163
      }
    },
    {
      "geometry": {
        "type": "LineString",
        "coordinates": [
          [
            141.4893414,
            42.9490922
          ],
          [
            141.488316,
            42.9485773
          ]
        ]
      },
      "type": "Feature",
      "properties": {
        "name": null,
        "type": "service",
        "slope": 55.54896344386117,
        "sun_diff": 2.540885210704829,
        "length": 101.24076484471779
      }
    }
  ]
}