{
  "type": "FeatureCollection",
  "features": [
    {
      "geometry": {
        "type": "LineString",
        "coordinates": [
          [
            117.2150742,
            39.1104348
          ],
          [
            117.2165088,
            39.1110779
          ]
        ]
      },
      "type": "Feature",
      "properties": {
        "name": "\u5357\u4eac\u8def",
        "type": "secondary",
        "slope": 59.983495008418856,
        "sun_diff": 0.019161783587549053,
        "length": 142.9929611021107
      }
    },
    {
      "geometry": {
        "type": "LineString",
        "coordinates": [
          [
            117.2248835,
            39.1087465
          ],
          [
            117.2236618,
            39.1081822
          ]
        ]
      },
      "type": "Feature",
      "properties": {
        "name": "\u76f4\u6cbd\u6865",
        "type": "primary",
        "slope": 59.236267166350984,
        "sun_diff": 0.766389625655421,
        "length": 122.71148606986397
      }
    },
    {
      "geometry": {
        "type": "LineString",
        "coordinates": [
          [
            117.2236618,
            39.1081822
          ],
          [
            117.2226733,
            39.107703
          ]
        ]
      },
      "type": "Feature",
      "properties": {
        "name": "\u76f4\u6cbd\u6865",
        "type": "primary",
        "slope": 58.00529563213166,
        "sun_diff": 1.9973611598747425,
        "length": 100.59851506438
      }
    },
    {
      "geometry": {
        "type": "LineString",
        "coordinates": [
          [
            117.2227909,
            39.1075499
          ],
          [
            117.2238314,
            39.1080705
          ]
        ]
      },
      "type": "Feature",
      "properties": {
        "name": "\u76f4\u6cbd\u6865",
        "type": "primary",
        "slope": 57.18613246653126,
        "sun_diff": 2.816524325475143,
        "length": 106.85580071400824
      }
    },
    {
      "geometry": {
        "type": "LineString",
        "coordinates": [
          [
            117.2238314,
            39.1080705
          ],
          [
            117.2249775,
            39.1085982
          ]
        ]
      },
      "type": "Feature",
      "properties": {
        "name": "\u76f4\u6cbd\u6865",
        "type": "primary",
        "slope": 59.31612993891659,
        "sun_diff": 0.6865268530898163,
        "length": 115.0226334597081
      }
    },
    {
      "geometry": {
        "type": "LineString",
        "coordinates": [
          [
            117.2249775,
            39.1085982
          ],
          [
            117.2259581,
            39.1090791
          ]
        ]
      },
      "type": "Feature",
      "properties": {
        "name": "\u76f4\u6cbd\u6865",
        "type": "primary",
        "slope": 57.70627617391557,
        "sun_diff": 2.2963806180908364,
        "length": 100.12088047222882
      }
    },
    {
      "geometry": {
        "type": "LineString",
        "coordinates": [
          [
            117.1982969,
            39.1445623
          ],
          [
            117.2000167,
            39.1454103
          ]
        ]
      },
      "type": "Feature",
      "properties": {
        "name": "\u80dc\u5229\u8def",
        "type": "secondary",
        "slope": 57.5524178210446,
        "sun_diff": 2.4502389709618058,
        "length": 175.80319973335227
      }
    },
    {
      "geometry": {
        "type": "LineString",
        "coordinates": [
          [
            117.2006342,
            39.1457088
          ],
          [
            117.2018522,
            39.1463008
          ]
        ]
      },
      "type": "Feature",
      "properties": {
        "name": "\u80dc\u5229\u8def",
        "type": "secondary",
        "slope": 57.92388699413695,
        "sun_diff": 2.0787697978694553,
        "length": 123.99742985671124
      }
    },
    {
      "geometry": {
        "type": "LineString",
        "coordinates": [
          [
            117.2023705,
            39.146553
          ],
          [
            117.2044299,
            39.1475427
          ]
        ]
      },
      "type": "Feature",
      "properties": {
        "name": "\u80dc\u5229\u8def",
        "type": "secondary",
        "slope": 58.214285527607615,
        "sun_diff": 1.7883712643987906,
        "length": 208.99099207856568
      }
    },
    {
      "geometry": {
        "type": "LineString",
        "coordinates": [
          [
            117.1984105,
            39.1318144
          ],
          [
            117.1970629,
            39.1311879
          ]
        ]
      },
      "type": "Feature",
      "properties": {
        "name": "\u6d77\u6cb3\u4e1c\u8def",
        "type": "residential",
        "slope": 59.064560589173,
        "sun_diff": 0.9380962028334068,
        "length": 135.55547958902554
      }
    },
    {
      "geometry": {
        "type": "LineString",
        "coordinates": [
          [
            117.2062504,
            39.1212784
          ],
          [
            117.2051887,
            39.1207709
          ]
        ]
      },
      "type": "Feature",
      "properties": {
        "name": "\u4fdd\u5b9a\u9053",
        "type": "tertiary",
        "slope": 58.36140318124035,
        "sun_diff": 1.6412536107660571,
        "length": 107.61217377849786
      }
    },
    {
      "geometry": {
        "type": "LineString",
        "coordinates": [
          [
            117.2157854,
            39.1194749
          ],
          [
            117.2136035,
            39.1184689
          ]
        ]
      },
      "type": "Feature",
      "properties": {
        "name": "\u5927\u5149\u660e\u6865",
        "type": "primary",
        "slope": 59.277938946066314,
        "sun_diff": 0.7247178459400914,
        "length": 219.0298028968523
      }
    },
    {
      "geometry": {
        "type": "LineString",
        "coordinates": [
          [
            117.2135684,
            39.1182751
          ],
          [
            117.2159086,
            39.1193447
          ]
        ]
      },
      "type": "Feature",
      "properties": {
        "name": "\u5927\u5149\u660e\u6865",
        "type": "primary",
        "slope": 59.49703186883923,
        "sun_diff": 0.5056249231671757,
        "length": 234.38945067222903
      }
    },
    {
      "geometry": {
        "type": "LineString",
        "coordinates": [
          [
            117.2606824,
            39.0287274
          ],
          [
            117.2590253,
            39.0294907
          ]
        ]
      },
      "type": "Feature",
      "properties": {
        "name": "\u9886\u4e16\u4e00\u5927\u9053",
        "type": "residential",
        "slope": 120.66622578773496,
        "sun_diff": 0.7155364142382297,
        "length": 166.46290791172552
      }
    },
    {
      "geometry": {
        "type": "LineString",
        "coordinates": [
          [
            117.2596666,
            39.0247709
          ],
          [
            117.2609935,
            39.0241265
          ]
        ]
      },
      "type": "Feature",
      "properties": {
        "name": "\u9886\u4e16\u73af\u8def",
        "type": "tertiary",
        "slope": 122.01029763848794,
        "sun_diff": 2.059608264991212,
        "length": 135.21995842627254
      }
    },
    {
      "geometry": {
        "type": "LineString",
        "coordinates": [
          [
            117.2609935,
            39.0241265
          ],
          [
            117.2622519,
            39.0236228
          ]
        ]
      },
      "type": "Feature",
      "properties": {
        "name": "\u9886\u4e16\u73af\u8def",
        "type": "tertiary",
        "slope": 117.2585899952565,
        "sun_diff": 2.692099378240229,
        "length": 122.32626456333678
      }
    },
    {
      "geometry": {
        "type": "LineString",
        "coordinates": [
          [
            117.2647156,
            39.0213227
          ],
          [
            117.2658343,
            39.0207857
          ]
        ]
      },
      "type": "Feature",
      "properties": {
        "name": "\u9886\u4e16\u73af\u8def",
        "type": "tertiary",
        "slope": 121.71000102377906,
        "sun_diff": 1.7593116502823278,
        "length": 113.637682949378
      }
    },
    {
      "geometry": {
        "type": "LineString",
        "coordinates": [
          [
            117.0370072,
            39.1466276
          ],
          [
            117.0353706,
            39.1458873
          ]
        ]
      },
      "type": "Feature",
      "properties": {
        "name": "\u897f\u9752\u9053",
        "type": "trunk",
        "slope": 59.7468004646276,
        "sun_diff": 0.25585632737880815,
        "length": 163.43686322372642
      }
    },
    {
      "geometry": {
        "type": "LineString",
        "coordinates": [
          [
            117.203314,
            39.1119423
          ],
          [
            117.2002967,
            39.1107417
          ]
        ]
      },
      "type": "Feature",
      "properties": {
        "name": "\u5927\u7406\u9053",
        "type": "tertiary",
        "slope": 62.85069614021458,
        "sun_diff": 2.848039348208175,
        "length": 292.6550129150998
      }
    },
    {
      "geometry": {
        "type": "LineString",
        "coordinates": [
          [
            117.1949257,
            39.1097339
          ],
          [
            117.1938239,
            39.1102221
          ]
        ]
      },
      "type": "Feature",
      "properties": {
        "name": "\u6842\u6797\u8def",
        "type": "tertiary",
        "slope": 119.728309035021,
        "sun_diff": 0.26736396434944254,
        "length": 109.50571457951499
      }
    },
    {
      "geometry": {
        "type": "LineString",
        "coordinates": [
          [
            117.1098119,
            39.2389524
          ],
          [
            117.1111881,
            39.2396068
          ]
        ]
      },
      "type": "Feature",
      "properties": {
        "name": "\u5916\u73af\u5317\u8def\uff08\u5c71\u6df1\u7ebf\uff09",
        "type": "trunk",
        "slope": 58.451969557724624,
        "sun_diff": 1.5054440612196345,
        "length": 139.11930688667871
      }
    },
    {
      "geometry": {
        "type": "LineString",
        "coordinates": [
          [
            117.1111881,
            39.2396068
          ],
          [
            117.1131727,
            39.2405147
          ]
        ]
      },
      "type": "Feature",
      "properties": {
        "name": "\u5916\u73af\u5317\u8def\uff08\u5c71\u6df1\u7ebf\uff09",
        "type": "trunk",
        "slope": 59.43091827965344,
        "sun_diff": 0.5264953392908183,
        "length": 198.56595409918242
      }
    },
    {
      "geometry": {
        "type": "LineString",
        "coordinates": [
          [
            117.1636232,
            39.1841646
          ],
          [
            117.1625147,
            39.1846567
          ]
        ]
      },
      "type": "Feature",
      "properties": {
        "name": "\u4eac\u6d25\u8def",
        "type": "primary",
        "slope": 119.80119306858182,
        "sun_diff": 0.23972310385077833,
        "length": 110.13525743496696
      }
    },
    {
      "geometry": {
        "type": "LineString",
        "coordinates": [
          [
            117.1648304,
            39.1833848
          ],
          [
            117.1674664,
            39.1822155
          ]
        ]
      },
      "type": "Feature",
      "properties": {
        "name": null,
        "type": "primary",
        "slope": 119.78115790006075,
        "sun_diff": 0.25975827237185456,
        "length": 261.8546885080374
      }
    },
    {
      "geometry": {
        "type": "LineString",
        "coordinates": [
          [
            117.1106628,
            39.0909335
          ],
          [
            117.1129184,
            39.092027
          ]
        ]
      },
      "type": "Feature",
      "properties": {
        "name": null,
        "type": "tertiary",
        "slope": 58.010037943558274,
        "sun_diff": 1.9926188484481315,
        "length": 229.59084948718186
      }
    },
    {
      "geometry": {
        "type": "LineString",
        "coordinates": [
          [
            117.1130411,
            39.0920863
          ],
          [
            117.1155614,
            39.0933021
          ]
        ]
      },
      "type": "Feature",
      "properties": {
        "name": null,
        "type": "tertiary",
        "slope": 58.136693501455994,
        "sun_diff": 1.865963290550411,
        "length": 256.1763107778398
      }
    },
    {
      "geometry": {
        "type": "LineString",
        "coordinates": [
          [
            117.1983481,
            39.1272945
          ],
          [
            117.1994024,
            39.1277662
          ]
        ]
      },
      "type": "Feature",
      "properties": {
        "name": "\u54c8\u5c14\u6ee8\u9053",
        "type": "tertiary",
        "slope": 60.025944214336334,
        "sun_diff": 0.023287422329929086,
        "length": 105.01686313158665
      }
    },
    {
      "geometry": {
        "type": "LineString",
        "coordinates": [
          [
            117.1994024,
            39.1277662
          ],
          [
            117.2007657,
            39.1284325
          ]
        ]
      },
      "type": "Feature",
      "properties": {
        "name": "\u54c8\u5c14\u6ee8\u9053",
        "type": "tertiary",
        "slope": 57.787562794060904,
        "sun_diff": 2.2150939979455018,
        "length": 139.0325596013339
      }
    },
    {
      "geometry": {
        "type": "LineString",
        "coordinates": [
          [
            117.2007657,
            39.1284325
          ],
          [
            117.202108,
            39.1290729
          ]
        ]
      },
      "type": "Feature",
      "properties": {
        "name": "\u54c8\u5c14\u6ee8\u9053",
        "type": "tertiary",
        "slope": 58.4074183653276,
        "sun_diff": 1.5952384266788044,
        "length": 135.97086190006016
      }
    },
    {
      "geometry": {
        "type": "LineString",
        "coordinates": [
          [
            117.1971391,
            39.1288977
          ],
          [
            117.1981676,
            39.1293127
          ]
        ]
      },
      "type": "Feature",
      "properties": {
        "name": "\u957f\u6625\u9053",
        "type": "residential",
        "slope": 62.51836267122849,
        "sun_diff": 2.5157058792220823,
        "length": 100.03046086822528
      }
    },
    {
      "geometry": {
        "type": "LineString",
        "coordinates": [
          [
            117.1981676,
            39.1293127
          ],
          [
            117.1994865,
            39.1299034
          ]
        ]
      },
      "type": "Feature",
      "properties": {
        "name": "\u957f\u6625\u9053",
        "type": "residential",
        "slope": 59.99929503143085,
        "sun_diff": 0.003361760575558037,
        "length": 131.40453790178233
      }
    },
    {
      "geometry": {
        "type": "LineString",
        "coordinates": [
          [
            117.1998782,
            39.1300829
          ],
          [
            117.2009213,
            39.1305762
          ]
        ]
      },
      "type": "Feature",
      "properties": {
        "name": "\u957f\u6625\u9053",
        "type": "residential",
        "slope": 58.63111264431009,
        "sun_diff": 1.3715441476963122,
        "length": 105.40818744742926
      }
    },
    {
      "geometry": {
        "type": "LineString",
        "coordinates": [
          [
            117.1917937,
            39.1217867
          ],
          [
            117.1906055,
            39.1222608
          ]
        ]
      },
      "type": "Feature",
      "properties": {
        "name": "\u6cb3\u5357\u8def",
        "type": "tertiary",
        "slope": 117.21747633637096,
        "sun_diff": 2.778196662999477,
        "length": 115.2989856155191
      }
    },
    {
      "geometry": {
        "type": "LineString",
        "coordinates": [
          [
            117.1812129,
            39.1243035
          ],
          [
            117.1824344,
            39.1237061
          ]
        ]
      },
      "type": "Feature",
      "properties": {
        "name": "\u9655\u897f\u8def",
        "type": "tertiary",
        "slope": 122.2281610343444,
        "sun_diff": 2.2324880349739544,
        "length": 124.60056787134239
      }
    },
    {
      "geometry": {
        "type": "LineString",
        "coordinates": [
          [
            117.1872941,
            39.1263839
          ],
          [
            117.1884496,
            39.1258537
          ]
        ]
      },
      "type": "Feature",
      "properties": {
        "name": "\u5c71\u4e1c\u8def",
        "type": "tertiary",
        "slope": 120.60354376176707,
        "sun_diff": 0.6078707623966295,
        "length": 115.84072416142513
      }
    },
    {
      "geometry": {
        "type": "LineString",
        "coordinates": [
          [
            117.2007512,
            39.1219051
          ],
          [
            117.19972,
            39.1214759
          ]
        ]
      },
      "type": "Feature",
      "properties": {
        "name": "\u5510\u5c71\u9053",
        "type": "residential",
        "slope": 61.786896347009304,
        "sun_diff": 1.7842395550028982,
        "length": 100.98254553796446
      }
    },
    {
      "geometry": {
        "type": "LineString",
        "coordinates": [
          [
            117.1968392,
            39.120246
          ],
          [
            117.1958158,
            39.1197744
          ]
        ]
      },
      "type": "Feature",
      "properties": {
        "name": "\u5510\u5c71\u9053",
        "type": "residential",
        "slope": 59.29107266979224,
        "sun_diff": 0.7115841222141626,
        "length": 102.7182959830241
      }
    },
    {
      "geometry": {
        "type": "LineString",
        "coordinates": [
          [
            117.1967101,
            39.0744199
          ],
          [
            117.1944329,
            39.0734664
          ]
        ]
      },
      "type": "Feature",
      "properties": {
        "name": "\u9ed1\u725b\u57ce\u9053",
        "type": "trunk",
        "slope": 61.659918270135705,
        "sun_diff": 1.6572614781292998,
        "length": 223.4172925093528
      }
    },
    {
      "geometry": {
        "type": "LineString",
        "coordinates": [
          [
            117.193818,
            39.0730413
          ],
          [
            117.1967723,
            39.0743394
          ]
        ]
      },
      "type": "Feature",
      "properties": {
        "name": "\u9ed1\u725b\u57ce\u9053",
        "type": "trunk",
        "slope": 60.490623320422856,
        "sun_diff": 0.4879665284164503,
        "length": 293.1352449481856
      }
    },
    {
      "geometry": {
        "type": "LineString",
        "coordinates": [
          [
            117.1970213,
            39.0744521
          ],
          [
            117.1988187,
            39.075198
          ]
        ]
      },
      "type": "Feature",
      "properties": {
        "name": "\u9ed1\u725b\u57ce\u9053",
        "type": "trunk",
        "slope": 61.87287697673969,
        "sun_diff": 1.8702201847332844,
        "length": 175.98959888078042
      }
    },
    {
      "geometry": {
        "type": "LineString",
        "coordinates": [
          [
            117.1176227,
            39.0815923
          ],
          [
            117.1195136,
            39.0806678
          ]
        ]
      },
      "type": "Feature",
      "properties": {
        "name": "\u5916\u73af\u897f\u8def\uff08\u5c71\u6df1\u7ebf\uff09",
        "type": "trunk",
        "slope": 122.20444658105652,
        "sun_diff": 2.2087735816860743,
        "length": 192.95065685267704
      }
    },
    {
      "geometry": {
        "type": "LineString",
        "coordinates": [
          [
            117.1195136,
            39.0806678
          ],
          [
            117.1238168,
            39.0789654
          ]
        ]
      },
      "type": "Feature",
      "properties": {
        "name": "\u5916\u73af\u897f\u8def\uff08\u5c71\u6df1\u7ebf\uff09",
        "type": "trunk",
        "slope": 117.0046421502557,
        "sun_diff": 2.991030849114736,
        "length": 417.025797232201
      }
    },
    {
      "geometry": {
        "type": "LineString",
        "coordinates": [
          [
            117.1248153,
            39.078513
          ],
          [
            117.1258179,
            39.0780133
          ]
        ]
      },
      "type": "Feature",
      "properties": {
        "name": "\u5916\u73af\u897f\u8def\uff08\u5c71\u6df1\u7ebf\uff09",
        "type": "trunk",
        "slope": 122.70187504452025,
        "sun_diff": 2.7062020451498086,
        "length": 102.87750297672243
      }
    },
    {
      "geometry": {
        "type": "LineString",
        "coordinates": [
          [
            117.1220502,
            39.0897758
          ],
          [
            117.1197583,
            39.0886697
          ]
        ]
      },
      "type": "Feature",
      "properties": {
        "name": "\u7269\u534e\u9053",
        "type": "tertiary",
        "slope": 58.12721094725046,
        "sun_diff": 1.8754458447559443,
        "length": 232.99706255294706
      }
    },
    {
      "geometry": {
        "type": "LineString",
        "coordinates": [
          [
            117.1196992,
            39.0886419
          ],
          [
            117.1185332,
            39.0880684
          ]
        ]
      },
      "type": "Feature",
      "properties": {
        "name": "\u7269\u534e\u9053",
        "type": "tertiary",
        "slope": 57.63816198185796,
        "sun_diff": 2.364494810148443,
        "length": 119.1750004015603
      }
    },
    {
      "geometry": {
        "type": "LineString",
        "coordinates": [
          [
            117.1185332,
            39.0880684
          ],
          [
            117.1174799,
            39.0875572
          ]
        ]
      },
      "type": "Feature",
      "properties": {
        "name": "\u7269\u534e\u9053",
        "type": "tertiary",
        "slope": 57.98308775646427,
        "sun_diff": 2.0195690355421334,
        "length": 107.24973020120143
      }
    },
    {
      "geometry": {
        "type": "LineString",
        "coordinates": [
          [
            117.1172251,
            39.0914243
          ],
          [
            117.1147321,
            39.0902224
          ]
        ]
      },
      "type": "Feature",
      "properties": {
        "name": "\u5f00\u534e\u9053",
        "type": "secondary",
        "slope": 58.15341908328958,
        "sun_diff": 1.849237708716828,
        "length": 253.363369889382
      }
    },
    {
      "geometry": {
        "type": "LineString",
        "coordinates": [
          [
            117.1146336,
            39.0901751
          ],
          [
            117.1123418,
            39.0890618
          ]
        ]
      },
      "type": "Feature",
      "properties": {
        "name": "\u5f00\u534e\u9053",
        "type": "secondary",
        "slope": 57.959005030576094,
        "sun_diff": 2.0436517614303114,
        "length": 233.41267599819037
      }
    },
    {
      "geometry": {
        "type": "LineString",
        "coordinates": [
          [
            117.1223591,
            39.0938455
          ],
          [
            117.1244569,
            39.0948613
          ]
        ]
      },
      "type": "Feature",
      "properties": {
        "name": "\u5f00\u534e\u9053",
        "type": "secondary",
        "slope": 58.03938030464951,
        "sun_diff": 1.963276487356893,
        "length": 213.45193681562762
      }
    },
    {
      "geometry": {
        "type": "LineString",
        "coordinates": [
          [
            117.172908,
            39.0681954
          ],
          [
            117.1707181,
            39.0690999
          ]
        ]
      },
      "type": "Feature",
      "properties": {
        "name": "\u7ea2\u65d7\u5357\u8def",
        "type": "trunk",
        "slope": 118.0126887659114,
        "sun_diff": 1.9829842334590353,
        "length": 214.21106321983217
      }
    },
    {
      "geometry": {
        "type": "LineString",
        "coordinates": [
          [
            117.1683135,
            39.0700879
          ],
          [
            117.1651806,
            39.071375
          ]
        ]
      },
      "type": "Feature",
      "properties": {
        "name": "\u7ea2\u65d7\u5357\u8def",
        "type": "trunk",
        "slope": 117.88681086636436,
        "sun_diff": 2.1088621330060846,
        "length": 306.0869540076583
      }
    },
    {
      "geometry": {
        "type": "LineString",
        "coordinates": [
          [
            117.1710825,
            39.0691513
          ],
          [
            117.1696624,
            39.0697269
          ]
        ]
      },
      "type": "Feature",
      "properties": {
        "name": "\u7ea2\u65d7\u5357\u8def\u8f85\u8def",
        "type": "secondary",
        "slope": 117.56765908171377,
        "sun_diff": 2.4280139176566706,
        "length": 138.34201956960172
      }
    },
    {
      "geometry": {
        "type": "LineString",
        "coordinates": [
          [
            117.168402,
            39.0702377
          ],
          [
            117.1665612,
            39.0710101
          ]
        ]
      },
      "type": "Feature",
      "properties": {
        "name": "\u7ea2\u65d7\u5357\u8def\u8f85\u8def",
        "type": "secondary",
        "slope": 118.3897750586174,
        "sun_diff": 1.6058979407530387,
        "length": 180.69444822355825
      }
    },
    {
      "geometry": {
        "type": "LineString",
        "coordinates": [
          [
            117.1651004,
            39.0712151
          ],
          [
            117.1661473,
            39.0707974
          ]
        ]
      },
      "type": "Feature",
      "properties": {
        "name": "\u7ea2\u65d7\u5357\u8def",
        "type": "trunk",
        "slope": 117.19933798797186,
        "sun_diff": 2.7963350113985825,
        "length": 101.64482136306556
      }
    },
    {
      "geometry": {
        "type": "LineString",
        "coordinates": [
          [
            117.1661473,
            39.0707974
          ],
          [
            117.1674953,
            39.0702455
          ]
        ]
      },
      "type": "Feature",
      "properties": {
        "name": "\u7ea2\u65d7\u5357\u8def",
        "type": "trunk",
        "slope": 117.804959344828,
        "sun_diff": 2.190713654542435,
        "length": 131.60214242650937
      }
    },
    {
      "geometry": {
        "type": "LineString",
        "coordinates": [
          [
            117.1674953,
            39.0702455
          ],
          [
            117.16904,
            39.0696116
          ]
        ]
      },
      "type": "Feature",
      "properties": {
        "name": "\u7ea2\u65d7\u5357\u8def",
        "type": "trunk",
        "slope": 117.85954919011729,
        "sun_diff": 2.1361238092531494,
        "length": 150.88267667647546
      }
    },
    {
      "geometry": {
        "type": "LineString",
        "coordinates": [
          [
            117.16904,
            39.0696116
          ],
          [
            117.1703068,
            39.0690907
          ]
        ]
      },
      "type": "Feature",
      "properties": {
        "name": "\u7ea2\u65d7\u5357\u8def",
        "type": "trunk",
        "slope": 117.9068041408571,
        "sun_diff": 2.0888688585133366,
        "length": 123.79305520151317
      }
    },
    {
      "geometry": {
        "type": "LineString",
        "coordinates": [
          [
            117.1880556,
            39.1321204
          ],
          [
            117.1891674,
            39.132621
          ]
        ]
      },
      "type": "Feature",
      "properties": {
        "name": "\u5317\u5b89\u6865",
        "type": "secondary",
        "slope": 59.86624852406143,
        "sun_diff": 0.1364082679449723,
        "length": 110.9154426761565
      }
    },
    {
      "geometry": {
        "type": "LineString",
        "coordinates": [
          [
            117.2445967,
            39.1191527
          ],
          [
            117.2484907,
            39.1172261
          ]
        ]
      },
      "type": "Feature",
      "properties": {
        "name": "\u65b0\u9614\u8def",
        "type": "secondary",
        "slope": 122.52551682396472,
        "sun_diff": 2.5298438245942805,
        "length": 398.55535303103363
      }
    },
    {
      "geometry": {
        "type": "LineString",
        "coordinates": [
          [
            117.2052359,
            39.1206998
          ],
          [
            117.2063203,
            39.12121
          ]
        ]
      },
      "type": "Feature",
      "properties": {
        "name": "\u4fdd\u5b9a\u9053",
        "type": "tertiary",
        "slope": 58.765343986779556,
        "sun_diff": 1.2373128052268498,
        "length": 109.44023891392516
      }
    },
    {
      "geometry": {
        "type": "LineString",
        "coordinates": [
          [
            117.1892352,
            39.1327566
          ],
          [
            117.1879905,
            39.1322074
          ]
        ]
      },
      "type": "Feature",
      "properties": {
        "name": "\u5317\u5b89\u6865",
        "type": "secondary",
        "slope": 60.36781320986927,
        "sun_diff": 0.36515641786286324,
        "length": 123.55078510915587
      }
    },
    {
      "geometry": {
        "type": "LineString",
        "coordinates": [
          [
            117.2268939,
            39.1097115
          ],
          [
            117.2258499,
            39.1092056
          ]
        ]
      },
      "type": "Feature",
      "properties": {
        "name": "\u5927\u76f4\u6cbd\u897f\u8def",
        "type": "primary",
        "slope": 58.01517703244565,
        "sun_diff": 1.987479759560756,
        "length": 106.23296255448389
      }
    },
    {
      "geometry": {
        "type": "LineString",
        "coordinates": [
          [
            117.2184555,
            39.1287383
          ],
          [
            117.2195879,
            39.1282179
          ]
        ]
      },
      "type": "Feature",
      "properties": {
        "name": "\u5317\u957f\u8def",
        "type": "tertiary",
        "slope": 120.64299763753974,
        "sun_diff": 0.6473246381692945,
        "length": 113.56739004979183
      }
    },
    {
      "geometry": {
        "type": "LineString",
        "coordinates": [
          [
            117.184146,
            39.1640465
          ],
          [
            117.1824002,
            39.1631764
          ]
        ]
      },
      "type": "Feature",
      "properties": {
        "name": "\u5317\u6a2a\u5feb\u901f\u8def",
        "type": "trunk",
        "slope": 57.26704701727769,
        "sun_diff": 2.690366601666568,
        "length": 178.9833920578569
      }
    },
    {
      "geometry": {
        "type": "LineString",
        "coordinates": [
          [
            117.1807909,
            39.1624339
          ],
          [
            117.1794347,
            39.1618257
          ]
        ]
      },
      "type": "Feature",
      "properties": {
        "name": "\u5317\u6a2a\u5feb\u901f\u8def",
        "type": "trunk",
        "slope": 59.95559979416993,
        "sun_diff": 0.0018138247743308966,
        "length": 135.11821339431935
      }
    },
    {
      "geometry": {
        "type": "LineString",
        "coordinates": [
          [
            117.1785099,
            39.1612931
          ],
          [
            117.18022,
            39.1620442
          ]
        ]
      },
      "type": "Feature",
      "properties": {
        "name": "\u5317\u6a2a\u5feb\u901f\u8def",
        "type": "trunk",
        "slope": 60.47007238905687,
        "sun_diff": 0.5126587701126084,
        "length": 169.50451566894017
      }
    },
    {
      "geometry": {
        "type": "LineString",
        "coordinates": [
          [
            117.1819571,
            39.1628253
          ],
          [
            117.1842256,
            39.163937
          ]
        ]
      },
      "type": "Feature",
      "properties": {
        "name": "\u5317\u6a2a\u5feb\u901f\u8def",
        "type": "trunk",
        "slope": 57.704828422048166,
        "sun_diff": 2.252585196896092,
        "length": 231.4416515217102
      }
    },
    {
      "geometry": {
        "type": "LineString",
        "coordinates": [
          [
            117.1852208,
            39.1645836
          ],
          [
            117.184146,
            39.1640465
          ]
        ]
      },
      "type": "Feature",
      "properties": {
        "name": "\u5fd7\u6210\u8def",
        "type": "trunk",
        "slope": 57.197507424517795,
        "sun_diff": 2.7599061944264633,
        "length": 110.27588039222904
      }
    },
    {
      "geometry": {
        "type": "LineString",
        "coordinates": [
          [
            117.2164473,
            39.111155
          ],
          [
            117.2150293,
            39.110535
          ]
        ]
      },
      "type": "Feature",
      "properties": {
        "name": "\u5357\u4eac\u8def",
        "type": "secondary",
        "slope": 60.59881100355338,
        "sun_diff": 0.596154211546974,
        "length": 140.47504459874165
      }
    },
    {
      "geometry": {
        "type": "LineString",
        "coordinates": [
          [
            117.229642,
            39.0865722
          ],
          [
            117.2265071,
            39.0880965
          ]
        ]
      },
      "type": "Feature",
      "properties": {
        "name": "\u5927\u6cbd\u5357\u8def",
        "type": "primary",
        "slope": 122.06504732600376,
        "sun_diff": 2.069374326633323,
        "length": 319.37237529399476
      }
    },
    {
      "geometry": {
        "type": "LineString",
        "coordinates": [
          [
            117.2439223,
            39.0815371
          ],
          [
            117.2450519,
            39.0810516
          ]
        ]
      },
      "type": "Feature",
      "properties": {
        "name": "\u5927\u6cbd\u5357\u8def\u8f85\u8def",
        "type": "tertiary",
        "slope": 118.97249684533347,
        "sun_diff": 1.0231761540369746,
        "length": 111.48448985055633
      }
    },
    {
      "geometry": {
        "type": "LineString",
        "coordinates": [
          [
            117.2423628,
            39.0826149
          ],
          [
            117.2396338,
            39.0837414
          ]
        ]
      },
      "type": "Feature",
      "properties": {
        "name": "\u5927\u6cbd\u5357\u8def",
        "type": "trunk",
        "slope": 118.00358104085589,
        "sun_diff": 1.9920919585145498,
        "length": 266.86698434396146
      }
    },
    {
      "geometry": {
        "type": "LineString",
        "coordinates": [
          [
            117.2439064,
            39.08167
          ],
          [
            117.2463718,
            39.0806517
          ]
        ]
      },
      "type": "Feature",
      "properties": {
        "name": "\u5927\u6cbd\u5357\u8def",
        "type": "trunk",
        "slope": 118.01680044082497,
        "sun_diff": 1.9788725585454756,
        "length": 241.12702034549736
      }
    },
    {
      "geometry": {
        "type": "LineString",
        "coordinates": [
          [
            117.2394165,
            39.0835579
          ],
          [
            117.2404956,
            39.0831098
          ]
        ]
      },
      "type": "Feature",
      "properties": {
        "name": "\u5927\u6cbd\u5357\u8def",
        "type": "trunk",
        "slope": 118.14501233208065,
        "sun_diff": 1.8506606672897874,
        "length": 105.66348031392741
      }
    },
    {
      "geometry": {
        "type": "LineString",
        "coordinates": [
          [
            117.2464994,
            39.0808224
          ],
          [
            117.2444928,
            39.0816598
          ]
        ]
      },
      "type": "Feature",
      "properties": {
        "name": "\u5927\u6cbd\u5357\u8def",
        "type": "trunk",
        "slope": 118.26314917433191,
        "sun_diff": 1.7325238250385269,
        "length": 196.70538516571713
      }
    },
    {
      "geometry": {
        "type": "LineString",
        "coordinates": [
          [
            117.2444928,
            39.0816598
          ],
          [
            117.2433202,
            39.0821662
          ]
        ]
      },
      "type": "Feature",
      "properties": {
        "name": "\u5927\u6cbd\u5357\u8def",
        "type": "trunk",
        "slope": 119.08927440189254,
        "sun_diff": 0.906398597477903,
        "length": 115.85810081941317
      }
    },
    {
      "geometry": {
        "type": "LineString",
        "coordinates": [
          [
            117.2404528,
            39.0851736
          ],
          [
            117.2429452,
            39.0839255
          ]
        ]
      },
      "type": "Feature",
      "properties": {
        "name": "\u53f0\u513f\u5e84\u8def",
        "type": "tertiary",
        "slope": 122.82713882958132,
        "sun_diff": 2.831465830210874,
        "length": 256.0846262282991
      }
    },
    {
      "geometry": {
        "type": "LineString",
        "coordinates": [
          [
            117.2747797,
            39.0686288
          ],
          [
            117.2766404,
            39.0677794
          ]
        ]
      },
      "type": "Feature",
      "properties": {
        "name": "\u5927\u6cbd\u5357\u8def\u8f85\u8def",
        "type": "tertiary",
        "slope": 120.45394390039439,
        "sun_diff": 0.4582709010239512,
        "length": 186.4042990567058
      }
    },
    {
      "geometry": {
        "type": "LineString",
        "coordinates": [
          [
            117.2764248,
            39.0680245
          ],
          [
            117.2793116,
            39.0667015
          ]
        ]
      },
      "type": "Feature",
      "properties": {
        "name": "\u5927\u6cbd\u5357\u8def",
        "type": "trunk",
        "slope": 120.55206419762848,
        "sun_diff": 0.5563911982580407,
        "length": 289.4942667743581
      }
    },
    {
      "geometry": {
        "type": "LineString",
        "coordinates": [
          [
            117.2793116,
            39.0667015
          ],
          [
            117.2814316,
            39.0656991
          ]
        ]
      },
      "type": "Feature",
      "properties": {
        "name": "\u5927\u6cbd\u5357\u8def",
        "type": "trunk",
        "slope": 121.34077288005423,
        "sun_diff": 1.3450998806837902,
        "length": 214.36341635885503
      }
    },
    {
      "geometry": {
        "type": "LineString",
        "coordinates": [
          [
            117.2815454,
            39.0657944
          ],
          [
            117.2794704,
            39.0667794
          ]
        ]
      },
      "type": "Feature",
      "properties": {
        "name": "\u5927\u6cbd\u5357\u8def",
        "type": "trunk",
        "slope": 121.44164397140946,
        "sun_diff": 1.4459709720390208,
        "length": 210.03770539997362
      }
    },
    {
      "geometry": {
        "type": "LineString",
        "coordinates": [
          [
            117.2794704,
            39.0667794
          ],
          [
            117.2781998,
            39.0673471
          ]
        ]
      },
      "type": "Feature",
      "properties": {
        "name": "\u5927\u6cbd\u5357\u8def",
        "type": "trunk",
        "slope": 119.91905791419038,
        "sun_diff": 0.07661508518006599,
        "length": 126.60063675664276
      }
    },
    {
      "geometry": {
        "type": "LineString",
        "coordinates": [
          [
            117.2828586,
            39.0653245
          ],
          [
            117.2802228,
            39.0665488
          ]
        ]
      },
      "type": "Feature",
      "properties": {
        "name": "\u5927\u6cbd\u5357\u8def\u8f85\u8def",
        "type": "tertiary",
        "slope": 120.88991877024804,
        "sun_diff": 0.8942457708776033,
        "length": 265.2554270539038
      }
    },
    {
      "geometry": {
        "type": "LineString",
        "coordinates": [
          [
            117.2996605,
            39.0552355
          ],
          [
            117.3007022,
            39.0547158
          ]
        ]
      },
      "type": "Feature",
      "properties": {
        "name": "\u5927\u6cbd\u5357\u8def",
        "type": "trunk",
        "slope": 122.71897513363322,
        "sun_diff": 2.723302134262781,
        "length": 106.94535396050375
      }
    },
    {
      "geometry": {
        "type": "LineString",
        "coordinates": [
          [
            117.2328156,
            39.0471756
          ],
          [
            117.2348387,
            39.0481809
          ]
        ]
      },
      "type": "Feature",
      "properties": {
        "name": "\u6d6f\u6c34\u9053",
        "type": "secondary",
        "slope": 57.38724037160833,
        "sun_diff": 2.6604137066501323,
        "length": 207.47411919393426
      }
    },
    {
      "geometry": {
        "type": "LineString",
        "coordinates": [
          [
            117.1651867,
            39.0462276
          ],
          [
            117.1749385,
            39.0416085
          ]
        ]
      },
      "type": "Feature",
      "properties": {
        "name": "\u5916\u73af\u897f\u8def\uff08\u5c71\u6df1\u7ebf\uff09",
        "type": "trunk",
        "slope": 121.37707601751507,
        "sun_diff": 1.4263866440183364,
        "length": 986.7504733430783
      }
    },
    {
      "geometry": {
        "type": "LineString",
        "coordinates": [
          [
            117.1570734,
            39.1724249
          ],
          [
            117.1555148,
            39.1731486
          ]
        ]
      },
      "type": "Feature",
      "properties": {
        "name": "\u4e01\u5b57\u6cbd\u4e09\u53f7\u8def",
        "type": "primary",
        "slope": 120.91931549832788,
        "sun_diff": 0.8783993258952734,
        "length": 156.66126530090463
      }
    },
    {
      "geometry": {
        "type": "LineString",
        "coordinates": [
          [
            117.1258778,
            39.1874659
          ],
          [
            117.1271143,
            39.1868942
          ]
        ]
      },
      "type": "Feature",
      "properties": {
        "name": "\u8fb0\u660c\u8def",
        "type": "primary",
        "slope": 120.81677462545116,
        "sun_diff": 0.7758584530185573,
        "length": 124.12767834489723
      }
    },
    {
      "geometry": {
        "type": "LineString",
        "coordinates": [
          [
            117.1523632,
            39.174591
          ],
          [
            117.1549396,
            39.1733395
          ]
        ]
      },
      "type": "Feature",
      "properties": {
        "name": "\u4e01\u5b57\u6cbd\u4e09\u53f7\u8def",
        "type": "primary",
        "slope": 122.07077390308939,
        "sun_diff": 2.0298577306567864,
        "length": 262.16959604080876
      }
    },
    {
      "geometry": {
        "type": "LineString",
        "coordinates": [
          [
            117.1552076,
            39.173213
          ],
          [
            117.1569244,
            39.172403
          ]
        ]
      },
      "type": "Feature",
      "properties": {
        "name": "\u4e01\u5b57\u6cbd\u4e09\u53f7\u8def",
        "type": "primary",
        "slope": 121.32423987807593,
        "sun_diff": 1.2833237056433262,
        "length": 173.30093412511883
      }
    },
    {
      "geometry": {
        "type": "LineString",
        "coordinates": [
          [
            117.1569244,
            39.172403
          ],
          [
            117.1579297,
            39.171901
          ]
        ]
      },
      "type": "Feature",
      "properties": {
        "name": "\u4e01\u5b57\u6cbd\u4e09\u53f7\u8def",
        "type": "primary",
        "slope": 122.7862168424476,
        "sun_diff": 2.7453006700149984,
        "length": 103.1147148818238
      }
    },
    {
      "geometry": {
        "type": "LineString",
        "coordinates": [
          [
            117.1414975,
            39.1800918
          ],
          [
            117.1440545,
            39.1788395
          ]
        ]
      },
      "type": "Feature",
      "properties": {
        "name": "\u4e01\u5b57\u6cbd\u4e09\u53f7\u8def",
        "type": "primary",
        "slope": 122.2844990411011,
        "sun_diff": 2.243582868668497,
        "length": 260.7864927747988
      }
    },
    {
      "geometry": {
        "type": "LineString",
        "coordinates": [
          [
            117.1317969,
            39.1849342
          ],
          [
            117.1296284,
            39.185997
          ]
        ]
      },
      "type": "Feature",
      "properties": {
        "name": "\u4e01\u5b57\u6cbd\u4e09\u53f7\u8def",
        "type": "primary",
        "slope": 122.3058706760996,
        "sun_diff": 2.264954503666999,
        "length": 221.19589949914553
      }
    },
    {
      "geometry": {
        "type": "LineString",
        "coordinates": [
          [
            117.1512224,
            39.1911694
          ],
          [
            117.1496653,
            39.1904589
          ]
        ]
      },
      "type": "Feature",
      "properties": {
        "name": "\u5317\u8fd0\u6cb3\u6865",
        "type": "secondary",
        "slope": 59.51329524220253,
        "sun_diff": 0.44411837674172716,
        "length": 155.77077938632002
      }
    },
    {
      "geometry": {
        "type": "LineString",
        "coordinates": [
          [
            117.1498585,
            39.1904293
          ],
          [
            117.1513104,
            39.1910507
          ]
        ]
      },
      "type": "Feature",
      "properties": {
        "name": "\u5317\u8fd0\u6cb3\u6865",
        "type": "secondary",
        "slope": 61.09183731338638,
        "sun_diff": 1.1344236944421198,
        "length": 142.9818723213569
      }
    },
    {
      "geometry": {
        "type": "LineString",
        "coordinates": [
          [
            117.1830841,
            39.1640532
          ],
          [
            117.1818292,
            39.1634555
          ]
        ]
      },
      "type": "Feature",
      "properties": {
        "name": "\u5fd7\u6210\u8def",
        "type": "tertiary",
        "slope": 58.43775531862485,
        "sun_diff": 1.5196583003194064,
        "length": 127.01327663072526
      }
    },
    {
      "geometry": {
        "type": "LineString",
        "coordinates": [
          [
            117.2189711,
            39.167092
          ],
          [
            117.2210395,
            39.1661216
          ]
        ]
      },
      "type": "Feature",
      "properties": {
        "name": "\u80b2\u7ea2\u8def",
        "type": "trunk",
        "slope": 121.17867009078014,
        "sun_diff": 1.137753918347542,
        "length": 208.4896744246578
      }
    },
    {
      "geometry": {
        "type": "LineString",
        "coordinates": [
          [
            117.2328535,
            39.1690805
          ],
          [
            117.2316057,
            39.1685433
          ]
        ]
      },
      "type": "Feature",
      "properties": {
        "name": "\u91d1\u949f\u6cb3\u5927\u8857\u8f85\u8def",
        "type": "unclassified",
        "slope": 60.95667564150045,
        "sun_diff": 0.999262022556195,
        "length": 123.08152949452045
      }
    },
    {
      "geometry": {
        "type": "LineString",
        "coordinates": [
          [
            117.2204236,
            39.1665496
          ],
          [
            117.2190954,
            39.1671664
          ]
        ]
      },
      "type": "Feature",
      "properties": {
        "name": "\u80b2\u7ea2\u8def",
        "type": "trunk",
        "slope": 120.92048128546708,
        "sun_diff": 0.8795651130344737,
        "length": 133.51572732077256
      }
    },
    {
      "geometry": {
        "type": "LineString",
        "coordinates": [
          [
            117.2150918,
            39.168841
          ],
          [
            117.2163641,
            39.1682534
          ]
        ]
      },
      "type": "Feature",
      "properties": {
        "name": "\u80b2\u7ea2\u8def",
        "type": "trunk",
        "slope": 120.78213637890073,
        "sun_diff": 0.7412202064681281,
        "length": 127.70933340427466
      }
    },
    {
      "geometry": {
        "type": "LineString",
        "coordinates": [
          [
            117.1153029,
            39.2007743
          ],
          [
            117.116407,
            39.2012884
          ]
        ]
      },
      "type": "Feature",
      "properties": {
        "name": "\u9f99\u5c45\u9053",
        "type": "residential",
        "slope": 58.99983550999275,
        "sun_diff": 0.957578108951509,
        "length": 111.02701056047174
      }
    },
    {
      "geometry": {
        "type": "LineString",
        "coordinates": [
          [
            117.116407,
            39.2012884
          ],
          [
            117.1174733,
            39.2017749
          ]
        ]
      },
      "type": "Feature",
      "properties": {
        "name": "\u9f99\u5c45\u9053",
        "type": "residential",
        "slope": 59.51180690430613,
        "sun_diff": 0.4456067146381315,
        "length": 106.6567487096836
      }
    },
    {
      "geometry": {
        "type": "LineString",
        "coordinates": [
          [
            117.1057953,
            39.1938248
          ],
          [
            117.1080886,
            39.1948093
          ]
        ]
      },
      "type": "Feature",
      "properties": {
        "name": "\u9f99\u6cc9\u9053",
        "type": "tertiary",
        "slope": 61.016768032526016,
        "sun_diff": 1.059354413581758,
        "length": 225.99429620618682
      }
    },
    {
      "geometry": {
        "type": "LineString",
        "coordinates": [
          [
            117.1082142,
            39.1948623
          ],
          [
            117.1107061,
            39.1959151
          ]
        ]
      },
      "type": "Feature",
      "properties": {
        "name": "\u9f99\u6cc9\u9053",
        "type": "tertiary",
        "slope": 61.40280136550672,
        "sun_diff": 1.44538774656246,
        "length": 244.65414499764609
      }
    },
    {
      "geometry": {
        "type": "LineString",
        "coordinates": [
          [
            117.1108245,
            39.1959666
          ],
          [
            117.1120102,
            39.1964823
          ]
        ]
      },
      "type": "Feature",
      "properties": {
        "name": "\u9f99\u6cc9\u9053",
        "type": "tertiary",
        "slope": 60.69816646171017,
        "sun_diff": 0.7407528427659145,
        "length": 117.20508985850662
      }
    },
    {
      "geometry": {
        "type": "LineString",
        "coordinates": [
          [
            117.1125165,
            39.1967043
          ],
          [
            117.1142852,
            39.1974528
          ]
        ]
      },
      "type": "Feature",
      "properties": {
        "name": "\u9f99\u6cc9\u9053",
        "type": "tertiary",
        "slope": 61.362205319726485,
        "sun_diff": 1.4047917007822264,
        "length": 173.71359375638264
      }
    },
    {
      "geometry": {
        "type": "LineString",
        "coordinates": [
          [
            117.1163365,
            39.2015572
          ],
          [
            117.114932,
            39.2009063
          ]
        ]
      },
      "type": "Feature",
      "properties": {
        "name": "\u9f99\u5c45\u9053",
        "type": "residential",
        "slope": 59.11904487508164,
        "sun_diff": 0.8383687438626168,
        "length": 141.05875132845713
      }
    },
    {
      "geometry": {
        "type": "LineString",
        "coordinates": [
          [
            117.1457794,
            39.2313993
          ],
          [
            117.143759,
            39.2304967
          ]
        ]
      },
      "type": "Feature",
      "properties": {
        "name": "\u5317\u8fb0\u9053",
        "type": "primary",
        "slope": 60.026463410709766,
        "sun_diff": 0.06904979176550796,
        "length": 200.95190661216134
      }
    },
    {
      "geometry": {
        "type": "LineString",
        "coordinates": [
          [
            117.119074,
            39.2052497
          ],
          [
            117.1225231,
            39.2067054
          ]
        ]
      },
      "type": "Feature",
      "properties": {
        "name": "\u9f99\u95e8\u9053",
        "type": "secondary",
        "slope": 61.42400143493069,
        "sun_diff": 1.4665878159864292,
        "length": 338.5122922970842
      }
    },
    {
      "geometry": {
        "type": "LineString",
        "coordinates": [
          [
            117.1225231,
            39.2067054
          ],
          [
            117.124279,
            39.2074549
          ]
        ]
      },
      "type": "Feature",
      "properties": {
        "name": "\u9f99\u95e8\u9053",
        "type": "secondary",
        "slope": 61.1510482257919,
        "sun_diff": 1.1936346068476382,
        "length": 172.7807735298834
      }
    },
    {
      "geometry": {
        "type": "LineString",
        "coordinates": [
          [
            117.124279,
            39.2074549
          ],
          [
            117.1258443,
            39.208123
          ]
        ]
      },
      "type": "Feature",
      "properties": {
        "name": "\u9f99\u95e8\u9053",
        "type": "secondary",
        "slope": 61.15237745049487,
        "sun_diff": 1.1949638315506093,
        "length": 154.02220837077175
      }
    },
    {
      "geometry": {
        "type": "LineString",
        "coordinates": [
          [
            117.2271852,
            39.1706948
          ],
          [
            117.2303798,
            39.1722472
          ]
        ]
      },
      "type": "Feature",
      "properties": {
        "name": "\u675c\u9e43\u9053",
        "type": "tertiary",
        "slope": 57.919559370257474,
        "sun_diff": 2.0378542486867843,
        "length": 325.12053784149396
      }
    },
    {
      "geometry": {
        "type": "LineString",
        "coordinates": [
          [
            117.2106372,
            39.1722313
          ],
          [
            117.2088969,
            39.1730882
          ]
        ]
      },
      "type": "Feature",
      "properties": {
        "name": null,
        "type": "residential",
        "slope": 122.42124398762482,
        "sun_diff": 2.380327815192217,
        "length": 177.77686912996305
      }
    },
    {
      "geometry": {
        "type": "LineString",
        "coordinates": [
          [
            117.2171908,
            39.1723763
          ],
          [
            117.2152101,
            39.1733319
          ]
        ]
      },
      "type": "Feature",
      "properties": {
        "name": "\u6cd7\u9633\u8def",
        "type": "tertiary",
        "slope": 121.89532168684536,
        "sun_diff": 1.8544055144127611,
        "length": 201.1695361863667
      }
    },
    {
      "geometry": {
        "type": "LineString",
        "coordinates": [
          [
            117.2152101,
            39.1733319
          ],
          [
            117.2136953,
            39.1740375
          ]
        ]
      },
      "type": "Feature",
      "properties": {
        "name": "\u6cd7\u9633\u8def",
        "type": "tertiary",
        "slope": 120.99991351751459,
        "sun_diff": 0.9589973450819826,
        "length": 152.38534902250015
      }
    },
    {
      "geometry": {
        "type": "LineString",
        "coordinates": [
          [
            117.2088969,
            39.1730882
          ],
          [
            117.2070665,
            39.1739958
          ]
        ]
      },
      "type": "Feature",
      "properties": {
        "name": null,
        "type": "residential",
        "slope": 122.60350523798027,
        "sun_diff": 2.5625890655476695,
        "length": 187.35797421424314
      }
    },
    {
      "geometry": {
        "type": "LineString",
        "coordinates": [
          [
            117.216899,
            39.1768565
          ],
          [
            117.218118,
            39.1774617
          ]
        ]
      },
      "type": "Feature",
      "properties": {
        "name": "\u6dee\u5b89\u9053",
        "type": "tertiary",
        "slope": 57.362462749202194,
        "sun_diff": 2.594950869742064,
        "length": 124.81676164462425
      }
    },
    {
      "geometry": {
        "type": "LineString",
        "coordinates": [
          [
            117.2793649,
            39.1515194
          ],
          [
            117.278115,
            39.1509911
          ]
        ]
      },
      "type": "Feature",
      "properties": {
        "name": "\u79c0\u4e3d\u5317\u9053",
        "type": "tertiary",
        "slope": 61.40764581988492,
        "sun_diff": 1.4502322009406612,
        "length": 122.7865825173879
      }
    },
    {
      "geometry": {
        "type": "LineString",
        "coordinates": [
          [
            117.2767678,
            39.1580677
          ],
          [
            117.2743911,
            39.1591992
          ]
        ]
      },
      "type": "Feature",
      "properties": {
        "name": null,
        "type": "tertiary",
        "slope": 121.54928850655494,
        "sun_diff": 1.5083723341223418,
        "length": 240.53828290552585
      }
    },
    {
      "geometry": {
        "type": "LineString",
        "coordinates": [
          [
            117.2732384,
            39.150532
          ],
          [
            117.2761465,
            39.1517396
          ]
        ]
      },
      "type": "Feature",
      "properties": {
        "name": "\u9f99\u5c71\u9053",
        "type": "secondary",
        "slope": 61.83174063134271,
        "sun_diff": 1.874327012398453,
        "length": 284.5429387469967
      }
    },
    {
      "geometry": {
        "type": "LineString",
        "coordinates": [
          [
            117.2762086,
            39.1517637
          ],
          [
            117.2785337,
            39.152739
          ]
        ]
      },
      "type": "Feature",
      "properties": {
        "name": "\u9f99\u5c71\u9053",
        "type": "secondary",
        "slope": 61.59010085276404,
        "sun_diff": 1.6326872338197802,
        "length": 228.01275518049664
      }
    },
    {
      "geometry": {
        "type": "LineString",
        "coordinates": [
          [
            117.2785337,
            39.152739
          ],
          [
            117.2796373,
            39.1531957
          ]
        ]
      },
      "type": "Feature",
      "properties": {
        "name": "\u9f99\u5c71\u9053",
        "type": "secondary",
        "slope": 61.913218835578164,
        "sun_diff": 1.9558052166339053,
        "length": 107.89696700333084
      }
    },
    {
      "geometry": {
        "type": "LineString",
        "coordinates": [
          [
            117.2835964,
            39.1549593
          ],
          [
            117.2807588,
            39.1537852
          ]
        ]
      },
      "type": "Feature",
      "properties": {
        "name": "\u9f99\u5c71\u9053",
        "type": "secondary",
        "slope": 61.916603533787566,
        "sun_diff": 1.9591899148433072,
        "length": 277.413425319949
      }
    },
    {
      "geometry": {
        "type": "LineString",
        "coordinates": [
          [
            117.282612,
            39.1559198
          ],
          [
            117.28011,
            39.1570861
          ]
        ]
      },
      "type": "Feature",
      "properties": {
        "name": null,
        "type": "tertiary",
        "slope": 121.0124389165764,
        "sun_diff": 0.9715227441437975,
        "length": 251.78971775247982
      }
    },
    {
      "geometry": {
        "type": "LineString",
        "coordinates": [
          [
            117.2595952,
            39.1056451
          ],
          [
            117.258472,
            39.1061923
          ]
        ]
      },
      "type": "Feature",
      "properties": {
        "name": "\u4e2d\u5fc3\u5317\u9053",
        "type": "tertiary",
        "slope": 122.12167976622072,
        "sun_diff": 2.1260067668502813,
        "length": 114.46859194783488
      }
    },
    {
      "geometry": {
        "type": "LineString",
        "coordinates": [
          [
            117.2568767,
            39.1099178
          ],
          [
            117.2550895,
            39.1107996
          ]
        ]
      },
      "type": "Feature",
      "properties": {
        "name": null,
        "type": "residential",
        "slope": 122.45150170935494,
        "sun_diff": 2.4558287099845018,
        "length": 182.79081272730355
      }
    },
    {
      "geometry": {
        "type": "LineString",
        "coordinates": [
          [
            117.2646342,
            39.099584
          ],
          [
            117.2629994,
            39.1003683
          ]
        ]
      },
      "type": "Feature",
      "properties": {
        "name": "\u53cb\u7231\u4e1c\u9053",
        "type": "tertiary",
        "slope": 121.72454321061946,
        "sun_diff": 1.728870211249017,
        "length": 165.90324731065422
      }
    },
    {
      "geometry": {
        "type": "LineString",
        "coordinates": [
          [
            117.2615521,
            39.1010553
          ],
          [
            117.2605619,
            39.1015395
          ]
        ]
      },
      "type": "Feature",
      "properties": {
        "name": "\u53cb\u7231\u4e1c\u9053",
        "type": "tertiary",
        "slope": 122.21587261668867,
        "sun_diff": 2.2201996173182295,
        "length": 101.02520932332612
      }
    },
    {
      "geometry": {
        "type": "LineString",
        "coordinates": [
          [
            117.2656513,
            39.1061352
          ],
          [
            117.2673115,
            39.105337
          ]
        ]
      },
      "type": "Feature",
      "properties": {
        "name": "\u5e7f\u745e\u8def",
        "type": "tertiary",
        "slope": 121.78147456564446,
        "sun_diff": 1.7858015662740172,
        "length": 168.57128756925337
      }
    },
    {
      "geometry": {
        "type": "LineString",
        "coordinates": [
          [
            117.2673115,
            39.105337
          ],
          [
            117.26868,
            39.1046788
          ]
        ]
      },
      "type": "Feature",
      "properties": {
        "name": "\u5e7f\u745e\u8def",
        "type": "tertiary",
        "slope": 121.79079043293072,
        "sun_diff": 1.7951174335602786,
        "length": 138.96842061298494
      }
    },
    {
      "geometry": {
        "type": "LineString",
        "coordinates": [
          [
            117.2538128,
            39.1092258
          ],
          [
            117.2550802,
            39.1086217
          ]
        ]
      },
      "type": "Feature",
      "properties": {
        "name": "\u548c\u7766\u897f\u9053",
        "type": "tertiary",
        "slope": 121.56123184445087,
        "sun_diff": 1.5655588450804316,
        "length": 128.37698913504903
      }
    },
    {
      "geometry": {
        "type": "LineString",
        "coordinates": [
          [
            117.2512505,
            39.1060459
          ],
          [
            117.2523452,
            39.1055098
          ]
        ]
      },
      "type": "Feature",
      "properties": {
        "name": "\u4e92\u52a9\u897f\u9053",
        "type": "tertiary",
        "slope": 122.25594952860627,
        "sun_diff": 2.2602765292358242,
        "length": 111.729231442593
      }
    },
    {
      "geometry": {
        "type": "LineString",
        "coordinates": [
          [
            117.2506327,
            39.1085393
          ],
          [
            117.2491361,
            39.1092929
          ]
        ]
      },
      "type": "Feature",
      "properties": {
        "name": "\u4e2d\u5c71\u95e8\u4e8c\u53f7\u8def",
        "type": "tertiary",
        "slope": 122.98116192679257,
        "sun_diff": 2.985488927422125,
        "length": 153.9837889459864
      }
    },
    {
      "geometry": {
        "type": "LineString",
        "coordinates": [
          [
            117.2607313,
            39.1089716
          ],
          [
            117.2626963,
            39.1080854
          ]
        ]
      },
      "type": "Feature",
      "properties": {
        "name": "\u5e7f\u745e\u8def",
        "type": "secondary",
        "slope": 120.16548127333232,
        "sun_diff": 0.16980827396187692,
        "length": 196.1623479145632
      }
    },
    {
      "geometry": {
        "type": "LineString",
        "coordinates": [
          [
            117.2640117,
            39.1076781
          ],
          [
            117.2660376,
            39.1066886
          ]
        ]
      },
      "type": "Feature",
      "properties": {
        "name": "\u5e7f\u745e\u8def",
        "type": "secondary",
        "slope": 122.1877725332391,
        "sun_diff": 2.1920995338686566,
        "length": 206.61208857322148
      }
    },
    {
      "geometry": {
        "type": "LineString",
        "coordinates": [
          [
            117.2449043,
            39.1165162
          ],
          [
            117.2466387,
            39.1158087
          ]
        ]
      },
      "type": "Feature",
      "properties": {
        "name": "\u5e7f\u745e\u897f\u8def",
        "type": "tertiary",
        "slope": 117.73356306770677,
        "sun_diff": 2.262109931663673,
        "length": 169.1049792004858
      }
    },
    {
      "geometry": {
        "type": "LineString",
        "coordinates": [
          [
            117.2466387,
            39.1158087
          ],
          [
            117.2488544,
            39.1147522
          ]
        ]
      },
      "type": "Feature",
      "properties": {
        "name": "\u5e7f\u745e\u897f\u8def",
        "type": "tertiary",
        "slope": 121.5730708030743,
        "sun_diff": 1.5773978037038603,
        "length": 224.44027149854833
      }
    },
    {
      "geometry": {
        "type": "LineString",
        "coordinates": [
          [
            117.2502517,
            39.1140438
          ],
          [
            117.251891,
            39.1132907
          ]
        ]
      },
      "type": "Feature",
      "properties": {
        "name": "\u5e7f\u745e\u897f\u8def",
        "type": "tertiary",
        "slope": 120.62939030242984,
        "sun_diff": 0.6337173030593988,
        "length": 164.41545033296498
      }
    },
    {
      "geometry": {
        "type": "LineString",
        "coordinates": [
          [
            117.2549222,
            39.1011902
          ],
          [
            117.2564997,
            39.100407
          ]
        ]
      },
      "type": "Feature",
      "properties": {
        "name": null,
        "type": "residential",
        "slope": 122.60954919969708,
        "sun_diff": 2.6138762003266436,
        "length": 161.64975692634567
      }
    },
    {
      "geometry": {
        "type": "LineString",
        "coordinates": [
          [
            117.2599442,
            39.0992228
          ],
          [
            117.2586071,
            39.0998859
          ]
        ]
      },
      "type": "Feature",
      "properties": {
        "name": null,
        "type": "residential",
        "slope": 122.58012730958478,
        "sun_diff": 2.5844543102143405,
        "length": 136.97249084392521
      }
    },
    {
      "geometry": {
        "type": "LineString",
        "coordinates": [
          [
            117.2586071,
            39.0998859
          ],
          [
            117.2574212,
            39.1004534
          ]
        ]
      },
      "type": "Feature",
      "properties": {
        "name": null,
        "type": "residential",
        "slope": 121.65971511960149,
        "sun_diff": 1.664042120231045,
        "length": 120.26352434523271
      }
    },
    {
      "geometry": {
        "type": "LineString",
        "coordinates": [
          [
            117.2574212,
            39.1004534
          ],
          [
            117.2549039,
            39.101655
          ]
        ]
      },
      "type": "Feature",
      "properties": {
        "name": null,
        "type": "residential",
        "slope": 121.59577395734465,
        "sun_diff": 1.600100957974206,
        "length": 255.10346540165528
      }
    },
    {
      "geometry": {
        "type": "LineString",
        "coordinates": [
          [
            117.2549039,
            39.101655
          ],
          [
            117.2537276,
            39.1021988
          ]
        ]
      },
      "type": "Feature",
      "properties": {
        "name": null,
        "type": "residential",
        "slope": 120.78337997885541,
        "sun_diff": 0.787706979484966,
        "length": 118.18620999288467
      }
    },
    {
      "geometry": {
        "type": "LineString",
        "coordinates": [
          [
            117.2537276,
            39.1021988
          ],
          [
            117.2523498,
            39.1028611
          ]
        ]
      },
      "type": "Feature",
      "properties": {
        "name": null,
        "type": "residential",
        "slope": 121.77568680592651,
        "sun_diff": 1.7800138065560702,
        "length": 139.8945197608661
      }
    },
    {
      "geometry": {
        "type": "LineString",
        "coordinates": [
          [
            117.2514033,
            39.1033223
          ],
          [
            117.2501664,
            39.1039202
          ]
        ]
      },
      "type": "Feature",
      "properties": {
        "name": null,
        "type": "residential",
        "slope": 121.91949430753158,
        "sun_diff": 1.9238213081611377,
        "length": 125.78230464563843
      }
    },
    {
      "geometry": {
        "type": "LineString",
        "coordinates": [
          [
            117.2496788,
            39.1041576
          ],
          [
            117.248553,
            39.1046976
          ]
        ]
      },
      "type": "Feature",
      "properties": {
        "name": null,
        "type": "residential",
        "slope": 121.72109730214999,
        "sun_diff": 1.725424302779544,
        "length": 114.23735549010695
      }
    },
    {
      "geometry": {
        "type": "LineString",
        "coordinates": [
          [
            117.2488192,
            39.0682087
          ],
          [
            117.2476551,
            39.0686813
          ]
        ]
      },
      "type": "Feature",
      "properties": {
        "name": "\u4e1c\u6c5f\u9053",
        "type": "tertiary",
        "slope": 117.60529979542781,
        "sun_diff": 2.39037320394263,
        "length": 113.4437904000632
      }
    },
    {
      "geometry": {
        "type": "LineString",
        "coordinates": [
          [
            117.2468499,
            39.0690482
          ],
          [
            117.2456789,
            39.0695955
          ]
        ]
      },
      "type": "Feature",
      "properties": {
        "name": null,
        "type": "tertiary",
        "slope": 121.04777625779568,
        "sun_diff": 1.052103258425234,
        "length": 118.03383131473024
      }
    },
    {
      "geometry": {
        "type": "LineString",
        "coordinates": [
          [
            117.3123703,
            39.0203523
          ],
          [
            117.3142132,
            39.0210939
          ]
        ]
      },
      "type": "Feature",
      "properties": {
        "name": "\u946b\u6e2f\u4e94\u53f7\u8def",
        "type": "secondary",
        "slope": 62.617722638020666,
        "sun_diff": 2.5700685597622055,
        "length": 179.3517625540246
      }
    },
    {
      "geometry": {
        "type": "LineString",
        "coordinates": [
          [
            117.272754,
            39.0169722
          ],
          [
            117.2738112,
            39.0174959
          ]
        ]
      },
      "type": "Feature",
      "properties": {
        "name": "\u666f\u8377\u9053",
        "type": "tertiary",
        "slope": 57.479495666066924,
        "sun_diff": 2.5681584121915364,
        "length": 108.35391680546202
      }
    },
    {
      "geometry": {
        "type": "LineString",
        "coordinates": [
          [
            117.325541,
            38.9575074
          ],
          [
            117.3283837,
            38.9561637
          ]
        ]
      },
      "type": "Feature",
      "properties": {
        "name": "\u5929\u534e\u8def",
        "type": "tertiary",
        "slope": 121.29352596381887,
        "sun_diff": 1.3428365903221362,
        "length": 287.73970094850114
      }
    },
    {
      "geometry": {
        "type": "LineString",
        "coordinates": [
          [
            117.3283837,
            38.9561637
          ],
          [
            117.3306981,
            38.9550609
          ]
        ]
      },
      "type": "Feature",
      "properties": {
        "name": "\u5929\u534e\u8def",
        "type": "tertiary",
        "slope": 121.49769664320797,
        "sun_diff": 1.5470072697112442,
        "length": 234.77885322383952
      }
    },
    {
      "geometry": {
        "type": "LineString",
        "coordinates": [
          [
            117.3306981,
            38.9550609
          ],
          [
            117.3330537,
            38.9539522
          ]
        ]
      },
      "type": "Feature",
      "properties": {
        "name": "\u5929\u534e\u8def",
        "type": "tertiary",
        "slope": 121.18399612839247,
        "sun_diff": 1.233306754895736,
        "length": 238.16657349975418
      }
    },
    {
      "geometry": {
        "type": "LineString",
        "coordinates": [
          [
            117.3330537,
            38.9539522
          ],
          [
            117.3353884,
            38.9528429
          ]
        ]
      },
      "type": "Feature",
      "properties": {
        "name": "\u5929\u534e\u8def",
        "type": "tertiary",
        "slope": 121.42404482888381,
        "sun_diff": 1.473355455387079,
        "length": 236.6593288348693
      }
    },
    {
      "geometry": {
        "type": "LineString",
        "coordinates": [
          [
            117.3203953,
            38.9639241
          ],
          [
            117.3229574,
            38.9627013
          ]
        ]
      },
      "type": "Feature",
      "properties": {
        "name": null,
        "type": "residential",
        "slope": 121.54166626913954,
        "sun_diff": 1.590976895642811,
        "length": 260.0003502836831
      }
    },
    {
      "geometry": {
        "type": "LineString",
        "coordinates": [
          [
            117.3229574,
            38.9627013
          ],
          [
            117.3253649,
            38.9615848
          ]
        ]
      },
      "type": "Feature",
      "properties": {
        "name": null,
        "type": "residential",
        "slope": 120.81281198620977,
        "sun_diff": 0.862122612713037,
        "length": 242.442248503181
      }
    },
    {
      "geometry": {
        "type": "LineString",
        "coordinates": [
          [
            117.3253649,
            38.9615848
          ],
          [
            117.3276953,
            38.9605041
          ]
        ]
      },
      "type": "Feature",
      "properties": {
        "name": null,
        "type": "residential",
        "slope": 120.81139724122386,
        "sun_diff": 0.8607078677271289,
        "length": 234.67822163644556
      }
    },
    {
      "geometry": {
        "type": "LineString",
        "coordinates": [
          [
            117.3278522,
            38.9604313
          ],
          [
            117.3306414,
            38.9590996
          ]
        ]
      },
      "type": "Feature",
      "properties": {
        "name": null,
        "type": "residential",
        "slope": 121.55021394168847,
        "sun_diff": 1.5995245681917396,
        "length": 283.08647670894817
      }
    },
    {
      "geometry": {
        "type": "LineString",
        "coordinates": [
          [
            117.3306414,
            38.9590996
          ],
          [
            117.3329723,
            38.9579867
          ]
        ]
      },
      "type": "Feature",
      "properties": {
        "name": null,
        "type": "residential",
        "slope": 121.55015137256632,
        "sun_diff": 1.5994619990695895,
        "length": 236.5756954073993
      }
    },
    {
      "geometry": {
        "type": "LineString",
        "coordinates": [
          [
            117.3329723,
            38.9579867
          ],
          [
            117.3353453,
            38.9568637
          ]
        ]
      },
      "type": "Feature",
      "properties": {
        "name": null,
        "type": "residential",
        "slope": 121.32369232855652,
        "sun_diff": 1.373002955059789,
        "length": 240.27123173825112
      }
    },
    {
      "geometry": {
        "type": "LineString",
        "coordinates": [
          [
            117.3353453,
            38.9568637
          ],
          [
            117.3376884,
            38.9557548
          ]
        ]
      },
      "type": "Feature",
      "properties": {
        "name": null,
        "type": "residential",
        "slope": 121.32443908220489,
        "sun_diff": 1.3737497087081607,
        "length": 237.24940553577835
      }
    },
    {
      "geometry": {
        "type": "LineString",
        "coordinates": [
          [
            117.32334,
            38.9546368
          ],
          [
            117.3260326,
            38.95336
          ]
        ]
      },
      "type": "Feature",
      "properties": {
        "name": null,
        "type": "residential",
        "slope": 121.37337137402227,
        "sun_diff": 1.4226820005255405,
        "length": 272.78871405045714
      }
    },
    {
      "geometry": {
        "type": "LineString",
        "coordinates": [
          [
            117.3338651,
            38.9496701
          ],
          [
            117.3308658,
            38.9511034
          ]
        ]
      },
      "type": "Feature",
      "properties": {
        "name": "\u4e30\u6cfd\u4e8c\u5927\u9053",
        "type": "residential",
        "slope": 121.57030382983643,
        "sun_diff": 1.664352195403282,
        "length": 304.5145615669646
      }
    },
    {
      "geometry": {
        "type": "LineString",
        "coordinates": [
          [
            117.3308658,
            38.9511034
          ],
          [
            117.3285225,
            38.9521963
          ]
        ]
      },
      "type": "Feature",
      "properties": {
        "name": "\u4e30\u6cfd\u4e8c\u5927\u9053",
        "type": "residential",
        "slope": 120.95243808935874,
        "sun_diff": 1.001748715862007,
        "length": 236.3553284902357
      }
    },
    {
      "geometry": {
        "type": "LineString",
        "coordinates": [
          [
            117.3285225,
            38.9521963
          ],
          [
            117.3261486,
            38.9532999
          ]
        ]
      },
      "type": "Feature",
      "properties": {
        "name": "\u4e30\u6cfd\u4e8c\u5927\u9053",
        "type": "residential",
        "slope": 120.8712353779718,
        "sun_diff": 0.9205460044750708,
        "length": 239.2349608270224
      }
    },
    {
      "geometry": {
        "type": "LineString",
        "coordinates": [
          [
            117.3208704,
            38.9558078
          ],
          [
            117.3231992,
            38.9547059
          ]
        ]
      },
      "type": "Feature",
      "properties": {
        "name": null,
        "type": "residential",
        "slope": 121.3186977596896,
        "sun_diff": 1.3680083861928694,
        "length": 235.79058643916937
      }
    },
    {
      "geometry": {
        "type": "LineString",
        "coordinates": [
          [
            117.3208704,
            38.9558078
          ],
          [
            117.3187795,
            38.9567847
          ]
        ]
      },
      "type": "Feature",
      "properties": {
        "name": null,
        "type": "residential",
        "slope": 120.99857062891468,
        "sun_diff": 1.0478812554179484,
        "length": 210.9853453959806
      }
    },
    {
      "geometry": {
        "type": "LineString",
        "coordinates": [
          [
            117.3279705,
            38.9492392
          ],
          [
            117.3266607,
            38.9498577
          ]
        ]
      },
      "type": "Feature",
      "properties": {
        "name": "\u4e30\u6cfd\u4e00\u5927\u9053",
        "type": "residential",
        "slope": 121.26570593296964,
        "sun_diff": 1.3597542985364868,
        "length": 132.55272722897902
      }
    },
    {
      "geometry": {
        "type": "LineString",
        "coordinates": [
          [
            117.3257992,
            38.9502645
          ],
          [
            117.3243205,
            38.9509628
          ]
        ]
      },
      "type": "Feature",
      "properties": {
        "name": "\u4e30\u6cfd\u4e00\u5927\u9053",
        "type": "residential",
        "slope": 121.26769722372768,
        "sun_diff": 1.3170078502309508,
        "length": 149.64641838715346
      }
    },
    {
      "geometry": {
        "type": "LineString",
        "coordinates": [
          [
            117.3243205,
            38.9509628
          ],
          [
            117.321497,
            38.9523057
          ]
        ]
      },
      "type": "Feature",
      "properties": {
        "name": "\u4e30\u6cfd\u4e00\u5927\u9053",
        "type": "residential",
        "slope": 121.44956300781087,
        "sun_diff": 1.498873634314137,
        "length": 286.29076280260625
      }
    },
    {
      "geometry": {
        "type": "LineString",
        "coordinates": [
          [
            117.321358,
            38.9523726
          ],
          [
            117.3190679,
            38.9534754
          ]
        ]
      },
      "type": "Feature",
      "properties": {
        "name": "\u4e30\u6cfd\u4e00\u5927\u9053",
        "type": "residential",
        "slope": 121.7671754252857,
        "sun_diff": 1.8164860517889707,
        "length": 232.99566473187875
      }
    },
    {
      "geometry": {
        "type": "LineString",
        "coordinates": [
          [
            117.3190679,
            38.9534754
          ],
          [
            117.3176678,
            38.9541025
          ]
        ]
      },
      "type": "Feature",
      "properties": {
        "name": "\u4e30\u6cfd\u4e00\u5927\u9053",
        "type": "residential",
        "slope": 119.94029789345194,
        "sun_diff": 0.010391480044788182,
        "length": 139.75722913498186
      }
    },
    {
      "geometry": {
        "type": "LineString",
        "coordinates": [
          [
            117.3272353,
            39.0347861
          ],
          [
            117.3255689,
            39.0356084
          ]
        ]
      },
      "type": "Feature",
      "properties": {
        "name": "\u6d25\u6cbd\u516c\u8def\u8f85\u8def",
        "type": "tertiary",
        "slope": 122.42709580460169,
        "sun_diff": 2.4764064311049623,
        "length": 170.57111442658572
      }
    },
    {
      "geometry": {
        "type": "LineString",
        "coordinates": [
          [
            117.3249712,
            39.0359105
          ],
          [
            117.323876,
            39.0364191
          ]
        ]
      },
      "type": "Feature",
      "properties": {
        "name": "\u6d25\u6cbd\u516c\u8def\u8f85\u8def",
        "type": "tertiary",
        "slope": 120.87377723510141,
        "sun_diff": 0.9230878616046851,
        "length": 110.24419803055544
      }
    },
    {
      "geometry": {
        "type": "LineString",
        "coordinates": [
          [
            117.322533,
            39.037069
          ],
          [
            117.3208252,
            39.0379087
          ]
        ]
      },
      "type": "Feature",
      "properties": {
        "name": "\u6d25\u6cbd\u516c\u8def\u8f85\u8def",
        "type": "tertiary",
        "slope": 122.33462619324939,
        "sun_diff": 2.3839368197526625,
        "length": 174.6242935258839
      }
    },
    {
      "geometry": {
        "type": "LineString",
        "coordinates": [
          [
            117.3208252,
            39.0379087
          ],
          [
            117.3194159,
            39.0385847
          ]
        ]
      },
      "type": "Feature",
      "properties": {
        "name": "\u6d25\u6cbd\u516c\u8def\u8f85\u8def",
        "type": "tertiary",
        "slope": 121.69772974668837,
        "sun_diff": 1.7470403731916377,
        "length": 143.1027760241898
      }
    },
    {
      "geometry": {
        "type": "LineString",
        "coordinates": [
          [
            117.3189736,
            39.0387912
          ],
          [
            117.3174945,
            39.0395064
          ]
        ]
      },
      "type": "Feature",
      "properties": {
        "name": "\u6d25\u6cbd\u516c\u8def\u8f85\u8def",
        "type": "tertiary",
        "slope": 121.90407987871467,
        "sun_diff": 1.9533905052179392,
        "length": 150.5242186819116
      }
    },
    {
      "geometry": {
        "type": "LineString",
        "coordinates": [
          [
            117.3165763,
            39.0399502
          ],
          [
            117.3148417,
            39.0407557
          ]
        ]
      },
      "type": "Feature",
      "properties": {
        "name": "\u6d25\u6cbd\u516c\u8def\u8f85\u8def",
        "type": "tertiary",
        "slope": 120.8743546337138,
        "sun_diff": 0.9236652602170778,
        "length": 174.59760558619692
      }
    },
    {
      "geometry": {
        "type": "LineString",
        "coordinates": [
          [
            117.1073434,
            39.2089632
          ],
          [
            117.1051523,
            39.2078952
          ]
        ]
      },
      "type": "Feature",
      "properties": {
        "name": "\u5317\u8fb0\u9053",
        "type": "primary",
        "slope": 57.82792918285537,
        "sun_diff": 2.1294844360888874,
        "length": 223.10029376323033
      }
    },
    {
      "geometry": {
        "type": "LineString",
        "coordinates": [
          [
            117.1046011,
            39.2076299
          ],
          [
            117.1022077,
            39.2064515
          ]
        ]
      },
      "type": "Feature",
      "properties": {
        "name": "\u5317\u8fb0\u9053",
        "type": "primary",
        "slope": 57.568151071260644,
        "sun_diff": 2.3892625476836145,
        "length": 244.40316638057686
      }
    },
    {
      "geometry": {
        "type": "LineString",
        "coordinates": [
          [
            117.1338266,
            39.2258959
          ],
          [
            117.135764,
            39.226765
          ]
        ]
      },
      "type": "Feature",
      "properties": {
        "name": "\u5317\u8fb0\u9053",
        "type": "primary",
        "slope": 59.92533493633016,
        "sun_diff": 0.03207868261409885,
        "length": 192.90534518147166
      }
    },
    {
      "geometry": {
        "type": "LineString",
        "coordinates": [
          [
            117.135764,
            39.226765
          ],
          [
            117.13744,
            39.2275124
          ]
        ]
      },
      "type": "Feature",
      "properties": {
        "name": "\u5317\u8fb0\u9053",
        "type": "primary",
        "slope": 60.07196857454039,
        "sun_diff": 0.11455495559613382,
        "length": 166.62967206485177
      }
    },
    {
      "geometry": {
        "type": "LineString",
        "coordinates": [
          [
            117.1239332,
            39.0791229
          ],
          [
            117.1196542,
            39.080869
          ]
        ]
      },
      "type": "Feature",
      "properties": {
        "name": "\u5916\u73af\u897f\u8def\uff08\u5c71\u6df1\u7ebf\uff09",
        "type": "trunk",
        "slope": 117.73000011081035,
        "sun_diff": 2.26567288856009,
        "length": 417.4037565387561
      }
    },
    {
      "geometry": {
        "type": "LineString",
        "coordinates": [
          [
            117.1196542,
            39.080869
          ],
          [
            117.1177504,
            39.0818151
          ]
        ]
      },
      "type": "Feature",
      "properties": {
        "name": "\u5916\u73af\u897f\u8def\uff08\u5c71\u6df1\u7ebf\uff09",
        "type": "trunk",
        "slope": 122.62739417235122,
        "sun_diff": 2.6317211729807752,
        "length": 195.1784401328911
      }
    },
    {
      "geometry": {
        "type": "LineString",
        "coordinates": [
          [
            117.128549,
            39.0889966
          ],
          [
            117.1301428,
            39.0897804
          ]
        ]
      },
      "type": "Feature",
      "properties": {
        "name": "\u8fce\u6c34\u9053",
        "type": "secondary",
        "slope": 57.64131692547164,
        "sun_diff": 2.361339866534763,
        "length": 162.89123687069576
      }
    },
    {
      "geometry": {
        "type": "LineString",
        "coordinates": [
          [
            117.1423931,
            39.077772
          ],
          [
            117.1405313,
            39.0786879
          ]
        ]
      },
      "type": "Feature",
      "properties": {
        "name": "\u7ea2\u65d7\u5357\u8def",
        "type": "trunk",
        "slope": 122.36317485991444,
        "sun_diff": 2.367501860543996,
        "length": 190.32116148237876
      }
    },
    {
      "geometry": {
        "type": "LineString",
        "coordinates": [
          [
            117.2536977,
            38.9879852
          ],
          [
            117.2556105,
            38.9889289
          ]
        ]
      },
      "type": "Feature",
      "properties": {
        "name": "\u8d5b\u8fbe\u4e8c\u5927\u9053",
        "type": "secondary",
        "slope": 57.59519018670136,
        "sun_diff": 2.4524638915571018,
        "length": 195.87338756814876
      }
    },
    {
      "geometry": {
        "type": "LineString",
        "coordinates": [
          [
            117.3299409,
            38.9421911
          ],
          [
            117.3318869,
            38.9412525
          ]
        ]
      },
      "type": "Feature",
      "properties": {
        "name": null,
        "type": "tertiary",
        "slope": 121.80382953137308,
        "sun_diff": 1.8978778969399315,
        "length": 198.09739367647134
      }
    },
    {
      "geometry": {
        "type": "LineString",
        "coordinates": [
          [
            117.3319626,
            38.9412159
          ],
          [
            117.3331315,
            38.9406395
          ]
        ]
      },
      "type": "Feature",
      "properties": {
        "name": null,
        "type": "tertiary",
        "slope": 122.37414779855968,
        "sun_diff": 2.4681961641265246,
        "length": 119.73703600386342
      }
    },
    {
      "geometry": {
        "type": "LineString",
        "coordinates": [
          [
            117.33699,
            38.9492486
          ],
          [
            117.3386329,
            38.948472
          ]
        ]
      },
      "type": "Feature",
      "properties": {
        "name": "\u79d1\u8fbe\u4e00\u652f\u8def",
        "type": "unclassified",
        "slope": 121.29164262850293,
        "sun_diff": 1.3856909940697761,
        "length": 166.31047811521256
      }
    },
    {
      "geometry": {
        "type": "LineString",
        "coordinates": [
          [
            117.3386329,
            38.948472
          ],
          [
            117.3402547,
            38.94769
          ]
        ]
      },
      "type": "Feature",
      "properties": {
        "name": "\u79d1\u8fbe\u4e00\u652f\u8def",
        "type": "unclassified",
        "slope": 121.7985814128242,
        "sun_diff": 1.8926297783910542,
        "length": 165.07049981682763
      }
    },
    {
      "geometry": {
        "type": "LineString",
        "coordinates": [
          [
            117.3410033,
            38.9471122
          ],
          [
            117.3468445,
            38.944333
          ]
        ]
      },
      "type": "Feature",
      "properties": {
        "name": "\u79d1\u8fbe\u4e8c\u8def",
        "type": "tertiary",
        "slope": 121.45619873081407,
        "sun_diff": 1.5502470963809145,
        "length": 592.368619190259
      }
    },
    {
      "geometry": {
        "type": "LineString",
        "coordinates": [
          [
            117.3469346,
            38.9442895
          ],
          [
            117.3497608,
            38.9428994
          ]
        ]
      },
      "type": "Feature",
      "properties": {
        "name": "\u79d1\u8fbe\u4e8c\u8def",
        "type": "tertiary",
        "slope": 122.30917502391807,
        "sun_diff": 2.4032233894849213,
        "length": 289.28543903516567
      }
    },
    {
      "geometry": {
        "type": "LineString",
        "coordinates": [
          [
            117.323804,
            38.9662606
          ],
          [
            117.3252172,
            38.9655986
          ]
        ]
      },
      "type": "Feature",
      "properties": {
        "name": "\u4e30\u6cfd\u56db\u5927\u9053",
        "type": "tertiary",
        "slope": 121.06801216673358,
        "sun_diff": 1.117322793236852,
        "length": 142.6860868879119
      }
    },
    {
      "geometry": {
        "type": "LineString",
        "coordinates": [
          [
            117.3252172,
            38.9655986
          ],
          [
            117.3276177,
            38.964474
          ]
        ]
      },
      "type": "Feature",
      "properties": {
        "name": "\u4e30\u6cfd\u56db\u5927\u9053",
        "type": "tertiary",
        "slope": 121.07005992003539,
        "sun_diff": 1.1193705465386614,
        "length": 242.37895863632605
      }
    },
    {
      "geometry": {
        "type": "LineString",
        "coordinates": [
          [
            117.3276177,
            38.964474
          ],
          [
            117.3299619,
            38.9633914
          ]
        ]
      },
      "type": "Feature",
      "properties": {
        "name": "\u4e30\u6cfd\u56db\u5927\u9053",
        "type": "tertiary",
        "slope": 120.70798103726014,
        "sun_diff": 0.7572916637634108,
        "length": 235.8048483647372
      }
    },
    {
      "geometry": {
        "type": "LineString",
        "coordinates": [
          [
            117.3300941,
            38.9633219
          ],
          [
            117.3312941,
            38.9627374
          ]
        ]
      },
      "type": "Feature",
      "properties": {
        "name": "\u4e30\u6cfd\u56db\u5927\u9053",
        "type": "tertiary",
        "slope": 122.0642372541061,
        "sun_diff": 2.1135478806093744,
        "length": 122.46628935822636
      }
    },
    {
      "geometry": {
        "type": "LineString",
        "coordinates": [
          [
            117.3312941,
            38.9627374
          ],
          [
            117.3329058,
            38.9619812
          ]
        ]
      },
      "type": "Feature",
      "properties": {
        "name": "\u4e30\u6cfd\u56db\u5927\u9053",
        "type": "tertiary",
        "slope": 121.1074443016607,
        "sun_diff": 1.156754928163977,
        "length": 162.80374272383528
      }
    },
    {
      "geometry": {
        "type": "LineString",
        "coordinates": [
          [
            117.3329058,
            38.9619812
          ],
          [
            117.3351914,
            38.9608979
          ]
        ]
      },
      "type": "Feature",
      "properties": {
        "name": "\u4e30\u6cfd\u56db\u5927\u9053",
        "type": "tertiary",
        "slope": 121.36420530712033,
        "sun_diff": 1.4135159336236,
        "length": 231.50835060595
      }
    },
    {
      "geometry": {
        "type": "LineString",
        "coordinates": [
          [
            117.3351914,
            38.9608979
          ],
          [
            117.3375449,
            38.9597794
          ]
        ]
      },
      "type": "Feature",
      "properties": {
        "name": "\u4e30\u6cfd\u56db\u5927\u9053",
        "type": "tertiary",
        "slope": 121.43263645518141,
        "sun_diff": 1.4819470816846803,
        "length": 238.56350815266012
      }
    },
    {
      "geometry": {
        "type": "LineString",
        "coordinates": [
          [
            117.3375449,
            38.9597794
          ],
          [
            117.3399267,
            38.9586474
          ]
        ]
      },
      "type": "Feature",
      "properties": {
        "name": "\u4e30\u6cfd\u56db\u5927\u9053",
        "type": "tertiary",
        "slope": 121.43336509133619,
        "sun_diff": 1.4826757178394558,
        "length": 241.4378664613638
      }
    },
    {
      "geometry": {
        "type": "LineString",
        "coordinates": [
          [
            117.3399267,
            38.9586474
          ],
          [
            117.34209,
            38.9575984
          ]
        ]
      },
      "type": "Feature",
      "properties": {
        "name": "\u4e30\u6cfd\u56db\u5927\u9053",
        "type": "tertiary",
        "slope": 121.9470707600502,
        "sun_diff": 1.996381386553466,
        "length": 220.50957966606111
      }
    },
    {
      "geometry": {
        "type": "LineString",
        "coordinates": [
          [
            117.3259222,
            38.9486072
          ],
          [
            117.3237867,
            38.9495773
          ]
        ]
      },
      "type": "Feature",
      "properties": {
        "name": "\u6cf0\u4e30\u8def",
        "type": "residential",
        "slope": 120.29022960649763,
        "sun_diff": 0.38427797206448133,
        "length": 213.93498808322897
      }
    },
    {
      "geometry": {
        "type": "LineString",
        "coordinates": [
          [
            117.3237867,
            38.9495773
          ],
          [
            117.3225551,
            38.9501775
          ]
        ]
      },
      "type": "Feature",
      "properties": {
        "name": "\u6cf0\u4e30\u8def",
        "type": "residential",
        "slope": 122.0729074390195,
        "sun_diff": 2.166955804586351,
        "length": 125.72618831723267
      }
    },
    {
      "geometry": {
        "type": "LineString",
        "coordinates": [
          [
            117.3488483,
            38.9409766
          ],
          [
            117.3455619,
            38.9426087
          ]
        ]
      },
      "type": "Feature",
      "properties": {
        "name": "\u79d1\u8fbe\u4e00\u8def",
        "type": "tertiary",
        "slope": 122.5588857260484,
        "sun_diff": 2.6529340916152506,
        "length": 337.3302191201725
      }
    },
    {
      "geometry": {
        "type": "LineString",
        "coordinates": [
          [
            117.3454512,
            38.9426611
          ],
          [
            117.3396901,
            38.9453967
          ]
        ]
      },
      "type": "Feature",
      "properties": {
        "name": "\u79d1\u8fbe\u4e00\u8def",
        "type": "tertiary",
        "slope": 121.40547857144173,
        "sun_diff": 1.4995269370085822,
        "length": 583.937287597218
      }
    },
    {
      "geometry": {
        "type": "LineString",
        "coordinates": [
          [
            117.3387973,
            38.945825
          ],
          [
            117.3371731,
            38.9466153
          ]
        ]
      },
      "type": "Feature",
      "properties": {
        "name": "\u79d1\u8fbe\u4e00\u8def",
        "type": "tertiary",
        "slope": 122.03162636942326,
        "sun_diff": 2.1256747349901133,
        "length": 165.73792503274456
      }
    },
    {
      "geometry": {
        "type": "LineString",
        "coordinates": [
          [
            117.3371731,
            38.9466153
          ],
          [
            117.3355507,
            38.9474046
          ]
        ]
      },
      "type": "Feature",
      "properties": {
        "name": "\u79d1\u8fbe\u4e00\u8def",
        "type": "tertiary",
        "slope": 122.0278611440134,
        "sun_diff": 2.1219095095802487,
        "length": 165.54559797437125
      }
    },
    {
      "geometry": {
        "type": "LineString",
        "coordinates": [
          [
            117.3355507,
            38.9474046
          ],
          [
            117.3340917,
            38.9481145
          ]
        ]
      },
      "type": "Feature",
      "properties": {
        "name": "\u79d1\u8fbe\u4e00\u8def",
        "type": "tertiary",
        "slope": 122.03154292996058,
        "sun_diff": 2.1255912955274283,
        "length": 148.8771085981817
      }
    },
    {
      "geometry": {
        "type": "LineString",
        "coordinates": [
          [
            117.2652587,
            39.0900544
          ],
          [
            117.2641089,
            39.0906039
          ]
        ]
      },
      "type": "Feature",
      "properties": {
        "name": "\u5a04\u5c71\u9053",
        "type": "primary",
        "slope": 121.62241397161446,
        "sun_diff": 1.626740972244022,
        "length": 116.57208509433694
      }
    },
    {
      "geometry": {
        "type": "LineString",
        "coordinates": [
          [
            117.11881,
            39.2422923
          ],
          [
            117.1199124,
            39.2428413
          ]
        ]
      },
      "type": "Feature",
      "properties": {
        "name": null,
        "type": "residential",
        "slope": 57.25798501192483,
        "sun_diff": 2.6994286070194278,
        "length": 112.90473956004476
      }
    },
    {
      "geometry": {
        "type": "LineString",
        "coordinates": [
          [
            117.1199124,
            39.2428413
          ],
          [
            117.1221768,
            39.2438328
          ]
        ]
      },
      "type": "Feature",
      "properties": {
        "name": null,
        "type": "residential",
        "slope": 60.517066165682394,
        "sun_diff": 0.5596525467381355,
        "length": 224.08161618879427
      }
    },
    {
      "geometry": {
        "type": "LineString",
        "coordinates": [
          [
            117.1221768,
            39.2438328
          ],
          [
            117.1241164,
            39.244626
          ]
        ]
      },
      "type": "Feature",
      "properties": {
        "name": null,
        "type": "residential",
        "slope": 62.163652143279535,
        "sun_diff": 2.2062385243352765,
        "length": 188.94598018162185
      }
    },
    {
      "geometry": {
        "type": "LineString",
        "coordinates": [
          [
            117.1241164,
            39.244626
          ],
          [
            117.1256141,
            39.245222
          ]
        ]
      },
      "type": "Feature",
      "properties": {
        "name": null,
        "type": "residential",
        "slope": 62.80394246649422,
        "sun_diff": 2.846528847549962,
        "length": 145.05005756520353
      }
    },
    {
      "geometry": {
        "type": "LineString",
        "coordinates": [
          [
            117.1364216,
            39.2076972
          ],
          [
            117.1374689,
            39.2081551
          ]
        ]
      },
      "type": "Feature",
      "properties": {
        "name": "\u5929\u91cd\u9053",
        "type": "tertiary",
        "slope": 60.56569529342312,
        "sun_diff": 0.6082816744788602,
        "length": 103.64193269917149
      }
    },
    {
      "geometry": {
        "type": "LineString",
        "coordinates": [
          [
            117.1374689,
            39.2081551
          ],
          [
            117.1386691,
            39.2086798
          ]
        ]
      },
      "type": "Feature",
      "properties": {
        "name": "\u5929\u91cd\u9053",
        "type": "tertiary",
        "slope": 60.56788908178919,
        "sun_diff": 0.6104754628449314,
        "length": 118.76967048096073
      }
    },
    {
      "geometry": {
        "type": "LineString",
        "coordinates": [
          [
            117.1394739,
            39.2090332
          ],
          [
            117.1406283,
            39.2095402
          ]
        ]
      },
      "type": "Feature",
      "properties": {
        "name": "\u5929\u91cd\u9053",
        "type": "tertiary",
        "slope": 60.454858599960176,
        "sun_diff": 0.49744498101591716,
        "length": 114.36348665372743
      }
    },
    {
      "geometry": {
        "type": "LineString",
        "coordinates": [
          [
            117.1416409,
            39.2099937
          ],
          [
            117.1429276,
            39.21057
          ]
        ]
      },
      "type": "Feature",
      "properties": {
        "name": "\u5929\u91cd\u9053",
        "type": "tertiary",
        "slope": 59.96990180606298,
        "sun_diff": 0.012488187118719907,
        "length": 128.08737513934855
      }
    },
    {
      "geometry": {
        "type": "LineString",
        "coordinates": [
          [
            117.1429276,
            39.21057
          ],
          [
            117.1440755,
            39.2110954
          ]
        ]
      },
      "type": "Feature",
      "properties": {
        "name": "\u5929\u91cd\u9053",
        "type": "tertiary",
        "slope": 59.42866827914568,
        "sun_diff": 0.5287453397985757,
        "length": 114.90186767010155
      }
    },
    {
      "geometry": {
        "type": "LineString",
        "coordinates": [
          [
            117.1532881,
            39.2346087
          ],
          [
            117.1555786,
            39.2356402
          ]
        ]
      },
      "type": "Feature",
      "properties": {
        "name": "\u5317\u8fb0\u9053",
        "type": "primary",
        "slope": 59.82549072713553,
        "sun_diff": 0.13192289180872763,
        "length": 228.265273489941
      }
    },
    {
      "geometry": {
        "type": "LineString",
        "coordinates": [
          [
            117.1555786,
            39.2356402
          ],
          [
            117.1581051,
            39.236778
          ]
        ]
      },
      "type": "Feature",
      "properties": {
        "name": "\u5317\u8fb0\u9053",
        "type": "primary",
        "slope": 59.82464609318464,
        "sun_diff": 0.13276752575961837,
        "length": 251.78263726196232
      }
    },
    {
      "geometry": {
        "type": "LineString",
        "coordinates": [
          [
            117.1581051,
            39.236778
          ],
          [
            117.1595071,
            39.2373966
          ]
        ]
      },
      "type": "Feature",
      "properties": {
        "name": "\u5317\u8fb0\u9053",
        "type": "primary",
        "slope": 60.33117262887694,
        "sun_diff": 0.37375900993268374,
        "length": 139.00797885529414
      }
    },
    {
      "geometry": {
        "type": "LineString",
        "coordinates": [
          [
            117.1595071,
            39.2373966
          ],
          [
            117.1612188,
            39.238164
          ]
        ]
      },
      "type": "Feature",
      "properties": {
        "name": "\u5317\u8fb0\u9053",
        "type": "primary",
        "slope": 59.935961604165016,
        "sun_diff": 0.021452014779242745,
        "length": 170.3865060528895
      }
    },
    {
      "geometry": {
        "type": "LineString",
        "coordinates": [
          [
            117.1617535,
            39.2384006
          ],
          [
            117.1628592,
            39.2389021
          ]
        ]
      },
      "type": "Feature",
      "properties": {
        "name": "\u5317\u8fb0\u9053",
        "type": "primary",
        "slope": 59.64660927190636,
        "sun_diff": 0.3108043470379016,
        "length": 110.38666627027587
      }
    },
    {
      "geometry": {
        "type": "LineString",
        "coordinates": [
          [
            117.1629697,
            39.2389497
          ],
          [
            117.1649413,
            39.2398356
          ]
        ]
      },
      "type": "Feature",
      "properties": {
        "name": "\u5317\u8fb0\u9053",
        "type": "primary",
        "slope": 59.87975383460474,
        "sun_diff": 0.07765978433951659,
        "length": 196.36458929625218
      }
    },
    {
      "geometry": {
        "type": "LineString",
        "coordinates": [
          [
            117.0995843,
            39.2391075
          ],
          [
            117.0985015,
            39.2386439
          ]
        ]
      },
      "type": "Feature",
      "properties": {
        "name": null,
        "type": "unclassified",
        "slope": 61.066427550618585,
        "sun_diff": 1.1090139316743262,
        "length": 106.58644776889236
      }
    },
    {
      "geometry": {
        "type": "LineString",
        "coordinates": [
          [
            117.1424491,
            39.2085627
          ],
          [
            117.1441444,
            39.2093436
          ]
        ]
      },
      "type": "Feature",
      "properties": {
        "name": null,
        "type": "residential",
        "slope": 59.269433465047115,
        "sun_diff": 0.6879801538971435,
        "length": 169.97938858743834
      }
    },
    {
      "geometry": {
        "type": "LineString",
        "coordinates": [
          [
            117.1002054,
            39.2383252
          ],
          [
            117.0976374,
            39.2372461
          ]
        ]
      },
      "type": "Feature",
      "properties": {
        "name": null,
        "type": "unclassified",
        "slope": 61.51868994246536,
        "sun_diff": 1.5612763235210991,
        "length": 251.69727685119176
      }
    },
    {
      "geometry": {
        "type": "LineString",
        "coordinates": [
          [
            117.1442237,
            39.2060966
          ],
          [
            117.1429326,
            39.2054783
          ]
        ]
      },
      "type": "Feature",
      "properties": {
        "name": null,
        "type": "residential",
        "slope": 58.28309896403789,
        "sun_diff": 1.674314654906368,
        "length": 130.81649319193036
      }
    },
    {
      "geometry": {
        "type": "LineString",
        "coordinates": [
          [
            117.1382147,
            39.2067064
          ],
          [
            117.1395335,
            39.2072778
          ]
        ]
      },
      "type": "Feature",
      "properties": {
        "name": null,
        "type": "residential",
        "slope": 60.78784760096576,
        "sun_diff": 0.8304339820215034,
        "length": 130.22764384675492
      }
    },
    {
      "geometry": {
        "type": "LineString",
        "coordinates": [
          [
            117.1387203,
            39.2183406
          ],
          [
            117.1363989,
            39.2172823
          ]
        ]
      },
      "type": "Feature",
      "properties": {
        "name": "\u679c\u56ed\u5357\u9053",
        "type": "residential",
        "slope": 59.526151194301605,
        "sun_diff": 0.43126242464265374,
        "length": 232.11086346885085
      }
    },
    {
      "geometry": {
        "type": "LineString",
        "coordinates": [
          [
            117.1353244,
            39.2167838
          ],
          [
            117.1343114,
            39.2163115
          ]
        ]
      },
      "type": "Feature",
      "properties": {
        "name": "\u679c\u56ed\u5357\u9053",
        "type": "residential",
        "slope": 58.96125265779099,
        "sun_diff": 0.9961609611532651,
        "length": 101.88503496189155
      }
    },
    {
      "geometry": {
        "type": "LineString",
        "coordinates": [
          [
            117.1270569,
            39.2246405
          ],
          [
            117.1283246,
            39.2252299
          ]
        ]
      },
      "type": "Feature",
      "properties": {
        "name": "\u5317\u533b\u9053",
        "type": "tertiary",
        "slope": 59.02880230910648,
        "sun_diff": 0.9286113098377768,
        "length": 127.39634573601998
      }
    },
    {
      "geometry": {
        "type": "LineString",
        "coordinates": [
          [
            117.1283246,
            39.2252299
          ],
          [
            117.1299104,
            39.2259542
          ]
        ]
      },
      "type": "Feature",
      "properties": {
        "name": "\u5317\u533b\u9053",
        "type": "tertiary",
        "slope": 59.47625279814807,
        "sun_diff": 0.48116082079619105,
        "length": 158.62335225548355
      }
    },
    {
      "geometry": {
        "type": "LineString",
        "coordinates": [
          [
            117.1426153,
            39.2019891
          ],
          [
            117.1444333,
            39.2011085
          ]
        ]
      },
      "type": "Feature",
      "properties": {
        "name": "\u5929\u7a46\u8001\u9053",
        "type": "residential",
        "slope": 122.00781689558082,
        "sun_diff": 1.966900723148214,
        "length": 184.79639509287347
      }
    },
    {
      "geometry": {
        "type": "LineString",
        "coordinates": [
          [
            117.1510695,
            39.1912466
          ],
          [
            117.1500058,
            39.1907773
          ]
        ]
      },
      "type": "Feature",
      "properties": {
        "name": null,
        "type": "residential",
        "slope": 60.349261401863345,
        "sun_diff": 0.3918477829190863,
        "length": 105.516068105221
      }
    },
    {
      "geometry": {
        "type": "LineString",
        "coordinates": [
          [
            117.1842285,
            39.1645285
          ],
          [
            117.183146,
            39.1639878
          ]
        ]
      },
      "type": "Feature",
      "properties": {
        "name": "\u5fd7\u6210\u8def",
        "type": "tertiary",
        "slope": 57.20948477096749,
        "sun_diff": 2.747928847976766,
        "length": 111.05104125043214
      }
    },
    {
      "geometry": {
        "type": "LineString",
        "coordinates": [
          [
            117.183146,
            39.1639878
          ],
          [
            117.1815019,
            39.1632045
          ]
        ]
      },
      "type": "Feature",
      "properties": {
        "name": "\u5fd7\u6210\u8def",
        "type": "tertiary",
        "slope": 58.430446335832784,
        "sun_diff": 1.5269672831114747,
        "length": 166.4191890788474
      }
    },
    {
      "geometry": {
        "type": "LineString",
        "coordinates": [
          [
            117.1208961,
            39.219975
          ],
          [
            117.1198364,
            39.2204214
          ]
        ]
      },
      "type": "Feature",
      "properties": {
        "name": null,
        "type": "service",
        "slope": 118.53500806577597,
        "sun_diff": 1.5059081066566335,
        "length": 103.94300448992168
      }
    },
    {
      "geometry": {
        "type": "LineString",
        "coordinates": [
          [
            117.1675372,
            39.1823261
          ],
          [
            117.1649036,
            39.1835559
          ]
        ]
      },
      "type": "Feature",
      "properties": {
        "name": null,
        "type": "primary",
        "slope": 121.06636275624538,
        "sun_diff": 1.02544658381278,
        "length": 265.0837803462357
      }
    },
    {
      "geometry": {
        "type": "LineString",
        "coordinates": [
          [
            117.1699065,
            39.1601992
          ],
          [
            117.1711356,
            39.1596091
          ]
        ]
      },
      "type": "Feature",
      "properties": {
        "name": null,
        "type": "service",
        "slope": 121.76504388675835,
        "sun_diff": 1.7241277143257463,
        "length": 124.6806423995675
      }
    },
    {
      "geometry": {
        "type": "LineString",
        "coordinates": [
          [
            117.1304466,
            39.220734
          ],
          [
            117.1294319,
            39.2202271
          ]
        ]
      },
      "type": "Feature",
      "properties": {
        "name": "\u53cc\u53d1\u6b65\u884c\u8857",
        "type": "pedestrian",
        "slope": 57.185230114870365,
        "sun_diff": 2.772183504073894,
        "length": 104.0407280868814
      }
    },
    {
      "geometry": {
        "type": "LineString",
        "coordinates": [
          [
            117.145349,
            39.1999851
          ],
          [
            117.1478694,
            39.2011732
          ]
        ]
      },
      "type": "Feature",
      "properties": {
        "name": null,
        "type": "service",
        "slope": 58.68771206388425,
        "sun_diff": 1.26970155506001,
        "length": 254.28590075095843
      }
    },
    {
      "geometry": {
        "type": "LineString",
        "coordinates": [
          [
            117.1478694,
            39.2011732
          ],
          [
            117.1505986,
            39.202423
          ]
        ]
      },
      "type": "Feature",
      "properties": {
        "name": null,
        "type": "service",
        "slope": 59.41910483046118,
        "sun_diff": 0.5383087884830786,
        "length": 273.24769608916574
      }
    },
    {
      "geometry": {
        "type": "LineString",
        "coordinates": [
          [
            117.1311594,
            39.2182483
          ],
          [
            117.1321732,
            39.2187281
          ]
        ]
      },
      "type": "Feature",
      "properties": {
        "name": "\u679c\u56ed\u4e2d\u9053",
        "type": "unclassified",
        "slope": 58.58023664757059,
        "sun_diff": 1.3771769713736717,
        "length": 102.37443920128713
      }
    },
    {
      "geometry": {
        "type": "LineString",
        "coordinates": [
          [
            117.1448359,
            39.2007664
          ],
          [
            117.1472729,
            39.2019336
          ]
        ]
      },
      "type": "Feature",
      "properties": {
        "name": null,
        "type": "service",
        "slope": 58.28141933065305,
        "sun_diff": 1.6759942882912071,
        "length": 246.94027615693966
      }
    },
    {
      "geometry": {
        "type": "LineString",
        "coordinates": [
          [
            117.1498559,
            39.2008958
          ],
          [
            117.1512701,
            39.2015418
          ]
        ]
      },
      "type": "Feature",
      "properties": {
        "name": null,
        "type": "service",
        "slope": 59.48198857240152,
        "sun_diff": 0.475425046542739,
        "length": 141.49944047134318
      }
    },
    {
      "geometry": {
        "type": "LineString",
        "coordinates": [
          [
            117.1921638,
            39.1482519
          ],
          [
            117.1939775,
            39.1490479
          ]
        ]
      },
      "type": "Feature",
      "properties": {
        "name": null,
        "type": "residential",
        "slope": 60.49319897331978,
        "sun_diff": 0.4905421813133728,
        "length": 179.76547517008765
      }
    },
    {
      "geometry": {
        "type": "LineString",
        "coordinates": [
          [
            117.1939775,
            39.1490479
          ],
          [
            117.1949892,
            39.1495078
          ]
        ]
      },
      "type": "Feature",
      "properties": {
        "name": null,
        "type": "residential",
        "slope": 59.62212410529676,
        "sun_diff": 0.3805326867096426,
        "length": 101.15613258423038
      }
    },
    {
      "geometry": {
        "type": "LineString",
        "coordinates": [
          [
            117.194343,
            39.1614195
          ],
          [
            117.1956026,
            39.1608313
          ]
        ]
      },
      "type": "Feature",
      "properties": {
        "name": "\u8fb0\u7eac\u8def",
        "type": "residential",
        "slope": 121.05862782420871,
        "sun_diff": 1.0177116517761107,
        "length": 126.81391281669224
      }
    },
    {
      "geometry": {
        "type": "LineString",
        "coordinates": [
          [
            117.2071931,
            39.1507084
          ],
          [
            117.2082388,
            39.1511989
          ]
        ]
      },
      "type": "Feature",
      "properties": {
        "name": "\u5c0f\u6811\u6797\u5927\u8857",
        "type": "residential",
        "slope": 58.83164102334459,
        "sun_diff": 1.1257725955996705,
        "length": 105.41569178446211
      }
    },
    {
      "geometry": {
        "type": "LineString",
        "coordinates": [
          [
            117.1985212,
            39.2038165
          ],
          [
            117.1998111,
            39.204459
          ]
        ]
      },
      "type": "Feature",
      "properties": {
        "name": "\u666e\u4e1c\u8857",
        "type": "residential",
        "slope": 57.267198763342634,
        "sun_diff": 2.6902148556016243,
        "length": 132.1666229813127
      }
    },
    {
      "geometry": {
        "type": "LineString",
        "coordinates": [
          [
            117.1846726,
            39.197489
          ],
          [
            117.1834981,
            39.1969254
          ]
        ]
      },
      "type": "Feature",
      "properties": {
        "name": "\u8fbd\u6cb3\u5357\u9053",
        "type": "tertiary",
        "slope": 58.234361026982384,
        "sun_diff": 1.7230525919618742,
        "length": 119.07954696243061
      }
    },
    {
      "geometry": {
        "type": "LineString",
        "coordinates": [
          [
            117.1804044,
            39.204347
          ],
          [
            117.181593,
            39.2049459
          ]
        ]
      },
      "type": "Feature",
      "properties": {
        "name": "\u6c7e\u6cb3\u5357\u9053",
        "type": "tertiary",
        "slope": 56.966171930537286,
        "sun_diff": 2.991241688406973,
        "length": 122.20065972219766
      }
    },
    {
      "geometry": {
        "type": "LineString",
        "coordinates": [
          [
            117.181593,
            39.2049459
          ],
          [
            117.1827607,
            39.2055342
          ]
        ]
      },
      "type": "Feature",
      "properties": {
        "name": "\u6c7e\u6cb3\u5357\u9053",
        "type": "tertiary",
        "slope": 56.969028632788195,
        "sun_diff": 2.9883849861560634,
        "length": 120.0470148198534
      }
    },
    {
      "geometry": {
        "type": "LineString",
        "coordinates": [
          [
            117.1827607,
            39.2055342
          ],
          [
            117.1837367,
            39.2060259
          ]
        ]
      },
      "type": "Feature",
      "properties": {
        "name": "\u6c7e\u6cb3\u5357\u9053",
        "type": "tertiary",
        "slope": 56.96988096626478,
        "sun_diff": 2.9875326526794765,
        "length": 100.33730959857319
      }
    },
    {
      "geometry": {
        "type": "LineString",
        "coordinates": [
          [
            117.1837367,
            39.2060259
          ],
          [
            117.1852239,
            39.2067586
          ]
        ]
      },
      "type": "Feature",
      "properties": {
        "name": "\u6c7e\u6cb3\u5357\u9053",
        "type": "tertiary",
        "slope": 57.55135225878141,
        "sun_diff": 2.4060613601628518,
        "length": 151.89523890088864
      }
    },
    {
      "geometry": {
        "type": "LineString",
        "coordinates": [
          [
            117.1822291,
            39.1976329
          ],
          [
            117.1811485,
            39.1971102
          ]
        ]
      },
      "type": "Feature",
      "properties": {
        "name": null,
        "type": "service",
        "slope": 58.0290526460804,
        "sun_diff": 1.9283609728638567,
        "length": 109.80333547564867
      }
    },
    {
      "geometry": {
        "type": "LineString",
        "coordinates": [
          [
            117.1689571,
            39.2152686
          ],
          [
            117.1714173,
            39.2163071
          ]
        ]
      },
      "type": "Feature",
      "properties": {
        "name": "\u5929\u79c0\u9053",
        "type": "tertiary",
        "slope": 61.41683136193015,
        "sun_diff": 1.4594177429858917,
        "length": 241.43948837085958
      }
    },
    {
      "geometry": {
        "type": "LineString",
        "coordinates": [
          [
            117.1714173,
            39.2163071
          ],
          [
            117.1732305,
            39.2170422
          ]
        ]
      },
      "type": "Feature",
      "properties": {
        "name": "\u5929\u79c0\u9053",
        "type": "tertiary",
        "slope": 62.37776293897653,
        "sun_diff": 2.4203493200322725,
        "length": 176.3553537289583
      }
    },
    {
      "geometry": {
        "type": "LineString",
        "coordinates": [
          [
            117.1732305,
            39.2170422
          ],
          [
            117.1749617,
            39.2177439
          ]
        ]
      },
      "type": "Feature",
      "properties": {
        "name": "\u5929\u79c0\u9053",
        "type": "tertiary",
        "slope": 62.38275615287594,
        "sun_diff": 2.4253425339316834,
        "length": 168.37048266826326
      }
    },
    {
      "geometry": {
        "type": "LineString",
        "coordinates": [
          [
            117.1749617,
            39.2177439
          ],
          [
            117.1760741,
            39.2181948
          ]
        ]
      },
      "type": "Feature",
      "properties": {
        "name": "\u5929\u79c0\u9053",
        "type": "tertiary",
        "slope": 62.38179096570701,
        "sun_diff": 2.4243773467627534,
        "length": 108.18825674467617
      }
    },
    {
      "geometry": {
        "type": "LineString",
        "coordinates": [
          [
            117.1646483,
            39.2200358
          ],
          [
            117.1692261,
            39.2222938
          ]
        ]
      },
      "type": "Feature",
      "properties": {
        "name": "\u5929\u76c8\u9053",
        "type": "tertiary",
        "slope": 57.51511918505312,
        "sun_diff": 2.442294433891135,
        "length": 467.6421088484716
      }
    },
    {
      "geometry": {
        "type": "LineString",
        "coordinates": [
          [
            117.1694636,
            39.2224115
          ],
          [
            117.1709263,
            39.2231365
          ]
        ]
      },
      "type": "Feature",
      "properties": {
        "name": "\u5929\u76c8\u9053",
        "type": "tertiary",
        "slope": 57.38822798155644,
        "sun_diff": 2.569185637387818,
        "length": 149.62954385736305
      }
    },
    {
      "geometry": {
        "type": "LineString",
        "coordinates": [
          [
            117.202094,
            39.2157582
          ],
          [
            117.2039445,
            39.2166649
          ]
        ]
      },
      "type": "Feature",
      "properties": {
        "name": "\u6c7e\u6cb3\u5357\u9053",
        "type": "secondary",
        "slope": 57.68983815365888,
        "sun_diff": 2.2675754652853755,
        "length": 188.68499443825607
      }
    },
    {
      "geometry": {
        "type": "LineString",
        "coordinates": [
          [
            117.1591722,
            39.2262556
          ],
          [
            117.1615526,
            39.2273086
          ]
        ]
      },
      "type": "Feature",
      "properties": {
        "name": "\u5929\u8fd0\u9053",
        "type": "tertiary",
        "slope": 60.27132479930873,
        "sun_diff": 0.31391118036447097,
        "length": 236.1912702189266
      }
    },
    {
      "geometry": {
        "type": "LineString",
        "coordinates": [
          [
            117.1615526,
            39.2273086
          ],
          [
            117.1639403,
            39.2283649
          ]
        ]
      },
      "type": "Feature",
      "properties": {
        "name": "\u5929\u8fd0\u9053",
        "type": "tertiary",
        "slope": 60.26930070809371,
        "sun_diff": 0.31188708914945096,
        "length": 236.91681875052535
      }
    },
    {
      "geometry": {
        "type": "LineString",
        "coordinates": [
          [
            117.1639403,
            39.2283649
          ],
          [
            117.1655835,
            39.2290918
          ]
        ]
      },
      "type": "Feature",
      "properties": {
        "name": "\u5929\u8fd0\u9053",
        "type": "tertiary",
        "slope": 60.270367636331514,
        "sun_diff": 0.3129540173872556,
        "length": 163.04094130968568
      }
    },
    {
      "geometry": {
        "type": "LineString",
        "coordinates": [
          [
            117.1655835,
            39.2290918
          ],
          [
            117.167333,
            39.2298657
          ]
        ]
      },
      "type": "Feature",
      "properties": {
        "name": "\u5929\u8fd0\u9053",
        "type": "tertiary",
        "slope": 60.270853582134066,
        "sun_diff": 0.3134399631898077,
        "length": 173.58548675555375
      }
    },
    {
      "geometry": {
        "type": "LineString",
        "coordinates": [
          [
            117.167333,
            39.2298657
          ],
          [
            117.1691518,
            39.2306855
          ]
        ]
      },
      "type": "Feature",
      "properties": {
        "name": "\u5929\u8fd0\u9053",
        "type": "tertiary",
        "slope": 59.80522939853617,
        "sun_diff": 0.15218422040808832,
        "length": 181.30676151408227
      }
    },
    {
      "geometry": {
        "type": "LineString",
        "coordinates": [
          [
            117.1693182,
            39.2307605
          ],
          [
            117.1712766,
            39.2316391
          ]
        ]
      },
      "type": "Feature",
      "properties": {
        "name": "\u5929\u8fd0\u9053",
        "type": "tertiary",
        "slope": 59.92135811610365,
        "sun_diff": 0.0360555028406111,
        "length": 194.9906033949997
      }
    },
    {
      "geometry": {
        "type": "LineString",
        "coordinates": [
          [
            117.1927907,
            39.1893111
          ],
          [
            117.1951638,
            39.1902882
          ]
        ]
      },
      "type": "Feature",
      "properties": {
        "name": "\u56fd\u5b9c\u9053",
        "type": "tertiary",
        "slope": 62.020885872230735,
        "sun_diff": 2.063472253286477,
        "length": 231.66009807543495
      }
    },
    {
      "geometry": {
        "type": "LineString",
        "coordinates": [
          [
            117.1942052,
            39.2079344
          ],
          [
            117.1929663,
            39.2073384
          ]
        ]
      },
      "type": "Feature",
      "properties": {
        "name": "\u8fbd\u6cb3\u5317\u9053",
        "type": "tertiary",
        "slope": 58.166034225311904,
        "sun_diff": 1.7913793936323543,
        "length": 125.68315405862688
      }
    },
    {
      "geometry": {
        "type": "LineString",
        "coordinates": [
          [
            117.1929663,
            39.2073384
          ],
          [
            117.1913796,
            39.2066091
          ]
        ]
      },
      "type": "Feature",
      "properties": {
        "name": "\u8fbd\u6cb3\u5317\u9053",
        "type": "tertiary",
        "slope": 59.3247097866159,
        "sun_diff": 0.6327038323283602,
        "length": 159.00441177505377
      }
    },
    {
      "geometry": {
        "type": "LineString",
        "coordinates": [
          [
            117.1905889,
            39.2062493
          ],
          [
            117.1870567,
            39.2046539
          ]
        ]
      },
      "type": "Feature",
      "properties": {
        "name": "\u8fbd\u6cb3\u5317\u9053",
        "type": "tertiary",
        "slope": 59.762755360235275,
        "sun_diff": 0.19465825870898357,
        "length": 352.38490111117966
      }
    },
    {
      "geometry": {
        "type": "LineString",
        "coordinates": [
          [
            117.0919981,
            39.188176
          ],
          [
            117.0894692,
            39.189182
          ]
        ]
      },
      "type": "Feature",
      "properties": {
        "name": null,
        "type": "unclassified",
        "slope": 117.16915723717506,
        "sun_diff": 2.871758935257546,
        "length": 245.05731525627726
      }
    },
    {
      "geometry": {
        "type": "LineString",
        "coordinates": [
          [
            117.0894692,
            39.189182
          ],
          [
            117.0875347,
            39.1899504
          ]
        ]
      },
      "type": "Feature",
      "properties": {
        "name": null,
        "type": "unclassified",
        "slope": 117.13471354106392,
        "sun_diff": 2.9062026313686857,
        "length": 187.39824574227492
      }
    },
    {
      "geometry": {
        "type": "LineString",
        "coordinates": [
          [
            117.2034268,
            39.0807206
          ],
          [
            117.1985868,
            39.0784559
          ]
        ]
      },
      "type": "Feature",
      "properties": {
        "name": "\u897f\u56ed\u9053",
        "type": "tertiary",
        "slope": 58.92007674137798,
        "sun_diff": 1.0825800506284224,
        "length": 487.95623805662495
      }
    },
    {
      "geometry": {
        "type": "LineString",
        "coordinates": [
          [
            117.2017009,
            39.0829728
          ],
          [
            117.1963431,
            39.080284
          ]
        ]
      },
      "type": "Feature",
      "properties": {
        "name": "\u5bbe\u9986\u5357\u9053",
        "type": "secondary",
        "slope": 57.11767029770209,
        "sun_diff": 2.8849864943043144,
        "length": 550.8606157397477
      }
    },
    {
      "geometry": {
        "type": "LineString",
        "coordinates": [
          [
            117.1962643,
            39.0802482
          ],
          [
            117.1913302,
            39.0782841
          ]
        ]
      },
      "type": "Feature",
      "properties": {
        "name": "\u5bbe\u9986\u5357\u9053",
        "type": "secondary",
        "slope": 62.851986944814286,
        "sun_diff": 2.8493301528078803,
        "length": 478.78269700534923
      }
    },
    {
      "geometry": {
        "type": "LineString",
        "coordinates": [
          [
            117.1779545,
            39.1183312
          ],
          [
            117.1794226,
            39.1176166
          ]
        ]
      },
      "type": "Feature",
      "properties": {
        "name": "\u5170\u5dde\u9053",
        "type": "tertiary",
        "slope": 122.10319306778223,
        "sun_diff": 2.1075200684117874,
        "length": 149.56285537429574
      }
    },
    {
      "geometry": {
        "type": "LineString",
        "coordinates": [
          [
            117.1797913,
            39.1174373
          ],
          [
            117.1809299,
            39.1168835
          ]
        ]
      },
      "type": "Feature",
      "properties": {
        "name": "\u5170\u5dde\u9053",
        "type": "tertiary",
        "slope": 122.08358982423874,
        "sun_diff": 2.0879168248683015,
        "length": 115.97142030873394
      }
    },
    {
      "geometry": {
        "type": "LineString",
        "coordinates": [
          [
            117.0562367,
            39.0690079
          ],
          [
            117.0574405,
            39.0684152
          ]
        ]
      },
      "type": "Feature",
      "properties": {
        "name": "\u8d5b\u8fbe\u5927\u9053",
        "type": "primary",
        "slope": 122.38121184221501,
        "sun_diff": 2.385538842844568,
        "length": 123.09912664513814
      }
    },
    {
      "geometry": {
        "type": "LineString",
        "coordinates": [
          [
            117.1859718,
            39.1250835
          ],
          [
            117.1843339,
            39.1259031
          ]
        ]
      },
      "type": "Feature",
      "properties": {
        "name": "\u8499\u53e4\u8def",
        "type": "residential",
        "slope": 122.82362637457945,
        "sun_diff": 2.827953375209006,
        "length": 168.1829022765544
      }
    },
    {
      "geometry": {
        "type": "LineString",
        "coordinates": [
          [
            117.1843339,
            39.1259031
          ],
          [
            117.1832454,
            39.1264343
          ]
        ]
      },
      "type": "Feature",
      "properties": {
        "name": "\u8499\u53e4\u8def",
        "type": "residential",
        "slope": 122.17311599867062,
        "sun_diff": 2.177442999300183,
        "length": 110.96292626085537
      }
    },
    {
      "geometry": {
        "type": "LineString",
        "coordinates": [
          [
            117.1796496,
            39.1223632
          ],
          [
            117.1776708,
            39.1233528
          ]
        ]
      },
      "type": "Feature",
      "properties": {
        "name": "\u65b0\u7586\u8def",
        "type": "unclassified",
        "slope": 122.80725228136765,
        "sun_diff": 2.8115792819972114,
        "length": 203.15729551895836
      }
    },
    {
      "geometry": {
        "type": "LineString",
        "coordinates": [
          [
            117.1489711,
            39.1210492
          ],
          [
            117.1464662,
            39.1220702
          ]
        ]
      },
      "type": "Feature",
      "properties": {
        "name": "\u98de\u4e91\u9053",
        "type": "residential",
        "slope": 117.71708822111663,
        "sun_diff": 2.2785847782538156,
        "length": 244.17290403551863
      }
    },
    {
      "geometry": {
        "type": "LineString",
        "coordinates": [
          [
            117.2183123,
            39.1130048
          ],
          [
            117.2168453,
            39.1123547
          ]
        ]
      },
      "type": "Feature",
      "properties": {
        "name": "\u6d66\u53e3\u9053",
        "type": "tertiary",
        "slope": 60.26781700291181,
        "sun_diff": 0.26516021090540676,
        "length": 145.80254744366576
      }
    },
    {
      "geometry": {
        "type": "LineString",
        "coordinates": [
          [
            117.1210707,
            39.1226536
          ],
          [
            117.1223298,
            39.1220664
          ]
        ]
      },
      "type": "Feature",
      "properties": {
        "name": "\u96c5\u5b89\u9053",
        "type": "secondary",
        "slope": 121.01167151075416,
        "sun_diff": 1.0159985113837138,
        "length": 126.77086830361678
      }
    },
    {
      "geometry": {
        "type": "LineString",
        "coordinates": [
          [
            117.1766701,
            39.1149065
          ],
          [
            117.1736827,
            39.11352
          ]
        ]
      },
      "type": "Feature",
      "properties": {
        "name": "\u978d\u5c71\u9053",
        "type": "secondary",
        "slope": 59.113548716051696,
        "sun_diff": 0.8891080759547094,
        "length": 300.4237886851128
      }
    },
    {
      "geometry": {
        "type": "LineString",
        "coordinates": [
          [
            117.1856303,
            39.1781445
          ],
          [
            117.1844731,
            39.1775774
          ]
        ]
      },
      "type": "Feature",
      "properties": {
        "name": "\u80dc\u666f\u9053",
        "type": "tertiary",
        "slope": 57.6996660925972,
        "sun_diff": 2.2577475263470603,
        "length": 118.04509749358412
      }
    },
    {
      "geometry": {
        "type": "LineString",
        "coordinates": [
          [
            117.3206475,
            39.0429103
          ],
          [
            117.318877,
            39.043641
          ]
        ]
      },
      "type": "Feature",
      "properties": {
        "name": "\u5929\u6d25\u5927\u9053",
        "type": "trunk",
        "slope": 117.98547205556821,
        "sun_diff": 1.96521731792852,
        "length": 173.20483960950503
      }
    },
    {
      "geometry": {
        "type": "LineString",
        "coordinates": [
          [
            117.318877,
            39.043641
          ],
          [
            117.3175861,
            39.0442445
          ]
        ]
      },
      "type": "Feature",
      "properties": {
        "name": "\u5929\u6d25\u5927\u9053",
        "type": "trunk",
        "slope": 121.04545609031192,
        "sun_diff": 1.0947667168151867,
        "length": 130.16303649576145
      }
    },
    {
      "geometry": {
        "type": "LineString",
        "coordinates": [
          [
            117.3174026,
            39.0440683
          ],
          [
            117.318783,
            39.0434287
          ]
        ]
      },
      "type": "Feature",
      "properties": {
        "name": "\u5929\u6d25\u5927\u9053",
        "type": "trunk",
        "slope": 120.81939872335658,
        "sun_diff": 0.8687093498598557,
        "length": 138.85943882022835
      }
    },
    {
      "geometry": {
        "type": "LineString",
        "coordinates": [
          [
            117.318783,
            39.0434287
          ],
          [
            117.3201722,
            39.0428437
          ]
        ]
      },
      "type": "Feature",
      "properties": {
        "name": "\u5929\u6d25\u5927\u9053",
        "type": "trunk",
        "slope": 118.46611591419833,
        "sun_diff": 1.484573459298403,
        "length": 136.51684080949016
      }
    },
    {
      "geometry": {
        "type": "LineString",
        "coordinates": [
          [
            117.1329473,
            39.1987821
          ],
          [
            117.1299133,
            39.1973528
          ]
        ]
      },
      "type": "Feature",
      "properties": {
        "name": "\u5357\u4ed3\u9053",
        "type": "trunk",
        "slope": 58.70524284440384,
        "sun_diff": 1.2521707745404171,
        "length": 306.0590972595142
      }
    },
    {
      "geometry": {
        "type": "LineString",
        "coordinates": [
          [
            117.1302205,
            39.1973171
          ],
          [
            117.1330049,
            39.1986213
          ]
        ]
      },
      "type": "Feature",
      "properties": {
        "name": "\u5357\u4ed3\u9053",
        "type": "trunk",
        "slope": 58.85070902126793,
        "sun_diff": 1.1067045976763268,
        "length": 280.4473440318248
      }
    },
    {
      "geometry": {
        "type": "LineString",
        "coordinates": [
          [
            117.1306358,
            39.1973496
          ],
          [
            117.1321391,
            39.1980593
          ]
        ]
      },
      "type": "Feature",
      "properties": {
        "name": null,
        "type": "tertiary",
        "slope": 58.65100882319308,
        "sun_diff": 1.3064047957511775,
        "length": 151.73507788251945
      }
    },
    {
      "geometry": {
        "type": "LineString",
        "coordinates": [
          [
            117.1331263,
            39.1985121
          ],
          [
            117.1346813,
            39.1992201
          ]
        ]
      },
      "type": "Feature",
      "properties": {
        "name": null,
        "type": "tertiary",
        "slope": 59.564636140823865,
        "sun_diff": 0.39277747812039365,
        "length": 155.46051860311434
      }
    },
    {
      "geometry": {
        "type": "LineString",
        "coordinates": [
          [
            117.1344781,
            39.1996156
          ],
          [
            117.1318931,
            39.1983923
          ]
        ]
      },
      "type": "Feature",
      "properties": {
        "name": null,
        "type": "tertiary",
        "slope": 58.58970158420004,
        "sun_diff": 1.3677120347442155,
        "length": 261.0825811267626
      }
    },
    {
      "geometry": {
        "type": "LineString",
        "coordinates": [
          [
            117.1318931,
            39.1983923
          ],
          [
            117.1303764,
            39.1977138
          ]
        ]
      },
      "type": "Feature",
      "properties": {
        "name": null,
        "type": "tertiary",
        "slope": 60.00422342791566,
        "sun_diff": 0.0468098089714033,
        "length": 150.95761081477445
      }
    },
    {
      "geometry": {
        "type": "LineString",
        "coordinates": [
          [
            117.1288349,
            39.1969957
          ],
          [
            117.1272812,
            39.1962464
          ]
        ]
      },
      "type": "Feature",
      "properties": {
        "name": null,
        "type": "tertiary",
        "slope": 58.10629350179491,
        "sun_diff": 1.8511201171493497,
        "length": 157.74575570033952
      }
    },
    {
      "geometry": {
        "type": "LineString",
        "coordinates": [
          [
            117.3545314,
            39.0192535
          ],
          [
            117.3530022,
            39.0185128
          ]
        ]
      },
      "type": "Feature",
      "properties": {
        "name": "\u96c5\u6b63\u8def",
        "type": "secondary",
        "slope": 58.059263803749985,
        "sun_diff": 1.9883902745084754,
        "length": 155.72989913750934
      }
    },
    {
      "geometry": {
        "type": "LineString",
        "coordinates": [
          [
            117.1438274,
            39.1488172
          ],
          [
            117.1421618,
            39.149622
          ]
        ]
      },
      "type": "Feature",
      "properties": {
        "name": "\u5357\u8fd0\u6cb3\u5357\u8def",
        "type": "tertiary",
        "slope": 121.92571627701759,
        "sun_diff": 1.930043277647144,
        "length": 169.27924839772348
      }
    },
    {
      "geometry": {
        "type": "LineString",
        "coordinates": [
          [
            117.1384439,
            39.147291
          ],
          [
            117.1370746,
            39.1466698
          ]
        ]
      },
      "type": "Feature",
      "properties": {
        "name": "\u5357\u8fd0\u6cb3\u5357\u8def",
        "type": "tertiary",
        "slope": 59.673688067890936,
        "sun_diff": 0.3289687241154695,
        "length": 136.8438338742061
      }
    },
    {
      "geometry": {
        "type": "LineString",
        "coordinates": [
          [
            117.1363995,
            39.1463991
          ],
          [
            117.1352601,
            39.1459423
          ]
        ]
      },
      "type": "Feature",
      "properties": {
        "name": "\u5357\u8fd0\u6cb3\u5357\u8def",
        "type": "tertiary",
        "slope": 62.66346452364181,
        "sun_diff": 2.6608077316354013,
        "length": 110.64432982970257
      }
    },
    {
      "geometry": {
        "type": "LineString",
        "coordinates": [
          [
            117.0448283,
            39.0574288
          ],
          [
            117.0418226,
            39.0560156
          ]
        ]
      },
      "type": "Feature",
      "properties": {
        "name": null,
        "type": "tertiary",
        "slope": 58.80594658931187,
        "sun_diff": 1.1967102026945327,
        "length": 303.48956707343467
      }
    },
    {
      "geometry": {
        "type": "LineString",
        "coordinates": [
          [
            117.0389537,
            39.0545591
          ],
          [
            117.03746,
            39.0538347
          ]
        ]
      },
      "type": "Feature",
      "properties": {
        "name": null,
        "type": "tertiary",
        "slope": 58.01458309888912,
        "sun_diff": 1.9880736931172862,
        "length": 152.11266152692028
      }
    },
    {
      "geometry": {
        "type": "LineString",
        "coordinates": [
          [
            117.3363608,
            39.2076832
          ],
          [
            117.3374176,
            39.2071969
          ]
        ]
      },
      "type": "Feature",
      "properties": {
        "name": null,
        "type": "tertiary",
        "slope": 120.70445705030409,
        "sun_diff": 0.6635408778714833,
        "length": 105.93398126562617
      }
    },
    {
      "geometry": {
        "type": "LineString",
        "coordinates": [
          [
            117.3374176,
            39.2071969
          ],
          [
            117.3388553,
            39.2065713
          ]
        ]
      },
      "type": "Feature",
      "properties": {
        "name": null,
        "type": "tertiary",
        "slope": 119.31695578118976,
        "sun_diff": 0.7239603912428407,
        "length": 142.11477050137174
      }
    },
    {
      "geometry": {
        "type": "LineString",
        "coordinates": [
          [
            117.3393166,
            39.2063863
          ],
          [
            117.340757,
            39.2057753
          ]
        ]
      },
      "type": "Feature",
      "properties": {
        "name": null,
        "type": "tertiary",
        "slope": 118.69731996892418,
        "sun_diff": 1.343596203508426,
        "length": 141.53203245733576
      }
    },
    {
      "geometry": {
        "type": "LineString",
        "coordinates": [
          [
            117.340757,
            39.2057753
          ],
          [
            117.3427451,
            39.2049338
          ]
        ]
      },
      "type": "Feature",
      "properties": {
        "name": null,
        "type": "tertiary",
        "slope": 118.6447051328282,
        "sun_diff": 1.3962110396044096,
        "length": 195.2524207372984
      }
    },
    {
      "geometry": {
        "type": "LineString",
        "coordinates": [
          [
            117.3427451,
            39.2049338
          ],
          [
            117.3453277,
            39.2038477
          ]
        ]
      },
      "type": "Feature",
      "properties": {
        "name": null,
        "type": "tertiary",
        "slope": 118.48901794849363,
        "sun_diff": 1.5518982239389771,
        "length": 253.26720242046997
      }
    },
    {
      "geometry": {
        "type": "LineString",
        "coordinates": [
          [
            117.2937254,
            39.195619
          ],
          [
            117.2951674,
            39.1961899
          ]
        ]
      },
      "type": "Feature",
      "properties": {
        "name": null,
        "type": "unclassified",
        "slope": 62.93939597507617,
        "sun_diff": 2.9819823561319083,
        "length": 139.5839792819145
      }
    },
    {
      "geometry": {
        "type": "LineString",
        "coordinates": [
          [
            117.2920842,
            39.1969006
          ],
          [
            117.2960037,
            39.1984975
          ]
        ]
      },
      "type": "Feature",
      "properties": {
        "name": null,
        "type": "unclassified",
        "slope": 62.267508841662334,
        "sun_diff": 2.3100952227180755,
        "length": 381.70574906482693
      }
    },
    {
      "geometry": {
        "type": "LineString",
        "coordinates": [
          [
            117.346011,
            39.1575495
          ],
          [
            117.3474266,
            39.1568826
          ]
        ]
      },
      "type": "Feature",
      "properties": {
        "name": null,
        "type": "service",
        "slope": 121.28084328971943,
        "sun_diff": 1.2399271172868254,
        "length": 142.862380391311
      }
    },
    {
      "geometry": {
        "type": "LineString",
        "coordinates": [
          [
            117.3464955,
            39.1117845
          ],
          [
            117.3454783,
            39.1122186
          ]
        ]
      },
      "type": "Feature",
      "properties": {
        "name": "\u91d1\u51e4\u8def",
        "type": "service",
        "slope": 118.81125808691809,
        "sun_diff": 1.184414912452354,
        "length": 100.19173009810466
      }
    },
    {
      "geometry": {
        "type": "LineString",
        "coordinates": [
          [
            117.2517207,
            38.9962914
          ],
          [
            117.2554497,
            38.9979416
          ]
        ]
      },
      "type": "Feature",
      "properties": {
        "name": "\u50a8\u73cd\u9053",
        "type": "secondary",
        "slope": 60.34216090376006,
        "sun_diff": 0.2945068255015997,
        "length": 370.9496915480291
      }
    },
    {
      "geometry": {
        "type": "LineString",
        "coordinates": [
          [
            117.2554497,
            38.9979416
          ],
          [
            117.2588827,
            38.9995597
          ]
        ]
      },
      "type": "Feature",
      "properties": {
        "name": "\u50a8\u73cd\u9053",
        "type": "secondary",
        "slope": 58.76345447315464,
        "sun_diff": 1.2841996051038223,
        "length": 347.07297705445677
      }
    },
    {
      "geometry": {
        "type": "LineString",
        "coordinates": [
          [
            117.2588827,
            38.9995597
          ],
          [
            117.2612433,
            39.0006014
          ]
        ]
      },
      "type": "Feature",
      "properties": {
        "name": "\u50a8\u73cd\u9053",
        "type": "secondary",
        "slope": 60.41061852399403,
        "sun_diff": 0.36296444573557096,
        "length": 234.65631295862428
      }
    },
    {
      "geometry": {
        "type": "LineString",
        "coordinates": [
          [
            117.2612433,
            39.0006014
          ],
          [
            117.262943,
            39.0013478
          ]
        ]
      },
      "type": "Feature",
      "properties": {
        "name": "\u50a8\u73cd\u9053",
        "type": "secondary",
        "slope": 60.53035430285138,
        "sun_diff": 0.48270022459291795,
        "length": 168.75737016582553
      }
    },
    {
      "geometry": {
        "type": "LineString",
        "coordinates": [
          [
            117.262943,
            39.0013478
          ],
          [
            117.264794,
            39.0021606
          ]
        ]
      },
      "type": "Feature",
      "properties": {
        "name": "\u50a8\u73cd\u9053",
        "type": "secondary",
        "slope": 60.531320031951935,
        "sun_diff": 0.48366595369347465,
        "length": 183.77563082611326
      }
    },
    {
      "geometry": {
        "type": "LineString",
        "coordinates": [
          [
            117.264794,
            39.0021606
          ],
          [
            117.2662848,
            39.0028459
          ]
        ]
      },
      "type": "Feature",
      "properties": {
        "name": "\u50a8\u73cd\u9053",
        "type": "secondary",
        "slope": 59.39444390965312,
        "sun_diff": 0.6532101686053409,
        "length": 149.71980549352955
      }
    },
    {
      "geometry": {
        "type": "LineString",
        "coordinates": [
          [
            117.2544012,
            38.9930809
          ],
          [
            117.2580681,
            38.9947197
          ]
        ]
      },
      "type": "Feature",
      "properties": {
        "name": "\u6c11\u76db\u9053",
        "type": "tertiary",
        "slope": 60.099727513428945,
        "sun_diff": 0.05207343517048457,
        "length": 365.6730440551425
      }
    },
    {
      "geometry": {
        "type": "LineString",
        "coordinates": [
          [
            117.2580681,
            38.9947197
          ],
          [
            117.2613828,
            38.9961989
          ]
        ]
      },
      "type": "Feature",
      "properties": {
        "name": "\u6c11\u76db\u9053",
        "type": "tertiary",
        "slope": 60.13592453911815,
        "sun_diff": 0.08827046085968959,
        "length": 330.423563162134
      }
    },
    {
      "geometry": {
        "type": "LineString",
        "coordinates": [
          [
            117.195478,
            39.135439
          ],
          [
            117.1965541,
            39.1349241
          ]
        ]
      },
      "type": "Feature",
      "properties": {
        "name": "\u6c11\u4e3b\u9053",
        "type": "tertiary",
        "slope": 121.66943742230606,
        "sun_diff": 1.6737644229356192,
        "length": 109.0860083911061
      }
    },
    {
      "geometry": {
        "type": "LineString",
        "coordinates": [
          [
            117.2015941,
            39.1411167
          ],
          [
            117.2002116,
            39.1405036
          ]
        ]
      },
      "type": "Feature",
      "properties": {
        "name": "\u4e94\u7ecf\u8def\u96a7\u9053",
        "type": "secondary",
        "slope": 60.239987199858376,
        "sun_diff": 0.2373304078519709,
        "length": 137.38749644027436
      }
    },
    {
      "geometry": {
        "type": "LineString",
        "coordinates": [
          [
            117.0735151,
            39.1567642
          ],
          [
            117.0724337,
            39.1572777
          ]
        ]
      },
      "type": "Feature",
      "properties": {
        "name": null,
        "type": "service",
        "slope": 121.48238601447417,
        "sun_diff": 1.4414698420415704,
        "length": 109.36937524185922
      }
    },
    {
      "geometry": {
        "type": "LineString",
        "coordinates": [
          [
            117.0655053,
            39.1572956
          ],
          [
            117.063086,
            39.1561059
          ]
        ]
      },
      "type": "Feature",
      "properties": {
        "name": null,
        "type": "service",
        "slope": 57.61833716869515,
        "sun_diff": 2.3390764502491095,
        "length": 247.0875126731915
      }
    },
    {
      "geometry": {
        "type": "LineString",
        "coordinates": [
          [
            117.1994018,
            38.9700444
          ],
          [
            117.1967518,
            38.9711871
          ]
        ]
      },
      "type": "Feature",
      "properties": {
        "name": null,
        "type": "tertiary",
        "slope": 119.0142684877656,
        "sun_diff": 0.936420885731124,
        "length": 262.05346536720197
      }
    },
    {
      "geometry": {
        "type": "LineString",
        "coordinates": [
          [
            117.1962264,
            38.971437
          ],
          [
            117.1938228,
            38.9725801
          ]
        ]
      },
      "type": "Feature",
      "properties": {
        "name": null,
        "type": "tertiary",
        "slope": 121.45487325184635,
        "sun_diff": 1.5041838783496218,
        "length": 243.65853909360703
      }
    },
    {
      "geometry": {
        "type": "LineString",
        "coordinates": [
          [
            117.1235323,
            39.1889711
          ],
          [
            117.1263533,
            39.190355
          ]
        ]
      },
      "type": "Feature",
      "properties": {
        "name": "\u4f73\u5e86\u9053",
        "type": "tertiary",
        "slope": 57.668115073552656,
        "sun_diff": 2.2892985453916026,
        "length": 287.8188641673087
      }
    },
    {
      "geometry": {
        "type": "LineString",
        "coordinates": [
          [
            117.1263533,
            39.190355
          ],
          [
            117.1295091,
            39.1919113
          ]
        ]
      },
      "type": "Feature",
      "properties": {
        "name": "\u4f73\u5e86\u9053",
        "type": "tertiary",
        "slope": 57.531323391597425,
        "sun_diff": 2.426090227346833,
        "length": 322.45893374745276
      }
    },
    {
      "geometry": {
        "type": "LineString",
        "coordinates": [
          [
            117.257935,
            39.2402708
          ],
          [
            117.2568943,
            39.2397556
          ]
        ]
      },
      "type": "Feature",
      "properties": {
        "name": null,
        "type": "service",
        "slope": 57.41395179488063,
        "sun_diff": 2.543461824063627,
        "length": 106.40385817637576
      }
    },
    {
      "geometry": {
        "type": "LineString",
        "coordinates": [
          [
            117.2386948,
            39.0215671
          ],
          [
            117.2418407,
            39.023108
          ]
        ]
      },
      "type": "Feature",
      "properties": {
        "name": "\u6d25\u8363\u9053",
        "type": "secondary",
        "slope": 57.76953571781888,
        "sun_diff": 2.278118360439578,
        "length": 321.37069435351975
      }
    },
    {
      "geometry": {
        "type": "LineString",
        "coordinates": [
          [
            117.2418407,
            39.023108
          ],
          [
            117.2461092,
            39.0251859
          ]
        ]
      },
      "type": "Feature",
      "properties": {
        "name": "\u6d25\u8363\u9053",
        "type": "secondary",
        "slope": 57.928086857002825,
        "sun_diff": 2.119567221255636,
        "length": 435.28098054936225
      }
    },
    {
      "geometry": {
        "type": "LineString",
        "coordinates": [
          [
            117.2461092,
            39.0251859
          ],
          [
            117.2479837,
            39.0260944
          ]
        ]
      },
      "type": "Feature",
      "properties": {
        "name": "\u6d25\u8363\u9053",
        "type": "secondary",
        "slope": 58.04101835252692,
        "sun_diff": 2.0066357257315417,
        "length": 190.91343046636476
      }
    },
    {
      "geometry": {
        "type": "LineString",
        "coordinates": [
          [
            117.2479837,
            39.0260944
          ],
          [
            117.2492798,
            39.0267256
          ]
        ]
      },
      "type": "Feature",
      "properties": {
        "name": "\u6d25\u8363\u9053",
        "type": "secondary",
        "slope": 57.916891464567044,
        "sun_diff": 2.1307626136914166,
        "length": 132.18234472006452
      }
    },
    {
      "geometry": {
        "type": "LineString",
        "coordinates": [
          [
            117.1410658,
            39.2154873
          ],
          [
            117.1442847,
            39.2169203
          ]
        ]
      },
      "type": "Feature",
      "properties": {
        "name": "\u9f99\u95e8\u4e1c\u9053",
        "type": "secondary",
        "slope": 60.11791894093892,
        "sun_diff": 0.1605053219946626,
        "length": 319.9282690602428
      }
    },
    {
      "geometry": {
        "type": "LineString",
        "coordinates": [
          [
            117.1442847,
            39.2169203
          ],
          [
            117.1467687,
            39.2180154
          ]
        ]
      },
      "type": "Feature",
      "properties": {
        "name": "\u9f99\u95e8\u4e1c\u9053",
        "type": "secondary",
        "slope": 60.35838091224349,
        "sun_diff": 0.40096729329923164,
        "length": 246.29008664401593
      }
    },
    {
      "geometry": {
        "type": "LineString",
        "coordinates": [
          [
            117.1363627,
            39.2218154
          ],
          [
            117.1377834,
            39.2224529
          ]
        ]
      },
      "type": "Feature",
      "properties": {
        "name": "\u679c\u56ed\u5317\u9053",
        "type": "tertiary",
        "slope": 59.919574834173915,
        "sun_diff": 0.037838784770343636,
        "length": 141.47469842672777
      }
    },
    {
      "geometry": {
        "type": "LineString",
        "coordinates": [
          [
            117.1377834,
            39.2224529
          ],
          [
            117.1401767,
            39.2235277
          ]
        ]
      },
      "type": "Feature",
      "properties": {
        "name": "\u679c\u56ed\u5317\u9053",
        "type": "tertiary",
        "slope": 59.89900847311091,
        "sun_diff": 0.05840514583334766,
        "length": 238.37364205289754
      }
    },
    {
      "geometry": {
        "type": "LineString",
        "coordinates": [
          [
            117.1401767,
            39.2235277
          ],
          [
            117.1455227,
            39.2259484
          ]
        ]
      },
      "type": "Feature",
      "properties": {
        "name": "\u679c\u56ed\u5317\u9053",
        "type": "tertiary",
        "slope": 59.69271440736108,
        "sun_diff": 0.2646992115831779,
        "length": 533.5663077058484
      }
    },
    {
      "geometry": {
        "type": "LineString",
        "coordinates": [
          [
            117.1425514,
            39.2299552
          ],
          [
            117.1405165,
            39.229037
          ]
        ]
      },
      "type": "Feature",
      "properties": {
        "name": "\u5317\u8fb0\u9053",
        "type": "primary",
        "slope": 59.77878164679049,
        "sun_diff": 0.17863197215376658,
        "length": 202.90606398461114
      }
    },
    {
      "geometry": {
        "type": "LineString",
        "coordinates": [
          [
            117.1405165,
            39.229037
          ],
          [
            117.1393911,
            39.2285409
          ]
        ]
      },
      "type": "Feature",
      "properties": {
        "name": "\u5317\u8fb0\u9053",
        "type": "primary",
        "slope": 60.35694890098071,
        "sun_diff": 0.39953528203645305,
        "length": 111.56798437160538
      }
    },
    {
      "geometry": {
        "type": "LineString",
        "coordinates": [
          [
            117.1393911,
            39.2285409
          ],
          [
            117.1373669,
            39.2276418
          ]
        ]
      },
      "type": "Feature",
      "properties": {
        "name": "\u5317\u8fb0\u9053",
        "type": "primary",
        "slope": 60.17019665641678,
        "sun_diff": 0.21278303747251925,
        "length": 201.0478070512799
      }
    },
    {
      "geometry": {
        "type": "LineString",
        "coordinates": [
          [
            117.1372631,
            39.2275965
          ],
          [
            117.134725,
            39.2264554
          ]
        ]
      },
      "type": "Feature",
      "properties": {
        "name": "\u5317\u8fb0\u9053",
        "type": "primary",
        "slope": 59.870231539744964,
        "sun_diff": 0.08718207919929455,
        "length": 252.8559029174118
      }
    },
    {
      "geometry": {
        "type": "LineString",
        "coordinates": [
          [
            117.1428207,
            39.2299218
          ],
          [
            117.1438373,
            39.2303834
          ]
        ]
      },
      "type": "Feature",
      "properties": {
        "name": "\u5317\u8fb0\u9053",
        "type": "primary",
        "slope": 59.62190375531608,
        "sun_diff": 0.33550986362817525,
        "length": 101.52938725945988
      }
    },
    {
      "geometry": {
        "type": "LineString",
        "coordinates": [
          [
            117.1438373,
            39.2303834
          ],
          [
            117.1448506,
            39.2308425
          ]
        ]
      },
      "type": "Feature",
      "properties": {
        "name": "\u5317\u8fb0\u9053",
        "type": "primary",
        "slope": 59.67618588022319,
        "sun_diff": 0.2812277387210713,
        "length": 101.14302367397043
      }
    },
    {
      "geometry": {
        "type": "LineString",
        "coordinates": [
          [
            117.1448506,
            39.2308425
          ],
          [
            117.1458789,
            39.231292
          ]
        ]
      },
      "type": "Feature",
      "properties": {
        "name": "\u5317\u8fb0\u9053",
        "type": "primary",
        "slope": 60.56267701616849,
        "sun_diff": 0.6052633972242347,
        "length": 101.73115934128272
      }
    },
    {
      "geometry": {
        "type": "LineString",
        "coordinates": [
          [
            117.1459273,
            39.2313127
          ],
          [
            117.1477262,
            39.2321134
          ]
        ]
      },
      "type": "Feature",
      "properties": {
        "name": "\u5317\u8fb0\u9053",
        "type": "primary",
        "slope": 60.11688701211361,
        "sun_diff": 0.15947339316934972,
        "length": 178.75622434506485
      }
    },
    {
      "geometry": {
        "type": "LineString",
        "coordinates": [
          [
            117.1349169,
            39.2093544
          ],
          [
            117.1362001,
            39.2098982
          ]
        ]
      },
      "type": "Feature",
      "properties": {
        "name": "\u5929\u9a6c\u9053",
        "type": "tertiary",
        "slope": 61.32422150705793,
        "sun_diff": 1.3668078881136694,
        "length": 126.05320437479077
      }
    },
    {
      "geometry": {
        "type": "LineString",
        "coordinates": [
          [
            117.1362001,
            39.2098982
          ],
          [
            117.1392808,
            39.2112298
          ]
        ]
      },
      "type": "Feature",
      "properties": {
        "name": "\u5929\u9a6c\u9053",
        "type": "tertiary",
        "slope": 60.844712368159065,
        "sun_diff": 0.887298749214807,
        "length": 304.02568519477086
      }
    },
    {
      "geometry": {
        "type": "LineString",
        "coordinates": [
          [
            117.1399927,
            39.2115375
          ],
          [
            117.1428419,
            39.2127691
          ]
        ]
      },
      "type": "Feature",
      "properties": {
        "name": "\u5929\u9a6c\u9053",
        "type": "tertiary",
        "slope": 60.842922552374404,
        "sun_diff": 0.8855089334301454,
        "length": 281.17818014858614
      }
    },
    {
      "geometry": {
        "type": "LineString",
        "coordinates": [
          [
            117.1332819,
            39.2175145
          ],
          [
            117.1343715,
            39.2180333
          ]
        ]
      },
      "type": "Feature",
      "properties": {
        "name": "\u57ce\u5efa\u540e\u9053",
        "type": "service",
        "slope": 58.42622016568626,
        "sun_diff": 1.5311934532579983,
        "length": 110.21127696014315
      }
    },
    {
      "geometry": {
        "type": "LineString",
        "coordinates": [
          [
            117.135486,
            39.2185441
          ],
          [
            117.1366798,
            39.2190751
          ]
        ]
      },
      "type": "Feature",
      "properties": {
        "name": "\u57ce\u5efa\u540e\u9053",
        "type": "service",
        "slope": 60.13856961486135,
        "sun_diff": 0.18115599591709497,
        "length": 118.62367490173006
      }
    },
    {
      "geometry": {
        "type": "LineString",
        "coordinates": [
          [
            117.0976582,
            39.2039942
          ],
          [
            117.099293,
            39.2047992
          ]
        ]
      },
      "type": "Feature",
      "properties": {
        "name": "\u5317\u8fb0\u9053",
        "type": "primary",
        "slope": 57.56554807664489,
        "sun_diff": 2.391865542299371,
        "length": 166.9487964605854
      }
    },
    {
      "geometry": {
        "type": "LineString",
        "coordinates": [
          [
            117.099293,
            39.2047992
          ],
          [
            117.1011642,
            39.2057082
          ]
        ]
      },
      "type": "Feature",
      "properties": {
        "name": "\u5317\u8fb0\u9053",
        "type": "primary",
        "slope": 57.91580106201371,
        "sun_diff": 2.041612556930545,
        "length": 190.35214966648323
      }
    },
    {
      "geometry": {
        "type": "LineString",
        "coordinates": [
          [
            117.1022895,
            39.2062504
          ],
          [
            117.1033329,
            39.2067663
          ]
        ]
      },
      "type": "Feature",
      "properties": {
        "name": "\u5317\u8fb0\u9053",
        "type": "primary",
        "slope": 57.458220588373706,
        "sun_diff": 2.4991930305705523,
        "length": 106.67796714945298
      }
    },
    {
      "geometry": {
        "type": "LineString",
        "coordinates": [
          [
            117.1033329,
            39.2067663
          ],
          [
            117.1074775,
            39.2087662
          ]
        ]
      },
      "type": "Feature",
      "properties": {
        "name": "\u5317\u8fb0\u9053",
        "type": "primary",
        "slope": 58.08767853828181,
        "sun_diff": 1.8697350806624513,
        "length": 420.81353235943254
      }
    },
    {
      "geometry": {
        "type": "LineString",
        "coordinates": [
          [
            117.146413,
            39.2180302
          ],
          [
            117.1409874,
            39.2155916
          ]
        ]
      },
      "type": "Feature",
      "properties": {
        "name": "\u9f99\u95e8\u4e1c\u9053",
        "type": "secondary",
        "slope": 59.88107773809878,
        "sun_diff": 0.07633588084547682,
        "length": 540.5410045198491
      }
    },
    {
      "geometry": {
        "type": "LineString",
        "coordinates": [
          [
            117.140813,
            39.2155154
          ],
          [
            117.1363847,
            39.2135304
          ]
        ]
      },
      "type": "Feature",
      "properties": {
        "name": "\u9f99\u95e8\u4e1c\u9053",
        "type": "secondary",
        "slope": 59.94872094914487,
        "sun_diff": 0.008692669799387431,
        "length": 440.89447888153086
      }
    },
    {
      "geometry": {
        "type": "LineString",
        "coordinates": [
          [
            117.1363475,
            39.2135136
          ],
          [
            117.1332027,
            39.2121027
          ]
        ]
      },
      "type": "Feature",
      "properties": {
        "name": "\u9f99\u95e8\u4e1c\u9053",
        "type": "secondary",
        "slope": 59.92750649329932,
        "sun_diff": 0.02990712564493947,
        "length": 313.17990597310546
      }
    },
    {
      "geometry": {
        "type": "LineString",
        "coordinates": [
          [
            117.1302222,
            39.1850495
          ],
          [
            117.1315743,
            39.1844957
          ]
        ]
      },
      "type": "Feature",
      "properties": {
        "name": null,
        "type": "residential",
        "slope": 117.85278573188873,
        "sun_diff": 2.1881304405438726,
        "length": 131.84655017682385
      }
    },
    {
      "geometry": {
        "type": "LineString",
        "coordinates": [
          [
            117.2135183,
            39.0925543
          ],
          [
            117.2113828,
            39.0935882
          ]
        ]
      },
      "type": "Feature",
      "properties": {
        "name": "\u56f4\u5824\u9053",
        "type": "trunk",
        "slope": 121.95629421484202,
        "sun_diff": 1.9606212154715763,
        "length": 217.28163528208546
      }
    },
    {
      "geometry": {
        "type": "LineString",
        "coordinates": [
          [
            117.1884314,
            39.1512991
          ],
          [
            117.1859235,
            39.1525614
          ]
        ]
      },
      "type": "Feature",
      "properties": {
        "name": "\u5929\u7eac\u8def",
        "type": "tertiary",
        "slope": 122.98622533937888,
        "sun_diff": 2.9453091669462736,
        "length": 257.89247139775694
      }
    },
    {
      "geometry": {
        "type": "LineString",
        "coordinates": [
          [
            117.2005103,
            39.1404376
          ],
          [
            117.2018127,
            39.1409748
          ]
        ]
      },
      "type": "Feature",
      "properties": {
        "name": null,
        "type": "residential",
        "slope": 61.99550730959268,
        "sun_diff": 1.9928505175862767,
        "length": 127.25804601431575
      }
    },
    {
      "geometry": {
        "type": "LineString",
        "coordinates": [
          [
            117.2022329,
            39.1411447
          ],
          [
            117.2034192,
            39.1416439
          ]
        ]
      },
      "type": "Feature",
      "properties": {
        "name": null,
        "type": "residential",
        "slope": 61.51744109548295,
        "sun_diff": 1.5147843034765458,
        "length": 116.433438602773
      }
    },
    {
      "geometry": {
        "type": "LineString",
        "coordinates": [
          [
            117.1504098,
            39.1981692
          ],
          [
            117.1529739,
            39.1993112
          ]
        ]
      },
      "type": "Feature",
      "properties": {
        "name": "\u987a\u4e49\u9053",
        "type": "tertiary",
        "slope": 60.113157220240055,
        "sun_diff": 0.15574360129579645,
        "length": 254.92301358130925
      }
    },
    {
      "geometry": {
        "type": "LineString",
        "coordinates": [
          [
            117.153153,
            39.1993875
          ],
          [
            117.1550934,
            39.2002504
          ]
        ]
      },
      "type": "Feature",
      "properties": {
        "name": "\u987a\u4e49\u9053",
        "type": "tertiary",
        "slope": 60.1505400955312,
        "sun_diff": 0.19312647658694004,
        "length": 192.8395769323952
      }
    },
    {
      "geometry": {
        "type": "LineString",
        "coordinates": [
          [
            117.1550934,
            39.2002504
          ],
          [
            117.1569637,
            39.2010867
          ]
        ]
      },
      "type": "Feature",
      "properties": {
        "name": "\u987a\u4e49\u9053",
        "type": "tertiary",
        "slope": 60.01441813913783,
        "sun_diff": 0.057004520193572716,
        "length": 186.12498020792432
      }
    },
    {
      "geometry": {
        "type": "LineString",
        "coordinates": [
          [
            117.1800532,
            39.1655396
          ],
          [
            117.1811468,
            39.1660361
          ]
        ]
      },
      "type": "Feature",
      "properties": {
        "name": "\u534e\u6cf0\u9053",
        "type": "tertiary",
        "slope": 59.647953890236124,
        "sun_diff": 0.3094597287081342,
        "length": 109.29047750114155
      }
    },
    {
      "geometry": {
        "type": "LineString",
        "coordinates": [
          [
            117.1811468,
            39.1660361
          ],
          [
            117.1833844,
            39.1670828
          ]
        ]
      },
      "type": "Feature",
      "properties": {
        "name": "\u534e\u6cf0\u9053",
        "type": "tertiary",
        "slope": 58.895524147625224,
        "sun_diff": 1.0618894713190343,
        "length": 225.36750393502382
      }
    },
    {
      "geometry": {
        "type": "LineString",
        "coordinates": [
          [
            117.1835099,
            39.1672059
          ],
          [
            117.1849641,
            39.1679225
          ]
        ]
      },
      "type": "Feature",
      "properties": {
        "name": "\u534e\u6cf0\u9053",
        "type": "tertiary",
        "slope": 57.55996092781052,
        "sun_diff": 2.3974526911337364,
        "length": 148.59266854499958
      }
    },
    {
      "geometry": {
        "type": "LineString",
        "coordinates": [
          [
            117.1855141,
            39.1679415
          ],
          [
            117.1873449,
            39.1688278
          ]
        ]
      },
      "type": "Feature",
      "properties": {
        "name": "\u534e\u6cf0\u9053",
        "type": "tertiary",
        "slope": 58.018528911829094,
        "sun_diff": 1.9388847071151645,
        "length": 186.13118362172798
      }
    },
    {
      "geometry": {
        "type": "LineString",
        "coordinates": [
          [
            117.1461402,
            39.2309974
          ],
          [
            117.1450867,
            39.2305595
          ]
        ]
      },
      "type": "Feature",
      "properties": {
        "name": null,
        "type": "service",
        "slope": 61.78154435804845,
        "sun_diff": 1.8241307391041914,
        "length": 103.01154794755622
      }
    },
    {
      "geometry": {
        "type": "LineString",
        "coordinates": [
          [
            117.109835,
            39.205646
          ],
          [
            117.1085029,
            39.2050106
          ]
        ]
      },
      "type": "Feature",
      "properties": {
        "name": "\u9f99\u5ca9\u9053",
        "type": "secondary",
        "slope": 58.385187597167544,
        "sun_diff": 1.5722260217767143,
        "length": 134.82331990960986
      }
    },
    {
      "geometry": {
        "type": "LineString",
        "coordinates": [
          [
            117.1170368,
            39.1986177
          ],
          [
            117.1192026,
            39.1995383
          ]
        ]
      },
      "type": "Feature",
      "properties": {
        "name": "\u9f99\u6cc9\u9053",
        "type": "tertiary",
        "slope": 61.25509031674238,
        "sun_diff": 1.2976766977981242,
        "length": 212.92656351215587
      }
    },
    {
      "geometry": {
        "type": "LineString",
        "coordinates": [
          [
            117.130573,
            39.1972068
          ],
          [
            117.1315819,
            39.1976765
          ]
        ]
      },
      "type": "Feature",
      "properties": {
        "name": "\u5343\u91cc\u5824",
        "type": "unclassified",
        "slope": 59.00502379897898,
        "sun_diff": 0.9523898199652763,
        "length": 101.45348233877424
      }
    },
    {
      "geometry": {
        "type": "LineString",
        "coordinates": [
          [
            117.1810796,
            39.2115454
          ],
          [
            117.1830926,
            39.2123843
          ]
        ]
      },
      "type": "Feature",
      "properties": {
        "name": "\u6c7e\u6cb3\u5317\u9053",
        "type": "secondary",
        "slope": 61.72579608240579,
        "sun_diff": 1.7683824634615348,
        "length": 196.987049171886
      }
    },
    {
      "geometry": {
        "type": "LineString",
        "coordinates": [
          [
            117.1830926,
            39.2123843
          ],
          [
            117.1847552,
            39.2130952
          ]
        ]
      },
      "type": "Feature",
      "properties": {
        "name": "\u6c7e\u6cb3\u5317\u9053",
        "type": "secondary",
        "slope": 61.107328007886224,
        "sun_diff": 1.1499143889419656,
        "length": 163.65570770194793
      }
    },
    {
      "geometry": {
        "type": "LineString",
        "coordinates": [
          [
            117.1848233,
            39.2131246
          ],
          [
            117.1861883,
            39.2137144
          ]
        ]
      },
      "type": "Feature",
      "properties": {
        "name": "\u6c7e\u6cb3\u5317\u9053",
        "type": "secondary",
        "slope": 60.85239554720829,
        "sun_diff": 0.8949819282640306,
        "length": 134.69265698798895
      }
    },
    {
      "geometry": {
        "type": "LineString",
        "coordinates": [
          [
            117.187,
            39.2140644
          ],
          [
            117.1880323,
            39.2145096
          ]
        ]
      },
      "type": "Feature",
      "properties": {
        "name": "\u6c7e\u6cb3\u5317\u9053",
        "type": "secondary",
        "slope": 60.89827744599438,
        "sun_diff": 0.9408638270501228,
        "length": 101.8165014833483
      }
    },
    {
      "geometry": {
        "type": "LineString",
        "coordinates": [
          [
            117.1830783,
            39.2093065
          ],
          [
            117.184835,
            39.2100923
          ]
        ]
      },
      "type": "Feature",
      "properties": {
        "name": "\u6c7e\u6cb3\u9053",
        "type": "tertiary",
        "slope": 60.00189323932156,
        "sun_diff": 0.044479620377302354,
        "length": 174.81954491088422
      }
    },
    {
      "geometry": {
        "type": "LineString",
        "coordinates": [
          [
            117.184835,
            39.2100923
          ],
          [
            117.1866177,
            39.2109053
          ]
        ]
      },
      "type": "Feature",
      "properties": {
        "name": "\u6c7e\u6cb3\u9053",
        "type": "tertiary",
        "slope": 59.5195757255448,
        "sun_diff": 0.4378378933994611,
        "length": 178.27761864629522
      }
    },
    {
      "geometry": {
        "type": "LineString",
        "coordinates": [
          [
            117.187964,
            39.2115334
          ],
          [
            117.1902309,
            39.2126225
          ]
        ]
      },
      "type": "Feature",
      "properties": {
        "name": "\u6c7e\u6cb3\u9053",
        "type": "tertiary",
        "slope": 58.198064261115604,
        "sun_diff": 1.759349357828654,
        "length": 229.8759980107254
      }
    },
    {
      "geometry": {
        "type": "LineString",
        "coordinates": [
          [
            117.1819703,
            39.1987558
          ],
          [
            117.1833903,
            39.1994397
          ]
        ]
      },
      "type": "Feature",
      "properties": {
        "name": "\u8fbd\u6cb3\u5317\u9053",
        "type": "tertiary",
        "slope": 58.139695344652665,
        "sun_diff": 1.8177182742915932,
        "length": 144.11356634564999
      }
    },
    {
      "geometry": {
        "type": "LineString",
        "coordinates": [
          [
            117.1837057,
            39.2025403
          ],
          [
            117.1815312,
            39.2014985
          ]
        ]
      },
      "type": "Feature",
      "properties": {
        "name": null,
        "type": "service",
        "slope": 58.27360103775055,
        "sun_diff": 1.6838125811937061,
        "length": 220.35869642375928
      }
    },
    {
      "geometry": {
        "type": "LineString",
        "coordinates": [
          [
            117.1278228,
            39.2236576
          ],
          [
            117.1298717,
            39.2245668
          ]
        ]
      },
      "type": "Feature",
      "properties": {
        "name": null,
        "type": "service",
        "slope": 60.19495139640753,
        "sun_diff": 0.23753777746327387,
        "length": 203.46156657709116
      }
    },
    {
      "geometry": {
        "type": "LineString",
        "coordinates": [
          [
            117.1298717,
            39.2245668
          ],
          [
            117.1308893,
            39.2250321
          ]
        ]
      },
      "type": "Feature",
      "properties": {
        "name": null,
        "type": "service",
        "slope": 59.44852953099863,
        "sun_diff": 0.5088840879456313,
        "length": 101.81807595272308
      }
    },
    {
      "geometry": {
        "type": "LineString",
        "coordinates": [
          [
            117.1068376,
            39.2300868
          ],
          [
            117.1090533,
            39.2291641
          ]
        ]
      },
      "type": "Feature",
      "properties": {
        "name": null,
        "type": "service",
        "slope": 118.26247994748465,
        "sun_diff": 1.7784362249479528,
        "length": 216.74497363554352
      }
    },
    {
      "geometry": {
        "type": "LineString",
        "coordinates": [
          [
            117.1090533,
            39.2291641
          ],
          [
            117.1103502,
            39.2286256
          ]
        ]
      },
      "type": "Feature",
      "properties": {
        "name": null,
        "type": "service",
        "slope": 118.19245576111001,
        "sun_diff": 1.8484604113225913,
        "length": 126.78383786434065
      }
    },
    {
      "geometry": {
        "type": "LineString",
        "coordinates": [
          [
            117.121891,
            39.2390026
          ],
          [
            117.1208583,
            39.2385518
          ]
        ]
      },
      "type": "Feature",
      "properties": {
        "name": null,
        "type": "service",
        "slope": 60.59401729137173,
        "sun_diff": 0.6366036724274693,
        "length": 102.1238811304273
      }
    },
    {
      "geometry": {
        "type": "LineString",
        "coordinates": [
          [
            117.1310602,
            39.2178281
          ],
          [
            117.1321357,
            39.2182634
          ]
        ]
      },
      "type": "Feature",
      "properties": {
        "name": null,
        "type": "service",
        "slope": 62.416489541490535,
        "sun_diff": 2.459075922546276,
        "length": 104.566264166905
      }
    },
    {
      "geometry": {
        "type": "LineString",
        "coordinates": [
          [
            117.1312659,
            39.2175563
          ],
          [
            117.1323339,
            39.2179974
          ]
        ]
      },
      "type": "Feature",
      "properties": {
        "name": null,
        "type": "service",
        "slope": 61.9380416463417,
        "sun_diff": 1.9806280273974437,
        "length": 104.29608551722148
      }
    },
    {
      "geometry": {
        "type": "LineString",
        "coordinates": [
          [
            117.1331134,
            39.2198958
          ],
          [
            117.1320668,
            39.2194205
          ]
        ]
      },
      "type": "Feature",
      "properties": {
        "name": null,
        "type": "service",
        "slope": 59.62169905910119,
        "sun_diff": 0.3357145598430691,
        "length": 104.54155968564724
      }
    },
    {
      "geometry": {
        "type": "LineString",
        "coordinates": [
          [
            117.132967,
            39.218396
          ],
          [
            117.1340359,
            39.2188754
          ]
        ]
      },
      "type": "Feature",
      "properties": {
        "name": null,
        "type": "service",
        "slope": 59.93324764868129,
        "sun_diff": 0.024165970262970404,
        "length": 106.43273605780166
      }
    },
    {
      "geometry": {
        "type": "LineString",
        "coordinates": [
          [
            117.134164,
            39.22036
          ],
          [
            117.1352018,
            39.2208219
          ]
        ]
      },
      "type": "Feature",
      "properties": {
        "name": null,
        "type": "service",
        "slope": 60.1224935657761,
        "sun_diff": 0.16507994683183824,
        "length": 103.13652190589093
      }
    },
    {
      "geometry": {
        "type": "LineString",
        "coordinates": [
          [
            117.1353299,
            39.2187708
          ],
          [
            117.1363671,
            39.2192436
          ]
        ]
      },
      "type": "Feature",
      "properties": {
        "name": null,
        "type": "service",
        "slope": 59.52798048486213,
        "sun_diff": 0.4294331340821316,
        "length": 103.70297644399099
      }
    },
    {
      "geometry": {
        "type": "LineString",
        "coordinates": [
          [
            117.1309334,
            39.2185502
          ],
          [
            117.1298989,
            39.2181095
          ]
        ]
      },
      "type": "Feature",
      "properties": {
        "name": null,
        "type": "service",
        "slope": 61.19526356699541,
        "sun_diff": 1.2378499480511493,
        "length": 101.73560127635419
      }
    },
    {
      "geometry": {
        "type": "LineString",
        "coordinates": [
          [
            117.1309655,
            39.2202116
          ],
          [
            117.1322601,
            39.2207864
          ]
        ]
      },
      "type": "Feature",
      "properties": {
        "name": null,
        "type": "service",
        "slope": 60.18248265197573,
        "sun_diff": 0.22506903303147396,
        "length": 128.5801671794218
      }
    },
    {
      "geometry": {
        "type": "LineString",
        "coordinates": [
          [
            117.1333758,
            39.217901
          ],
          [
            117.1344213,
            39.2183607
          ]
        ]
      },
      "type": "Feature",
      "properties": {
        "name": null,
        "type": "service",
        "slope": 60.423529318761695,
        "sun_diff": 0.4661156998174363,
        "length": 103.5941253831275
      }
    },
    {
      "geometry": {
        "type": "LineString",
        "coordinates": [
          [
            117.1347393,
            39.2260038
          ],
          [
            117.1359255,
            39.2265403
          ]
        ]
      },
      "type": "Feature",
      "properties": {
        "name": null,
        "type": "service",
        "slope": 59.72124649016507,
        "sun_diff": 0.23616712877918644,
        "length": 118.35402021370385
      }
    },
    {
      "geometry": {
        "type": "LineString",
        "coordinates": [
          [
            117.1359255,
            39.2265403
          ],
          [
            117.1374376,
            39.2272127
          ]
        ]
      },
      "type": "Feature",
      "properties": {
        "name": null,
        "type": "service",
        "slope": 60.14229548483638,
        "sun_diff": 0.1848818658921232,
        "length": 150.22910547026632
      }
    },
    {
      "geometry": {
        "type": "LineString",
        "coordinates": [
          [
            117.1475957,
            39.2291054
          ],
          [
            117.1459867,
            39.2284141
          ]
        ]
      },
      "type": "Feature",
      "properties": {
        "name": null,
        "type": "service",
        "slope": 60.98524641988749,
        "sun_diff": 1.02783280094323,
        "length": 158.53066898159202
      }
    },
    {
      "geometry": {
        "type": "LineString",
        "coordinates": [
          [
            117.136536,
            39.2122407
          ],
          [
            117.1380364,
            39.2129079
          ]
        ]
      },
      "type": "Feature",
      "properties": {
        "name": null,
        "type": "residential",
        "slope": 60.147234115710745,
        "sun_diff": 0.1898204967664867,
        "length": 149.08969259345506
      }
    },
    {
      "geometry": {
        "type": "LineString",
        "coordinates": [
          [
            117.1380364,
            39.2129079
          ],
          [
            117.1401576,
            39.2138892
          ]
        ]
      },
      "type": "Feature",
      "properties": {
        "name": null,
        "type": "residential",
        "slope": 59.15924826787824,
        "sun_diff": 0.798165351066018,
        "length": 212.91254412383992
      }
    },
    {
      "geometry": {
        "type": "LineString",
        "coordinates": [
          [
            117.1403972,
            39.206112
          ],
          [
            117.1391711,
            39.2055201
          ]
        ]
      },
      "type": "Feature",
      "properties": {
        "name": null,
        "type": "service",
        "slope": 58.07721603196279,
        "sun_diff": 1.8801975869814669,
        "length": 124.50782943405711
      }
    },
    {
      "geometry": {
        "type": "LineString",
        "coordinates": [
          [
            117.1400492,
            39.2065786
          ],
          [
            117.1387672,
            39.2060185
          ]
        ]
      },
      "type": "Feature",
      "properties": {
        "name": null,
        "type": "service",
        "slope": 60.58461859158922,
        "sun_diff": 0.6272049726449609,
        "length": 126.84762627677617
      }
    },
    {
      "geometry": {
        "type": "LineString",
        "coordinates": [
          [
            117.1572739,
            39.2012198
          ],
          [
            117.1609803,
            39.2028753
          ]
        ]
      },
      "type": "Feature",
      "properties": {
        "name": "\u987a\u4e49\u9053",
        "type": "tertiary",
        "slope": 60.04084546026553,
        "sun_diff": 0.08343184132127135,
        "length": 368.7406343341341
      }
    },
    {
      "geometry": {
        "type": "LineString",
        "coordinates": [
          [
            117.1609803,
            39.2028753
          ],
          [
            117.162484,
            39.2035489
          ]
        ]
      },
      "type": "Feature",
      "properties": {
        "name": "\u987a\u4e49\u9053",
        "type": "tertiary",
        "slope": 59.968407309878444,
        "sun_diff": 0.010993690934185452,
        "length": 149.70641599991615
      }
    },
    {
      "geometry": {
        "type": "LineString",
        "coordinates": [
          [
            117.1511221,
            39.2186758
          ],
          [
            117.1521963,
            39.2191163
          ]
        ]
      },
      "type": "Feature",
      "properties": {
        "name": null,
        "type": "unclassified",
        "slope": 62.107376744196756,
        "sun_diff": 2.1499631252524978,
        "length": 104.73532071519898
      }
    },
    {
      "geometry": {
        "type": "LineString",
        "coordinates": [
          [
            117.1599789,
            39.2221234
          ],
          [
            117.1611526,
            39.2227029
          ]
        ]
      },
      "type": "Feature",
      "properties": {
        "name": null,
        "type": "unclassified",
        "slope": 57.489308789621646,
        "sun_diff": 2.4681048293226127,
        "length": 119.93123317230967
      }
    },
    {
      "geometry": {
        "type": "LineString",
        "coordinates": [
          [
            117.1834209,
            39.1892457
          ],
          [
            117.1823063,
            39.1887878
          ]
        ]
      },
      "type": "Feature",
      "properties": {
        "name": "\u5b89\u7545\u8def",
        "type": "unclassified",
        "slope": 62.074453722965586,
        "sun_diff": 2.117040104021328,
        "length": 108.75383674190999
      }
    },
    {
      "geometry": {
        "type": "LineString",
        "coordinates": [
          [
            117.1431993,
            39.1951631
          ],
          [
            117.1442817,
            39.1956989
          ]
        ]
      },
      "type": "Feature",
      "properties": {
        "name": null,
        "type": "service",
        "slope": 57.43238246057928,
        "sun_diff": 2.525031158364982,
        "length": 110.7146724521252
      }
    },
    {
      "geometry": {
        "type": "LineString",
        "coordinates": [
          [
            117.1909081,
            39.1246681
          ],
          [
            117.1921457,
            39.1240665
          ]
        ]
      },
      "type": "Feature",
      "properties": {
        "name": "\u5c71\u4e1c\u8def",
        "type": "residential",
        "slope": 122.07112499169116,
        "sun_diff": 2.0754519923207226,
        "length": 126.02493872118609
      }
    },
    {
      "geometry": {
        "type": "LineString",
        "coordinates": [
          [
            117.1864129,
            39.125544
          ],
          [
            117.1876391,
            39.1249322
          ]
        ]
      },
      "type": "Feature",
      "properties": {
        "name": "\u6cb3\u5317\u8def",
        "type": "tertiary",
        "slope": 122.74720826170886,
        "sun_diff": 2.7515352623384217,
        "length": 125.80142298369971
      }
    },
    {
      "geometry": {
        "type": "LineString",
        "coordinates": [
          [
            117.182036,
            39.1231974
          ],
          [
            117.1808041,
            39.1237846
          ]
        ]
      },
      "type": "Feature",
      "properties": {
        "name": "\u5b81\u590f\u8def",
        "type": "residential",
        "slope": 121.56764065634104,
        "sun_diff": 1.5719676569705996,
        "length": 124.76362655496061
      }
    },
    {
      "geometry": {
        "type": "LineString",
        "coordinates": [
          [
            117.1942769,
            39.1229905
          ],
          [
            117.1953088,
            39.1224891
          ]
        ]
      },
      "type": "Feature",
      "properties": {
        "name": "\u5c71\u4e1c\u8def",
        "type": "residential",
        "slope": 122.05981597145257,
        "sun_diff": 2.0641429720821236,
        "length": 105.06790010116035
      }
    },
    {
      "geometry": {
        "type": "LineString",
        "coordinates": [
          [
            117.2126565,
            39.092791
          ],
          [
            117.2137981,
            39.0922386
          ]
        ]
      },
      "type": "Feature",
      "properties": {
        "name": "\u56f4\u5824\u9053",
        "type": "trunk",
        "slope": 121.9416295252976,
        "sun_diff": 1.9459565259271585,
        "length": 116.1376087211734
      }
    },
    {
      "geometry": {
        "type": "LineString",
        "coordinates": [
          [
            117.2469749,
            39.1050361
          ],
          [
            117.2482516,
            39.1044513
          ]
        ]
      },
      "type": "Feature",
      "properties": {
        "name": null,
        "type": "residential",
        "slope": 120.55251332783237,
        "sun_diff": 0.5568403284619308,
        "length": 127.96270205190088
      }
    },
    {
      "geometry": {
        "type": "LineString",
        "coordinates": [
          [
            117.1858791,
            39.1284876
          ],
          [
            117.1840819,
            39.1293757
          ]
        ]
      },
      "type": "Feature",
      "properties": {
        "name": "\u65b0\u534e\u8def",
        "type": "tertiary",
        "slope": 122.49829524446906,
        "sun_diff": 2.502622245098621,
        "length": 183.86068074635588
      }
    },
    {
      "geometry": {
        "type": "LineString",
        "coordinates": [
          [
            117.1864911,
            39.1426177
          ],
          [
            117.1851665,
            39.1419622
          ]
        ]
      },
      "type": "Feature",
      "properties": {
        "name": null,
        "type": "pedestrian",
        "slope": 57.45983598930974,
        "sun_diff": 2.542820802696667,
        "length": 135.54968686832146
      }
    },
    {
      "geometry": {
        "type": "LineString",
        "coordinates": [
          [
            117.1965114,
            39.1490695
          ],
          [
            117.1979351,
            39.1496648
          ]
        ]
      },
      "type": "Feature",
      "properties": {
        "name": "\u91d1\u7530\u9053",
        "type": "tertiary",
        "slope": 61.667223893082024,
        "sun_diff": 1.664567101075619,
        "length": 139.52060566315842
      }
    },
    {
      "geometry": {
        "type": "LineString",
        "coordinates": [
          [
            117.1979351,
            39.1496648
          ],
          [
            117.1993055,
            39.1502301
          ]
        ]
      },
      "type": "Feature",
      "properties": {
        "name": "\u91d1\u7530\u9053",
        "type": "tertiary",
        "slope": 61.990194992733734,
        "sun_diff": 1.9875382007273288,
        "length": 133.89137208596242
      }
    },
    {
      "geometry": {
        "type": "LineString",
        "coordinates": [
          [
            117.1993055,
            39.1502301
          ],
          [
            117.2007919,
            39.1508469
          ]
        ]
      },
      "type": "Feature",
      "properties": {
        "name": "\u91d1\u7530\u9053",
        "type": "tertiary",
        "slope": 61.84879044488537,
        "sun_diff": 1.8913768259411086,
        "length": 145.41495964485355
      }
    },
    {
      "geometry": {
        "type": "LineString",
        "coordinates": [
          [
            117.1732802,
            39.1902878
          ],
          [
            117.1746812,
            39.1909718
          ]
        ]
      },
      "type": "Feature",
      "properties": {
        "name": null,
        "type": "service",
        "slope": 57.791986507624955,
        "sun_diff": 2.1654271113193033,
        "length": 142.74341242448295
      }
    },
    {
      "geometry": {
        "type": "LineString",
        "coordinates": [
          [
            117.1302636,
            39.1922843
          ],
          [
            117.1353279,
            39.1948327
          ]
        ]
      },
      "type": "Feature",
      "properties": {
        "name": "\u4f73\u5e86\u9053",
        "type": "tertiary",
        "slope": 57.00432213640673,
        "sun_diff": 2.9530914825375305,
        "length": 520.518428299733
      }
    },
    {
      "geometry": {
        "type": "LineString",
        "coordinates": [
          [
            117.1488242,
            39.2326239
          ],
          [
            117.1508334,
            39.2335263
          ]
        ]
      },
      "type": "Feature",
      "properties": {
        "name": "\u5317\u8fb0\u9053",
        "type": "primary",
        "slope": 59.892867436446465,
        "sun_diff": 0.06454618249779287,
        "length": 200.10086930984932
      }
    },
    {
      "geometry": {
        "type": "LineString",
        "coordinates": [
          [
            117.1505047,
            39.2334728
          ],
          [
            117.1487924,
            39.2327021
          ]
        ]
      },
      "type": "Feature",
      "properties": {
        "name": "\u5317\u8fb0\u9053",
        "type": "primary",
        "slope": 59.83991312144386,
        "sun_diff": 0.11750049750040148,
        "length": 170.6239065954266
      }
    },
    {
      "geometry": {
        "type": "LineString",
        "coordinates": [
          [
            117.1667481,
            39.2252772
          ],
          [
            117.1615428,
            39.2230049
          ]
        ]
      },
      "type": "Feature",
      "properties": {
        "name": null,
        "type": "unclassified",
        "slope": 60.59887247140901,
        "sun_diff": 0.6414588524647513,
        "length": 514.837412489015
      }
    },
    {
      "geometry": {
        "type": "LineString",
        "coordinates": [
          [
            117.151101,
            39.1778516
          ],
          [
            117.1536266,
            39.1766189
          ]
        ]
      },
      "type": "Feature",
      "properties": {
        "name": "\u4e01\u5b57\u6cbd\u4e8c\u53f7\u8def",
        "type": "tertiary",
        "slope": 122.1952934180417,
        "sun_diff": 2.1543772456090977,
        "length": 257.3393659390966
      }
    },
    {
      "geometry": {
        "type": "LineString",
        "coordinates": [
          [
            117.1550264,
            39.1759029
          ],
          [
            117.1565229,
            39.1752141
          ]
        ]
      },
      "type": "Feature",
      "properties": {
        "name": "\u4e01\u5b57\u6cbd\u4e8c\u53f7\u8def",
        "type": "tertiary",
        "slope": 120.69908792817975,
        "sun_diff": 0.6581717557471478,
        "length": 150.06943216100515
      }
    },
    {
      "geometry": {
        "type": "LineString",
        "coordinates": [
          [
            117.1565229,
            39.1752141
          ],
          [
            117.1576023,
            39.1747173
          ]
        ]
      },
      "type": "Feature",
      "properties": {
        "name": "\u4e01\u5b57\u6cbd\u4e8c\u53f7\u8def",
        "type": "tertiary",
        "slope": 120.69791156575369,
        "sun_diff": 0.6569953933210826,
        "length": 108.2420838611409
      }
    },
    {
      "geometry": {
        "type": "LineString",
        "coordinates": [
          [
            117.1576023,
            39.1747173
          ],
          [
            117.1586385,
            39.1742403
          ]
        ]
      },
      "type": "Feature",
      "properties": {
        "name": "\u4e01\u5b57\u6cbd\u4e8c\u53f7\u8def",
        "type": "tertiary",
        "slope": 120.70212037039852,
        "sun_diff": 0.6612041979659153,
        "length": 103.91524179132023
      }
    },
    {
      "geometry": {
        "type": "LineString",
        "coordinates": [
          [
            117.1591937,
            39.1739848
          ],
          [
            117.1614605,
            39.172907
          ]
        ]
      },
      "type": "Feature",
      "properties": {
        "name": "\u4e01\u5b57\u6cbd\u4e8c\u53f7\u8def",
        "type": "tertiary",
        "slope": 121.52161309811555,
        "sun_diff": 1.480696925682949,
        "length": 229.30035174236644
      }
    },
    {
      "geometry": {
        "type": "LineString",
        "coordinates": [
          [
            117.1522401,
            39.2357114
          ],
          [
            117.1547015,
            39.2368104
          ]
        ]
      },
      "type": "Feature",
      "properties": {
        "name": null,
        "type": "unclassified",
        "slope": 60.03807513345521,
        "sun_diff": 0.08066151451095038,
        "length": 244.7663934558459
      }
    },
    {
      "geometry": {
        "type": "LineString",
        "coordinates": [
          [
            117.198914,
            39.074975
          ],
          [
            117.1972342,
            39.0742314
          ]
        ]
      },
      "type": "Feature",
      "properties": {
        "name": null,
        "type": "service",
        "slope": 60.30774387750725,
        "sun_diff": 0.30508708550084407,
        "length": 166.9761461610959
      }
    },
    {
      "geometry": {
        "type": "LineString",
        "coordinates": [
          [
            117.0856891,
            39.1878947
          ],
          [
            117.0835424,
            39.1888052
          ]
        ]
      },
      "type": "Feature",
      "properties": {
        "name": null,
        "type": "service",
        "slope": 118.6887408910072,
        "sun_diff": 1.3521752814254029,
        "length": 210.9676729541733
      }
    },
    {
      "geometry": {
        "type": "LineString",
        "coordinates": [
          [
            117.0835424,
            39.1888052
          ],
          [
            117.0823922,
            39.1893092
          ]
        ]
      },
      "type": "Feature",
      "properties": {
        "name": null,
        "type": "service",
        "slope": 119.4818224741731,
        "sun_diff": 0.5590936982595025,
        "length": 113.90893730164194
      }
    },
    {
      "geometry": {
        "type": "LineString",
        "coordinates": [
          [
            117.0764976,
            39.1864769
          ],
          [
            117.0730582,
            39.188034
          ]
        ]
      },
      "type": "Feature",
      "properties": {
        "name": null,
        "type": "residential",
        "slope": 120.28931894262985,
        "sun_diff": 0.2484027701972451,
        "length": 343.3958212588639
      }
    },
    {
      "geometry": {
        "type": "LineString",
        "coordinates": [
          [
            117.0793386,
            39.1827159
          ],
          [
            117.0766285,
            39.181429
          ]
        ]
      },
      "type": "Feature",
      "properties": {
        "name": null,
        "type": "service",
        "slope": 58.50853295795483,
        "sun_diff": 1.4488806609894311,
        "length": 274.0208810351087
      }
    },
    {
      "geometry": {
        "type": "LineString",
        "coordinates": [
          [
            117.0766285,
            39.181429
          ],
          [
            117.0739185,
            39.1802724
          ]
        ]
      },
      "type": "Feature",
      "properties": {
        "name": null,
        "type": "service",
        "slope": 61.163645399203745,
        "sun_diff": 1.2062317802594862,
        "length": 266.7324327572463
      }
    },
    {
      "geometry": {
        "type": "LineString",
        "coordinates": [
          [
            117.2640121,
            39.0905348
          ],
          [
            117.265174,
            39.0899547
          ]
        ]
      },
      "type": "Feature",
      "properties": {
        "name": "\u5a04\u5c71\u9053",
        "type": "primary",
        "slope": 122.75143604170262,
        "sun_diff": 2.755763042332177,
        "length": 119.26944403625463
      }
    },
    {
      "geometry": {
        "type": "LineString",
        "coordinates": [
          [
            117.1742199,
            39.2086455
          ],
          [
            117.1756687,
            39.2092225
          ]
        ]
      },
      "type": "Feature",
      "properties": {
        "name": "\u6c7e\u6cb3\u5317\u9053",
        "type": "residential",
        "slope": 62.79733567205159,
        "sun_diff": 2.8399220531073297,
        "length": 140.39445821248367
      }
    },
    {
      "geometry": {
        "type": "LineString",
        "coordinates": [
          [
            117.1756687,
            39.2092225
          ],
          [
            117.1769491,
            39.2097323
          ]
        ]
      },
      "type": "Feature",
      "properties": {
        "name": "\u6c7e\u6cb3\u5317\u9053",
        "type": "residential",
        "slope": 62.803238626632805,
        "sun_diff": 2.8458250076885463,
        "length": 124.06831435295113
      }
    },
    {
      "geometry": {
        "type": "LineString",
        "coordinates": [
          [
            117.1758598,
            39.2059243
          ],
          [
            117.1775873,
            39.2067202
          ]
        ]
      },
      "type": "Feature",
      "properties": {
        "name": "\u6c7e\u6cb3\u9053",
        "type": "tertiary",
        "slope": 59.265065927841874,
        "sun_diff": 0.692347691102384,
        "length": 173.22225794835964
      }
    },
    {
      "geometry": {
        "type": "LineString",
        "coordinates": [
          [
            117.1775873,
            39.2067202
          ],
          [
            117.1787382,
            39.207259
          ]
        ]
      },
      "type": "Feature",
      "properties": {
        "name": "\u6c7e\u6cb3\u9053",
        "type": "tertiary",
        "slope": 58.860588253478255,
        "sun_diff": 1.0968253654660032,
        "length": 115.89292096536475
      }
    },
    {
      "geometry": {
        "type": "LineString",
        "coordinates": [
          [
            117.1787382,
            39.207259
          ],
          [
            117.1799632,
            39.2078325
          ]
        ]
      },
      "type": "Feature",
      "properties": {
        "name": "\u6c7e\u6cb3\u9053",
        "type": "tertiary",
        "slope": 58.8599527666546,
        "sun_diff": 1.0974608522896574,
        "length": 123.35445822042489
      }
    },
    {
      "geometry": {
        "type": "LineString",
        "coordinates": [
          [
            117.1820856,
            39.2072516
          ],
          [
            117.1833502,
            39.2078381
          ]
        ]
      },
      "type": "Feature",
      "properties": {
        "name": "\u6c7e\u6cb3\u4e00\u652f\u8def",
        "type": "residential",
        "slope": 59.097819261353436,
        "sun_diff": 0.8595943575908223,
        "length": 127.02455555596272
      }
    },
    {
      "geometry": {
        "type": "LineString",
        "coordinates": [
          [
            117.1843463,
            39.1992222
          ],
          [
            117.1857774,
            39.1999018
          ]
        ]
      },
      "type": "Feature",
      "properties": {
        "name": null,
        "type": "service",
        "slope": 58.5004189284771,
        "sun_diff": 1.4569946904671554,
        "length": 144.67592357980152
      }
    },
    {
      "geometry": {
        "type": "LineString",
        "coordinates": [
          [
            117.1821423,
            39.2162443
          ],
          [
            117.1810214,
            39.2157725
          ]
        ]
      },
      "type": "Feature",
      "properties": {
        "name": null,
        "type": "service",
        "slope": 61.48596750835705,
        "sun_diff": 1.528553889412791,
        "length": 109.93079094373573
      }
    },
    {
      "geometry": {
        "type": "LineString",
        "coordinates": [
          [
            117.1851082,
            39.2165908
          ],
          [
            117.1840079,
            39.2161383
          ]
        ]
      },
      "type": "Feature",
      "properties": {
        "name": null,
        "type": "service",
        "slope": 62.04032284783031,
        "sun_diff": 2.0829092288860522,
        "length": 107.35068104461283
      }
    },
    {
      "geometry": {
        "type": "LineString",
        "coordinates": [
          [
            117.1827955,
            39.2145659
          ],
          [
            117.1816289,
            39.2140865
          ]
        ]
      },
      "type": "Feature",
      "properties": {
        "name": null,
        "type": "service",
        "slope": 62.05911873838622,
        "sun_diff": 2.1017051194419594,
        "length": 113.80273371760227
      }
    },
    {
      "geometry": {
        "type": "LineString",
        "coordinates": [
          [
            117.1873154,
            39.2147487
          ],
          [
            117.1859291,
            39.2140872
          ]
        ]
      },
      "type": "Feature",
      "properties": {
        "name": null,
        "type": "service",
        "slope": 58.372325225612656,
        "sun_diff": 1.5850883933316027,
        "length": 140.31020271804246
      }
    },
    {
      "geometry": {
        "type": "LineString",
        "coordinates": [
          [
            117.1842048,
            39.2109598
          ],
          [
            117.185709,
            39.2116213
          ]
        ]
      },
      "type": "Feature",
      "properties": {
        "name": null,
        "type": "service",
        "slope": 60.42171066557066,
        "sun_diff": 0.4642970466263989,
        "length": 149.06190116236792
      }
    },
    {
      "geometry": {
        "type": "LineString",
        "coordinates": [
          [
            117.1861644,
            39.210985
          ],
          [
            117.1832698,
            39.2096525
          ]
        ]
      },
      "type": "Feature",
      "properties": {
        "name": null,
        "type": "service",
        "slope": 59.284978370968275,
        "sun_diff": 0.672435247975983,
        "length": 290.1760028828406
      }
    },
    {
      "geometry": {
        "type": "LineString",
        "coordinates": [
          [
            117.1829009,
            39.2103789
          ],
          [
            117.1842048,
            39.2109598
          ]
        ]
      },
      "type": "Feature",
      "properties": {
        "name": null,
        "type": "service",
        "slope": 60.10187240168386,
        "sun_diff": 0.14445878273960489,
        "length": 129.6266249806513
      }
    },
    {
      "geometry": {
        "type": "LineString",
        "coordinates": [
          [
            117.1832901,
            39.2121313
          ],
          [
            117.1820884,
            39.2116134
          ]
        ]
      },
      "type": "Feature",
      "properties": {
        "name": null,
        "type": "service",
        "slope": 60.91606281481003,
        "sun_diff": 0.9586491958657746,
        "length": 118.50834408468032
      }
    },
    {
      "geometry": {
        "type": "LineString",
        "coordinates": [
          [
            117.1876579,
            39.2119298
          ],
          [
            117.1890523,
            39.2125913
          ]
        ]
      },
      "type": "Feature",
      "properties": {
        "name": null,
        "type": "service",
        "slope": 58.521717576118135,
        "sun_diff": 1.4356960428261232,
        "length": 140.90819913043245
      }
    },
    {
      "geometry": {
        "type": "LineString",
        "coordinates": [
          [
            117.1873245,
            39.2136402
          ],
          [
            117.1858858,
            39.2129845
          ]
        ]
      },
      "type": "Feature",
      "properties": {
        "name": null,
        "type": "service",
        "slope": 59.53482660342834,
        "sun_diff": 0.4225870155159157,
        "length": 143.84823957537262
      }
    },
    {
      "geometry": {
        "type": "LineString",
        "coordinates": [
          [
            117.1861569,
            39.2089296
          ],
          [
            117.1874677,
            39.2095645
          ]
        ]
      },
      "type": "Feature",
      "properties": {
        "name": null,
        "type": "service",
        "slope": 57.99002605121652,
        "sun_diff": 1.9673875677277408,
        "length": 133.2285659056511
      }
    },
    {
      "geometry": {
        "type": "LineString",
        "coordinates": [
          [
            117.1878206,
            39.2061415
          ],
          [
            117.1890102,
            39.2067283
          ]
        ]
      },
      "type": "Feature",
      "properties": {
        "name": null,
        "type": "service",
        "slope": 57.51955680590376,
        "sun_diff": 2.437856813040497,
        "length": 121.54271491847497
      }
    },
    {
      "geometry": {
        "type": "LineString",
        "coordinates": [
          [
            117.1901043,
            39.2010098
          ],
          [
            117.1911461,
            39.2015135
          ]
        ]
      },
      "type": "Feature",
      "properties": {
        "name": null,
        "type": "service",
        "slope": 58.039286865351386,
        "sun_diff": 1.9181267535928725,
        "length": 105.84286236285465
      }
    },
    {
      "geometry": {
        "type": "LineString",
        "coordinates": [
          [
            117.1927868,
            39.1984045
          ],
          [
            117.194104,
            39.1990504
          ]
        ]
      },
      "type": "Feature",
      "properties": {
        "name": null,
        "type": "service",
        "slope": 57.67612235996597,
        "sun_diff": 2.2812912589782854,
        "length": 134.36127246360604
      }
    },
    {
      "geometry": {
        "type": "LineString",
        "coordinates": [
          [
            117.2241261,
            39.2113827
          ],
          [
            117.2224438,
            39.2105567
          ]
        ]
      },
      "type": "Feature",
      "properties": {
        "name": "\u6750\u6599\u5382\u8def",
        "type": "tertiary",
        "slope": 57.638305987324514,
        "sun_diff": 2.319107631619744,
        "length": 171.6457074911777
      }
    },
    {
      "geometry": {
        "type": "LineString",
        "coordinates": [
          [
            117.2175765,
            39.2123718
          ],
          [
            117.2163949,
            39.212865
          ]
        ]
      },
      "type": "Feature",
      "properties": {
        "name": "\u6750\u6599\u5382\u8def",
        "type": "tertiary",
        "slope": 118.31214889390981,
        "sun_diff": 1.7287672785227954,
        "length": 115.66857924109253
      }
    },
    {
      "geometry": {
        "type": "LineString",
        "coordinates": [
          [
            117.1881313,
            39.23518
          ],
          [
            117.1907293,
            39.2364503
          ]
        ]
      },
      "type": "Feature",
      "properties": {
        "name": null,
        "type": "residential",
        "slope": 57.73660109227143,
        "sun_diff": 2.2208125266728302,
        "length": 264.6926219476971
      }
    },
    {
      "geometry": {
        "type": "LineString",
        "coordinates": [
          [
            117.2238257,
            39.1918331
          ],
          [
            117.2218468,
            39.1927157
          ]
        ]
      },
      "type": "Feature",
      "properties": {
        "name": null,
        "type": "service",
        "slope": 119.91923636506345,
        "sun_diff": 0.12167980736914785,
        "length": 196.82456727897286
      }
    },
    {
      "geometry": {
        "type": "LineString",
        "coordinates": [
          [
            117.254035,
            39.2121554
          ],
          [
            117.2523186,
            39.2114229
          ]
        ]
      },
      "type": "Feature",
      "properties": {
        "name": null,
        "type": "tertiary",
        "slope": 61.15429291465301,
        "sun_diff": 1.1968792957087544,
        "length": 168.8777910268335
      }
    },
    {
      "geometry": {
        "type": "LineString",
        "coordinates": [
          [
            117.2523186,
            39.2114229
          ],
          [
            117.2475482,
            39.2091744
          ]
        ]
      },
      "type": "Feature",
      "properties": {
        "name": null,
        "type": "tertiary",
        "slope": 58.68747522912645,
        "sun_diff": 1.2699383898178098,
        "length": 481.22864462289016
      }
    },
    {
      "geometry": {
        "type": "LineString",
        "coordinates": [
          [
            117.2475482,
            39.2091744
          ],
          [
            117.2431909,
            39.2070516
          ]
        ]
      },
      "type": "Feature",
      "properties": {
        "name": null,
        "type": "tertiary",
        "slope": 57.84116687877395,
        "sun_diff": 2.116246740170311,
        "length": 443.60372151090644
      }
    },
    {
      "geometry": {
        "type": "LineString",
        "coordinates": [
          [
            117.2562616,
            39.1149436
          ],
          [
            117.2552784,
            39.1154201
          ]
        ]
      },
      "type": "Feature",
      "properties": {
        "name": null,
        "type": "residential",
        "slope": 121.99046320058633,
        "sun_diff": 1.994790201215892,
        "length": 100.04404559310397
      }
    },
    {
      "geometry": {
        "type": "LineString",
        "coordinates": [
          [
            117.2552784,
            39.1154201
          ],
          [
            117.254256,
            39.1158964
          ]
        ]
      },
      "type": "Feature",
      "properties": {
        "name": null,
        "type": "residential",
        "slope": 120.982312004791,
        "sun_diff": 0.9866390054205567,
        "length": 102.91693001573782
      }
    },
    {
      "geometry": {
        "type": "LineString",
        "coordinates": [
          [
            117.102522,
            39.1227831
          ],
          [
            117.0983754,
            39.1210991
          ]
        ]
      },
      "type": "Feature",
      "properties": {
        "name": "\u95f5\u884c\u8def",
        "type": "tertiary",
        "slope": 62.36926606170442,
        "sun_diff": 2.366609269698017,
        "length": 403.88283533298323
      }
    },
    {
      "geometry": {
        "type": "LineString",
        "coordinates": [
          [
            117.1976237,
            39.1911576
          ],
          [
            117.1964389,
            39.1905754
          ]
        ]
      },
      "type": "Feature",
      "properties": {
        "name": null,
        "type": "service",
        "slope": 57.62476266539795,
        "sun_diff": 2.332650953546306,
        "length": 120.93825060658442
      }
    },
    {
      "geometry": {
        "type": "LineString",
        "coordinates": [
          [
            117.1963236,
            39.1935735
          ],
          [
            117.1949502,
            39.1930186
          ]
        ]
      },
      "type": "Feature",
      "properties": {
        "name": null,
        "type": "service",
        "slope": 62.46609223953138,
        "sun_diff": 2.508678620587119,
        "length": 133.51673244568778
      }
    },
    {
      "geometry": {
        "type": "LineString",
        "coordinates": [
          [
            117.1949502,
            39.1930186
          ],
          [
            117.1938116,
            39.1924822
          ]
        ]
      },
      "type": "Feature",
      "properties": {
        "name": null,
        "type": "service",
        "slope": 58.70643344894816,
        "sun_diff": 1.2509801699960974,
        "length": 114.86495056855388
      }
    },
    {
      "geometry": {
        "type": "LineString",
        "coordinates": [
          [
            117.1199962,
            39.2103517
          ],
          [
            117.1217717,
            39.2111039
          ]
        ]
      },
      "type": "Feature",
      "properties": {
        "name": null,
        "type": "unclassified",
        "slope": 61.33114942443402,
        "sun_diff": 1.3737358054897584,
        "length": 174.3992203038034
      }
    },
    {
      "geometry": {
        "type": "LineString",
        "coordinates": [
          [
            117.1217717,
            39.2111039
          ],
          [
            117.1234666,
            39.2118219
          ]
        ]
      },
      "type": "Feature",
      "properties": {
        "name": null,
        "type": "unclassified",
        "slope": 61.33269584885997,
        "sun_diff": 1.3752822299157117,
        "length": 166.47806189779118
      }
    },
    {
      "geometry": {
        "type": "LineString",
        "coordinates": [
          [
            117.1227996,
            39.2096136
          ],
          [
            117.1246176,
            39.2103679
          ]
        ]
      },
      "type": "Feature",
      "properties": {
        "name": null,
        "type": "unclassified",
        "slope": 61.83181442784121,
        "sun_diff": 1.8744008088969508,
        "length": 177.7332888467571
      }
    },
    {
      "geometry": {
        "type": "LineString",
        "coordinates": [
          [
            117.1227996,
            39.2096136
          ],
          [
            117.1210351,
            39.208851
          ]
        ]
      },
      "type": "Feature",
      "properties": {
        "name": null,
        "type": "service",
        "slope": 60.848301746240395,
        "sun_diff": 0.8908881272961366,
        "length": 174.13141366806576
      }
    },
    {
      "geometry": {
        "type": "LineString",
        "coordinates": [
          [
            117.1303345,
            39.1977803
          ],
          [
            117.1288698,
            39.1971005
          ]
        ]
      },
      "type": "Feature",
      "properties": {
        "name": null,
        "type": "tertiary",
        "slope": 59.083210140284166,
        "sun_diff": 0.8742034786600925,
        "length": 147.1678654287239
      }
    },
    {
      "geometry": {
        "type": "LineString",
        "coordinates": [
          [
            117.1286258,
            39.1969841
          ],
          [
            117.1265999,
            39.1960073
          ]
        ]
      },
      "type": "Feature",
      "properties": {
        "name": null,
        "type": "tertiary",
        "slope": 58.1123531705866,
        "sun_diff": 1.845060448357657,
        "length": 205.67471917242935
      }
    },
    {
      "geometry": {
        "type": "LineString",
        "coordinates": [
          [
            117.1286562,
            39.1998645
          ],
          [
            117.1269459,
            39.199109
          ]
        ]
      },
      "type": "Feature",
      "properties": {
        "name": "\u8fde\u73af\u9053",
        "type": "residential",
        "slope": 60.31622325725701,
        "sun_diff": 0.35880963831274926,
        "length": 169.69233343222814
      }
    },
    {
      "geometry": {
        "type": "LineString",
        "coordinates": [
          [
            117.1225404,
            39.200944
          ],
          [
            117.1254225,
            39.2021331
          ]
        ]
      },
      "type": "Feature",
      "properties": {
        "name": "\u9f99\u6cc9\u9053",
        "type": "tertiary",
        "slope": 61.96840318606675,
        "sun_diff": 2.0109895671224933,
        "length": 281.43823863786344
      }
    },
    {
      "geometry": {
        "type": "LineString",
        "coordinates": [
          [
            117.1128566,
            39.2105593
          ],
          [
            117.1117259,
            39.2100323
          ]
        ]
      },
      "type": "Feature",
      "properties": {
        "name": null,
        "type": "service",
        "slope": 58.97198259642789,
        "sun_diff": 0.9854310225163658,
        "length": 113.72033337724602
      }
    },
    {
      "geometry": {
        "type": "LineString",
        "coordinates": [
          [
            117.1126576,
            39.208206
          ],
          [
            117.1141449,
            39.2088795
          ]
        ]
      },
      "type": "Feature",
      "properties": {
        "name": null,
        "type": "service",
        "slope": 59.697230702643395,
        "sun_diff": 0.2601829163008631,
        "length": 148.47029419973327
      }
    },
    {
      "geometry": {
        "type": "LineString",
        "coordinates": [
          [
            117.1160175,
            39.2032973
          ],
          [
            117.1145262,
            39.2025691
          ]
        ]
      },
      "type": "Feature",
      "properties": {
        "name": null,
        "type": "service",
        "slope": 57.7836935035962,
        "sun_diff": 2.173720115348061,
        "length": 151.93147370176655
      }
    },
    {
      "geometry": {
        "type": "LineString",
        "coordinates": [
          [
            117.1160778,
            39.1998605
          ],
          [
            117.1171006,
            39.2003213
          ]
        ]
      },
      "type": "Feature",
      "properties": {
        "name": null,
        "type": "service",
        "slope": 59.82753530374001,
        "sun_diff": 0.12987831520425175,
        "length": 101.97845289995631
      }
    },
    {
      "geometry": {
        "type": "LineString",
        "coordinates": [
          [
            117.1174845,
            39.1964842
          ],
          [
            117.1187029,
            39.1970276
          ]
        ]
      },
      "type": "Feature",
      "properties": {
        "name": "\u4f73\u5b81\u4e2d\u9053",
        "type": "unclassified",
        "slope": 60.079832817608974,
        "sun_diff": 0.12241919866471562,
        "length": 121.17749458253482
      }
    },
    {
      "geometry": {
        "type": "LineString",
        "coordinates": [
          [
            117.1324127,
            39.1987582
          ],
          [
            117.1313876,
            39.1982663
          ]
        ]
      },
      "type": "Feature",
      "properties": {
        "name": null,
        "type": "unclassified",
        "slope": 58.23430702979283,
        "sun_diff": 1.7231065891514277,
        "length": 103.93037898629349
      }
    },
    {
      "geometry": {
        "type": "LineString",
        "coordinates": [
          [
            117.1138159,
            39.2006323
          ],
          [
            117.112364,
            39.199951
          ]
        ]
      },
      "type": "Feature",
      "properties": {
        "name": null,
        "type": "unclassified",
        "slope": 58.80412211256902,
        "sun_diff": 1.1532915063752398,
        "length": 146.30437932433026
      }
    },
    {
      "geometry": {
        "type": "LineString",
        "coordinates": [
          [
            117.1080064,
            39.195144
          ],
          [
            117.1093096,
            39.195678
          ]
        ]
      },
      "type": "Feature",
      "properties": {
        "name": null,
        "type": "service",
        "slope": 62.133307092285634,
        "sun_diff": 2.1758934733413753,
        "length": 127.07504476193361
      }
    },
    {
      "geometry": {
        "type": "LineString",
        "coordinates": [
          [
            117.1248852,
            39.2032332
          ],
          [
            117.1261751,
            39.2037566
          ]
        ]
      },
      "type": "Feature",
      "properties": {
        "name": null,
        "type": "service",
        "slope": 62.36178289758209,
        "sun_diff": 2.40436927863783,
        "length": 125.50008862210498
      }
    },
    {
      "geometry": {
        "type": "LineString",
        "coordinates": [
          [
            117.1140493,
            39.1967517
          ],
          [
            117.1123221,
            39.1960211
          ]
        ]
      },
      "type": "Feature",
      "properties": {
        "name": null,
        "type": "service",
        "slope": 61.37382655419174,
        "sun_diff": 1.4164129352474788,
        "length": 169.62095181353533
      }
    },
    {
      "geometry": {
        "type": "LineString",
        "coordinates": [
          [
            117.1206663,
            39.1896559
          ],
          [
            117.1219366,
            39.1902611
          ]
        ]
      },
      "type": "Feature",
      "properties": {
        "name": null,
        "type": "service",
        "slope": 58.42103890523995,
        "sun_diff": 1.536374713704305,
        "length": 128.5468035555279
      }
    },
    {
      "geometry": {
        "type": "LineString",
        "coordinates": [
          [
            117.1194806,
            39.1912079
          ],
          [
            117.120756,
            39.1917808
          ]
        ]
      },
      "type": "Feature",
      "properties": {
        "name": null,
        "type": "service",
        "slope": 59.904413022019526,
        "sun_diff": 0.05300059692473269,
        "length": 127.08049785392981
      }
    },
    {
      "geometry": {
        "type": "LineString",
        "coordinates": [
          [
            117.1271143,
            39.1868942
          ],
          [
            117.128529,
            39.1862134
          ]
        ]
      },
      "type": "Feature",
      "properties": {
        "name": "\u4e01\u5b57\u6cbd\u4e09\u53f7\u8def",
        "type": "primary",
        "slope": 121.83482935385737,
        "sun_diff": 1.7939131814247702,
        "length": 143.5620419903678
      }
    },
    {
      "geometry": {
        "type": "LineString",
        "coordinates": [
          [
            117.1294468,
            39.1857791
          ],
          [
            117.1316709,
            39.1847586
          ]
        ]
      },
      "type": "Feature",
      "properties": {
        "name": "\u4e01\u5b57\u6cbd\u4e09\u53f7\u8def",
        "type": "primary",
        "slope": 120.62392507737957,
        "sun_diff": 0.5830089049469649,
        "length": 222.82932472184137
      }
    },
    {
      "geometry": {
        "type": "LineString",
        "coordinates": [
          [
            117.1256109,
            39.1878161
          ],
          [
            117.1245581,
            39.1883028
          ]
        ]
      },
      "type": "Feature",
      "properties": {
        "name": "\u8fb0\u660c\u8def",
        "type": "primary",
        "slope": 120.8138784735007,
        "sun_diff": 0.772962301068091,
        "length": 105.68199466719254
      }
    },
    {
      "geometry": {
        "type": "LineString",
        "coordinates": [
          [
            117.1850018,
            39.0802601
          ],
          [
            117.1864171,
            39.0809629
          ]
        ]
      },
      "type": "Feature",
      "properties": {
        "name": "\u5bbe\u6c34\u9053",
        "type": "primary",
        "slope": 57.39283440417111,
        "sun_diff": 2.609822387835294,
        "length": 145.06599420181783
      }
    },
    {
      "geometry": {
        "type": "LineString",
        "coordinates": [
          [
            117.0851762,
            39.1908761
          ],
          [
            117.0838117,
            39.1914678
          ]
        ]
      },
      "type": "Feature",
      "properties": {
        "name": null,
        "type": "service",
        "slope": 119.22727196117859,
        "sun_diff": 0.8136442112540152,
        "length": 134.79061917299993
      }
    },
    {
      "geometry": {
        "type": "LineString",
        "coordinates": [
          [
            117.0739185,
            39.1802724
          ],
          [
            117.0728724,
            39.1797914
          ]
        ]
      },
      "type": "Feature",
      "properties": {
        "name": null,
        "type": "unclassified",
        "slope": 59.32501451745853,
        "sun_diff": 0.6323991014857313,
        "length": 104.87029756305847
      }
    },
    {
      "geometry": {
        "type": "LineString",
        "coordinates": [
          [
            117.0728724,
            39.1797914
          ],
          [
            117.0663818,
            39.1768069
          ]
        ]
      },
      "type": "Feature",
      "properties": {
        "name": null,
        "type": "unclassified",
        "slope": 59.325221308569525,
        "sun_diff": 0.6321923103747338,
        "length": 650.6926932511466
      }
    },
    {
      "geometry": {
        "type": "LineString",
        "coordinates": [
          [
            117.0825782,
            39.1931761
          ],
          [
            117.0809562,
            39.1925156
          ]
        ]
      },
      "type": "Feature",
      "properties": {
        "name": null,
        "type": "residential",
        "slope": 62.28174642570113,
        "sun_diff": 2.324332806756871,
        "length": 157.95146934260904
      }
    },
    {
      "geometry": {
        "type": "LineString",
        "coordinates": [
          [
            117.2714988,
            39.0257708
          ],
          [
            117.2730302,
            39.0263761
          ]
        ]
      },
      "type": "Feature",
      "properties": {
        "name": null,
        "type": "residential",
        "slope": 63.03331147468069,
        "sun_diff": 2.9856573964222264,
        "length": 148.4713238900046
      }
    },
    {
      "geometry": {
        "type": "LineString",
        "coordinates": [
          [
            117.2354562,
            39.048629
          ],
          [
            117.2328001,
            39.0473185
          ]
        ]
      },
      "type": "Feature",
      "properties": {
        "name": "\u6d6f\u6c34\u9053",
        "type": "secondary",
        "slope": 57.57209485469659,
        "sun_diff": 2.4755592235618735,
        "length": 271.83031904690586
      }
    },
    {
      "geometry": {
        "type": "LineString",
        "coordinates": [
          [
            117.2495799,
            39.2062571
          ],
          [
            117.2469394,
            39.2049817
          ]
        ]
      },
      "type": "Feature",
      "properties": {
        "name": "\u601d\u6e90\u4e1c\u8def",
        "type": "secondary",
        "slope": 58.063331730996964,
        "sun_diff": 1.8940818879472943,
        "length": 268.1787311775866
      }
    },
    {
      "geometry": {
        "type": "LineString",
        "coordinates": [
          [
            117.2469394,
            39.2049817
          ],
          [
            117.2432249,
            39.2031869
          ]
        ]
      },
      "type": "Feature",
      "properties": {
        "name": "\u601d\u6e90\u4e1c\u8def",
        "type": "secondary",
        "slope": 58.054781487015475,
        "sun_diff": 1.902632131928783,
        "length": 377.3017928765339
      }
    },
    {
      "geometry": {
        "type": "LineString",
        "coordinates": [
          [
            117.2638152,
            39.0252634
          ],
          [
            117.2649202,
            39.0258101
          ]
        ]
      },
      "type": "Feature",
      "properties": {
        "name": null,
        "type": "residential",
        "slope": 57.50864616931739,
        "sun_diff": 2.5390079089410733,
        "length": 113.20299578242748
      }
    },
    {
      "geometry": {
        "type": "LineString",
        "coordinates": [
          [
            117.2336134,
            39.1927987
          ],
          [
            117.2361659,
            39.1915265
          ]
        ]
      },
      "type": "Feature",
      "properties": {
        "name": null,
        "type": "tertiary",
        "slope": 122.7443604276119,
        "sun_diff": 2.703444255179292,
        "length": 261.6155717004483
      }
    },
    {
      "geometry": {
        "type": "LineString",
        "coordinates": [
          [
            117.2641922,
            39.0222035
          ],
          [
            117.2663111,
            39.0231201
          ]
        ]
      },
      "type": "Feature",
      "properties": {
        "name": null,
        "type": "residential",
        "slope": 60.8904045927585,
        "sun_diff": 0.8427505145000396,
        "length": 209.57369720522138
      }
    },
    {
      "geometry": {
        "type": "LineString",
        "coordinates": [
          [
            117.2437963,
            39.2033196
          ],
          [
            117.2468653,
            39.2048128
          ]
        ]
      },
      "type": "Feature",
      "properties": {
        "name": "\u601d\u6e90\u4e1c\u8def",
        "type": "secondary",
        "slope": 57.87589599710702,
        "sun_diff": 2.0815176218372358,
        "length": 312.34248993339423
      }
    },
    {
      "geometry": {
        "type": "LineString",
        "coordinates": [
          [
            117.2471583,
            39.2049551
          ],
          [
            117.2496475,
            39.2061611
          ]
        ]
      },
      "type": "Feature",
      "properties": {
        "name": "\u601d\u6e90\u4e1c\u8def",
        "type": "secondary",
        "slope": 57.98423970815145,
        "sun_diff": 1.9731739107928092,
        "length": 253.0290865630579
      }
    },
    {
      "geometry": {
        "type": "LineString",
        "coordinates": [
          [
            117.1858908,
            39.1524988
          ],
          [
            117.1883052,
            39.1512968
          ]
        ]
      },
      "type": "Feature",
      "properties": {
        "name": "\u5929\u7eac\u8def",
        "type": "tertiary",
        "slope": 122.69979129062747,
        "sun_diff": 2.658875118194871,
        "length": 247.4791394020775
      }
    },
    {
      "geometry": {
        "type": "LineString",
        "coordinates": [
          [
            117.1686278,
            39.0456943
          ],
          [
            117.1733404,
            39.0434725
          ]
        ]
      },
      "type": "Feature",
      "properties": {
        "name": "\u6c47\u5ddd\u8def",
        "type": "tertiary",
        "slope": 121.25892945945861,
        "sun_diff": 1.3082400859618843,
        "length": 476.2468943676163
      }
    },
    {
      "geometry": {
        "type": "LineString",
        "coordinates": [
          [
            117.1733404,
            39.0434725
          ],
          [
            117.1746602,
            39.0428476
          ]
        ]
      },
      "type": "Feature",
      "properties": {
        "name": "\u6c47\u5ddd\u8def",
        "type": "tertiary",
        "slope": 121.36754335308095,
        "sun_diff": 1.4168539795842179,
        "length": 133.53280006284157
      }
    },
    {
      "geometry": {
        "type": "LineString",
        "coordinates": [
          [
            117.1746602,
            39.0428476
          ],
          [
            117.1763817,
            39.0420326
          ]
        ]
      },
      "type": "Feature",
      "properties": {
        "name": "\u6c47\u5ddd\u8def",
        "type": "tertiary",
        "slope": 121.36421125762126,
        "sun_diff": 1.4135218841245347,
        "length": 174.17108074411556
      }
    },
    {
      "geometry": {
        "type": "LineString",
        "coordinates": [
          [
            117.2238394,
            39.0896396
          ],
          [
            117.2213021,
            39.0908928
          ]
        ]
      },
      "type": "Feature",
      "properties": {
        "name": null,
        "type": "service",
        "slope": 122.47115812050751,
        "sun_diff": 2.475485121137069,
        "length": 259.63978829248805
      }
    },
    {
      "geometry": {
        "type": "LineString",
        "coordinates": [
          [
            117.1198703,
            39.0847886
          ],
          [
            117.122162,
            39.085875
          ]
        ]
      },
      "type": "Feature",
      "properties": {
        "name": "\u8fce\u6c34\u9053",
        "type": "secondary",
        "slope": 58.58586282096914,
        "sun_diff": 1.416793971037265,
        "length": 231.8420575738251
      }
    },
    {
      "geometry": {
        "type": "LineString",
        "coordinates": [
          [
            117.1222065,
            39.0858961
          ],
          [
            117.1243789,
            39.0869586
          ]
        ]
      },
      "type": "Feature",
      "properties": {
        "name": "\u8fce\u6c34\u9053",
        "type": "secondary",
        "slope": 57.784277233834075,
        "sun_diff": 2.2183795581723302,
        "length": 221.68534749411873
      }
    },
    {
      "geometry": {
        "type": "LineString",
        "coordinates": [
          [
            117.1245788,
            39.0868684
          ],
          [
            117.1232123,
            39.0862053
          ]
        ]
      },
      "type": "Feature",
      "properties": {
        "name": null,
        "type": "service",
        "slope": 57.98769517429099,
        "sun_diff": 2.0149616177154144,
        "length": 139.1361277869544
      }
    },
    {
      "geometry": {
        "type": "LineString",
        "coordinates": [
          [
            117.1222082,
            39.0857161
          ],
          [
            117.1211225,
            39.0851738
          ]
        ]
      },
      "type": "Feature",
      "properties": {
        "name": null,
        "type": "service",
        "slope": 57.238585869486144,
        "sun_diff": 2.7640709225202613,
        "length": 111.46755150164142
      }
    },
    {
      "geometry": {
        "type": "LineString",
        "coordinates": [
          [
            117.1182877,
            39.0839389
          ],
          [
            117.1196454,
            39.0845943
          ]
        ]
      },
      "type": "Feature",
      "properties": {
        "name": "\u8fce\u6c34\u9053\u8f85\u8def",
        "type": "unclassified",
        "slope": 58.12254907961187,
        "sun_diff": 1.8801077123945333,
        "length": 138.04147021525307
      }
    },
    {
      "geometry": {
        "type": "LineString",
        "coordinates": [
          [
            117.1197776,
            39.0846604
          ],
          [
            117.1222111,
            39.0858199
          ]
        ]
      },
      "type": "Feature",
      "properties": {
        "name": "\u8fce\u6c34\u9053\u8f85\u8def",
        "type": "unclassified",
        "slope": 58.4561919659219,
        "sun_diff": 1.5464648260845024,
        "length": 246.52906188018162
      }
    },
    {
      "geometry": {
        "type": "LineString",
        "coordinates": [
          [
            117.1231496,
            39.086278
          ],
          [
            117.1246454,
            39.0870134
          ]
        ]
      },
      "type": "Feature",
      "properties": {
        "name": "\u8fce\u6c34\u9053\u8f85\u8def",
        "type": "unclassified",
        "slope": 57.64956998584344,
        "sun_diff": 2.3530868061629633,
        "length": 152.8673469919216
      }
    },
    {
      "geometry": {
        "type": "LineString",
        "coordinates": [
          [
            117.1250472,
            39.087287
          ],
          [
            117.1262666,
            39.0878791
          ]
        ]
      },
      "type": "Feature",
      "properties": {
        "name": "\u8fce\u6c34\u9053",
        "type": "secondary",
        "slope": 57.97050826516363,
        "sun_diff": 2.032148526842775,
        "length": 124.17964384634212
      }
    },
    {
      "geometry": {
        "type": "LineString",
        "coordinates": [
          [
            117.2854327,
            39.0012214
          ],
          [
            117.2866863,
            39.0017643
          ]
        ]
      },
      "type": "Feature",
      "properties": {
        "name": "\u666f\u84ec\u9053",
        "type": "secondary",
        "slope": 60.87019527093099,
        "sun_diff": 0.8225411926725315,
        "length": 124.0511776196208
      }
    },
    {
      "geometry": {
        "type": "LineString",
        "coordinates": [
          [
            117.2607119,
            39.023481
          ],
          [
            117.2622139,
            39.0227475
          ]
        ]
      },
      "type": "Feature",
      "properties": {
        "name": null,
        "type": "residential",
        "slope": 122.15304628471353,
        "sun_diff": 2.202356911216796,
        "length": 153.30597519190428
      }
    },
    {
      "geometry": {
        "type": "LineString",
        "coordinates": [
          [
            117.2586159,
            39.0113077
          ],
          [
            117.2604618,
            39.0105462
          ]
        ]
      },
      "type": "Feature",
      "properties": {
        "name": "\u6cfd\u6e56\u8def",
        "type": "primary",
        "slope": 117.964442486174,
        "sun_diff": 1.9862468873227357,
        "length": 180.62894879207843
      }
    },
    {
      "geometry": {
        "type": "LineString",
        "coordinates": [
          [
            117.2604618,
            39.0105462
          ],
          [
            117.2620893,
            39.0098934
          ]
        ]
      },
      "type": "Feature",
      "properties": {
        "name": "\u6cfd\u6e56\u8def",
        "type": "primary",
        "slope": 117.30274480597777,
        "sun_diff": 2.6479445675189623,
        "length": 158.29914392396816
      }
    },
    {
      "geometry": {
        "type": "LineString",
        "coordinates": [
          [
            117.2192478,
            39.041908
          ],
          [
            117.2203933,
            39.0423624
          ]
        ]
      },
      "type": "Feature",
      "properties": {
        "name": null,
        "type": "residential",
        "slope": 62.944728776775406,
        "sun_diff": 2.8970746985169455,
        "length": 111.1201190138292
      }
    },
    {
      "geometry": {
        "type": "LineString",
        "coordinates": [
          [
            117.28652,
            39.0018643
          ],
          [
            117.2853289,
            39.001344
          ]
        ]
      },
      "type": "Feature",
      "properties": {
        "name": "\u666f\u84ec\u9053",
        "type": "secondary",
        "slope": 60.65979042028991,
        "sun_diff": 0.6121363420314481,
        "length": 118.1089571101595
      }
    },
    {
      "geometry": {
        "type": "LineString",
        "coordinates": [
          [
            117.2544745,
            39.0129968
          ],
          [
            117.2580373,
            39.0115374
          ]
        ]
      },
      "type": "Feature",
      "properties": {
        "name": "\u68a8\u53cc\u8def",
        "type": "primary",
        "slope": 117.79687751834908,
        "sun_diff": 2.1538118551476515,
        "length": 348.0894921587374
      }
    },
    {
      "geometry": {
        "type": "LineString",
        "coordinates": [
          [
            117.3334053,
            39.0621486
          ],
          [
            117.3313668,
            39.062965
          ]
        ]
      },
      "type": "Feature",
      "properties": {
        "name": null,
        "type": "residential",
        "slope": 117.28442918004882,
        "sun_diff": 2.7112438193216235,
        "length": 198.0952375365763
      }
    },
    {
      "geometry": {
        "type": "LineString",
        "coordinates": [
          [
            117.3164241,
            38.9541303
          ],
          [
            117.3152545,
            38.9546903
          ]
        ]
      },
      "type": "Feature",
      "properties": {
        "name": "\u6d25\u6e2f\u516c\u8def",
        "type": "primary",
        "slope": 121.62066781894802,
        "sun_diff": 1.6699784454512923,
        "length": 118.80546224764002
      }
    },
    {
      "geometry": {
        "type": "LineString",
        "coordinates": [
          [
            117.3152545,
            38.9546903
          ],
          [
            117.3142117,
            38.9551614
          ]
        ]
      },
      "type": "Feature",
      "properties": {
        "name": "\u6d25\u6e2f\u516c\u8def",
        "type": "primary",
        "slope": 120.15420120618612,
        "sun_diff": 0.20351183268938655,
        "length": 104.3151226511313
      }
    },
    {
      "geometry": {
        "type": "LineString",
        "coordinates": [
          [
            117.2671225,
            38.9591756
          ],
          [
            117.2719022,
            38.9567687
          ]
        ]
      },
      "type": "Feature",
      "properties": {
        "name": null,
        "type": "residential",
        "slope": 122.92605979265588,
        "sun_diff": 2.975370419159148,
        "length": 492.5265209891578
      }
    },
    {
      "geometry": {
        "type": "LineString",
        "coordinates": [
          [
            117.259261,
            39.11258
          ],
          [
            117.2582668,
            39.1130575
          ]
        ]
      },
      "type": "Feature",
      "properties": {
        "name": null,
        "type": "tertiary",
        "slope": 121.75760961024756,
        "sun_diff": 1.7619366108771146,
        "length": 100.91139145205315
      }
    },
    {
      "geometry": {
        "type": "LineString",
        "coordinates": [
          [
            117.285552,
            39.1533404
          ],
          [
            117.2887095,
            39.1546755
          ]
        ]
      },
      "type": "Feature",
      "properties": {
        "name": null,
        "type": "residential",
        "slope": 61.39723157195817,
        "sun_diff": 1.4398179530139146,
        "length": 310.2013841709187
      }
    },
    {
      "geometry": {
        "type": "LineString",
        "coordinates": [
          [
            117.2836128,
            39.1559715
          ],
          [
            117.2787097,
            39.1581428
          ]
        ]
      },
      "type": "Feature",
      "properties": {
        "name": "\u535a\u5c71\u9053",
        "type": "residential",
        "slope": 119.7311284156458,
        "sun_diff": 0.3097877567868039,
        "length": 486.99593732438376
      }
    },
    {
      "geometry": {
        "type": "LineString",
        "coordinates": [
          [
            117.2774201,
            39.1585047
          ],
          [
            117.2733861,
            39.160285
          ]
        ]
      },
      "type": "Feature",
      "properties": {
        "name": "\u535a\u5c71\u9053",
        "type": "residential",
        "slope": 119.64719735018684,
        "sun_diff": 0.39371882224575927,
        "length": 400.32585487730256
      }
    },
    {
      "geometry": {
        "type": "LineString",
        "coordinates": [
          [
            117.2733861,
            39.160285
          ],
          [
            117.2709721,
            39.1614829
          ]
        ]
      },
      "type": "Feature",
      "properties": {
        "name": "\u535a\u5c71\u9053",
        "type": "residential",
        "slope": 122.61893053068113,
        "sun_diff": 2.5780143582485238,
        "length": 247.1816046726019
      }
    },
    {
      "geometry": {
        "type": "LineString",
        "coordinates": [
          [
            117.3049941,
            39.1625969
          ],
          [
            117.3060357,
            39.162108
          ]
        ]
      },
      "type": "Feature",
      "properties": {
        "name": null,
        "type": "tertiary",
        "slope": 121.1890740749325,
        "sun_diff": 1.1481579024999036,
        "length": 105.00853307185021
      }
    },
    {
      "geometry": {
        "type": "LineString",
        "coordinates": [
          [
            117.1853794,
            39.0351195
          ],
          [
            117.1875512,
            39.0341903
          ]
        ]
      },
      "type": "Feature",
      "properties": {
        "name": null,
        "type": "residential",
        "slope": 118.84613125311708,
        "sun_diff": 1.1045581203796502,
        "length": 214.22385079754798
      }
    },
    {
      "geometry": {
        "type": "LineString",
        "coordinates": [
          [
            117.1861089,
            39.0323694
          ],
          [
            117.1878859,
            39.0316533
          ]
        ]
      },
      "type": "Feature",
      "properties": {
        "name": null,
        "type": "residential",
        "slope": 117.41910242757066,
        "sun_diff": 2.5315869459260654,
        "length": 172.96872857150814
      }
    },
    {
      "geometry": {
        "type": "LineString",
        "coordinates": [
          [
            117.1869136,
            39.0332361
          ],
          [
            117.1843564,
            39.0342628
          ]
        ]
      },
      "type": "Feature",
      "properties": {
        "name": null,
        "type": "residential",
        "slope": 117.33337561062132,
        "sun_diff": 2.617313762875412,
        "length": 248.71190081643994
      }
    },
    {
      "geometry": {
        "type": "LineString",
        "coordinates": [
          [
            117.2676143,
            39.0237365
          ],
          [
            117.2694047,
            39.0244644
          ]
        ]
      },
      "type": "Feature",
      "properties": {
        "name": null,
        "type": "residential",
        "slope": 62.37593216588073,
        "sun_diff": 2.328278087622266,
        "length": 174.6173516484731
      }
    },
    {
      "geometry": {
        "type": "LineString",
        "coordinates": [
          [
            117.2686979,
            39.0283207
          ],
          [
            117.26976,
            39.0287624
          ]
        ]
      },
      "type": "Feature",
      "properties": {
        "name": null,
        "type": "residential",
        "slope": 61.837727514227794,
        "sun_diff": 1.790073435969333,
        "length": 104.09623513495366
      }
    },
    {
      "geometry": {
        "type": "LineString",
        "coordinates": [
          [
            117.347052,
            38.9338432
          ],
          [
            117.3408828,
            38.9367521
          ]
        ]
      },
      "type": "Feature",
      "properties": {
        "name": null,
        "type": "residential",
        "slope": 121.22387126549211,
        "sun_diff": 1.317919631058956,
        "length": 624.1738337476917
      }
    },
    {
      "geometry": {
        "type": "LineString",
        "coordinates": [
          [
            117.2699514,
            39.0260309
          ],
          [
            117.268494,
            39.0254285
          ]
        ]
      },
      "type": "Feature",
      "properties": {
        "name": null,
        "type": "service",
        "slope": 61.98438996326601,
        "sun_diff": 1.9367358850075505,
        "length": 142.65042104032722
      }
    },
    {
      "geometry": {
        "type": "LineString",
        "coordinates": [
          [
            117.248449,
            39.025109
          ],
          [
            117.249825,
            39.0257685
          ]
        ]
      },
      "type": "Feature",
      "properties": {
        "name": null,
        "type": "service",
        "slope": 58.32736862042452,
        "sun_diff": 1.7202854578339384,
        "length": 139.7089835187287
      }
    },
    {
      "geometry": {
        "type": "LineString",
        "coordinates": [
          [
            117.2465151,
            39.025061
          ],
          [
            117.2478622,
            39.0257132
          ]
        ]
      },
      "type": "Feature",
      "properties": {
        "name": null,
        "type": "service",
        "slope": 58.06831707115782,
        "sun_diff": 1.9793370071006393,
        "length": 137.15878358544725
      }
    },
    {
      "geometry": {
        "type": "LineString",
        "coordinates": [
          [
            117.2478705,
            39.0233334
          ],
          [
            117.2493031,
            39.0240309
          ]
        ]
      },
      "type": "Feature",
      "properties": {
        "name": null,
        "type": "service",
        "slope": 57.92435817402341,
        "sun_diff": 2.12329590423505,
        "length": 146.09693821618237
      }
    },
    {
      "geometry": {
        "type": "LineString",
        "coordinates": [
          [
            117.1812863,
            39.0290606
          ],
          [
            117.1823831,
            39.0285982
          ]
        ]
      },
      "type": "Feature",
      "properties": {
        "name": null,
        "type": "tertiary",
        "slope": 118.48888271961545,
        "sun_diff": 1.4618066538812826,
        "length": 107.82770205957769
      }
    },
    {
      "geometry": {
        "type": "LineString",
        "coordinates": [
          [
            117.2455747,
            39.0218989
          ],
          [
            117.2466332,
            39.0224145
          ]
        ]
      },
      "type": "Feature",
      "properties": {
        "name": null,
        "type": "service",
        "slope": 57.91290856125988,
        "sun_diff": 2.134745516998578,
        "length": 107.962009628865
      }
    },
    {
      "geometry": {
        "type": "LineString",
        "coordinates": [
          [
            117.1601146,
            38.9895302
          ],
          [
            117.1611681,
            38.9890205
          ]
        ]
      },
      "type": "Feature",
      "properties": {
        "name": null,
        "type": "service",
        "slope": 121.90053336373089,
        "sun_diff": 1.9498439902341573,
        "length": 107.28375911280182
      }
    },
    {
      "geometry": {
        "type": "LineString",
        "coordinates": [
          [
            117.1839494,
            38.9586698
          ],
          [
            117.1851879,
            38.9592017
          ]
        ]
      },
      "type": "Feature",
      "properties": {
        "name": null,
        "type": "service",
        "slope": 61.08778896470716,
        "sun_diff": 1.0401348864486977,
        "length": 122.37252877000637
      }
    },
    {
      "geometry": {
        "type": "LineString",
        "coordinates": [
          [
            117.1852543,
            38.9592382
          ],
          [
            117.1869629,
            38.9599629
          ]
        ]
      },
      "type": "Feature",
      "properties": {
        "name": null,
        "type": "service",
        "slope": 61.38892332770985,
        "sun_diff": 1.3412692494513863,
        "length": 168.3337741874784
      }
    },
    {
      "geometry": {
        "type": "LineString",
        "coordinates": [
          [
            117.1882177,
            38.9533694
          ],
          [
            117.1892972,
            38.9538877
          ]
        ]
      },
      "type": "Feature",
      "properties": {
        "name": null,
        "type": "service",
        "slope": 58.308432555799214,
        "sun_diff": 1.7392215224592462,
        "length": 109.73820755044787
      }
    },
    {
      "geometry": {
        "type": "LineString",
        "coordinates": [
          [
            117.196281,
            38.9607581
          ],
          [
            117.1895769,
            38.9575274
          ]
        ]
      },
      "type": "Feature",
      "properties": {
        "name": null,
        "type": "service",
        "slope": 58.21282224873681,
        "sun_diff": 1.8348318295216473,
        "length": 682.171185852306
      }
    },
    {
      "geometry": {
        "type": "LineString",
        "coordinates": [
          [
            117.1844599,
            38.9586818
          ],
          [
            117.1868658,
            38.9597017
          ]
        ]
      },
      "type": "Feature",
      "properties": {
        "name": null,
        "type": "unclassified",
        "slope": 61.40220099034039,
        "sun_diff": 1.3545469120819291,
        "length": 237.00409355801244
      }
    },
    {
      "geometry": {
        "type": "LineString",
        "coordinates": [
          [
            117.1871904,
            38.9598811
          ],
          [
            117.1885824,
            38.9605652
          ]
        ]
      },
      "type": "Feature",
      "properties": {
        "name": null,
        "type": "unclassified",
        "slope": 57.705993395212516,
        "sun_diff": 2.3416606830459443,
        "length": 142.42509622443902
      }
    },
    {
      "geometry": {
        "type": "LineString",
        "coordinates": [
          [
            117.2544672,
            39.097587
          ],
          [
            117.255693,
            39.0970374
          ]
        ]
      },
      "type": "Feature",
      "properties": {
        "name": null,
        "type": "tertiary",
        "slope": 120.01610051991645,
        "sun_diff": 0.020427520546007827,
        "length": 122.2040012956882
      }
    },
    {
      "geometry": {
        "type": "LineString",
        "coordinates": [
          [
            117.255693,
            39.0970374
          ],
          [
            117.2569778,
            39.0964191
          ]
        ]
      },
      "type": "Feature",
      "properties": {
        "name": null,
        "type": "tertiary",
        "slope": 121.8025926572698,
        "sun_diff": 1.806919657899357,
        "length": 130.5008312939254
      }
    },
    {
      "geometry": {
        "type": "LineString",
        "coordinates": [
          [
            117.2576229,
            39.0960994
          ],
          [
            117.2590359,
            39.095399
          ]
        ]
      },
      "type": "Feature",
      "properties": {
        "name": null,
        "type": "tertiary",
        "slope": 122.56583397967765,
        "sun_diff": 2.5701609803072074,
        "length": 144.7328339783419
      }
    },
    {
      "geometry": {
        "type": "LineString",
        "coordinates": [
          [
            117.2590359,
            39.095399
          ],
          [
            117.2603613,
            39.0947633
          ]
        ]
      },
      "type": "Feature",
      "properties": {
        "name": null,
        "type": "tertiary",
        "slope": 121.7158777618661,
        "sun_diff": 1.720204762495655,
        "length": 134.50176543855696
      }
    },
    {
      "geometry": {
        "type": "LineString",
        "coordinates": [
          [
            117.2542913,
            39.1739484
          ],
          [
            117.2555318,
            39.1734213
          ]
        ]
      },
      "type": "Feature",
      "properties": {
        "name": null,
        "type": "unclassified",
        "slope": 118.72723752263366,
        "sun_diff": 1.3136786497989448,
        "length": 121.98115907667942
      }
    },
    {
      "geometry": {
        "type": "LineString",
        "coordinates": [
          [
            117.2592232,
            39.1460086
          ],
          [
            117.2602478,
            39.1465026
          ]
        ]
      },
      "type": "Feature",
      "properties": {
        "name": null,
        "type": "service",
        "slope": 58.131331634510616,
        "sun_diff": 1.8713251574957894,
        "length": 104.0726935057344
      }
    },
    {
      "geometry": {
        "type": "LineString",
        "coordinates": [
          [
            117.2593425,
            39.1455041
          ],
          [
            117.2603363,
            39.1459836
          ]
        ]
      },
      "type": "Feature",
      "properties": {
        "name": null,
        "type": "service",
        "slope": 58.11276466495099,
        "sun_diff": 1.8898921270554183,
        "length": 100.9652976566133
      }
    },
    {
      "geometry": {
        "type": "LineString",
        "coordinates": [
          [
            117.3480405,
            39.1570388
          ],
          [
            117.3497196,
            39.1562796
          ]
        ]
      },
      "type": "Feature",
      "properties": {
        "name": "\u8fdc\u665f\u9053",
        "type": "tertiary",
        "slope": 120.24622790718706,
        "sun_diff": 0.20531173475445996,
        "length": 167.64439516365505
      }
    },
    {
      "geometry": {
        "type": "LineString",
        "coordinates": [
          [
            117.3497625,
            39.1563483
          ],
          [
            117.3475671,
            39.1573566
          ]
        ]
      },
      "type": "Feature",
      "properties": {
        "name": "\u8fdc\u665f\u9053",
        "type": "tertiary",
        "slope": 120.6382798825181,
        "sun_diff": 0.5973637100855029,
        "length": 220.07463225895947
      }
    },
    {
      "geometry": {
        "type": "LineString",
        "coordinates": [
          [
            117.2988264,
            38.9956888
          ],
          [
            117.300591,
            38.9948249
          ]
        ]
      },
      "type": "Feature",
      "properties": {
        "name": "\u4eb2\u6c11\u897f\u9053",
        "type": "unclassified",
        "slope": 122.20749428651325,
        "sun_diff": 2.2568049130165235,
        "length": 180.2877769845344
      }
    },
    {
      "geometry": {
        "type": "LineString",
        "coordinates": [
          [
            117.3251197,
            39.2249084
          ],
          [
            117.3235103,
            39.225671
          ]
        ]
      },
      "type": "Feature",
      "properties": {
        "name": null,
        "type": "residential",
        "slope": 121.45309784096926,
        "sun_diff": 1.412181668536661,
        "length": 162.56063191256334
      }
    },
    {
      "geometry": {
        "type": "LineString",
        "coordinates": [
          [
            117.3080957,
            39.2167171
          ],
          [
            117.3095199,
            39.2161311
          ]
        ]
      },
      "type": "Feature",
      "properties": {
        "name": null,
        "type": "unclassified",
        "slope": 117.9716503987118,
        "sun_diff": 2.069265773720801,
        "length": 138.9672876487126
      }
    },
    {
      "geometry": {
        "type": "LineString",
        "coordinates": [
          [
            117.3095199,
            39.2161311
          ],
          [
            117.3106813,
            39.2156386
          ]
        ]
      },
      "type": "Feature",
      "properties": {
        "name": null,
        "type": "unclassified",
        "slope": 118.69328109013986,
        "sun_diff": 1.34763508229274,
        "length": 114.09746045974758
      }
    },
    {
      "geometry": {
        "type": "LineString",
        "coordinates": [
          [
            117.3122142,
            39.2151056
          ],
          [
            117.3144418,
            39.2141756
          ]
        ]
      },
      "type": "Feature",
      "properties": {
        "name": null,
        "type": "unclassified",
        "slope": 118.31772719219393,
        "sun_diff": 1.7231889802386746,
        "length": 218.06872891800924
      }
    },
    {
      "geometry": {
        "type": "LineString",
        "coordinates": [
          [
            117.3156059,
            38.9533017
          ],
          [
            117.3138188,
            38.9540528
          ]
        ]
      },
      "type": "Feature",
      "properties": {
        "name": "\u81f4\u8fd0\u8def",
        "type": "tertiary",
        "slope": 118.38950111076193,
        "sun_diff": 1.5611882627348024,
        "length": 175.71307943167974
      }
    },
    {
      "geometry": {
        "type": "LineString",
        "coordinates": [
          [
            117.3413269,
            38.9315611
          ],
          [
            117.3394484,
            38.9324428
          ]
        ]
      },
      "type": "Feature",
      "properties": {
        "name": "\u4e30\u6cfd\u9053",
        "type": "tertiary",
        "slope": 121.10605580274148,
        "sun_diff": 1.2001041683083287,
        "length": 189.83210901358876
      }
    },
    {
      "geometry": {
        "type": "LineString",
        "coordinates": [
          [
            117.3394484,
            38.9324428
          ],
          [
            117.3380229,
            38.9331123
          ]
        ]
      },
      "type": "Feature",
      "properties": {
        "name": "\u4e30\u6cfd\u9053",
        "type": "tertiary",
        "slope": 121.12227088886337,
        "sun_diff": 1.2163192544302177,
        "length": 144.07721435452757
      }
    },
    {
      "geometry": {
        "type": "LineString",
        "coordinates": [
          [
            117.347358,
            38.9590854
          ],
          [
            117.3421678,
            38.9615466
          ]
        ]
      },
      "type": "Feature",
      "properties": {
        "name": null,
        "type": "residential",
        "slope": 121.37700458130294,
        "sun_diff": 1.426315207806212,
        "length": 525.7915717873065
      }
    },
    {
      "geometry": {
        "type": "LineString",
        "coordinates": [
          [
            117.3421678,
            38.9615466
          ],
          [
            117.3398316,
            38.9626582
          ]
        ]
      },
      "type": "Feature",
      "properties": {
        "name": null,
        "type": "residential",
        "slope": 121.46401538520885,
        "sun_diff": 1.5133260117121239,
        "length": 236.88230304131056
      }
    },
    {
      "geometry": {
        "type": "LineString",
        "coordinates": [
          [
            117.3398316,
            38.9626582
          ],
          [
            117.3374647,
            38.9637833
          ]
        ]
      },
      "type": "Feature",
      "properties": {
        "name": null,
        "type": "residential",
        "slope": 121.43932745703168,
        "sun_diff": 1.4886380835349513,
        "length": 239.92813837137314
      }
    },
    {
      "geometry": {
        "type": "LineString",
        "coordinates": [
          [
            117.0700443,
            39.0031351
          ],
          [
            117.0727265,
            39.0019074
          ]
        ]
      },
      "type": "Feature",
      "properties": {
        "name": null,
        "type": "unclassified",
        "slope": 120.49779184289969,
        "sun_diff": 0.547102469402958,
        "length": 269.07310211115174
      }
    },
    {
      "geometry": {
        "type": "LineString",
        "coordinates": [
          [
            117.0670563,
            39.0044941
          ],
          [
            117.0692047,
            39.0035103
          ]
        ]
      },
      "type": "Feature",
      "properties": {
        "name": null,
        "type": "unclassified",
        "slope": 120.50935538940158,
        "sun_diff": 0.5586660159048478,
        "length": 215.54434093564876
      }
    },
    {
      "geometry": {
        "type": "LineString",
        "coordinates": [
          [
            117.164691,
            38.9517289
          ],
          [
            117.1660473,
            38.9523662
          ]
        ]
      },
      "type": "Feature",
      "properties": {
        "name": null,
        "type": "residential",
        "slope": 58.858886200805046,
        "sun_diff": 1.1887678774534152,
        "length": 137.07305669055177
      }
    },
    {
      "geometry": {
        "type": "LineString",
        "coordinates": [
          [
            117.161854,
            38.9553341
          ],
          [
            117.1636142,
            38.9561733
          ]
        ]
      },
      "type": "Feature",
      "properties": {
        "name": null,
        "type": "residential",
        "slope": 58.48749442164424,
        "sun_diff": 1.5601596566142177,
        "length": 178.5866053219673
      }
    },
    {
      "geometry": {
        "type": "LineString",
        "coordinates": [
          [
            117.1571038,
            38.955898
          ],
          [
            117.1581874,
            38.9563881
          ]
        ]
      },
      "type": "Feature",
      "properties": {
        "name": null,
        "type": "residential",
        "slope": 59.816500091285434,
        "sun_diff": 0.2311539869730268,
        "length": 108.42685586169516
      }
    },
    {
      "geometry": {
        "type": "LineString",
        "coordinates": [
          [
            117.2736433,
            39.0730849
          ],
          [
            117.2725409,
            39.0735383
          ]
        ]
      },
      "type": "Feature",
      "properties": {
        "name": "\u56fd\u76db\u9053",
        "type": "tertiary",
        "slope": 117.91353696736132,
        "sun_diff": 2.0821360320091173,
        "length": 107.72820802105586
      }
    },
    {
      "geometry": {
        "type": "LineString",
        "coordinates": [
          [
            117.2741792,
            39.0686466
          ],
          [
            117.2767258,
            39.0674368
          ]
        ]
      },
      "type": "Feature",
      "properties": {
        "name": null,
        "type": "residential",
        "slope": 121.4615373095371,
        "sun_diff": 1.4658643101666655,
        "length": 257.8238971097846
      }
    },
    {
      "geometry": {
        "type": "LineString",
        "coordinates": [
          [
            117.2408634,
            39.2041915
          ],
          [
            117.2418612,
            39.2046903
          ]
        ]
      },
      "type": "Feature",
      "properties": {
        "name": "\u6e29\u5bb6\u623f\u5b50\u8def",
        "type": "unclassified",
        "slope": 57.17307804059257,
        "sun_diff": 2.784335578351687,
        "length": 102.3450678743497
      }
    },
    {
      "geometry": {
        "type": "LineString",
        "coordinates": [
          [
            117.2524828,
            39.2101065
          ],
          [
            117.2567689,
            39.2118481
          ]
        ]
      },
      "type": "Feature",
      "properties": {
        "name": "\u6e29\u5bb6\u623f\u5b50\u8def",
        "type": "unclassified",
        "slope": 62.32606710814164,
        "sun_diff": 2.368653489197385,
        "length": 417.10469143521084
      }
    },
    {
      "geometry": {
        "type": "LineString",
        "coordinates": [
          [
            117.3087233,
            39.167406
          ],
          [
            117.3102844,
            39.1681068
          ]
        ]
      },
      "type": "Feature",
      "properties": {
        "name": null,
        "type": "residential",
        "slope": 59.928176965459386,
        "sun_diff": 0.029236653484872477,
        "length": 155.56267907586954
      }
    },
    {
      "geometry": {
        "type": "LineString",
        "coordinates": [
          [
            117.3102844,
            39.1681068
          ],
          [
            117.3135268,
            39.1696071
          ]
        ]
      },
      "type": "Feature",
      "properties": {
        "name": null,
        "type": "residential",
        "slope": 59.16983526401697,
        "sun_diff": 0.787578354927291,
        "length": 325.6215704182782
      }
    },
    {
      "geometry": {
        "type": "LineString",
        "coordinates": [
          [
            117.3152223,
            39.1621196
          ],
          [
            117.3137712,
            39.1615394
          ]
        ]
      },
      "type": "Feature",
      "properties": {
        "name": null,
        "type": "residential",
        "slope": 62.72118256450446,
        "sun_diff": 2.7637689455602015,
        "length": 140.80816612443292
      }
    },
    {
      "geometry": {
        "type": "LineString",
        "coordinates": [
          [
            117.3137712,
            39.1615394
          ],
          [
            117.3126608,
            39.1610923
          ]
        ]
      },
      "type": "Feature",
      "properties": {
        "name": null,
        "type": "residential",
        "slope": 62.55736690738149,
        "sun_diff": 2.5999532884372343,
        "length": 107.90848596106983
      }
    },
    {
      "geometry": {
        "type": "LineString",
        "coordinates": [
          [
            117.0884027,
            38.9820746
          ],
          [
            117.0830231,
            38.9845188
          ]
        ]
      },
      "type": "Feature",
      "properties": {
        "name": null,
        "type": "unclassified",
        "slope": 120.30655296013344,
        "sun_diff": 0.35586358663671547,
        "length": 538.7579282538787
      }
    },
    {
      "geometry": {
        "type": "LineString",
        "coordinates": [
          [
            117.0830231,
            38.9845188
          ],
          [
            117.0782603,
            38.9865885
          ]
        ]
      },
      "type": "Feature",
      "properties": {
        "name": null,
        "type": "unclassified",
        "slope": 119.2079073113868,
        "sun_diff": 0.7427820621099244,
        "length": 471.7711601940524
      }
    },
    {
      "geometry": {
        "type": "LineString",
        "coordinates": [
          [
            117.0782603,
            38.9865885
          ],
          [
            117.0719618,
            38.9893935
          ]
        ]
      },
      "type": "Feature",
      "properties": {
        "name": null,
        "type": "unclassified",
        "slope": 119.81119643274306,
        "sun_diff": 0.13949294075366936,
        "length": 627.5940854854967
      }
    },
    {
      "geometry": {
        "type": "LineString",
        "coordinates": [
          [
            117.0719618,
            38.9893935
          ],
          [
            117.0689382,
            38.9907545
          ]
        ]
      },
      "type": "Feature",
      "properties": {
        "name": null,
        "type": "unclassified",
        "slope": 120.07632731784139,
        "sun_diff": 0.12563794434466047,
        "length": 302.0730586251426
      }
    },
    {
      "geometry": {
        "type": "LineString",
        "coordinates": [
          [
            117.1290873,
            39.0890862
          ],
          [
            117.1300956,
            39.089572
          ]
        ]
      },
      "type": "Feature",
      "properties": {
        "name": "\u534e\u9526\u8def",
        "type": "tertiary",
        "slope": 58.1701108789498,
        "sun_diff": 1.832545913056606,
        "length": 102.45673376744504
      }
    },
    {
      "geometry": {
        "type": "LineString",
        "coordinates": [
          [
            117.2586973,
            39.1113509
          ],
          [
            117.2631292,
            39.1093257
          ]
        ]
      },
      "type": "Feature",
      "properties": {
        "name": null,
        "type": "residential",
        "slope": 120.49418731806333,
        "sun_diff": 0.49851431869288376,
        "length": 443.9054773631129
      }
    },
    {
      "geometry": {
        "type": "LineString",
        "coordinates": [
          [
            117.2022187,
            39.1412446
          ],
          [
            117.2042613,
            39.1421406
          ]
        ]
      },
      "type": "Feature",
      "properties": {
        "name": null,
        "type": "secondary",
        "slope": 60.508213618285026,
        "sun_diff": 0.505556826278621,
        "length": 202.44293513893496
      }
    },
    {
      "geometry": {
        "type": "LineString",
        "coordinates": [
          [
            117.1762731,
            39.1856689
          ],
          [
            117.17454,
            39.184957
          ]
        ]
      },
      "type": "Feature",
      "properties": {
        "name": null,
        "type": "tertiary",
        "slope": 62.078815572414356,
        "sun_diff": 2.121401953470098,
        "length": 169.1043215826404
      }
    },
    {
      "geometry": {
        "type": "LineString",
        "coordinates": [
          [
            117.1738935,
            39.184667
          ],
          [
            117.1720994,
            39.1839324
          ]
        ]
      },
      "type": "Feature",
      "properties": {
        "name": null,
        "type": "tertiary",
        "slope": 62.15502513812581,
        "sun_diff": 2.1976115191815495,
        "length": 174.9356679740093
      }
    },
    {
      "geometry": {
        "type": "LineString",
        "coordinates": [
          [
            117.3382437,
            39.0296191
          ],
          [
            117.3393381,
            39.0291482
          ]
        ]
      },
      "type": "Feature",
      "properties": {
        "name": "\u6c38\u7ea2\u9053",
        "type": "tertiary",
        "slope": 118.98193734007125,
        "sun_diff": 0.9687520334254742,
        "length": 108.09975982643064
      }
    },
    {
      "geometry": {
        "type": "LineString",
        "coordinates": [
          [
            117.3328212,
            39.0234973
          ],
          [
            117.3315014,
            39.0240559
          ]
        ]
      },
      "type": "Feature",
      "properties": {
        "name": "\u5409\u6cf0\u9053",
        "type": "tertiary",
        "slope": 118.5815945787106,
        "sun_diff": 1.369094794786136,
        "length": 129.87437733716973
      }
    },
    {
      "geometry": {
        "type": "LineString",
        "coordinates": [
          [
            117.3305972,
            39.0244416
          ],
          [
            117.3295353,
            39.0248861
          ]
        ]
      },
      "type": "Feature",
      "properties": {
        "name": "\u5409\u6cf0\u9053",
        "type": "tertiary",
        "slope": 118.31638126030109,
        "sun_diff": 1.6343081131956438,
        "length": 104.23280607456489
      }
    },
    {
      "geometry": {
        "type": "LineString",
        "coordinates": [
          [
            117.2058407,
            39.1201014
          ],
          [
            117.2070489,
            39.1205807
          ]
        ]
      },
      "type": "Feature",
      "properties": {
        "name": null,
        "type": "residential",
        "slope": 62.91763170513295,
        "sun_diff": 2.9149749131265423,
        "length": 117.10082551624706
      }
    },
    {
      "geometry": {
        "type": "LineString",
        "coordinates": [
          [
            117.2765128,
            39.0681366
          ],
          [
            117.2746238,
            39.0690018
          ]
        ]
      },
      "type": "Feature",
      "properties": {
        "name": "\u5927\u6cbd\u5357\u8def",
        "type": "trunk",
        "slope": 120.53794924674546,
        "sun_diff": 0.542276247375014,
        "length": 189.40129021630014
      }
    },
    {
      "geometry": {
        "type": "LineString",
        "coordinates": [
          [
            117.2188837,
            39.1669236
          ],
          [
            117.2200374,
            39.1663756
          ]
        ]
      },
      "type": "Feature",
      "properties": {
        "name": "\u80b2\u7ea2\u8def\u8f85\u8def",
        "type": "secondary",
        "slope": 121.49353608275106,
        "sun_diff": 1.452619910318461,
        "length": 116.67974635770273
      }
    },
    {
      "geometry": {
        "type": "LineString",
        "coordinates": [
          [
            117.2068198,
            39.1725545
          ],
          [
            117.2098165,
            39.1711636
          ]
        ]
      },
      "type": "Feature",
      "properties": {
        "name": "\u80b2\u7ea2\u8def\u8f85\u8def",
        "type": "secondary",
        "slope": 120.90864383852212,
        "sun_diff": 0.8677276660895217,
        "length": 301.18215756810474
      }
    },
    {
      "geometry": {
        "type": "LineString",
        "coordinates": [
          [
            117.2100315,
            39.1710605
          ],
          [
            117.214675,
            39.1689272
          ]
        ]
      },
      "type": "Feature",
      "properties": {
        "name": "\u80b2\u7ea2\u8def\u8f85\u8def",
        "type": "secondary",
        "slope": 120.64995544028832,
        "sun_diff": 0.6090392678557208,
        "length": 465.45273968314683
      }
    },
    {
      "geometry": {
        "type": "LineString",
        "coordinates": [
          [
            117.2178718,
            39.1675824
          ],
          [
            117.2189711,
            39.167092
          ]
        ]
      },
      "type": "Feature",
      "properties": {
        "name": "\u80b2\u7ea2\u8def",
        "type": "trunk",
        "slope": 119.91557876625589,
        "sun_diff": 0.12533740617671185,
        "length": 109.37317947608096
      }
    },
    {
      "geometry": {
        "type": "LineString",
        "coordinates": [
          [
            117.2099327,
            39.1712047
          ],
          [
            117.214689,
            39.1690231
          ]
        ]
      },
      "type": "Feature",
      "properties": {
        "name": "\u80b2\u7ea2\u8def",
        "type": "trunk",
        "slope": 120.60946864159317,
        "sun_diff": 0.568552469160565,
        "length": 476.5593206019106
      }
    },
    {
      "geometry": {
        "type": "LineString",
        "coordinates": [
          [
            117.3516023,
            38.9343278
          ],
          [
            117.3485446,
            38.9358019
          ]
        ]
      },
      "type": "Feature",
      "properties": {
        "name": "\u8054\u987a\u4e1c\u8def",
        "type": "unclassified",
        "slope": 121.78970762504022,
        "sun_diff": 1.8837559906070709,
        "length": 311.245555319084
      }
    },
    {
      "geometry": {
        "type": "LineString",
        "coordinates": [
          [
            117.3485446,
            38.9358019
          ],
          [
            117.3445784,
            38.9376738
          ]
        ]
      },
      "type": "Feature",
      "properties": {
        "name": "\u8054\u987a\u4e1c\u8def",
        "type": "unclassified",
        "slope": 121.24807324636629,
        "sun_diff": 1.3421216119331376,
        "length": 401.37896382929443
      }
    },
    {
      "geometry": {
        "type": "LineString",
        "coordinates": [
          [
            117.3445784,
            38.9376738
          ],
          [
            117.3423935,
            38.938705
          ]
        ]
      },
      "type": "Feature",
      "properties": {
        "name": "\u8054\u987a\u4e1c\u8def",
        "type": "unclassified",
        "slope": 121.24863617331673,
        "sun_diff": 1.3426845388835744,
        "length": 221.1087624921029
      }
    },
    {
      "geometry": {
        "type": "LineString",
        "coordinates": [
          [
            117.2492305,
            39.0268018
          ],
          [
            117.2477629,
            39.0260844
          ]
        ]
      },
      "type": "Feature",
      "properties": {
        "name": "\u6d25\u8363\u9053",
        "type": "secondary",
        "slope": 57.82055664930775,
        "sun_diff": 2.2270974289507137,
        "length": 149.83118876234235
      }
    },
    {
      "geometry": {
        "type": "LineString",
        "coordinates": [
          [
            117.2477629,
            39.0260844
          ],
          [
            117.2460837,
            39.0252695
          ]
        ]
      },
      "type": "Feature",
      "properties": {
        "name": "\u6d25\u8363\u9053",
        "type": "secondary",
        "slope": 58.00798860110169,
        "sun_diff": 2.039665477156774,
        "length": 171.0846378687989
      }
    },
    {
      "geometry": {
        "type": "LineString",
        "coordinates": [
          [
            117.2460837,
            39.0252695
          ],
          [
            117.241822,
            39.0231882
          ]
        ]
      },
      "type": "Feature",
      "properties": {
        "name": "\u6d25\u8363\u9053",
        "type": "secondary",
        "slope": 57.84550738900171,
        "sun_diff": 2.2021466892567503,
        "length": 434.98395800362886
      }
    },
    {
      "geometry": {
        "type": "LineString",
        "coordinates": [
          [
            117.241822,
            39.0231882
          ],
          [
            117.2384976,
            39.0215749
          ]
        ]
      },
      "type": "Feature",
      "properties": {
        "name": "\u6d25\u8363\u9053",
        "type": "secondary",
        "slope": 58.009335945267196,
        "sun_diff": 2.0383181329912645,
        "length": 338.7165492902841
      }
    },
    {
      "geometry": {
        "type": "LineString",
        "coordinates": [
          [
            117.3142836,
            39.0405946
          ],
          [
            117.316327,
            39.0396205
          ]
        ]
      },
      "type": "Feature",
      "properties": {
        "name": "\u6d25\u6cbd\u516c\u8def\u8f85\u8def",
        "type": "tertiary",
        "slope": 121.53948738461168,
        "sun_diff": 1.588798011114946,
        "length": 207.13309871987067
      }
    },
    {
      "geometry": {
        "type": "LineString",
        "coordinates": [
          [
            117.3172022,
            39.0392095
          ],
          [
            117.318728,
            39.0384853
          ]
        ]
      },
      "type": "Feature",
      "properties": {
        "name": "\u6d25\u6cbd\u516c\u8def\u8f85\u8def",
        "type": "tertiary",
        "slope": 121.42807009423674,
        "sun_diff": 1.4773807207400154,
        "length": 154.4841958251116
      }
    },
    {
      "geometry": {
        "type": "LineString",
        "coordinates": [
          [
            117.3191558,
            39.0382793
          ],
          [
            117.3222794,
            39.0367515
          ]
        ]
      },
      "type": "Feature",
      "properties": {
        "name": "\u6d25\u6cbd\u516c\u8def\u8f85\u8def",
        "type": "tertiary",
        "slope": 122.1986529437215,
        "sun_diff": 2.247963570224769,
        "length": 318.9144947927089
      }
    },
    {
      "geometry": {
        "type": "LineString",
        "coordinates": [
          [
            117.3235191,
            39.0361452
          ],
          [
            117.3269946,
            39.0344703
          ]
        ]
      },
      "type": "Feature",
      "properties": {
        "name": "\u6d25\u6cbd\u516c\u8def\u8f85\u8def",
        "type": "tertiary",
        "slope": 121.81599154915222,
        "sun_diff": 1.8653021756554864,
        "length": 353.3758206368709
      }
    },
    {
      "geometry": {
        "type": "LineString",
        "coordinates": [
          [
            117.2321439,
            39.0469894
          ],
          [
            117.2296159,
            39.0457177
          ]
        ]
      },
      "type": "Feature",
      "properties": {
        "name": "\u6d6f\u6c34\u9053",
        "type": "secondary",
        "slope": 57.0681499765237,
        "sun_diff": 2.9795041017347614,
        "length": 260.19019137256834
      }
    },
    {
      "geometry": {
        "type": "LineString",
        "coordinates": [
          [
            117.2504598,
            39.1035034
          ],
          [
            117.2514559,
            39.1030143
          ]
        ]
      },
      "type": "Feature",
      "properties": {
        "name": "\u6d25\u5858\u8def",
        "type": "primary",
        "slope": 122.32319217459141,
        "sun_diff": 2.3275191752209707,
        "length": 101.74479389124622
      }
    },
    {
      "geometry": {
        "type": "LineString",
        "coordinates": [
          [
            117.2514559,
            39.1030143
          ],
          [
            117.252878,
            39.1023194
          ]
        ]
      },
      "type": "Feature",
      "properties": {
        "name": "\u6d25\u5858\u8def",
        "type": "primary",
        "slope": 122.19773345130082,
        "sun_diff": 2.202060451930379,
        "length": 145.0584264780662
      }
    },
    {
      "geometry": {
        "type": "LineString",
        "coordinates": [
          [
            117.2534871,
            39.1020283
          ],
          [
            117.2547972,
            39.1013843
          ]
        ]
      },
      "type": "Feature",
      "properties": {
        "name": "\u6d25\u5858\u8def",
        "type": "primary",
        "slope": 122.35161266118968,
        "sun_diff": 2.355939661819235,
        "length": 133.86276358694175
      }
    },
    {
      "geometry": {
        "type": "LineString",
        "coordinates": [
          [
            117.2549917,
            39.1012794
          ],
          [
            117.2565846,
            39.1005109
          ]
        ]
      },
      "type": "Feature",
      "properties": {
        "name": "\u6d25\u5858\u8def",
        "type": "primary",
        "slope": 121.86862199405041,
        "sun_diff": 1.8729489946799731,
        "length": 161.90172520476554
      }
    },
    {
      "geometry": {
        "type": "LineString",
        "coordinates": [
          [
            117.2452082,
            39.176522
          ],
          [
            117.246417,
            39.1759293
          ]
        ]
      },
      "type": "Feature",
      "properties": {
        "name": "\u5916\u73af\u4e1c\u8def\uff08\u4eac\u6ee8\u7ebf\uff09",
        "type": "trunk",
        "slope": 122.31338949719972,
        "sun_diff": 2.2724733247671196,
        "length": 123.32941796163874
      }
    },
    {
      "geometry": {
        "type": "LineString",
        "coordinates": [
          [
            117.246417,
            39.1759293
          ],
          [
            117.2482392,
            39.1751097
          ]
        ]
      },
      "type": "Feature",
      "properties": {
        "name": "\u5916\u73af\u4e1c\u8def\uff08\u4eac\u6ee8\u7ebf\uff09",
        "type": "trunk",
        "slope": 120.12252384367173,
        "sun_diff": 0.08160767123912649,
        "length": 181.65473351165767
      }
    },
    {
      "geometry": {
        "type": "LineString",
        "coordinates": [
          [
            117.2488854,
            39.1748282
          ],
          [
            117.2529929,
            39.1729152
          ]
        ]
      },
      "type": "Feature",
      "properties": {
        "name": "\u5916\u73af\u4e1c\u8def\uff08\u4eac\u6ee8\u7ebf\uff09",
        "type": "trunk",
        "slope": 120.99567306904208,
        "sun_diff": 0.9547568966094815,
        "length": 413.18749398274167
      }
    },
    {
      "geometry": {
        "type": "LineString",
        "coordinates": [
          [
            117.2529929,
            39.1729152
          ],
          [
            117.2560526,
            39.1714734
          ]
        ]
      },
      "type": "Feature",
      "properties": {
        "name": "\u5916\u73af\u4e1c\u8def\uff08\u4eac\u6ee8\u7ebf\uff09",
        "type": "trunk",
        "slope": 121.2923246938874,
        "sun_diff": 1.2514085214547919,
        "length": 308.7572950289852
      }
    },
    {
      "geometry": {
        "type": "LineString",
        "coordinates": [
          [
            117.1752422,
            39.2294517
          ],
          [
            117.1734089,
            39.2285964
          ]
        ]
      },
      "type": "Feature",
      "properties": {
        "name": null,
        "type": "service",
        "slope": 58.94070691374665,
        "sun_diff": 1.0167067051976062,
        "length": 184.39594748671212
      }
    },
    {
      "geometry": {
        "type": "LineString",
        "coordinates": [
          [
            117.1738159,
            39.227486
          ],
          [
            117.176004,
            39.2285008
          ]
        ]
      },
      "type": "Feature",
      "properties": {
        "name": null,
        "type": "service",
        "slope": 59.09047765505855,
        "sun_diff": 0.8669359638857088,
        "length": 219.7395052014132
      }
    },
    {
      "geometry": {
        "type": "LineString",
        "coordinates": [
          [
            117.1751927,
            39.2407365
          ],
          [
            117.1688202,
            39.2378385
          ]
        ]
      },
      "type": "Feature",
      "properties": {
        "name": "\u6c81\u6cb3\u5317\u9053",
        "type": "tertiary",
        "slope": 59.580504380091725,
        "sun_diff": 0.3769092388525337,
        "length": 636.6221200461608
      }
    },
    {
      "geometry": {
        "type": "LineString",
        "coordinates": [
          [
            117.1686978,
            39.2377753
          ],
          [
            117.1651133,
            39.2361019
          ]
        ]
      },
      "type": "Feature",
      "properties": {
        "name": "\u6c81\u6cb3\u5317\u9053",
        "type": "tertiary",
        "slope": 58.92130480284703,
        "sun_diff": 1.0361088160972258,
        "length": 360.5676140102726
      }
    },
    {
      "geometry": {
        "type": "LineString",
        "coordinates": [
          [
            117.1782385,
            39.2373806
          ],
          [
            117.1717573,
            39.2344132
          ]
        ]
      },
      "type": "Feature",
      "properties": {
        "name": "\u6c81\u6cb3\u4e2d\u9053",
        "type": "tertiary",
        "slope": 59.412551500995534,
        "sun_diff": 0.5448621179487247,
        "length": 648.6319924050106
      }
    },
    {
      "geometry": {
        "type": "LineString",
        "coordinates": [
          [
            117.1716505,
            39.2343592
          ],
          [
            117.1678585,
            39.2326114
          ]
        ]
      },
      "type": "Feature",
      "properties": {
        "name": "\u6c81\u6cb3\u4e2d\u9053",
        "type": "tertiary",
        "slope": 59.24517650637563,
        "sun_diff": 0.71223711256863,
        "length": 380.16983839130427
      }
    },
    {
      "geometry": {
        "type": "LineString",
        "coordinates": [
          [
            117.2871586,
            38.9467147
          ],
          [
            117.2858228,
            38.9473015
          ]
        ]
      },
      "type": "Feature",
      "properties": {
        "name": "\u4e8c\u516b\u7ebf",
        "type": "tertiary",
        "slope": 119.45935555480875,
        "sun_diff": 0.44659607962439907,
        "length": 132.71466345983853
      }
    },
    {
      "geometry": {
        "type": "LineString",
        "coordinates": [
          [
            117.2589201,
            38.993624
          ],
          [
            117.2574764,
            38.9929794
          ]
        ]
      },
      "type": "Feature",
      "properties": {
        "name": null,
        "type": "residential",
        "slope": 60.12390721384679,
        "sun_diff": 0.07625313558833113,
        "length": 143.93649104944848
      }
    },
    {
      "geometry": {
        "type": "LineString",
        "coordinates": [
          [
            117.2564935,
            38.9925307
          ],
          [
            117.2552893,
            38.9920062
          ]
        ]
      },
      "type": "Feature",
      "properties": {
        "name": null,
        "type": "residential",
        "slope": 60.73389346217678,
        "sun_diff": 0.6862393839183198,
        "length": 119.33704609683757
      }
    },
    {
      "geometry": {
        "type": "LineString",
        "coordinates": [
          [
            117.2639918,
            39.000171
          ],
          [
            117.2659197,
            39.0010367
          ]
        ]
      },
      "type": "Feature",
      "properties": {
        "name": null,
        "type": "residential",
        "slope": 59.98015533900369,
        "sun_diff": 0.06749873925477345,
        "length": 192.46876532805382
      }
    },
    {
      "geometry": {
        "type": "LineString",
        "coordinates": [
          [
            117.260012,
            39.0022778
          ],
          [
            117.2632007,
            39.0037218
          ]
        ]
      },
      "type": "Feature",
      "properties": {
        "name": "\u4eb2\u96c5\u9053",
        "type": "tertiary",
        "slope": 59.768993960409915,
        "sun_diff": 0.2786601178485455,
        "length": 319.0090652744227
      }
    },
    {
      "geometry": {
        "type": "LineString",
        "coordinates": [
          [
            117.2631083,
            39.0038272
          ],
          [
            117.2599298,
            39.0023897
          ]
        ]
      },
      "type": "Feature",
      "properties": {
        "name": "\u4eb2\u96c5\u9053",
        "type": "tertiary",
        "slope": 59.80204431975321,
        "sun_diff": 0.24560975850525324,
        "length": 317.882970031802
      }
    },
    {
      "geometry": {
        "type": "LineString",
        "coordinates": [
          [
            117.2637491,
            39.0040331
          ],
          [
            117.264841,
            39.0045105
          ]
        ]
      },
      "type": "Feature",
      "properties": {
        "name": "\u4eb2\u96c5\u9053",
        "type": "tertiary",
        "slope": 60.63648956053612,
        "sun_diff": 0.5888354822776591,
        "length": 108.2928261725632
      }
    },
    {
      "geometry": {
        "type": "LineString",
        "coordinates": [
          [
            117.2638132,
            39.0966923
          ],
          [
            117.265606,
            39.095832
          ]
        ]
      },
      "type": "Feature",
      "properties": {
        "name": null,
        "type": "tertiary",
        "slope": 121.72882446293991,
        "sun_diff": 1.7331514635694703,
        "length": 181.95602548426828
      }
    },
    {
      "geometry": {
        "type": "LineString",
        "coordinates": [
          [
            117.2565553,
            39.100748
          ],
          [
            117.2548991,
            39.1015269
          ]
        ]
      },
      "type": "Feature",
      "properties": {
        "name": "\u6d25\u5858\u8def",
        "type": "primary",
        "slope": 121.21691635763284,
        "sun_diff": 1.2212433582623987,
        "length": 167.16320472485174
      }
    },
    {
      "geometry": {
        "type": "LineString",
        "coordinates": [
          [
            117.1515629,
            39.0691926
          ],
          [
            117.1525923,
            39.0696747
          ]
        ]
      },
      "type": "Feature",
      "properties": {
        "name": null,
        "type": "living_street",
        "slope": 58.900614256762196,
        "sun_diff": 1.102042535244209,
        "length": 103.81709545922564
      }
    },
    {
      "geometry": {
        "type": "LineString",
        "coordinates": [
          [
            117.1249717,
            39.0792219
          ],
          [
            117.1234185,
            39.0798542
          ]
        ]
      },
      "type": "Feature",
      "properties": {
        "name": "\u534e\u82d1\u897f\u8def",
        "type": "tertiary",
        "slope": 117.67367628263511,
        "sun_diff": 2.3219967167353275,
        "length": 151.43311358541837
      }
    },
    {
      "geometry": {
        "type": "LineString",
        "coordinates": [
          [
            117.1226023,
            39.0801899
          ],
          [
            117.12011,
            39.0812149
          ]
        ]
      },
      "type": "Feature",
      "properties": {
        "name": "\u534e\u82d1\u897f\u8def",
        "type": "tertiary",
        "slope": 117.91509164495821,
        "sun_diff": 2.0805813544122316,
        "length": 243.52912939386704
      }
    },
    {
      "geometry": {
        "type": "LineString",
        "coordinates": [
          [
            117.1262631,
            39.0879764
          ],
          [
            117.1247257,
            39.0872278
          ]
        ]
      },
      "type": "Feature",
      "properties": {
        "name": "\u8fce\u6c34\u9053",
        "type": "secondary",
        "slope": 57.89868595288277,
        "sun_diff": 2.103970839123633,
        "length": 156.6870803673323
      }
    },
    {
      "geometry": {
        "type": "LineString",
        "coordinates": [
          [
            117.1271742,
            39.0883141
          ],
          [
            117.1282172,
            39.0888307
          ]
        ]
      },
      "type": "Feature",
      "properties": {
        "name": "\u8fce\u6c34\u9053",
        "type": "secondary",
        "slope": 57.456564863604626,
        "sun_diff": 2.546091928401779,
        "length": 106.81787508884378
      }
    },
    {
      "geometry": {
        "type": "LineString",
        "coordinates": [
          [
            117.1954991,
            39.0736648
          ],
          [
            117.1968571,
            39.0742224
          ]
        ]
      },
      "type": "Feature",
      "properties": {
        "name": "\u9ed1\u725b\u57ce\u9053\u8f85\u8def",
        "type": "secondary",
        "slope": 62.12547204764081,
        "sun_diff": 2.122815255634407,
        "length": 132.6568026597934
      }
    },
    {
      "geometry": {
        "type": "LineString",
        "coordinates": [
          [
            117.1971526,
            39.0743555
          ],
          [
            117.1988504,
            39.075068
          ]
        ]
      },
      "type": "Feature",
      "properties": {
        "name": "\u9ed1\u725b\u57ce\u9053\u8f85\u8def",
        "type": "secondary",
        "slope": 61.60538768891914,
        "sun_diff": 1.6027308969127319,
        "length": 166.65541764097375
      }
    },
    {
      "geometry": {
        "type": "LineString",
        "coordinates": [
          [
            117.0949508,
            38.9879761
          ],
          [
            117.0895583,
            38.9903899
          ]
        ]
      },
      "type": "Feature",
      "properties": {
        "name": null,
        "type": "tertiary",
        "slope": 119.93778157525526,
        "sun_diff": 0.012907798241471369,
        "length": 537.9922248997577
      }
    },
    {
      "geometry": {
        "type": "LineString",
        "coordinates": [
          [
            117.0895583,
            38.9903899
          ],
          [
            117.0721696,
            38.9982541
          ]
        ]
      },
      "type": "Feature",
      "properties": {
        "name": null,
        "type": "tertiary",
        "slope": 120.19660291822225,
        "sun_diff": 0.24591354472552496,
        "length": 1739.2135123452917
      }
    },
    {
      "geometry": {
        "type": "LineString",
        "coordinates": [
          [
            117.1711761,
            39.0696466
          ],
          [
            117.1694551,
            39.070354
          ]
        ]
      },
      "type": "Feature",
      "properties": {
        "name": null,
        "type": "residential",
        "slope": 117.89838296403346,
        "sun_diff": 2.0972900353369823,
        "length": 168.16301078395702
      }
    },
    {
      "geometry": {
        "type": "LineString",
        "coordinates": [
          [
            117.257413,
            39.1711345
          ],
          [
            117.2561812,
            39.171653
          ]
        ]
      },
      "type": "Feature",
      "properties": {
        "name": "\u5916\u73af\u4e1c\u8def\uff08\u4eac\u6ee8\u7ebf\uff09",
        "type": "trunk",
        "slope": 118.49991248845129,
        "sun_diff": 1.541003683981316,
        "length": 120.86751785087353
      }
    },
    {
      "geometry": {
        "type": "LineString",
        "coordinates": [
          [
            117.2561812,
            39.171653
          ],
          [
            117.2531042,
            39.173077
          ]
        ]
      },
      "type": "Feature",
      "properties": {
        "name": "\u5916\u73af\u4e1c\u8def\uff08\u4eac\u6ee8\u7ebf\uff09",
        "type": "trunk",
        "slope": 120.83552979931338,
        "sun_diff": 0.7946136268807749,
        "length": 309.012994821338
      }
    },
    {
      "geometry": {
        "type": "LineString",
        "coordinates": [
          [
            117.2529552,
            39.1731492
          ],
          [
            117.2489777,
            39.1749471
          ]
        ]
      },
      "type": "Feature",
      "properties": {
        "name": "\u5916\u73af\u4e1c\u8def\uff08\u4eac\u6ee8\u7ebf\uff09",
        "type": "trunk",
        "slope": 120.24570935971852,
        "sun_diff": 0.20479318728591522,
        "length": 397.0187376786782
      }
    },
    {
      "geometry": {
        "type": "LineString",
        "coordinates": [
          [
            117.1745181,
            39.0420357
          ],
          [
            117.1731186,
            39.0427036
          ]
        ]
      },
      "type": "Feature",
      "properties": {
        "name": "\u5916\u73af\u897f\u8def\uff08\u5c71\u6df1\u7ebf\uff09",
        "type": "trunk",
        "slope": 121.56933476511975,
        "sun_diff": 1.6186453916230192,
        "length": 141.9033552049882
      }
    },
    {
      "geometry": {
        "type": "LineString",
        "coordinates": [
          [
            117.1731186,
            39.0427036
          ],
          [
            117.1709205,
            39.043755
          ]
        ]
      },
      "type": "Feature",
      "properties": {
        "name": "\u5916\u73af\u897f\u8def\uff08\u5c71\u6df1\u7ebf\uff09",
        "type": "trunk",
        "slope": 121.62753176397999,
        "sun_diff": 1.6768423904832588,
        "length": 223.01442892872106
      }
    },
    {
      "geometry": {
        "type": "LineString",
        "coordinates": [
          [
            117.1709205,
            39.043755
          ],
          [
            117.1691078,
            39.0446247
          ]
        ]
      },
      "type": "Feature",
      "properties": {
        "name": "\u5916\u73af\u897f\u8def\uff08\u5c71\u6df1\u7ebf\uff09",
        "type": "trunk",
        "slope": 121.70583534473451,
        "sun_diff": 1.7551459712377806,
        "length": 184.0652444316456
      }
    },
    {
      "geometry": {
        "type": "LineString",
        "coordinates": [
          [
            117.1685241,
            39.0449001
          ],
          [
            117.1665242,
            39.0458436
          ]
        ]
      },
      "type": "Feature",
      "properties": {
        "name": "\u5916\u73af\u897f\u8def\uff08\u5c71\u6df1\u7ebf\uff09",
        "type": "trunk",
        "slope": 121.27671187858942,
        "sun_diff": 1.3260225050926948,
        "length": 202.14092055263157
      }
    },
    {
      "geometry": {
        "type": "LineString",
        "coordinates": [
          [
            117.1665242,
            39.0458436
          ],
          [
            117.1649181,
            39.0466046
          ]
        ]
      },
      "type": "Feature",
      "properties": {
        "name": "\u5916\u73af\u897f\u8def\uff08\u5c71\u6df1\u7ebf\uff09",
        "type": "trunk",
        "slope": 121.38705898381181,
        "sun_diff": 1.436369610315083,
        "length": 162.52592091985844
      }
    },
    {
      "geometry": {
        "type": "LineString",
        "coordinates": [
          [
            117.2146657,
            39.1692554
          ],
          [
            117.2128747,
            39.170091
          ]
        ]
      },
      "type": "Feature",
      "properties": {
        "name": "\u80b2\u7ea2\u8def\u8f85\u8def",
        "type": "secondary",
        "slope": 121.03925324308364,
        "sun_diff": 0.9983370706510328,
        "length": 180.25506586224876
      }
    },
    {
      "geometry": {
        "type": "LineString",
        "coordinates": [
          [
            117.2128747,
            39.170091
          ],
          [
            117.2100692,
            39.1713819
          ]
        ]
      },
      "type": "Feature",
      "properties": {
        "name": "\u80b2\u7ea2\u8def\u8f85\u8def",
        "type": "secondary",
        "slope": 120.68995228020592,
        "sun_diff": 0.6490361077733127,
        "length": 281.3279442678579
      }
    },
    {
      "geometry": {
        "type": "LineString",
        "coordinates": [
          [
            117.2100057,
            39.1714115
          ],
          [
            117.2082572,
            39.172221
          ]
        ]
      },
      "type": "Feature",
      "properties": {
        "name": "\u80b2\u7ea2\u8def\u8f85\u8def",
        "type": "secondary",
        "slope": 120.8450204686686,
        "sun_diff": 0.804104296235991,
        "length": 175.61504645128213
      }
    },
    {
      "geometry": {
        "type": "LineString",
        "coordinates": [
          [
            117.2082572,
            39.172221
          ],
          [
            117.2069718,
            39.1728004
          ]
        ]
      },
      "type": "Feature",
      "properties": {
        "name": "\u80b2\u7ea2\u8def\u8f85\u8def",
        "type": "secondary",
        "slope": 120.17523879126085,
        "sun_diff": 0.13432261882825003,
        "length": 128.21491408407968
      }
    },
    {
      "geometry": {
        "type": "LineString",
        "coordinates": [
          [
            117.1146873,
            39.0052859
          ],
          [
            117.1124227,
            39.0062259
          ]
        ]
      },
      "type": "Feature",
      "properties": {
        "name": "\u8d5b\u8fbe\u5927\u9053",
        "type": "primary",
        "slope": 118.10938332159449,
        "sun_diff": 1.8413060519022366,
        "length": 221.91483946281724
      }
    },
    {
      "geometry": {
        "type": "LineString",
        "coordinates": [
          [
            117.1124227,
            39.0062259
          ],
          [
            117.1101569,
            39.0071801
          ]
        ]
      },
      "type": "Feature",
      "properties": {
        "name": "\u8d5b\u8fbe\u5927\u9053",
        "type": "primary",
        "slope": 118.45548401879171,
        "sun_diff": 1.4952053547050213,
        "length": 222.7522488588041
      }
    },
    {
      "geometry": {
        "type": "LineString",
        "coordinates": [
          [
            117.1101569,
            39.0071801
          ],
          [
            117.1078681,
            39.0082799
          ]
        ]
      },
      "type": "Feature",
      "properties": {
        "name": "\u8d5b\u8fbe\u5927\u9053",
        "type": "primary",
        "slope": 121.73173926295956,
        "sun_diff": 1.7810498894628353,
        "length": 232.5941901928388
      }
    },
    {
      "geometry": {
        "type": "LineString",
        "coordinates": [
          [
            117.2661999,
            39.0075257
          ],
          [
            117.2643654,
            39.0066561
          ]
        ]
      },
      "type": "Feature",
      "properties": {
        "name": null,
        "type": "tertiary",
        "slope": 58.6162079997834,
        "sun_diff": 1.4314460784750622,
        "length": 185.7352999691479
      }
    },
    {
      "geometry": {
        "type": "LineString",
        "coordinates": [
          [
            117.2690354,
            39.0041518
          ],
          [
            117.2673354,
            39.003358
          ]
        ]
      },
      "type": "Feature",
      "properties": {
        "name": null,
        "type": "secondary",
        "slope": 58.99962429255322,
        "sun_diff": 1.0480297857052392,
        "length": 171.42987753421636
      }
    },
    {
      "geometry": {
        "type": "LineString",
        "coordinates": [
          [
            117.1710695,
            38.9435964
          ],
          [
            117.1810943,
            38.9484037
          ]
        ]
      },
      "type": "Feature",
      "properties": {
        "name": null,
        "type": "tertiary",
        "slope": 58.34184047003177,
        "sun_diff": 1.7505376869119402,
        "length": 1018.8208194316727
      }
    },
    {
      "geometry": {
        "type": "LineString",
        "coordinates": [
          [
            117.1810943,
            38.9484037
          ],
          [
            117.1889267,
            38.9521391
          ]
        ]
      },
      "type": "Feature",
      "properties": {
        "name": null,
        "type": "tertiary",
        "slope": 58.48078778897735,
        "sun_diff": 1.6115903679663575,
        "length": 794.7747558478387
      }
    },
    {
      "geometry": {
        "type": "LineString",
        "coordinates": [
          [
            117.1889267,
            38.9521391
          ],
          [
            117.201746,
            38.9582739
          ]
        ]
      },
      "type": "Feature",
      "properties": {
        "name": null,
        "type": "tertiary",
        "slope": 58.390675632670565,
        "sun_diff": 1.656978445587896,
        "length": 1301.9696485230463
      }
    },
    {
      "geometry": {
        "type": "LineString",
        "coordinates": [
          [
            117.201746,
            38.9582739
          ],
          [
            117.2028792,
            38.9588078
          ]
        ]
      },
      "type": "Feature",
      "properties": {
        "name": null,
        "type": "tertiary",
        "slope": 58.78849417674323,
        "sun_diff": 1.2591599015152326,
        "length": 114.60037194916198
      }
    },
    {
      "geometry": {
        "type": "LineString",
        "coordinates": [
          [
            117.3477202,
            39.2021514
          ],
          [
            117.3498785,
            39.2012005
          ]
        ]
      },
      "type": "Feature",
      "properties": {
        "name": "\u5317\u6768\u65e7\u7ebf",
        "type": "tertiary",
        "slope": 119.61989649286264,
        "sun_diff": 0.4210196795699659,
        "length": 213.99947221824706
      }
    },
    {
      "geometry": {
        "type": "LineString",
        "coordinates": [
          [
            117.3053684,
            39.0523654
          ],
          [
            117.3083548,
            39.0535793
          ]
        ]
      },
      "type": "Feature",
      "properties": {
        "name": null,
        "type": "unclassified",
        "slope": 62.37093251306388,
        "sun_diff": 2.368275721057472,
        "length": 291.15708048066114
      }
    },
    {
      "geometry": {
        "type": "LineString",
        "coordinates": [
          [
            117.3083548,
            39.0535793
          ],
          [
            117.3103011,
            39.0543704
          ]
        ]
      },
      "type": "Feature",
      "properties": {
        "name": null,
        "type": "unclassified",
        "slope": 62.37139148681331,
        "sun_diff": 2.3687346948069035,
        "length": 189.7498560617277
      }
    },
    {
      "geometry": {
        "type": "LineString",
        "coordinates": [
          [
            117.2970781,
            38.9936061
          ],
          [
            117.2984176,
            38.9929852
          ]
        ]
      },
      "type": "Feature",
      "properties": {
        "name": "\u540c\u781a\u8def",
        "type": "primary",
        "slope": 120.81159848648124,
        "sun_diff": 0.8609091129845154,
        "length": 134.83038573958777
      }
    },
    {
      "geometry": {
        "type": "LineString",
        "coordinates": [
          [
            117.184024,
            39.1293249
          ],
          [
            117.1851255,
            39.1287798
          ]
        ]
      },
      "type": "Feature",
      "properties": {
        "name": "\u65b0\u534e\u8def",
        "type": "tertiary",
        "slope": 122.5355236796907,
        "sun_diff": 2.5398506803202565,
        "length": 112.73463873086733
      }
    },
    {
      "geometry": {
        "type": "LineString",
        "coordinates": [
          [
            117.2204761,
            39.1667254
          ],
          [
            117.2191897,
            39.1672993
          ]
        ]
      },
      "type": "Feature",
      "properties": {
        "name": "\u80b2\u7ea2\u8def\u8f85\u8def",
        "type": "secondary",
        "slope": 119.91713225748023,
        "sun_diff": 0.1237839149523694,
        "length": 127.99075613066114
      }
    },
    {
      "geometry": {
        "type": "LineString",
        "coordinates": [
          [
            117.2172056,
            39.1680514
          ],
          [
            117.2153502,
            39.1688536
          ]
        ]
      },
      "type": "Feature",
      "properties": {
        "name": "\u80b2\u7ea2\u8def",
        "type": "trunk",
        "slope": 119.1473656976228,
        "sun_diff": 0.8935504748097998,
        "length": 183.20003511503143
      }
    },
    {
      "geometry": {
        "type": "LineString",
        "coordinates": [
          [
            117.2099537,
            39.1713441
          ],
          [
            117.2075455,
            39.1724562
          ]
        ]
      },
      "type": "Feature",
      "properties": {
        "name": "\u80b2\u7ea2\u8def",
        "type": "trunk",
        "slope": 120.78126531315874,
        "sun_diff": 0.7403491407261384,
        "length": 241.71280006234534
      }
    },
    {
      "geometry": {
        "type": "LineString",
        "coordinates": [
          [
            117.1833497,
            39.2027504
          ],
          [
            117.1822593,
            39.2022255
          ]
        ]
      },
      "type": "Feature",
      "properties": {
        "name": "\u5929\u8baf\u9053",
        "type": "service",
        "slope": 58.15130506518537,
        "sun_diff": 1.8061085537588895,
        "length": 110.64397447022627
      }
    },
    {
      "geometry": {
        "type": "LineString",
        "coordinates": [
          [
            117.1845995,
            39.2014337
          ],
          [
            117.1824123,
            39.200379
          ]
        ]
      },
      "type": "Feature",
      "properties": {
        "name": null,
        "type": "service",
        "slope": 58.10762930449076,
        "sun_diff": 1.849784314453501,
        "length": 222.04780621646285
      }
    },
    {
      "geometry": {
        "type": "LineString",
        "coordinates": [
          [
            117.1884456,
            39.1994582
          ],
          [
            117.1905167,
            39.2004743
          ]
        ]
      },
      "type": "Feature",
      "properties": {
        "name": "\u8fbd\u6cb3\u5357\u9053",
        "type": "tertiary",
        "slope": 57.662373067591545,
        "sun_diff": 2.295040551352713,
        "length": 211.29121035869483
      }
    },
    {
      "geometry": {
        "type": "LineString",
        "coordinates": [
          [
            117.1905167,
            39.2004743
          ],
          [
            117.1918355,
            39.2011323
          ]
        ]
      },
      "type": "Feature",
      "properties": {
        "name": "\u8fbd\u6cb3\u5357\u9053",
        "type": "tertiary",
        "slope": 57.224620465589055,
        "sun_diff": 2.7327931533552032,
        "length": 135.19882391518212
      }
    },
    {
      "geometry": {
        "type": "LineString",
        "coordinates": [
          [
            117.1918355,
            39.2011323
          ],
          [
            117.1928916,
            39.2016385
          ]
        ]
      },
      "type": "Feature",
      "properties": {
        "name": "\u8fbd\u6cb3\u5357\u9053",
        "type": "tertiary",
        "slope": 58.262209763951546,
        "sun_diff": 1.6952038549927124,
        "length": 107.03647926618629
      }
    },
    {
      "geometry": {
        "type": "LineString",
        "coordinates": [
          [
            117.1727466,
            39.1606429
          ],
          [
            117.1743256,
            39.1599713
          ]
        ]
      },
      "type": "Feature",
      "properties": {
        "name": "\u5bcc\u5824\u8def",
        "type": "tertiary",
        "slope": 118.74666252782134,
        "sun_diff": 1.2942536446112598,
        "length": 155.32507033571468
      }
    },
    {
      "geometry": {
        "type": "LineString",
        "coordinates": [
          [
            117.1997306,
            39.121457
          ],
          [
            117.2009773,
            39.1219748
          ]
        ]
      },
      "type": "Feature",
      "properties": {
        "name": "\u5510\u5c71\u9053",
        "type": "residential",
        "slope": 61.837080853207596,
        "sun_diff": 1.8344240612011902,
        "length": 122.0283388826841
      }
    },
    {
      "geometry": {
        "type": "LineString",
        "coordinates": [
          [
            117.2445384,
            39.0817359
          ],
          [
            117.2433832,
            39.082238
          ]
        ]
      },
      "type": "Feature",
      "properties": {
        "name": "\u5927\u6cbd\u5357\u8def\u8f85\u8def",
        "type": "tertiary",
        "slope": 119.24589859073456,
        "sun_diff": 0.7497744086358864,
        "length": 114.31306194042824
      }
    },
    {
      "geometry": {
        "type": "LineString",
        "coordinates": [
          [
            117.2186244,
            39.0959613
          ],
          [
            117.2200609,
            39.0966349
          ]
        ]
      },
      "type": "Feature",
      "properties": {
        "name": "\u7231\u56fd\u9053",
        "type": "tertiary",
        "slope": 58.85920175509699,
        "sun_diff": 1.1434550369094154,
        "length": 144.88195761804442
      }
    },
    {
      "geometry": {
        "type": "LineString",
        "coordinates": [
          [
            117.1807762,
            39.1643779
          ],
          [
            117.1821572,
            39.1649932
          ]
        ]
      },
      "type": "Feature",
      "properties": {
        "name": null,
        "type": "residential",
        "slope": 60.11600279681329,
        "sun_diff": 0.15858917786903248,
        "length": 137.3618595644347
      }
    },
    {
      "geometry": {
        "type": "LineString",
        "coordinates": [
          [
            117.1805983,
            39.1646576
          ],
          [
            117.181769,
            39.1651843
          ]
        ]
      },
      "type": "Feature",
      "properties": {
        "name": null,
        "type": "residential",
        "slope": 59.874584130128596,
        "sun_diff": 0.08282948881566199,
        "length": 116.7275629077612
      }
    },
    {
      "geometry": {
        "type": "LineString",
        "coordinates": [
          [
            117.1828688,
            39.2033514
          ],
          [
            117.1817565,
            39.20285
          ]
        ]
      },
      "type": "Feature",
      "properties": {
        "name": null,
        "type": "service",
        "slope": 59.81284242234241,
        "sun_diff": 0.14457119660184503,
        "length": 110.91404583573704
      }
    },
    {
      "geometry": {
        "type": "LineString",
        "coordinates": [
          [
            117.1831125,
            39.2030617
          ],
          [
            117.1820104,
            39.2025194
          ]
        ]
      },
      "type": "Feature",
      "properties": {
        "name": null,
        "type": "service",
        "slope": 57.585058136062685,
        "sun_diff": 2.3723554828815736,
        "length": 112.52702955622316
      }
    },
    {
      "geometry": {
        "type": "LineString",
        "coordinates": [
          [
            117.1820104,
            39.2025194
          ],
          [
            117.1807952,
            39.2019332
          ]
        ]
      },
      "type": "Feature",
      "properties": {
        "name": null,
        "type": "service",
        "slope": 58.097732941289536,
        "sun_diff": 1.8596806776547226,
        "length": 123.37974628687249
      }
    },
    {
      "geometry": {
        "type": "LineString",
        "coordinates": [
          [
            117.1817565,
            39.20285
          ],
          [
            117.1805888,
            39.2022651
          ]
        ]
      },
      "type": "Feature",
      "properties": {
        "name": null,
        "type": "service",
        "slope": 57.12182962093539,
        "sun_diff": 2.8355839980088717,
        "length": 119.84451902581468
      }
    },
    {
      "geometry": {
        "type": "LineString",
        "coordinates": [
          [
            117.1804008,
            39.2026113
          ],
          [
            117.1815223,
            39.2031556
          ]
        ]
      },
      "type": "Feature",
      "properties": {
        "name": null,
        "type": "service",
        "slope": 57.940756230127164,
        "sun_diff": 2.0166573888170944,
        "length": 114.05998254462715
      }
    },
    {
      "geometry": {
        "type": "LineString",
        "coordinates": [
          [
            117.2796026,
            39.1532975
          ],
          [
            117.2761741,
            39.1518551
          ]
        ]
      },
      "type": "Feature",
      "properties": {
        "name": "\u9f99\u5c71\u9053",
        "type": "secondary",
        "slope": 61.519403135315,
        "sun_diff": 1.561989516370744,
        "length": 336.4431140487627
      }
    },
    {
      "geometry": {
        "type": "LineString",
        "coordinates": [
          [
            117.2761146,
            39.1518279
          ],
          [
            117.2731766,
            39.1506082
          ]
        ]
      },
      "type": "Feature",
      "properties": {
        "name": "\u9f99\u5c71\u9053",
        "type": "secondary",
        "slope": 61.83830195382586,
        "sun_diff": 1.880888334881604,
        "length": 287.4516465844259
      }
    },
    {
      "geometry": {
        "type": "LineString",
        "coordinates": [
          [
            117.1988386,
            39.0754807
          ],
          [
            117.1972687,
            39.074781
          ]
        ]
      },
      "type": "Feature",
      "properties": {
        "name": "\u9ed1\u725b\u57ce\u9053\u8f85\u8def",
        "type": "secondary",
        "slope": 60.1393330640108,
        "sun_diff": 0.1366762720043937,
        "length": 156.31330720703377
      }
    },
    {
      "geometry": {
        "type": "LineString",
        "coordinates": [
          [
            117.1966547,
            39.0745058
          ],
          [
            117.1952808,
            39.073932
          ]
        ]
      },
      "type": "Feature",
      "properties": {
        "name": "\u9ed1\u725b\u57ce\u9053\u8f85\u8def",
        "type": "secondary",
        "slope": 61.721127469013084,
        "sun_diff": 1.7184706770066782,
        "length": 134.71589988373728
      }
    },
    {
      "geometry": {
        "type": "LineString",
        "coordinates": [
          [
            117.1986807,
            39.0753203
          ],
          [
            117.1967101,
            39.0744199
          ]
        ]
      },
      "type": "Feature",
      "properties": {
        "name": "\u9ed1\u725b\u57ce\u9053",
        "type": "trunk",
        "slope": 59.520573594630775,
        "sun_diff": 0.4820831973756299,
        "length": 197.44706890347308
      }
    },
    {
      "geometry": {
        "type": "LineString",
        "coordinates": [
          [
            117.1667295,
            39.0703243
          ],
          [
            117.1691684,
            39.069307
          ]
        ]
      },
      "type": "Feature",
      "properties": {
        "name": "\u7ea2\u65d7\u5357\u8def\u8f85\u8def",
        "type": "secondary",
        "slope": 118.24702349473463,
        "sun_diff": 1.7486495046358073,
        "length": 239.08665882732063
      }
    },
    {
      "geometry": {
        "type": "LineString",
        "coordinates": [
          [
            117.1693367,
            39.0692398
          ],
          [
            117.1707452,
            39.0686774
          ]
        ]
      },
      "type": "Feature",
      "properties": {
        "name": "\u7ea2\u65d7\u5357\u8def\u8f85\u8def",
        "type": "secondary",
        "slope": 117.2162976478763,
        "sun_diff": 2.7793753514941386,
        "length": 136.77782417152827
      }
    },
    {
      "geometry": {
        "type": "LineString",
        "coordinates": [
          [
            117.2747938,
            39.1009821
          ],
          [
            117.2727025,
            39.0999835
          ]
        ]
      },
      "type": "Feature",
      "properties": {
        "name": "\u8010\u706b\u8def",
        "type": "residential",
        "slope": 58.395983999210756,
        "sun_diff": 1.6066727927956492,
        "length": 211.95395962594245
      }
    },
    {
      "geometry": {
        "type": "LineString",
        "coordinates": [
          [
            117.1221717,
            39.0938248
          ],
          [
            117.1207743,
            39.0931524
          ]
        ]
      },
      "type": "Feature",
      "properties": {
        "name": "\u5f00\u534e\u9053",
        "type": "secondary",
        "slope": 58.201949332965654,
        "sun_diff": 1.8007074590407512,
        "length": 141.93749673974932
      }
    },
    {
      "geometry": {
        "type": "LineString",
        "coordinates": [
          [
            117.1123885,
            39.0890115
          ],
          [
            117.1146779,
            39.0901271
          ]
        ]
      },
      "type": "Feature",
      "properties": {
        "name": "\u5f00\u534e\u9053",
        "type": "secondary",
        "slope": 57.87838688161705,
        "sun_diff": 2.1242699103893585,
        "length": 233.37311161058958
      }
    },
    {
      "geometry": {
        "type": "LineString",
        "coordinates": [
          [
            117.1152432,
            39.0904026
          ],
          [
            117.1172669,
            39.0913776
          ]
        ]
      },
      "type": "Feature",
      "properties": {
        "name": "\u5f00\u534e\u9053",
        "type": "secondary",
        "slope": 58.170000956296946,
        "sun_diff": 1.8326558357094598,
        "length": 205.63041744131178
      }
    },
    {
      "geometry": {
        "type": "LineString",
        "coordinates": [
          [
            117.1281816,
            39.0889032
          ],
          [
            117.1271441,
            39.0884066
          ]
        ]
      },
      "type": "Feature",
      "properties": {
        "name": "\u8fce\u6c34\u9053",
        "type": "secondary",
        "slope": 58.3387158862499,
        "sun_diff": 1.6639409057565047,
        "length": 105.23328224166404
      }
    },
    {
      "geometry": {
        "type": "LineString",
        "coordinates": [
          [
            117.1296025,
            39.0896041
          ],
          [
            117.1284931,
            39.0890718
          ]
        ]
      },
      "type": "Feature",
      "properties": {
        "name": "\u8fce\u6c34\u9053",
        "type": "secondary",
        "slope": 58.27656933997204,
        "sun_diff": 1.7260874520343634,
        "length": 112.60037733728102
      }
    },
    {
      "geometry": {
        "type": "LineString",
        "coordinates": [
          [
            117.1300339,
            39.0898975
          ],
          [
            117.1285221,
            39.0891605
          ]
        ]
      },
      "type": "Feature",
      "properties": {
        "name": "\u8fce\u6c34\u9053\u8f85\u8def",
        "type": "tertiary",
        "slope": 57.86767018867016,
        "sun_diff": 2.1349866033362446,
        "length": 154.12615706327767
      }
    },
    {
      "geometry": {
        "type": "LineString",
        "coordinates": [
          [
            117.2501226,
            39.1313288
          ],
          [
            117.2487235,
            39.1307383
          ]
        ]
      },
      "type": "Feature",
      "properties": {
        "name": "\u524d\u8fdb\u4e00\u6761\u80e1\u540c",
        "type": "residential",
        "slope": 61.44971069806476,
        "sun_diff": 1.4470539060583576,
        "length": 137.42810490546503
      }
    },
    {
      "geometry": {
        "type": "LineString",
        "coordinates": [
          [
            117.1194976,
            39.0846996
          ],
          [
            117.1172109,
            39.083602
          ]
        ]
      },
      "type": "Feature",
      "properties": {
        "name": "\u8fce\u6c34\u9053",
        "type": "secondary",
        "slope": 58.26872542140978,
        "sun_diff": 1.733931370596622,
        "length": 232.12934992144883
      }
    },
    {
      "geometry": {
        "type": "LineString",
        "coordinates": [
          [
            117.1151135,
            39.212642
          ],
          [
            117.1193647,
            39.2147684
          ]
        ]
      },
      "type": "Feature",
      "properties": {
        "name": "\u5317\u8fb0\u9053",
        "type": "primary",
        "slope": 57.1542762220989,
        "sun_diff": 2.803137396845358,
        "length": 436.0819960194099
      }
    },
    {
      "geometry": {
        "type": "LineString",
        "coordinates": [
          [
            117.1119818,
            39.2066611
          ],
          [
            117.1105121,
            39.2059694
          ]
        ]
      },
      "type": "Feature",
      "properties": {
        "name": "\u9f99\u5ca9\u9053",
        "type": "secondary",
        "slope": 58.72663976512487,
        "sun_diff": 1.230773853819386,
        "length": 148.20684237137823
      }
    },
    {
      "geometry": {
        "type": "LineString",
        "coordinates": [
          [
            117.1157644,
            39.2039887
          ],
          [
            117.1144052,
            39.2034165
          ]
        ]
      },
      "type": "Feature",
      "properties": {
        "name": "\u9f99\u95e8\u9053",
        "type": "secondary",
        "slope": 61.48613300548715,
        "sun_diff": 1.528719386542889,
        "length": 133.32492238087272
      }
    },
    {
      "geometry": {
        "type": "LineString",
        "coordinates": [
          [
            117.1142736,
            39.2033635
          ],
          [
            117.1131174,
            39.2028699
          ]
        ]
      },
      "type": "Feature",
      "properties": {
        "name": "\u9f99\u95e8\u9053",
        "type": "secondary",
        "slope": 61.14870765160114,
        "sun_diff": 1.1912940326568844,
        "length": 113.77943556184819
      }
    },
    {
      "geometry": {
        "type": "LineString",
        "coordinates": [
          [
            117.1626375,
            39.1752509
          ],
          [
            117.161626,
            39.1757345
          ]
        ]
      },
      "type": "Feature",
      "properties": {
        "name": "\u4e01\u5b57\u6cbd\u4e00\u53f7\u8def",
        "type": "secondary",
        "slope": 121.66366248703523,
        "sun_diff": 1.6227463146026224,
        "length": 102.47210335584661
      }
    },
    {
      "geometry": {
        "type": "LineString",
        "coordinates": [
          [
            117.1555426,
            39.1784599
          ],
          [
            117.1571054,
            39.1777275
          ]
        ]
      },
      "type": "Feature",
      "properties": {
        "name": "\u4e01\u5b57\u6cbd\u4e00\u53f7\u8def",
        "type": "secondary",
        "slope": 121.15532156004255,
        "sun_diff": 1.1144053876099491,
        "length": 157.46181107933415
      }
    },
    {
      "geometry": {
        "type": "LineString",
        "coordinates": [
          [
            117.1571054,
            39.1777275
          ],
          [
            117.1581205,
            39.1772346
          ]
        ]
      },
      "type": "Feature",
      "properties": {
        "name": "\u4e01\u5b57\u6cbd\u4e00\u53f7\u8def",
        "type": "secondary",
        "slope": 122.06225555107991,
        "sun_diff": 2.021339378647312,
        "length": 103.2797159694225
      }
    },
    {
      "geometry": {
        "type": "LineString",
        "coordinates": [
          [
            117.1581205,
            39.1772346
          ],
          [
            117.1595182,
            39.1765647
          ]
        ]
      },
      "type": "Feature",
      "properties": {
        "name": "\u4e01\u5b57\u6cbd\u4e00\u53f7\u8def",
        "type": "secondary",
        "slope": 121.72740161425665,
        "sun_diff": 1.686485441824047,
        "length": 141.69168332716416
      }
    },
    {
      "geometry": {
        "type": "LineString",
        "coordinates": [
          [
            117.1595182,
            39.1765647
          ],
          [
            117.1607729,
            39.1759796
          ]
        ]
      },
      "type": "Feature",
      "properties": {
        "name": "\u4e01\u5b57\u6cbd\u4e00\u53f7\u8def",
        "type": "secondary",
        "slope": 121.02897985663554,
        "sun_diff": 0.9880636842029418,
        "length": 126.2540589278867
      }
    },
    {
      "geometry": {
        "type": "LineString",
        "coordinates": [
          [
            117.162323,
            39.1752454
          ],
          [
            117.1633396,
            39.1747378
          ]
        ]
      },
      "type": "Feature",
      "properties": {
        "name": "\u4e01\u5b57\u6cbd\u4e00\u53f7\u8def",
        "type": "secondary",
        "slope": 122.78507535553268,
        "sun_diff": 2.7441591831000807,
        "length": 104.26822065402813
      }
    },
    {
      "geometry": {
        "type": "LineString",
        "coordinates": [
          [
            117.1550117,
            39.1788298
          ],
          [
            117.1537025,
            39.1794617
          ]
        ]
      },
      "type": "Feature",
      "properties": {
        "name": "\u4e01\u5b57\u6cbd\u4e00\u53f7\u8def",
        "type": "secondary",
        "slope": 121.90850788742665,
        "sun_diff": 1.8675917149940489,
        "length": 132.97596307711402
      }
    },
    {
      "geometry": {
        "type": "LineString",
        "coordinates": [
          [
            117.1527664,
            39.1799033
          ],
          [
            117.1512637,
            39.1806383
          ]
        ]
      },
      "type": "Feature",
      "properties": {
        "name": "\u4e01\u5b57\u6cbd\u4e00\u53f7\u8def",
        "type": "secondary",
        "slope": 122.25165451409026,
        "sun_diff": 2.2107383416576596,
        "length": 153.2014014397333
      }
    },
    {
      "geometry": {
        "type": "LineString",
        "coordinates": [
          [
            117.150085,
            39.1812025
          ],
          [
            117.1490155,
            39.1817117
          ]
        ]
      },
      "type": "Feature",
      "properties": {
        "name": "\u4e01\u5b57\u6cbd\u4e00\u53f7\u8def",
        "type": "secondary",
        "slope": 121.55908032348049,
        "sun_diff": 1.518164151047884,
        "length": 108.217074318737
      }
    },
    {
      "geometry": {
        "type": "LineString",
        "coordinates": [
          [
            117.1471734,
            39.1826071
          ],
          [
            117.1454504,
            39.1834307
          ]
        ]
      },
      "type": "Feature",
      "properties": {
        "name": "\u4e01\u5b57\u6cbd\u4e00\u53f7\u8def",
        "type": "secondary",
        "slope": 121.66119857391095,
        "sun_diff": 1.6202824014783488,
        "length": 174.528654819131
      }
    },
    {
      "geometry": {
        "type": "LineString",
        "coordinates": [
          [
            117.1634058,
            39.1840371
          ],
          [
            117.1648304,
            39.1833848
          ]
        ]
      },
      "type": "Feature",
      "properties": {
        "name": null,
        "type": "primary",
        "slope": 120.57116626758307,
        "sun_diff": 0.5302500951504641,
        "length": 142.6539570232424
      }
    },
    {
      "geometry": {
        "type": "LineString",
        "coordinates": [
          [
            117.2000349,
            39.1292663
          ],
          [
            117.1987318,
            39.1286242
          ]
        ]
      },
      "type": "Feature",
      "properties": {
        "name": "\u6ee8\u6c5f\u9053",
        "type": "tertiary",
        "slope": 57.57609854527752,
        "sun_diff": 2.426558246728888,
        "length": 133.20262130605275
      }
    },
    {
      "geometry": {
        "type": "LineString",
        "coordinates": [
          [
            117.1870774,
            39.1278866
          ],
          [
            117.1858791,
            39.1284876
          ]
        ]
      },
      "type": "Feature",
      "properties": {
        "name": "\u65b0\u534e\u8def",
        "type": "tertiary",
        "slope": 122.88436831890706,
        "sun_diff": 2.888695319536623,
        "length": 123.12349585544241
      }
    },
    {
      "geometry": {
        "type": "LineString",
        "coordinates": [
          [
            117.3279185,
            38.9838806
          ],
          [
            117.3260272,
            38.9846437
          ]
        ]
      },
      "type": "Feature",
      "properties": {
        "name": "\u540c\u781a\u8def",
        "type": "primary",
        "slope": 117.43237907748903,
        "sun_diff": 2.518310296007698,
        "length": 184.2404639747495
      }
    },
    {
      "geometry": {
        "type": "LineString",
        "coordinates": [
          [
            117.1694523,
            39.1604706
          ],
          [
            117.170963,
            39.1597417
          ]
        ]
      },
      "type": "Feature",
      "properties": {
        "name": "\u5b50\u7259\u6cb3\u5357\u8def",
        "type": "secondary",
        "slope": 121.89226602380796,
        "sun_diff": 1.8513498513753603,
        "length": 153.45727936986714
      }
    },
    {
      "geometry": {
        "type": "LineString",
        "coordinates": [
          [
            117.1784679,
            39.1189499
          ],
          [
            117.1798162,
            39.1183001
          ]
        ]
      },
      "type": "Feature",
      "properties": {
        "name": null,
        "type": "residential",
        "slope": 121.84776952295434,
        "sun_diff": 1.8520965235838958,
        "length": 136.97519258608216
      }
    },
    {
      "geometry": {
        "type": "LineString",
        "coordinates": [
          [
            117.1756256,
            39.2225172
          ],
          [
            117.1800351,
            39.2245459
          ]
        ]
      },
      "type": "Feature",
      "properties": {
        "name": "\u6d1b\u6cb3\u897f\u9053",
        "type": "tertiary",
        "slope": 59.29413376520617,
        "sun_diff": 0.6632798537380893,
        "length": 441.9128389333042
      }
    },
    {
      "geometry": {
        "type": "LineString",
        "coordinates": [
          [
            117.1748015,
            39.1138905
          ],
          [
            117.1767381,
            39.1148245
          ]
        ]
      },
      "type": "Feature",
      "properties": {
        "name": "\u978d\u5c71\u9053",
        "type": "secondary",
        "slope": 58.13493991954661,
        "sun_diff": 1.8677168724597948,
        "length": 196.78939732171884
      }
    },
    {
      "geometry": {
        "type": "LineString",
        "coordinates": [
          [
            117.1257764,
            39.2082382
          ],
          [
            117.1242048,
            39.2075765
          ]
        ]
      },
      "type": "Feature",
      "properties": {
        "name": "\u9f99\u95e8\u9053",
        "type": "secondary",
        "slope": 61.48168629744973,
        "sun_diff": 1.5242726785054685,
        "length": 154.15668788839793
      }
    },
    {
      "geometry": {
        "type": "LineString",
        "coordinates": [
          [
            117.1242048,
            39.2075765
          ],
          [
            117.1224336,
            39.2068306
          ]
        ]
      },
      "type": "Feature",
      "properties": {
        "name": "\u9f99\u95e8\u9053",
        "type": "secondary",
        "slope": 61.476744980596806,
        "sun_diff": 1.5193313616525472,
        "length": 173.7451616537607
      }
    },
    {
      "geometry": {
        "type": "LineString",
        "coordinates": [
          [
            117.1216964,
            39.2065252
          ],
          [
            117.1201339,
            39.2058645
          ]
        ]
      },
      "type": "Feature",
      "properties": {
        "name": "\u9f99\u95e8\u9053",
        "type": "secondary",
        "slope": 61.37892508489725,
        "sun_diff": 1.4215114659529888,
        "length": 153.41757480133953
      }
    },
    {
      "geometry": {
        "type": "LineString",
        "coordinates": [
          [
            117.1201339,
            39.2058645
          ],
          [
            117.1189741,
            39.2053771
          ]
        ]
      },
      "type": "Feature",
      "properties": {
        "name": "\u9f99\u95e8\u9053",
        "type": "secondary",
        "slope": 61.52761515890825,
        "sun_diff": 1.570201539963989,
        "length": 113.71780933662876
      }
    },
    {
      "geometry": {
        "type": "LineString",
        "coordinates": [
          [
            117.130697,
            39.2109977
          ],
          [
            117.1295097,
            39.2104724
          ]
        ]
      },
      "type": "Feature",
      "properties": {
        "name": "\u9f99\u5174\u6865",
        "type": "secondary",
        "slope": 60.27334997683138,
        "sun_diff": 0.31593635788712504,
        "length": 117.83276587346907
      }
    },
    {
      "geometry": {
        "type": "LineString",
        "coordinates": [
          [
            117.1309012,
            39.2109451
          ],
          [
            117.1324489,
            39.2116341
          ]
        ]
      },
      "type": "Feature",
      "properties": {
        "name": null,
        "type": "secondary",
        "slope": 60.12013935751497,
        "sun_diff": 0.16272573857071393,
        "length": 153.83431049471696
      }
    },
    {
      "geometry": {
        "type": "LineString",
        "coordinates": [
          [
            117.1295917,
            39.2103601
          ],
          [
            117.1307701,
            39.2108927
          ]
        ]
      },
      "type": "Feature",
      "properties": {
        "name": "\u9f99\u5174\u6865",
        "type": "secondary",
        "slope": 59.74422936072776,
        "sun_diff": 0.21318425821650067,
        "length": 117.5744490748098
      }
    },
    {
      "geometry": {
        "type": "LineString",
        "coordinates": [
          [
            117.1281261,
            39.1936013
          ],
          [
            117.1250179,
            39.1920771
          ]
        ]
      },
      "type": "Feature",
      "properties": {
        "name": "\u4f73\u56ed\u9053",
        "type": "residential",
        "slope": 57.67753294780957,
        "sun_diff": 2.2798806711346913,
        "length": 317.0756488487924
      }
    },
    {
      "geometry": {
        "type": "LineString",
        "coordinates": [
          [
            117.1033279,
            39.2099314
          ],
          [
            117.1013623,
            39.2090014
          ]
        ]
      },
      "type": "Feature",
      "properties": {
        "name": "\u65b0\u56ed\u8def",
        "type": "tertiary",
        "slope": 58.59081821782539,
        "sun_diff": 1.3665954011188717,
        "length": 198.49171802864282
      }
    },
    {
      "geometry": {
        "type": "LineString",
        "coordinates": [
          [
            117.1020701,
            39.2077985
          ],
          [
            117.1041319,
            39.208792
          ]
        ]
      },
      "type": "Feature",
      "properties": {
        "name": null,
        "type": "residential",
        "slope": 58.12343362153263,
        "sun_diff": 1.8339799974116318,
        "length": 209.25823216845558
      }
    },
    {
      "geometry": {
        "type": "LineString",
        "coordinates": [
          [
            117.1928747,
            39.1249357
          ],
          [
            117.1916615,
            39.1255421
          ]
        ]
      },
      "type": "Feature",
      "properties": {
        "name": "\u65b0\u534e\u8def",
        "type": "tertiary",
        "slope": 122.79418659219482,
        "sun_diff": 2.798513592824378,
        "length": 124.5330901233916
      }
    },
    {
      "geometry": {
        "type": "LineString",
        "coordinates": [
          [
            117.1478331,
            39.1834497
          ],
          [
            117.1460872,
            39.1842288
          ]
        ]
      },
      "type": "Feature",
      "properties": {
        "name": "\u6c38\u660e\u5927\u9053",
        "type": "residential",
        "slope": 119.92957878009537,
        "sun_diff": 0.11133739233723361,
        "length": 173.6889333319774
      }
    },
    {
      "geometry": {
        "type": "LineString",
        "coordinates": [
          [
            117.1466139,
            39.1866379
          ],
          [
            117.1496519,
            39.1852559
          ]
        ]
      },
      "type": "Feature",
      "properties": {
        "name": "\u4e01\u5b57\u6cbd\u96f6\u53f7\u8def",
        "type": "tertiary",
        "slope": 120.40835271463754,
        "sun_diff": 0.36743654220494193,
        "length": 303.69578377606393
      }
    },
    {
      "geometry": {
        "type": "LineString",
        "coordinates": [
          [
            117.1503573,
            39.1849351
          ],
          [
            117.1523732,
            39.1839643
          ]
        ]
      },
      "type": "Feature",
      "properties": {
        "name": "\u4e01\u5b57\u6cbd\u96f6\u53f7\u8def",
        "type": "tertiary",
        "slope": 121.85207695060936,
        "sun_diff": 1.811160778176756,
        "length": 204.61558296214181
      }
    },
    {
      "geometry": {
        "type": "LineString",
        "coordinates": [
          [
            117.1524417,
            39.1839313
          ],
          [
            117.1550148,
            39.1826927
          ]
        ]
      },
      "type": "Feature",
      "properties": {
        "name": "\u4e01\u5b57\u6cbd\u96f6\u53f7\u8def",
        "type": "tertiary",
        "slope": 121.84059179141599,
        "sun_diff": 1.799675618983386,
        "length": 261.1437099242728
      }
    },
    {
      "geometry": {
        "type": "LineString",
        "coordinates": [
          [
            117.1550148,
            39.1826927
          ],
          [
            117.1574218,
            39.1815338
          ]
        ]
      },
      "type": "Feature",
      "properties": {
        "name": "\u4e01\u5b57\u6cbd\u96f6\u53f7\u8def",
        "type": "tertiary",
        "slope": 121.84581300525758,
        "sun_diff": 1.80489683282498,
        "length": 244.30418828948237
      }
    },
    {
      "geometry": {
        "type": "LineString",
        "coordinates": [
          [
            117.1664492,
            39.1979106
          ],
          [
            117.1614384,
            39.1956907
          ]
        ]
      },
      "type": "Feature",
      "properties": {
        "name": "\u6587\u5e86\u9053",
        "type": "secondary",
        "slope": 60.24561800049091,
        "sun_diff": 0.28820438154664885,
        "length": 497.5310767972331
      }
    },
    {
      "geometry": {
        "type": "LineString",
        "coordinates": [
          [
            117.1612248,
            39.1955956
          ],
          [
            117.1586991,
            39.1944716
          ]
        ]
      },
      "type": "Feature",
      "properties": {
        "name": "\u6587\u5e86\u9053",
        "type": "secondary",
        "slope": 60.13461226967925,
        "sun_diff": 0.17719865073499363,
        "length": 251.06552088197026
      }
    },
    {
      "geometry": {
        "type": "LineString",
        "coordinates": [
          [
            117.1563401,
            39.1935132
          ],
          [
            117.1549637,
            39.1929083
          ]
        ]
      },
      "type": "Feature",
      "properties": {
        "name": "\u6587\u5e86\u9053",
        "type": "secondary",
        "slope": 60.444417989104096,
        "sun_diff": 0.48700437015983766,
        "length": 136.40202610297015
      }
    },
    {
      "geometry": {
        "type": "LineString",
        "coordinates": [
          [
            117.1549637,
            39.1929083
          ],
          [
            117.1529934,
            39.1920105
          ]
        ]
      },
      "type": "Feature",
      "properties": {
        "name": "\u6587\u5e86\u9053",
        "type": "secondary",
        "slope": 59.547357413873414,
        "sun_diff": 0.4100562050708447,
        "length": 197.03343355975264
      }
    },
    {
      "geometry": {
        "type": "LineString",
        "coordinates": [
          [
            117.1531689,
            39.1917901
          ],
          [
            117.1564871,
            39.1932919
          ]
        ]
      },
      "type": "Feature",
      "properties": {
        "name": "\u6587\u5e86\u9053",
        "type": "secondary",
        "slope": 59.71595436299779,
        "sun_diff": 0.24145925594646656,
        "length": 331.2523084709895
      }
    },
    {
      "geometry": {
        "type": "LineString",
        "coordinates": [
          [
            117.1587696,
            39.1943874
          ],
          [
            117.1613053,
            39.1955134
          ]
        ]
      },
      "type": "Feature",
      "properties": {
        "name": "\u6587\u5e86\u9053",
        "type": "secondary",
        "slope": 60.187998568139705,
        "sun_diff": 0.23058494919544614,
        "length": 251.92418320334374
      }
    },
    {
      "geometry": {
        "type": "LineString",
        "coordinates": [
          [
            117.1615206,
            39.195609
          ],
          [
            117.1665027,
            39.1978176
          ]
        ]
      },
      "type": "Feature",
      "properties": {
        "name": "\u6587\u5e86\u9053",
        "type": "secondary",
        "slope": 60.22904966331282,
        "sun_diff": 0.27163604436856303,
        "length": 494.759983901104
      }
    },
    {
      "geometry": {
        "type": "LineString",
        "coordinates": [
          [
            117.107646,
            39.2289454
          ],
          [
            117.1065953,
            39.229394
          ]
        ]
      },
      "type": "Feature",
      "properties": {
        "name": null,
        "type": "unclassified",
        "slope": 118.86258024600002,
        "sun_diff": 1.178335926432581,
        "length": 103.37008172505287
      }
    },
    {
      "geometry": {
        "type": "LineString",
        "coordinates": [
          [
            117.1485748,
            39.1817725
          ],
          [
            117.1500815,
            39.1810576
          ]
        ]
      },
      "type": "Feature",
      "properties": {
        "name": "\u4e01\u5b57\u6cbd\u4e00\u53f7\u8def",
        "type": "secondary",
        "slope": 121.47129817257519,
        "sun_diff": 1.4303820001425862,
        "length": 152.31234126212885
      }
    },
    {
      "geometry": {
        "type": "LineString",
        "coordinates": [
          [
            117.1510714,
            39.1805919
          ],
          [
            117.1527004,
            39.1798177
          ]
        ]
      },
      "type": "Feature",
      "properties": {
        "name": "\u4e01\u5b57\u6cbd\u4e00\u53f7\u8def",
        "type": "secondary",
        "slope": 121.51278206982164,
        "sun_diff": 1.471865897389037,
        "length": 164.7515649416275
      }
    },
    {
      "geometry": {
        "type": "LineString",
        "coordinates": [
          [
            117.1527004,
            39.1798177
          ],
          [
            117.1543087,
            39.1790517
          ]
        ]
      },
      "type": "Feature",
      "properties": {
        "name": "\u4e01\u5b57\u6cbd\u4e00\u53f7\u8def",
        "type": "secondary",
        "slope": 121.56718082075841,
        "sun_diff": 1.5262646483258067,
        "length": 162.75463071883973
      }
    },
    {
      "geometry": {
        "type": "LineString",
        "coordinates": [
          [
            117.1790058,
            39.219805
          ],
          [
            117.1826463,
            39.2214946
          ]
        ]
      },
      "type": "Feature",
      "properties": {
        "name": "\u6dee\u6cb3\u4e2d\u9053",
        "type": "tertiary",
        "slope": 59.07499596720936,
        "sun_diff": 0.8824176517348974,
        "length": 365.69344615955856
      }
    },
    {
      "geometry": {
        "type": "LineString",
        "coordinates": [
          [
            117.1460435,
            39.2088514
          ],
          [
            117.1491918,
            39.2102524
          ]
        ]
      },
      "type": "Feature",
      "properties": {
        "name": null,
        "type": "tertiary",
        "slope": 60.13033675306164,
        "sun_diff": 0.17292313411738292,
        "length": 312.90199744699015
      }
    },
    {
      "geometry": {
        "type": "LineString",
        "coordinates": [
          [
            117.1491918,
            39.2102524
          ],
          [
            117.1516637,
            39.2113523
          ]
        ]
      },
      "type": "Feature",
      "properties": {
        "name": null,
        "type": "tertiary",
        "slope": 60.13221232264837,
        "sun_diff": 0.17479870370411277,
        "length": 245.66735898264957
      }
    },
    {
      "geometry": {
        "type": "LineString",
        "coordinates": [
          [
            117.1388498,
            39.218564
          ],
          [
            117.144975,
            39.2213062
          ]
        ]
      },
      "type": "Feature",
      "properties": {
        "name": null,
        "type": "service",
        "slope": 59.97710687143632,
        "sun_diff": 0.01969325249206122,
        "length": 609.6159876567431
      }
    },
    {
      "geometry": {
        "type": "LineString",
        "coordinates": [
          [
            117.1315479,
            39.1980036
          ],
          [
            117.1302534,
            39.1974083
          ]
        ]
      },
      "type": "Feature",
      "properties": {
        "name": null,
        "type": "unclassified",
        "slope": 59.3151253687696,
        "sun_diff": 0.6422882501746585,
        "length": 129.75278836207
      }
    },
    {
      "geometry": {
        "type": "LineString",
        "coordinates": [
          [
            117.1328357,
            39.1882117
          ],
          [
            117.135592,
            39.1868727
          ]
        ]
      },
      "type": "Feature",
      "properties": {
        "name": "\u660c\u56fe\u9053",
        "type": "tertiary",
        "slope": 122.07790526446766,
        "sun_diff": 2.036989092035057,
        "length": 280.4436407003273
      }
    },
    {
      "geometry": {
        "type": "LineString",
        "coordinates": [
          [
            117.135592,
            39.1868727
          ],
          [
            117.1379037,
            39.1857495
          ]
        ]
      },
      "type": "Feature",
      "properties": {
        "name": "\u660c\u56fe\u9053",
        "type": "tertiary",
        "slope": 122.08173985968091,
        "sun_diff": 2.040823687248306,
        "length": 235.22107055396438
      }
    },
    {
      "geometry": {
        "type": "LineString",
        "coordinates": [
          [
            117.1346757,
            39.1856898
          ],
          [
            117.1369314,
            39.1845977
          ]
        ]
      },
      "type": "Feature",
      "properties": {
        "name": "\u5f00\u6e90\u9053",
        "type": "residential",
        "slope": 121.98968822714002,
        "sun_diff": 1.948772054707419,
        "length": 229.29610030036997
      }
    },
    {
      "geometry": {
        "type": "LineString",
        "coordinates": [
          [
            117.1370009,
            39.1845614
          ],
          [
            117.13936,
            39.1834199
          ]
        ]
      },
      "type": "Feature",
      "properties": {
        "name": "\u5f00\u6e90\u9053",
        "type": "residential",
        "slope": 121.97435035716165,
        "sun_diff": 1.9334341847290517,
        "length": 239.77077673779243
      }
    },
    {
      "geometry": {
        "type": "LineString",
        "coordinates": [
          [
            117.13936,
            39.1834199
          ],
          [
            117.1403581,
            39.1829369
          ]
        ]
      },
      "type": "Feature",
      "properties": {
        "name": "\u5f00\u6e90\u9053",
        "type": "residential",
        "slope": 121.9767520601169,
        "sun_diff": 1.9358358876842914,
        "length": 101.44713065133944
      }
    },
    {
      "geometry": {
        "type": "LineString",
        "coordinates": [
          [
            117.1088133,
            39.2376014
          ],
          [
            117.1100774,
            39.2382074
          ]
        ]
      },
      "type": "Feature",
      "properties": {
        "name": null,
        "type": "tertiary",
        "slope": 58.24448159435542,
        "sun_diff": 1.712932024588838,
        "length": 128.07528876141706
      }
    },
    {
      "geometry": {
        "type": "LineString",
        "coordinates": [
          [
            117.2004104,
            39.2149247
          ],
          [
            117.1963393,
            39.2128769
          ]
        ]
      },
      "type": "Feature",
      "properties": {
        "name": "\u6c7e\u6cb3\u5357\u9053",
        "type": "secondary",
        "slope": 57.007988025108915,
        "sun_diff": 2.9494255938353433,
        "length": 418.30095422951365
      }
    },
    {
      "geometry": {
        "type": "LineString",
        "coordinates": [
          [
            117.1589964,
            39.2068505
          ],
          [
            117.157941,
            39.2063634
          ]
        ]
      },
      "type": "Feature",
      "properties": {
        "name": "\u5929\u5141\u9053",
        "type": "tertiary",
        "slope": 59.221096245988605,
        "sun_diff": 0.7363173729556536,
        "length": 105.8766870963332
      }
    },
    {
      "geometry": {
        "type": "LineString",
        "coordinates": [
          [
            117.1516076,
            39.2042527
          ],
          [
            117.1505954,
            39.2037959
          ]
        ]
      },
      "type": "Feature",
      "properties": {
        "name": "\u5929\u5141\u9053",
        "type": "tertiary",
        "slope": 59.78397916929512,
        "sun_diff": 0.173434449649136,
        "length": 100.96074334277084
      }
    },
    {
      "geometry": {
        "type": "LineString",
        "coordinates": [
          [
            117.0967235,
            38.9787894
          ],
          [
            117.0946041,
            38.9778523
          ]
        ]
      },
      "type": "Feature",
      "properties": {
        "name": "\u5e38\u6d77\u9053",
        "type": "tertiary",
        "slope": 60.37020211266267,
        "sun_diff": 0.3225480344042069,
        "length": 210.82973454750714
      }
    },
    {
      "geometry": {
        "type": "LineString",
        "coordinates": [
          [
            117.0946041,
            38.9778523
          ],
          [
            117.0916689,
            38.9793029
          ]
        ]
      },
      "type": "Feature",
      "properties": {
        "name": "\u9876\u6e56\u8def",
        "type": "tertiary",
        "slope": 122.44580324903797,
        "sun_diff": 2.495113875541236,
        "length": 300.7468660900985
      }
    },
    {
      "geometry": {
        "type": "LineString",
        "coordinates": [
          [
            117.0916689,
            38.9793029
          ],
          [
            117.0898348,
            38.9802139
          ]
        ]
      },
      "type": "Feature",
      "properties": {
        "name": "\u9876\u6e56\u8def",
        "type": "tertiary",
        "slope": 122.57681241852913,
        "sun_diff": 2.6261230450324007,
        "length": 188.19694012147218
      }
    },
    {
      "geometry": {
        "type": "LineString",
        "coordinates": [
          [
            117.083018,
            38.9830549
          ],
          [
            117.0785588,
            38.9850896
          ]
        ]
      },
      "type": "Feature",
      "properties": {
        "name": "\u9876\u6e56\u8def",
        "type": "tertiary",
        "slope": 120.41358150144151,
        "sun_diff": 0.46289212794478374,
        "length": 447.06574834735767
      }
    },
    {
      "geometry": {
        "type": "LineString",
        "coordinates": [
          [
            117.181363,
            39.163162
          ],
          [
            117.1786101,
            39.1619594
          ]
        ]
      },
      "type": "Feature",
      "properties": {
        "name": "\u5fd7\u6210\u8def",
        "type": "residential",
        "slope": 60.602620165132265,
        "sun_diff": 0.6452065461880068,
        "length": 272.5075652650316
      }
    },
    {
      "geometry": {
        "type": "LineString",
        "coordinates": [
          [
            117.2740168,
            39.0091779
          ],
          [
            117.2761912,
            39.0102329
          ]
        ]
      },
      "type": "Feature",
      "properties": {
        "name": "\u666f\u83b2\u9053",
        "type": "residential",
        "slope": 58.01873072381548,
        "sun_diff": 2.0289233544429806,
        "length": 221.56117555246988
      }
    },
    {
      "geometry": {
        "type": "LineString",
        "coordinates": [
          [
            117.2774476,
            39.0108758
          ],
          [
            117.2788764,
            39.0115936
          ]
        ]
      },
      "type": "Feature",
      "properties": {
        "name": "\u666f\u83b2\u9053",
        "type": "residential",
        "slope": 57.11540296968673,
        "sun_diff": 2.9322511085717338,
        "length": 147.05083200363026
      }
    },
    {
      "geometry": {
        "type": "LineString",
        "coordinates": [
          [
            117.2761512,
            39.0103032
          ],
          [
            117.273966,
            39.0092401
          ]
        ]
      },
      "type": "Feature",
      "properties": {
        "name": "\u666f\u83b2\u9053",
        "type": "residential",
        "slope": 57.949711978549885,
        "sun_diff": 2.0979420997085754,
        "length": 222.83014188310867
      }
    },
    {
      "geometry": {
        "type": "LineString",
        "coordinates": [
          [
            117.2515192,
            39.1183129
          ],
          [
            117.2535509,
            39.1173423
          ]
        ]
      },
      "type": "Feature",
      "properties": {
        "name": "\u7433\u79d1\u4e2d\u8def",
        "type": "tertiary",
        "slope": 121.6224166585576,
        "sun_diff": 1.6267436591871558,
        "length": 205.90349863728633
      }
    },
    {
      "geometry": {
        "type": "LineString",
        "coordinates": [
          [
            117.1313301,
            39.2148835
          ],
          [
            117.1333917,
            39.215849
          ]
        ]
      },
      "type": "Feature",
      "properties": {
        "name": "\u679c\u56ed\u5357\u9053",
        "type": "residential",
        "slope": 58.8482659051821,
        "sun_diff": 1.1091477137621553,
        "length": 207.6003162494089
      }
    },
    {
      "geometry": {
        "type": "LineString",
        "coordinates": [
          [
            117.1343271,
            39.2162951
          ],
          [
            117.1353395,
            39.2167639
          ]
        ]
      },
      "type": "Feature",
      "properties": {
        "name": "\u679c\u56ed\u5357\u9053",
        "type": "residential",
        "slope": 59.134094159131934,
        "sun_diff": 0.8233194598123248,
        "length": 101.64048233133494
      }
    },
    {
      "geometry": {
        "type": "LineString",
        "coordinates": [
          [
            117.1364241,
            39.2172519
          ],
          [
            117.1387466,
            39.2183079
          ]
        ]
      },
      "type": "Feature",
      "properties": {
        "name": "\u679c\u56ed\u5357\u9053",
        "type": "residential",
        "slope": 59.59209291542291,
        "sun_diff": 0.3653207035213484,
        "length": 232.0630513557373
      }
    },
    {
      "geometry": {
        "type": "LineString",
        "coordinates": [
          [
            117.1172687,
            39.0835257
          ],
          [
            117.1195622,
            39.0846401
          ]
        ]
      },
      "type": "Feature",
      "properties": {
        "name": "\u8fce\u6c34\u9053",
        "type": "secondary",
        "slope": 57.95427982973703,
        "sun_diff": 2.048376962269373,
        "length": 233.6151684636755
      }
    },
    {
      "geometry": {
        "type": "LineString",
        "coordinates": [
          [
            117.11925,
            39.2149273
          ],
          [
            117.1151022,
            39.2128554
          ]
        ]
      },
      "type": "Feature",
      "properties": {
        "name": "\u5317\u8fb0\u9053",
        "type": "primary",
        "slope": 57.18999157417886,
        "sun_diff": 2.7674220447653965,
        "length": 425.3069105889716
      }
    },
    {
      "geometry": {
        "type": "LineString",
        "coordinates": [
          [
            117.1488897,
            39.2273729
          ],
          [
            117.1478256,
            39.2269207
          ]
        ]
      },
      "type": "Feature",
      "properties": {
        "name": null,
        "type": "residential",
        "slope": 61.25148267350502,
        "sun_diff": 1.2940690545607652,
        "length": 104.57703358971405
      }
    },
    {
      "geometry": {
        "type": "LineString",
        "coordinates": [
          [
            117.1471389,
            39.2266195
          ],
          [
            117.1456917,
            39.2260233
          ]
        ]
      },
      "type": "Feature",
      "properties": {
        "name": null,
        "type": "residential",
        "slope": 61.99565708758979,
        "sun_diff": 2.0382434686455326,
        "length": 141.23444364049925
      }
    },
    {
      "geometry": {
        "type": "LineString",
        "coordinates": [
          [
            117.1648605,
            39.2399383
          ],
          [
            117.162807,
            39.2390339
          ]
        ]
      },
      "type": "Feature",
      "properties": {
        "name": "\u5317\u8fb0\u9053",
        "type": "primary",
        "slope": 60.37574639016131,
        "sun_diff": 0.41833277121705237,
        "length": 203.5075049097616
      }
    },
    {
      "geometry": {
        "type": "LineString",
        "coordinates": [
          [
            117.162807,
            39.2390339
          ],
          [
            117.1611353,
            39.2382953
          ]
        ]
      },
      "type": "Feature",
      "properties": {
        "name": "\u5317\u8fb0\u9053",
        "type": "primary",
        "slope": 60.297421051871254,
        "sun_diff": 0.34000743292699553,
        "length": 165.8010069297643
      }
    },
    {
      "geometry": {
        "type": "LineString",
        "coordinates": [
          [
            117.1611353,
            39.2382953
          ],
          [
            117.1594161,
            39.2375172
          ]
        ]
      },
      "type": "Feature",
      "properties": {
        "name": "\u5317\u8fb0\u9053",
        "type": "primary",
        "slope": 59.70026656832147,
        "sun_diff": 0.2571470506227911,
        "length": 171.54316325538187
      }
    },
    {
      "geometry": {
        "type": "LineString",
        "coordinates": [
          [
            117.1594161,
            39.2375172
          ],
          [
            117.1554985,
            39.2357442
          ]
        ]
      },
      "type": "Feature",
      "properties": {
        "name": "\u5317\u8fb0\u9053",
        "type": "primary",
        "slope": 59.70206778668998,
        "sun_diff": 0.2553458322542781,
        "length": 390.90192075830515
      }
    },
    {
      "geometry": {
        "type": "LineString",
        "coordinates": [
          [
            117.1551789,
            39.2355995
          ],
          [
            117.1533024,
            39.2347736
          ]
        ]
      },
      "type": "Feature",
      "properties": {
        "name": "\u5317\u8fb0\u9053",
        "type": "primary",
        "slope": 60.393505018206326,
        "sun_diff": 0.4360913992620681,
        "length": 185.94492533922053
      }
    },
    {
      "geometry": {
        "type": "LineString",
        "coordinates": [
          [
            117.1216085,
            39.1911454
          ],
          [
            117.1246265,
            39.1925819
          ]
        ]
      },
      "type": "Feature",
      "properties": {
        "name": "\u4f73\u56ed\u91cc\u793e\u533a\u5546\u4e1a\u8857",
        "type": "tertiary",
        "slope": 58.444099239754195,
        "sun_diff": 1.5133143791900636,
        "length": 305.3193613654994
      }
    },
    {
      "geometry": {
        "type": "LineString",
        "coordinates": [
          [
            117.1406962,
            39.1833861
          ],
          [
            117.1397021,
            39.1838571
          ]
        ]
      },
      "type": "Feature",
      "properties": {
        "name": "\u6e05\u6e90\u9053",
        "type": "residential",
        "slope": 121.4354531832893,
        "sun_diff": 1.3945370108566948,
        "length": 100.4517611236945
      }
    },
    {
      "geometry": {
        "type": "LineString",
        "coordinates": [
          [
            117.1825162,
            39.2335065
          ],
          [
            117.1765135,
            39.2307427
          ]
        ]
      },
      "type": "Feature",
      "properties": {
        "name": "\u9f99\u95e8\u4e1c\u9053",
        "type": "tertiary",
        "slope": 59.27270769898786,
        "sun_diff": 0.6847059199564001,
        "length": 601.6460909875187
      }
    },
    {
      "geometry": {
        "type": "LineString",
        "coordinates": [
          [
            117.1765135,
            39.2307427
          ],
          [
            117.1753613,
            39.2302174
          ]
        ]
      },
      "type": "Feature",
      "properties": {
        "name": "\u9f99\u95e8\u4e1c\u9053",
        "type": "tertiary",
        "slope": 59.520341397782204,
        "sun_diff": 0.4370722211620546,
        "length": 115.19150852862748
      }
    },
    {
      "geometry": {
        "type": "LineString",
        "coordinates": [
          [
            117.1752334,
            39.2301555
          ],
          [
            117.1739477,
            39.2295541
          ]
        ]
      },
      "type": "Feature",
      "properties": {
        "name": "\u9f99\u95e8\u4e1c\u9053",
        "type": "tertiary",
        "slope": 58.8739176525456,
        "sun_diff": 1.083495966398658,
        "length": 129.40689988110054
      }
    },
    {
      "geometry": {
        "type": "LineString",
        "coordinates": [
          [
            117.1739477,
            39.2295541
          ],
          [
            117.1711921,
            39.2282652
          ]
        ]
      },
      "type": "Feature",
      "properties": {
        "name": "\u9f99\u95e8\u4e1c\u9053",
        "type": "tertiary",
        "slope": 58.875593585629645,
        "sun_diff": 1.0818200333146137,
        "length": 277.352900434904
      }
    },
    {
      "geometry": {
        "type": "LineString",
        "coordinates": [
          [
            117.1710642,
            39.228205
          ],
          [
            117.1658183,
            39.2258032
          ]
        ]
      },
      "type": "Feature",
      "properties": {
        "name": "\u9f99\u95e8\u4e1c\u9053",
        "type": "tertiary",
        "slope": 59.415852427834864,
        "sun_diff": 0.5415611911093947,
        "length": 525.0525157288995
      }
    },
    {
      "geometry": {
        "type": "LineString",
        "coordinates": [
          [
            117.1658183,
            39.2258032
          ],
          [
            117.163497,
            39.2247553
          ]
        ]
      },
      "type": "Feature",
      "properties": {
        "name": "\u9f99\u95e8\u4e1c\u9053",
        "type": "tertiary",
        "slope": 59.7691491227537,
        "sun_diff": 0.18826449619055552,
        "length": 231.5005148390601
      }
    },
    {
      "geometry": {
        "type": "LineString",
        "coordinates": [
          [
            117.163497,
            39.2247553
          ],
          [
            117.1610695,
            39.2236595
          ]
        ]
      },
      "type": "Feature",
      "properties": {
        "name": "\u9f99\u95e8\u4e1c\u9053",
        "type": "tertiary",
        "slope": 59.77048581813028,
        "sun_diff": 0.18692780081397586,
        "length": 242.0921423969913
      }
    },
    {
      "geometry": {
        "type": "LineString",
        "coordinates": [
          [
            117.1611431,
            39.2235562
          ],
          [
            117.1711374,
            39.2281056
          ]
        ]
      },
      "type": "Feature",
      "properties": {
        "name": "\u9f99\u95e8\u4e1c\u9053",
        "type": "tertiary",
        "slope": 59.56016831231082,
        "sun_diff": 0.3972453066334367,
        "length": 998.8313795480445
      }
    },
    {
      "geometry": {
        "type": "LineString",
        "coordinates": [
          [
            117.171267,
            39.2281681
          ],
          [
            117.1740075,
            39.229433
          ]
        ]
      },
      "type": "Feature",
      "properties": {
        "name": "\u9f99\u95e8\u4e1c\u9053",
        "type": "tertiary",
        "slope": 59.2113478762613,
        "sun_diff": 0.7460657426829584,
        "length": 274.86432314065763
      }
    },
    {
      "geometry": {
        "type": "LineString",
        "coordinates": [
          [
            117.1740075,
            39.229433
          ],
          [
            117.1753274,
            39.2300422
          ]
        ]
      },
      "type": "Feature",
      "properties": {
        "name": "\u9f99\u95e8\u4e1c\u9053",
        "type": "tertiary",
        "slope": 59.21156544290554,
        "sun_diff": 0.7458481760387201,
        "length": 132.38029528187027
      }
    },
    {
      "geometry": {
        "type": "LineString",
        "coordinates": [
          [
            117.1754682,
            39.230106
          ],
          [
            117.1766129,
            39.2306333
          ]
        ]
      },
      "type": "Feature",
      "properties": {
        "name": "\u9f99\u95e8\u4e1c\u9053",
        "type": "tertiary",
        "slope": 59.260802155194,
        "sun_diff": 0.6966114637502585,
        "length": 114.74875925655628
      }
    },
    {
      "geometry": {
        "type": "LineString",
        "coordinates": [
          [
            117.1766129,
            39.2306333
          ],
          [
            117.1796048,
            39.2320116
          ]
        ]
      },
      "type": "Feature",
      "properties": {
        "name": "\u9f99\u95e8\u4e1c\u9053",
        "type": "tertiary",
        "slope": 59.25853453110679,
        "sun_diff": 0.6988790878374687,
        "length": 299.921104282042
      }
    },
    {
      "geometry": {
        "type": "LineString",
        "coordinates": [
          [
            117.1796048,
            39.2320116
          ],
          [
            117.1823428,
            39.2332483
          ]
        ]
      },
      "type": "Feature",
      "properties": {
        "name": "\u9f99\u95e8\u4e1c\u9053",
        "type": "tertiary",
        "slope": 59.75222146127453,
        "sun_diff": 0.2051921576697282,
        "length": 273.074814645237
      }
    },
    {
      "geometry": {
        "type": "LineString",
        "coordinates": [
          [
            117.1799552,
            39.2246343
          ],
          [
            117.1755575,
            39.2226048
          ]
        ]
      },
      "type": "Feature",
      "properties": {
        "name": "\u6d1b\u6cb3\u897f\u9053",
        "type": "tertiary",
        "slope": 59.21744938198711,
        "sun_diff": 0.7399642369571495,
        "length": 441.0840370152046
      }
    },
    {
      "geometry": {
        "type": "LineString",
        "coordinates": [
          [
            117.1354261,
            39.1831844
          ],
          [
            117.133671,
            39.1840207
          ]
        ]
      },
      "type": "Feature",
      "properties": {
        "name": "\u4e01\u5b57\u6cbd\u4e09\u53f7\u8def",
        "type": "primary",
        "slope": 121.58067084658748,
        "sun_diff": 1.539754674154878,
        "length": 177.62491978789504
      }
    },
    {
      "geometry": {
        "type": "LineString",
        "coordinates": [
          [
            117.1398477,
            39.178336
          ],
          [
            117.1413043,
            39.1776392
          ]
        ]
      },
      "type": "Feature",
      "properties": {
        "name": "\u5174\u57ce\u5357\u9053",
        "type": "residential",
        "slope": 121.67894277475008,
        "sun_diff": 1.6380266023174812,
        "length": 147.58326598765603
      }
    },
    {
      "geometry": {
        "type": "LineString",
        "coordinates": [
          [
            117.2485873,
            39.1171783
          ],
          [
            117.2532073,
            39.1150374
          ]
        ]
      },
      "type": "Feature",
      "properties": {
        "name": "\u65b0\u9614\u8def",
        "type": "secondary",
        "slope": 120.8479469977392,
        "sun_diff": 0.8522739983687586,
        "length": 464.4055520393149
      }
    },
    {
      "geometry": {
        "type": "LineString",
        "coordinates": [
          [
            117.2580939,
            39.0116399
          ],
          [
            117.2563657,
            39.0123327
          ]
        ]
      },
      "type": "Feature",
      "properties": {
        "name": "\u68a8\u53cc\u8def",
        "type": "primary",
        "slope": 117.29036324614253,
        "sun_diff": 2.660326127354196,
        "length": 168.07047249553915
      }
    },
    {
      "geometry": {
        "type": "LineString",
        "coordinates": [
          [
            117.2563657,
            39.0123327
          ],
          [
            117.2547422,
            39.0129989
          ]
        ]
      },
      "type": "Feature",
      "properties": {
        "name": "\u68a8\u53cc\u8def",
        "type": "primary",
        "slope": 117.83926316297473,
        "sun_diff": 2.111426210521998,
        "length": 158.67825426079068
      }
    },
    {
      "geometry": {
        "type": "LineString",
        "coordinates": [
          [
            117.2294044,
            39.0245474
          ],
          [
            117.2278204,
            39.0252607
          ]
        ]
      },
      "type": "Feature",
      "properties": {
        "name": null,
        "type": "primary",
        "slope": 120.09893895404471,
        "sun_diff": 0.14824958054798287,
        "length": 158.20812701861195
      }
    },
    {
      "geometry": {
        "type": "LineString",
        "coordinates": [
          [
            117.2631508,
            39.0095483
          ],
          [
            117.2609984,
            39.0104651
          ]
        ]
      },
      "type": "Feature",
      "properties": {
        "name": "\u6cfd\u6e56\u8def",
        "type": "primary",
        "slope": 118.73012086889347,
        "sun_diff": 1.2205685046032642,
        "length": 212.1474851593163
      }
    },
    {
      "geometry": {
        "type": "LineString",
        "coordinates": [
          [
            117.2609984,
            39.0104651
          ],
          [
            117.2591275,
            39.0112092
          ]
        ]
      },
      "type": "Feature",
      "properties": {
        "name": "\u6cfd\u6e56\u8def",
        "type": "primary",
        "slope": 117.10586376209633,
        "sun_diff": 2.8448256114003954,
        "length": 181.6504005612532
      }
    },
    {
      "geometry": {
        "type": "LineString",
        "coordinates": [
          [
            117.2562616,
            39.1149436
          ],
          [
            117.2574948,
            39.114338
          ]
        ]
      },
      "type": "Feature",
      "properties": {
        "name": null,
        "type": "residential",
        "slope": 122.33078724246414,
        "sun_diff": 2.335114243093699,
        "length": 125.95319026801988
      }
    },
    {
      "geometry": {
        "type": "LineString",
        "coordinates": [
          [
            117.2582668,
            39.1130575
          ],
          [
            117.2557131,
            39.1142696
          ]
        ]
      },
      "type": "Feature",
      "properties": {
        "name": null,
        "type": "tertiary",
        "slope": 121.4559064400024,
        "sun_diff": 1.4602334406319528,
        "length": 258.3587817031904
      }
    },
    {
      "geometry": {
        "type": "LineString",
        "coordinates": [
          [
            117.2658095,
            39.1010646
          ],
          [
            117.2641976,
            39.1018516
          ]
        ]
      },
      "type": "Feature",
      "properties": {
        "name": "\u4e2d\u5c71\u95e8\u56db\u53f7\u8def",
        "type": "residential",
        "slope": 122.17641613318469,
        "sun_diff": 2.1807431338142464,
        "length": 164.38241981858738
      }
    },
    {
      "geometry": {
        "type": "LineString",
        "coordinates": [
          [
            117.2556301,
            39.1114498
          ],
          [
            117.2568808,
            39.110841
          ]
        ]
      },
      "type": "Feature",
      "properties": {
        "name": "\u5e7f\u745e\u8def",
        "type": "secondary",
        "slope": 122.10155160761911,
        "sun_diff": 2.1058786082486733,
        "length": 127.4252359804007
      }
    },
    {
      "geometry": {
        "type": "LineString",
        "coordinates": [
          [
            117.2568808,
            39.110841
          ],
          [
            117.2581593,
            39.1102062
          ]
        ]
      },
      "type": "Feature",
      "properties": {
        "name": "\u5e7f\u745e\u8def",
        "type": "secondary",
        "slope": 122.6151341529019,
        "sun_diff": 2.6194611535314607,
        "length": 131.0006516498795
      }
    },
    {
      "geometry": {
        "type": "LineString",
        "coordinates": [
          [
            117.259108,
            39.1097508
          ],
          [
            117.2607313,
            39.1089716
          ]
        ]
      },
      "type": "Feature",
      "properties": {
        "name": "\u5e7f\u745e\u8def",
        "type": "secondary",
        "slope": 121.74139670076414,
        "sun_diff": 1.7457237013937004,
        "length": 164.7447399812812
      }
    },
    {
      "geometry": {
        "type": "LineString",
        "coordinates": [
          [
            117.226965,
            39.1245891
          ],
          [
            117.2318535,
            39.1222496
          ]
        ]
      },
      "type": "Feature",
      "properties": {
        "name": null,
        "type": "residential",
        "slope": 121.66937936675279,
        "sun_diff": 1.6737063673823513,
        "length": 495.6394291298106
      }
    },
    {
      "geometry": {
        "type": "LineString",
        "coordinates": [
          [
            117.1063004,
            39.1379688
          ],
          [
            117.1039647,
            39.1368001
          ]
        ]
      },
      "type": "Feature",
      "properties": {
        "name": null,
        "type": "residential",
        "slope": 57.174052894585714,
        "sun_diff": 2.8286038974206917,
        "length": 239.8011921435614
      }
    },
    {
      "geometry": {
        "type": "LineString",
        "coordinates": [
          [
            117.0791623,
            39.1869383
          ],
          [
            117.0777424,
            39.1875392
          ]
        ]
      },
      "type": "Feature",
      "properties": {
        "name": "\u6d25\u9738\u7ebf",
        "type": "primary",
        "slope": 118.63477292288479,
        "sun_diff": 1.4061432495478101,
        "length": 139.4716051526811
      }
    },
    {
      "geometry": {
        "type": "LineString",
        "coordinates": [
          [
            117.0755146,
            39.18856
          ],
          [
            117.0739856,
            39.1892879
          ]
        ]
      },
      "type": "Feature",
      "properties": {
        "name": "\u6d25\u9738\u7ebf",
        "type": "primary",
        "slope": 121.55928270174434,
        "sun_diff": 1.5183665293117343,
        "length": 154.69529547561365
      }
    },
    {
      "geometry": {
        "type": "LineString",
        "coordinates": [
          [
            117.0739856,
            39.1892879
          ],
          [
            117.0707951,
            39.1907948
          ]
        ]
      },
      "type": "Feature",
      "properties": {
        "name": "\u6d25\u9738\u7ebf",
        "type": "primary",
        "slope": 121.35788016520871,
        "sun_diff": 1.3169639927761096,
        "length": 322.09711229890826
      }
    },
    {
      "geometry": {
        "type": "LineString",
        "coordinates": [
          [
            117.0468055,
            39.1934409
          ],
          [
            117.0447227,
            39.1925554
          ]
        ]
      },
      "type": "Feature",
      "properties": {
        "name": "\u6d25\u9738\u7ebf",
        "type": "primary",
        "slope": 61.252575155794034,
        "sun_diff": 1.2951615368497755,
        "length": 204.78983373710545
      }
    },
    {
      "geometry": {
        "type": "LineString",
        "coordinates": [
          [
            117.330676,
            39.0242984
          ],
          [
            117.3331531,
            39.0232716
          ]
        ]
      },
      "type": "Feature",
      "properties": {
        "name": "\u5409\u6cf0\u9053",
        "type": "tertiary",
        "slope": 118.08256215917527,
        "sun_diff": 1.8681272143214613,
        "length": 242.61657308845736
      }
    },
    {
      "geometry": {
        "type": "LineString",
        "coordinates": [
          [
            117.3248771,
            39.051153
          ],
          [
            117.3260238,
            39.0506769
          ]
        ]
      },
      "type": "Feature",
      "properties": {
        "name": "\u56fd\u5c55\u5927\u9053",
        "type": "primary",
        "slope": 118.13050459551101,
        "sun_diff": 1.8651684038594283,
        "length": 112.31912356425218
      }
    },
    {
      "geometry": {
        "type": "LineString",
        "coordinates": [
          [
            117.3139266,
            38.9551688
          ],
          [
            117.316392,
            38.9540136
          ]
        ]
      },
      "type": "Feature",
      "properties": {
        "name": "\u6d25\u6e2f\u516c\u8def",
        "type": "primary",
        "slope": 121.07060266521401,
        "sun_diff": 1.1199132917172818,
        "length": 248.9700581409747
      }
    },
    {
      "geometry": {
        "type": "LineString",
        "coordinates": [
          [
            117.3420557,
            39.0546152
          ],
          [
            117.3408071,
            39.0551142
          ]
        ]
      },
      "type": "Feature",
      "properties": {
        "name": null,
        "type": "residential",
        "slope": 117.23268359374384,
        "sun_diff": 2.7629894056265982,
        "length": 121.29198017010408
      }
    },
    {
      "geometry": {
        "type": "LineString",
        "coordinates": [
          [
            117.3408071,
            39.0551142
          ],
          [
            117.3380618,
            39.056244
          ]
        ]
      },
      "type": "Feature",
      "properties": {
        "name": null,
        "type": "residential",
        "slope": 117.9224363781455,
        "sun_diff": 2.073236621224936,
        "length": 268.3637223573277
      }
    },
    {
      "geometry": {
        "type": "LineString",
        "coordinates": [
          [
            117.1089701,
            39.0075409
          ],
          [
            117.1101051,
            39.0070184
          ]
        ]
      },
      "type": "Feature",
      "properties": {
        "name": "\u8d5b\u8fbe\u5927\u9053",
        "type": "primary",
        "slope": 120.64341876766093,
        "sun_diff": 0.6927293941642034,
        "length": 114.02426044928728
      }
    },
    {
      "geometry": {
        "type": "LineString",
        "coordinates": [
          [
            117.1101051,
            39.0070184
          ],
          [
            117.1122483,
            39.0060817
          ]
        ]
      },
      "type": "Feature",
      "properties": {
        "name": "\u8d5b\u8fbe\u5927\u9053",
        "type": "primary",
        "slope": 119.3549367962901,
        "sun_diff": 0.5957525772066248,
        "length": 212.53478578854788
      }
    },
    {
      "geometry": {
        "type": "LineString",
        "coordinates": [
          [
            117.340557,
            38.9368794
          ],
          [
            117.3378762,
            38.9381312
          ]
        ]
      },
      "type": "Feature",
      "properties": {
        "name": "\u9601\u69ad\u8def",
        "type": "tertiary",
        "slope": 120.9775730937657,
        "sun_diff": 1.0716214593325475,
        "length": 270.5221038923817
      }
    },
    {
      "geometry": {
        "type": "LineString",
        "coordinates": [
          [
            117.334522,
            38.9400725
          ],
          [
            117.3333103,
            38.9406518
          ]
        ]
      },
      "type": "Feature",
      "properties": {
        "name": "\u9601\u69ad\u8def",
        "type": "tertiary",
        "slope": 121.57778968569934,
        "sun_diff": 1.6718380512661923,
        "length": 123.0496170809795
      }
    },
    {
      "geometry": {
        "type": "LineString",
        "coordinates": [
          [
            117.3332774,
            38.9405743
          ],
          [
            117.3344591,
            38.9400235
          ]
        ]
      },
      "type": "Feature",
      "properties": {
        "name": "\u9601\u69ad\u8def",
        "type": "tertiary",
        "slope": 120.93263273165402,
        "sun_diff": 1.026681097220873,
        "length": 119.1861011054611
      }
    },
    {
      "geometry": {
        "type": "LineString",
        "coordinates": [
          [
            117.3378253,
            38.9380853
          ],
          [
            117.3405072,
            38.9368236
          ]
        ]
      },
      "type": "Feature",
      "properties": {
        "name": "\u9601\u69ad\u8def",
        "type": "tertiary",
        "slope": 121.166238279678,
        "sun_diff": 1.2602866452448467,
        "length": 271.1720936397381
      }
    },
    {
      "geometry": {
        "type": "LineString",
        "coordinates": [
          [
            117.3287518,
            39.238831
          ],
          [
            117.3303021,
            39.2395702
          ]
        ]
      },
      "type": "Feature",
      "properties": {
        "name": "\u9646\u6e2f\u516d\u7ecf\u8def",
        "type": "tertiary",
        "slope": 58.38226367419199,
        "sun_diff": 1.575149944752269,
        "length": 156.83639319023072
      }
    },
    {
      "geometry": {
        "type": "LineString",
        "coordinates": [
          [
            117.3302615,
            39.2396464
          ],
          [
            117.3287361,
            39.2388953
          ]
        ]
      },
      "type": "Feature",
      "properties": {
        "name": "\u9646\u6e2f\u516d\u7ecf\u8def",
        "type": "tertiary",
        "slope": 57.553978364912666,
        "sun_diff": 2.403435254031592,
        "length": 155.7197765158334
      }
    },
    {
      "geometry": {
        "type": "LineString",
        "coordinates": [
          [
            117.3099434,
            39.2044865
          ],
          [
            117.3112845,
            39.2039378
          ]
        ]
      },
      "type": "Feature",
      "properties": {
        "name": null,
        "type": "residential",
        "slope": 117.83370675395923,
        "sun_diff": 2.2072094184733686,
        "length": 130.71474449190038
      }
    },
    {
      "geometry": {
        "type": "LineString",
        "coordinates": [
          [
            117.3112845,
            39.2039378
          ],
          [
            117.3124764,
            39.2034653
          ]
        ]
      },
      "type": "Feature",
      "properties": {
        "name": null,
        "type": "residential",
        "slope": 117.09333772850485,
        "sun_diff": 2.9475784439277533,
        "length": 115.39565152858928
      }
    },
    {
      "geometry": {
        "type": "LineString",
        "coordinates": [
          [
            117.2043445,
            39.1476525
          ],
          [
            117.2025609,
            39.1467758
          ]
        ]
      },
      "type": "Feature",
      "properties": {
        "name": "\u80dc\u5229\u8def",
        "type": "secondary",
        "slope": 57.63335810292705,
        "sun_diff": 2.3692986890793577,
        "length": 182.1564777263027
      }
    },
    {
      "geometry": {
        "type": "LineString",
        "coordinates": [
          [
            117.2025609,
            39.1467758
          ],
          [
            117.2015232,
            39.1462602
          ]
        ]
      },
      "type": "Feature",
      "properties": {
        "name": "\u80dc\u5229\u8def",
        "type": "secondary",
        "slope": 57.353279617011395,
        "sun_diff": 2.64937717499501,
        "length": 106.31040717963945
      }
    },
    {
      "geometry": {
        "type": "LineString",
        "coordinates": [
          [
            117.2005702,
            39.1457838
          ],
          [
            117.1990931,
            39.1450675
          ]
        ]
      },
      "type": "Feature",
      "properties": {
        "name": "\u80dc\u5229\u8def",
        "type": "secondary",
        "slope": 57.983042611583784,
        "sun_diff": 2.0196141804226215,
        "length": 150.27935066713502
      }
    },
    {
      "geometry": {
        "type": "LineString",
        "coordinates": [
          [
            117.1984567,
            39.1447472
          ],
          [
            117.1972334,
            39.1441556
          ]
        ]
      },
      "type": "Feature",
      "properties": {
        "name": "\u80dc\u5229\u8def",
        "type": "secondary",
        "slope": 58.053898752324244,
        "sun_diff": 1.9487580396821613,
        "length": 124.36349654345122
      }
    },
    {
      "geometry": {
        "type": "LineString",
        "coordinates": [
          [
            117.3390484,
            39.1462082
          ],
          [
            117.3378628,
            39.145734
          ]
        ]
      },
      "type": "Feature",
      "properties": {
        "name": null,
        "type": "service",
        "slope": 62.718741082892535,
        "sun_diff": 2.71608429088613,
        "length": 115.07369039080855
      }
    },
    {
      "geometry": {
        "type": "LineString",
        "coordinates": [
          [
            117.3438656,
            39.1189301
          ],
          [
            117.3449197,
            39.1193504
          ]
        ]
      },
      "type": "Feature",
      "properties": {
        "name": null,
        "type": "service",
        "slope": 62.79973225453594,
        "sun_diff": 2.797075462529534,
        "length": 102.27476732311897
      }
    },
    {
      "geometry": {
        "type": "LineString",
        "coordinates": [
          [
            117.3441178,
            39.1156192
          ],
          [
            117.3451767,
            39.1151852
          ]
        ]
      },
      "type": "Feature",
      "properties": {
        "name": null,
        "type": "service",
        "slope": 117.84531661112231,
        "sun_diff": 2.1503563882481274,
        "length": 103.3505989823977
      }
    },
    {
      "geometry": {
        "type": "LineString",
        "coordinates": [
          [
            117.0891223,
            38.9753469
          ],
          [
            117.0903343,
            38.9758927
          ]
        ]
      },
      "type": "Feature",
      "properties": {
        "name": "\u5e38\u6d77\u9053",
        "type": "secondary",
        "slope": 59.91761018702107,
        "sun_diff": 0.13004389123739202,
        "length": 121.11730164616756
      }
    },
    {
      "geometry": {
        "type": "LineString",
        "coordinates": [
          [
            117.0903343,
            38.9758927
          ],
          [
            117.0921519,
            38.976684
          ]
        ]
      },
      "type": "Feature",
      "properties": {
        "name": "\u5e38\u6d77\u9053",
        "type": "secondary",
        "slope": 60.750657648119926,
        "sun_diff": 0.7030035698614654,
        "length": 180.13614210290928
      }
    },
    {
      "geometry": {
        "type": "LineString",
        "coordinates": [
          [
            117.0921519,
            38.976684
          ],
          [
            117.0935951,
            38.9773102
          ]
        ]
      },
      "type": "Feature",
      "properties": {
        "name": "\u5e38\u6d77\u9053",
        "type": "secondary",
        "slope": 60.83227727494,
        "sun_diff": 0.7846231966815367,
        "length": 142.91537667040302
      }
    },
    {
      "geometry": {
        "type": "LineString",
        "coordinates": [
          [
            117.0936678,
            38.9774809
          ],
          [
            117.0925675,
            38.9770049
          ]
        ]
      },
      "type": "Feature",
      "properties": {
        "name": "\u5e38\u6d77\u9053",
        "type": "secondary",
        "slope": 60.904791567156195,
        "sun_diff": 0.8571374888977346,
        "length": 108.88210756338637
      }
    },
    {
      "geometry": {
        "type": "LineString",
        "coordinates": [
          [
            117.0916061,
            38.9765877
          ],
          [
            117.0903034,
            38.9760261
          ]
        ]
      },
      "type": "Feature",
      "properties": {
        "name": "\u5e38\u6d77\u9053",
        "type": "secondary",
        "slope": 60.98987186385892,
        "sun_diff": 0.9422177856004623,
        "length": 128.80637891182442
      }
    },
    {
      "geometry": {
        "type": "LineString",
        "coordinates": [
          [
            117.0550454,
            39.1540874
          ],
          [
            117.0567301,
            39.1532667
          ]
        ]
      },
      "type": "Feature",
      "properties": {
        "name": null,
        "type": "service",
        "slope": 122.13731565179083,
        "sun_diff": 2.096399479358226,
        "length": 171.60618731220967
      }
    },
    {
      "geometry": {
        "type": "LineString",
        "coordinates": [
          [
            117.1506522,
            39.2036803
          ],
          [
            117.1520407,
            39.2043288
          ]
        ]
      },
      "type": "Feature",
      "properties": {
        "name": "\u5929\u5141\u9053",
        "type": "tertiary",
        "slope": 58.921517474128706,
        "sun_diff": 1.0358961448155526,
        "length": 139.73489599138588
      }
    },
    {
      "geometry": {
        "type": "LineString",
        "coordinates": [
          [
            117.1578652,
            39.2062094
          ],
          [
            117.159474,
            39.2069442
          ]
        ]
      },
      "type": "Feature",
      "properties": {
        "name": "\u5929\u5141\u9053",
        "type": "tertiary",
        "slope": 59.48321164986348,
        "sun_diff": 0.4742019690807808,
        "length": 160.95604200297558
      }
    },
    {
      "geometry": {
        "type": "LineString",
        "coordinates": [
          [
            117.1554622,
            39.1953492
          ],
          [
            117.159703,
            39.1972421
          ]
        ]
      },
      "type": "Feature",
      "properties": {
        "name": "\u5929\u548c\u9053",
        "type": "unclassified",
        "slope": 60.05978325738977,
        "sun_diff": 0.10236963844550928,
        "length": 421.86079835847465
      }
    },
    {
      "geometry": {
        "type": "LineString",
        "coordinates": [
          [
            117.1515737,
            39.2114742
          ],
          [
            117.1459206,
            39.208957
          ]
        ]
      },
      "type": "Feature",
      "properties": {
        "name": null,
        "type": "tertiary",
        "slope": 60.115462710489226,
        "sun_diff": 0.15804909154496727,
        "length": 561.9304503486449
      }
    },
    {
      "geometry": {
        "type": "LineString",
        "coordinates": [
          [
            117.1416566,
            39.2150617
          ],
          [
            117.1430341,
            39.2156469
          ]
        ]
      },
      "type": "Feature",
      "properties": {
        "name": null,
        "type": "service",
        "slope": 61.26289421689032,
        "sun_diff": 1.3054805979460582,
        "length": 135.38490884879192
      }
    },
    {
      "geometry": {
        "type": "LineString",
        "coordinates": [
          [
            117.1628063,
            39.2087036
          ],
          [
            117.1600595,
            39.2074573
          ]
        ]
      },
      "type": "Feature",
      "properties": {
        "name": null,
        "type": "unclassified",
        "slope": 59.64848604184584,
        "sun_diff": 0.3089275770984159,
        "length": 274.3396265826375
      }
    },
    {
      "geometry": {
        "type": "LineString",
        "coordinates": [
          [
            117.0741843,
            39.1767126
          ],
          [
            117.0679445,
            39.1741467
          ]
        ]
      },
      "type": "Feature",
      "properties": {
        "name": null,
        "type": "unclassified",
        "slope": 62.056598726292776,
        "sun_diff": 2.099185107348518,
        "length": 609.0505679369516
      }
    },
    {
      "geometry": {
        "type": "LineString",
        "coordinates": [
          [
            117.0878402,
            39.1862486
          ],
          [
            117.0842887,
            39.184505
          ]
        ]
      },
      "type": "Feature",
      "properties": {
        "name": null,
        "type": "unclassified",
        "slope": 57.650389480734475,
        "sun_diff": 2.3070241382097834,
        "length": 362.4451645679543
      }
    },
    {
      "geometry": {
        "type": "LineString",
        "coordinates": [
          [
            117.1580085,
            39.2197926
          ],
          [
            117.1598369,
            39.2205885
          ]
        ]
      },
      "type": "Feature",
      "properties": {
        "name": null,
        "type": "service",
        "slope": 60.6692134332161,
        "sun_diff": 0.711799814271842,
        "length": 180.7247746385079
      }
    },
    {
      "geometry": {
        "type": "LineString",
        "coordinates": [
          [
            117.1601057,
            39.2202501
          ],
          [
            117.1589478,
            39.2197379
          ]
        ]
      },
      "type": "Feature",
      "properties": {
        "name": null,
        "type": "service",
        "slope": 60.274548794577186,
        "sun_diff": 0.31713517563292726,
        "length": 114.89845517537101
      }
    },
    {
      "geometry": {
        "type": "LineString",
        "coordinates": [
          [
            117.0855144,
            39.0591266
          ],
          [
            117.0839427,
            39.0584451
          ]
        ]
      },
      "type": "Feature",
      "properties": {
        "name": "\u5357\u7ad9\u4e13\u7528\u901a\u9053\u4e00\u671f",
        "type": "primary",
        "slope": 60.82059817210009,
        "sun_diff": 0.8179413800936857,
        "length": 155.4784214984261
      }
    },
    {
      "geometry": {
        "type": "LineString",
        "coordinates": [
          [
            117.336717,
            38.9794538
          ],
          [
            117.334912,
            38.9801712
          ]
        ]
      },
      "type": "Feature",
      "properties": {
        "name": null,
        "type": "service",
        "slope": 117.0798108661464,
        "sun_diff": 2.8708785073503265,
        "length": 175.28808060140946
      }
    },
    {
      "geometry": {
        "type": "LineString",
        "coordinates": [
          [
            117.2149254,
            39.1336937
          ],
          [
            117.2160899,
            39.1341632
          ]
        ]
      },
      "type": "Feature",
      "properties": {
        "name": null,
        "type": "residential",
        "slope": 62.535522725997026,
        "sun_diff": 2.532865933990621,
        "length": 113.23222821071045
      }
    },
    {
      "geometry": {
        "type": "LineString",
        "coordinates": [
          [
            117.2632465,
            39.006131
          ],
          [
            117.2620355,
            39.0055839
          ]
        ]
      },
      "type": "Feature",
      "properties": {
        "name": "\u50a8\u7965\u9053",
        "type": "tertiary",
        "slope": 59.827471588134756,
        "sun_diff": 0.2201824901237046,
        "length": 121.07640377263895
      }
    },
    {
      "geometry": {
        "type": "LineString",
        "coordinates": [
          [
            117.2620355,
            39.0055839
          ],
          [
            117.2586492,
            39.0040747
          ]
        ]
      },
      "type": "Feature",
      "properties": {
        "name": "\u50a8\u7965\u9053",
        "type": "tertiary",
        "slope": 60.165139024446034,
        "sun_diff": 0.11748494618757377,
        "length": 337.4192809381731
      }
    },
    {
      "geometry": {
        "type": "LineString",
        "coordinates": [
          [
            117.2586492,
            39.0040747
          ],
          [
            117.2562787,
            39.0030161
          ]
        ]
      },
      "type": "Feature",
      "properties": {
        "name": "\u50a8\u7965\u9053",
        "type": "tertiary",
        "slope": 60.11591823478224,
        "sun_diff": 0.0682641565237816,
        "length": 236.3230865029141
      }
    },
    {
      "geometry": {
        "type": "LineString",
        "coordinates": [
          [
            117.2562787,
            39.0030161
          ],
          [
            117.2527039,
            39.0014197
          ]
        ]
      },
      "type": "Feature",
      "properties": {
        "name": "\u50a8\u7965\u9053",
        "type": "tertiary",
        "slope": 60.11658844803259,
        "sun_diff": 0.06893436977412648,
        "length": 356.38841588008427
      }
    },
    {
      "geometry": {
        "type": "LineString",
        "coordinates": [
          [
            117.2620893,
            39.0098934
          ],
          [
            117.2596761,
            39.0088189
          ]
        ]
      },
      "type": "Feature",
      "properties": {
        "name": null,
        "type": "secondary",
        "slope": 60.186720595604754,
        "sun_diff": 0.1390665173462935,
        "length": 240.38971345171285
      }
    },
    {
      "geometry": {
        "type": "LineString",
        "coordinates": [
          [
            117.2596761,
            39.0088189
          ],
          [
            117.2562641,
            39.0072996
          ]
        ]
      },
      "type": "Feature",
      "properties": {
        "name": null,
        "type": "secondary",
        "slope": 60.186032887727436,
        "sun_diff": 0.13837880946897485,
        "length": 339.8935107151281
      }
    },
    {
      "geometry": {
        "type": "LineString",
        "coordinates": [
          [
            117.2574309,
            39.005722
          ],
          [
            117.2608358,
            39.0072604
          ]
        ]
      },
      "type": "Feature",
      "properties": {
        "name": null,
        "type": "tertiary",
        "slope": 59.824454465321,
        "sun_diff": 0.2231996129374636,
        "length": 340.42976062713086
      }
    },
    {
      "geometry": {
        "type": "LineString",
        "coordinates": [
          [
            117.2541009,
            38.9996501
          ],
          [
            117.2576092,
            39.0012505
          ]
        ]
      },
      "type": "Feature",
      "properties": {
        "name": null,
        "type": "tertiary",
        "slope": 59.58713512169493,
        "sun_diff": 0.4605189565635328,
        "length": 351.647731893539
      }
    },
    {
      "geometry": {
        "type": "LineString",
        "coordinates": [
          [
            117.2601471,
            38.99786
          ],
          [
            117.2567659,
            38.996322
          ]
        ]
      },
      "type": "Feature",
      "properties": {
        "name": null,
        "type": "residential",
        "slope": 59.660609178372425,
        "sun_diff": 0.3870448998860354,
        "length": 338.671464388253
      }
    },
    {
      "geometry": {
        "type": "LineString",
        "coordinates": [
          [
            117.2567659,
            38.996322
          ],
          [
            117.2552408,
            38.9956282
          ]
        ]
      },
      "type": "Feature",
      "properties": {
        "name": null,
        "type": "residential",
        "slope": 59.65794961607128,
        "sun_diff": 0.3897044621871828,
        "length": 152.76506648241212
      }
    },
    {
      "geometry": {
        "type": "LineString",
        "coordinates": [
          [
            117.2545459,
            38.9952884
          ],
          [
            117.2530995,
            38.99464
          ]
        ]
      },
      "type": "Feature",
      "properties": {
        "name": null,
        "type": "residential",
        "slope": 60.02400286943566,
        "sun_diff": 0.023651208822798253,
        "length": 144.34710374765754
      }
    },
    {
      "geometry": {
        "type": "LineString",
        "coordinates": [
          [
            117.3232808,
            39.072906
          ],
          [
            117.3216513,
            39.0736832
          ]
        ]
      },
      "type": "Feature",
      "properties": {
        "name": null,
        "type": "residential",
        "slope": 121.5652413054722,
        "sun_diff": 1.5695683061017576,
        "length": 165.14474481251125
      }
    },
    {
      "geometry": {
        "type": "LineString",
        "coordinates": [
          [
            117.3268955,
            39.0700683
          ],
          [
            117.3289203,
            39.0708881
          ]
        ]
      },
      "type": "Feature",
      "properties": {
        "name": null,
        "type": "tertiary",
        "slope": 62.45771344562189,
        "sun_diff": 2.455056653615486,
        "length": 197.20158977831932
      }
    },
    {
      "geometry": {
        "type": "LineString",
        "coordinates": [
          [
            117.2517291,
            39.1144371
          ],
          [
            117.2529146,
            39.1138732
          ]
        ]
      },
      "type": "Feature",
      "properties": {
        "name": null,
        "type": "service",
        "slope": 121.51052212464677,
        "sun_diff": 1.5148491252763279,
        "length": 120.00708650120706
      }
    },
    {
      "geometry": {
        "type": "LineString",
        "coordinates": [
          [
            117.2539781,
            39.1132499
          ],
          [
            117.2579733,
            39.1113342
          ]
        ]
      },
      "type": "Feature",
      "properties": {
        "name": null,
        "type": "service",
        "slope": 121.71504098023408,
        "sun_diff": 1.7193679808636375,
        "length": 405.3318035556824
      }
    },
    {
      "geometry": {
        "type": "LineString",
        "coordinates": [
          [
            117.2416265,
            39.1192204
          ],
          [
            117.2468086,
            39.1166555
          ]
        ]
      },
      "type": "Feature",
      "properties": {
        "name": null,
        "type": "service",
        "slope": 122.53541729606292,
        "sun_diff": 2.5397442966924757,
        "length": 530.4549093548371
      }
    },
    {
      "geometry": {
        "type": "LineString",
        "coordinates": [
          [
            117.1393731,
            39.1861798
          ],
          [
            117.1409336,
            39.1854334
          ]
        ]
      },
      "type": "Feature",
      "properties": {
        "name": "\u4e01\u5b57\u6cbd\u4e00\u53f7\u8def",
        "type": "secondary",
        "slope": 121.67824547299043,
        "sun_diff": 1.6373293005578233,
        "length": 158.09169626702996
      }
    },
    {
      "geometry": {
        "type": "LineString",
        "coordinates": [
          [
            117.1371759,
            39.1821532
          ],
          [
            117.1386326,
            39.181446
          ]
        ]
      },
      "type": "Feature",
      "properties": {
        "name": "\u4e01\u5b57\u6cbd\u4e09\u53f7\u8def",
        "type": "primary",
        "slope": 122.05917870476725,
        "sun_diff": 2.0182625323346457,
        "length": 148.19557232959485
      }
    },
    {
      "geometry": {
        "type": "LineString",
        "coordinates": [
          [
            117.1386326,
            39.181446
          ],
          [
            117.1407328,
            39.1804524
          ]
        ]
      },
      "type": "Feature",
      "properties": {
        "name": "\u4e01\u5b57\u6cbd\u4e09\u53f7\u8def",
        "type": "primary",
        "slope": 121.39666496258377,
        "sun_diff": 1.3557487901511678,
        "length": 212.14182332528512
      }
    },
    {
      "geometry": {
        "type": "LineString",
        "coordinates": [
          [
            117.1132276,
            39.2118969
          ],
          [
            117.1107082,
            39.2106549
          ]
        ]
      },
      "type": "Feature",
      "properties": {
        "name": "\u5317\u8fb0\u9053",
        "type": "primary",
        "slope": 57.53392241365577,
        "sun_diff": 2.423491205288485,
        "length": 257.3519700192578
      }
    },
    {
      "geometry": {
        "type": "LineString",
        "coordinates": [
          [
            117.1441676,
            39.1840482
          ],
          [
            117.1430164,
            39.1845976
          ]
        ]
      },
      "type": "Feature",
      "properties": {
        "name": "\u4e01\u5b57\u6cbd\u4e00\u53f7\u8def",
        "type": "secondary",
        "slope": 121.62078000346187,
        "sun_diff": 1.5798638310292716,
        "length": 116.55627028408068
      }
    },
    {
      "geometry": {
        "type": "LineString",
        "coordinates": [
          [
            117.1423809,
            39.1849031
          ],
          [
            117.1410182,
            39.1855341
          ]
        ]
      },
      "type": "Feature",
      "properties": {
        "name": "\u4e01\u5b57\u6cbd\u4e00\u53f7\u8def",
        "type": "secondary",
        "slope": 120.85432054969465,
        "sun_diff": 0.8134043772620458,
        "length": 136.853466365973
      }
    },
    {
      "geometry": {
        "type": "LineString",
        "coordinates": [
          [
            117.1410182,
            39.1855341
          ],
          [
            117.138978,
            39.1865057
          ]
        ]
      },
      "type": "Feature",
      "properties": {
        "name": "\u4e01\u5b57\u6cbd\u4e00\u53f7\u8def",
        "type": "secondary",
        "slope": 121.56712830234642,
        "sun_diff": 1.5262121299138158,
        "length": 206.4413237067364
      }
    },
    {
      "geometry": {
        "type": "LineString",
        "coordinates": [
          [
            117.2210448,
            39.0906
          ],
          [
            117.2235724,
            39.0893383
          ]
        ]
      },
      "type": "Feature",
      "properties": {
        "name": "\u5927\u6cbd\u5357\u8def",
        "type": "primary",
        "slope": 122.74602472912457,
        "sun_diff": 2.7503517297541293,
        "length": 259.4446496608893
      }
    },
    {
      "geometry": {
        "type": "LineString",
        "coordinates": [
          [
            117.2246575,
            39.0887809
          ],
          [
            117.2256893,
            39.0882845
          ]
        ]
      },
      "type": "Feature",
      "properties": {
        "name": "\u5927\u6cbd\u5357\u8def",
        "type": "primary",
        "slope": 121.79210174593288,
        "sun_diff": 1.796428746562441,
        "length": 104.80315120719337
      }
    },
    {
      "geometry": {
        "type": "LineString",
        "coordinates": [
          [
            117.2236149,
            39.0895303
          ],
          [
            117.222232,
            39.0902093
          ]
        ]
      },
      "type": "Feature",
      "properties": {
        "name": "\u5927\u6cbd\u5357\u8def",
        "type": "primary",
        "slope": 122.31755361049,
        "sun_diff": 2.3218806111195534,
        "length": 141.27145914540404
      }
    },
    {
      "geometry": {
        "type": "LineString",
        "coordinates": [
          [
            117.222232,
            39.0902093
          ],
          [
            117.2211714,
            39.0907369
          ]
        ]
      },
      "type": "Feature",
      "properties": {
        "name": "\u5927\u6cbd\u5357\u8def",
        "type": "primary",
        "slope": 122.65689802373024,
        "sun_diff": 2.661225024359794,
        "length": 108.75507954641154
      }
    },
    {
      "geometry": {
        "type": "LineString",
        "coordinates": [
          [
            117.1011179,
            39.2059315
          ],
          [
            117.0992434,
            39.2050172
          ]
        ]
      },
      "type": "Feature",
      "properties": {
        "name": "\u5317\u8fb0\u9053",
        "type": "primary",
        "slope": 57.811490435052264,
        "sun_diff": 2.1459231838919948,
        "length": 190.90615580358786
      }
    },
    {
      "geometry": {
        "type": "LineString",
        "coordinates": [
          [
            117.0992434,
            39.2050172
          ],
          [
            117.0981821,
            39.2044928
          ]
        ]
      },
      "type": "Feature",
      "properties": {
        "name": "\u5317\u8fb0\u9053",
        "type": "primary",
        "slope": 57.47641855382517,
        "sun_diff": 2.480995065119089,
        "length": 108.48903534857835
      }
    },
    {
      "geometry": {
        "type": "LineString",
        "coordinates": [
          [
            117.1504163,
            39.1316134
          ],
          [
            117.149316,
            39.1321196
          ]
        ]
      },
      "type": "Feature",
      "properties": {
        "name": null,
        "type": "unclassified",
        "slope": 120.67179649308844,
        "sun_diff": 0.676123493717995,
        "length": 110.37547156469488
      }
    },
    {
      "geometry": {
        "type": "LineString",
        "coordinates": [
          [
            117.1196934,
            39.2102832
          ],
          [
            117.1171633,
            39.2090718
          ]
        ]
      },
      "type": "Feature",
      "properties": {
        "name": "\u9f99\u5ca9\u9053",
        "type": "tertiary",
        "slope": 58.28706725194431,
        "sun_diff": 1.6703463669999508,
        "length": 256.3292530799579
      }
    },
    {
      "geometry": {
        "type": "LineString",
        "coordinates": [
          [
            117.1159594,
            39.2039185
          ],
          [
            117.1173018,
            39.2045003
          ]
        ]
      },
      "type": "Feature",
      "properties": {
        "name": "\u9f99\u95e8\u9053",
        "type": "secondary",
        "slope": 60.781479817638996,
        "sun_diff": 0.8240661986947373,
        "length": 132.57156369995172
      }
    },
    {
      "geometry": {
        "type": "LineString",
        "coordinates": [
          [
            117.1407395,
            39.1806589
          ],
          [
            117.1367396,
            39.1825596
          ]
        ]
      },
      "type": "Feature",
      "properties": {
        "name": "\u4e01\u5b57\u6cbd\u4e09\u53f7\u8def",
        "type": "primary",
        "slope": 121.50980144230053,
        "sun_diff": 1.4688852698679256,
        "length": 404.51330762206896
      }
    },
    {
      "geometry": {
        "type": "LineString",
        "coordinates": [
          [
            117.1333763,
            39.183974
          ],
          [
            117.1353291,
            39.1830335
          ]
        ]
      },
      "type": "Feature",
      "properties": {
        "name": "\u4e01\u5b57\u6cbd\u4e09\u53f7\u8def",
        "type": "primary",
        "slope": 121.85411724343368,
        "sun_diff": 1.8132010710010746,
        "length": 198.2179197631597
      }
    },
    {
      "geometry": {
        "type": "LineString",
        "coordinates": [
          [
            117.1188335,
            39.2053169
          ],
          [
            117.1158723,
            39.2040356
          ]
        ]
      },
      "type": "Feature",
      "properties": {
        "name": "\u9f99\u95e8\u9053",
        "type": "secondary",
        "slope": 60.82145654066383,
        "sun_diff": 0.8640429217195731,
        "length": 292.32456938383876
      }
    },
    {
      "geometry": {
        "type": "LineString",
        "coordinates": [
          [
            117.2147039,
            39.1691394
          ],
          [
            117.2100186,
            39.1713152
          ]
        ]
      },
      "type": "Feature",
      "properties": {
        "name": "\u80b2\u7ea2\u8def",
        "type": "trunk",
        "slope": 120.92201077502475,
        "sun_diff": 0.8810946025921425,
        "length": 470.96780631996705
      }
    },
    {
      "geometry": {
        "type": "LineString",
        "coordinates": [
          [
            117.2483217,
            39.1046759
          ],
          [
            117.247313,
            39.1051661
          ]
        ]
      },
      "type": "Feature",
      "properties": {
        "name": "\u6d25\u5858\u8def",
        "type": "primary",
        "slope": 122.05731191915663,
        "sun_diff": 2.0616389197861906,
        "length": 102.72863808585083
      }
    },
    {
      "geometry": {
        "type": "LineString",
        "coordinates": [
          [
            117.2064718,
            39.1728091
          ],
          [
            117.2076496,
            39.1722764
          ]
        ]
      },
      "type": "Feature",
      "properties": {
        "name": "\u80b2\u7ea2\u8def",
        "type": "trunk",
        "slope": 120.25944928469704,
        "sun_diff": 0.2185331122644385,
        "length": 117.58291775799492
      }
    },
    {
      "geometry": {
        "type": "LineString",
        "coordinates": [
          [
            117.2076496,
            39.1722764
          ],
          [
            117.2098689,
            39.171234
          ]
        ]
      },
      "type": "Feature",
      "properties": {
        "name": "\u80b2\u7ea2\u8def",
        "type": "trunk",
        "slope": 121.20986572574586,
        "sun_diff": 1.1689495533132543,
        "length": 223.75743569778209
      }
    },
    {
      "geometry": {
        "type": "LineString",
        "coordinates": [
          [
            117.1044517,
            39.1293172
          ],
          [
            117.105664,
            39.1299271
          ]
        ]
      },
      "type": "Feature",
      "properties": {
        "name": null,
        "type": "residential",
        "slope": 57.03446489543495,
        "sun_diff": 2.9681918965714544,
        "length": 124.67374837813223
      }
    },
    {
      "geometry": {
        "type": "LineString",
        "coordinates": [
          [
            117.2324744,
            39.1220325
          ],
          [
            117.2335366,
            39.121507
          ]
        ]
      },
      "type": "Feature",
      "properties": {
        "name": null,
        "type": "living_street",
        "slope": 122.52534954099767,
        "sun_diff": 2.529676541627225,
        "length": 108.71134500543982
      }
    },
    {
      "geometry": {
        "type": "LineString",
        "coordinates": [
          [
            117.2338115,
            39.1218577
          ],
          [
            117.2348723,
            39.1213374
          ]
        ]
      },
      "type": "Feature",
      "properties": {
        "name": null,
        "type": "living_street",
        "slope": 122.30164742772686,
        "sun_diff": 2.3059744283564214,
        "length": 108.29950975369478
      }
    },
    {
      "geometry": {
        "type": "LineString",
        "coordinates": [
          [
            117.2381621,
            39.1200442
          ],
          [
            117.2396172,
            39.1193626
          ]
        ]
      },
      "type": "Feature",
      "properties": {
        "name": null,
        "type": "living_street",
        "slope": 121.12213480053506,
        "sun_diff": 1.1264618011646235,
        "length": 146.68069876565215
      }
    },
    {
      "geometry": {
        "type": "LineString",
        "coordinates": [
          [
            117.2343743,
            39.1069291
          ],
          [
            117.2358139,
            39.1063598
          ]
        ]
      },
      "type": "Feature",
      "properties": {
        "name": "\u5927\u76f4\u6cbd\u524d\u8857",
        "type": "tertiary",
        "slope": 117.00453388975063,
        "sun_diff": 2.991139109619809,
        "length": 139.45910435926223
      }
    },
    {
      "geometry": {
        "type": "LineString",
        "coordinates": [
          [
            117.1652162,
            39.0472977
          ],
          [
            117.1686278,
            39.0456943
          ]
        ]
      },
      "type": "Feature",
      "properties": {
        "name": null,
        "type": "tertiary",
        "slope": 121.18016176864833,
        "sun_diff": 1.2294723951516033,
        "length": 344.47328206163644
      }
    },
    {
      "geometry": {
        "type": "LineString",
        "coordinates": [
          [
            117.2620658,
            39.1041646
          ],
          [
            117.2610647,
            39.1046446
          ]
        ]
      },
      "type": "Feature",
      "properties": {
        "name": null,
        "type": "residential",
        "slope": 121.71112261328275,
        "sun_diff": 1.7154496139123125,
        "length": 101.57289387404515
      }
    },
    {
      "geometry": {
        "type": "LineString",
        "coordinates": [
          [
            117.2650126,
            39.09662
          ],
          [
            117.261327,
            39.0984056
          ]
        ]
      },
      "type": "Feature",
      "properties": {
        "name": "\u6d25\u5858\u8def",
        "type": "trunk",
        "slope": 121.9756518161802,
        "sun_diff": 1.979978816809762,
        "length": 375.05521082726983
      }
    },
    {
      "geometry": {
        "type": "LineString",
        "coordinates": [
          [
            117.2538649,
            39.0283279
          ],
          [
            117.2559754,
            39.0292905
          ]
        ]
      },
      "type": "Feature",
      "properties": {
        "name": null,
        "type": "residential",
        "slope": 59.581324127584764,
        "sun_diff": 0.4663299506736962,
        "length": 211.46994536910088
      }
    },
    {
      "geometry": {
        "type": "LineString",
        "coordinates": [
          [
            117.2260502,
            38.9463251
          ],
          [
            117.2298991,
            38.9446146
          ]
        ]
      },
      "type": "Feature",
      "properties": {
        "name": null,
        "type": "path",
        "slope": 119.7438743919877,
        "sun_diff": 0.16207724244544863,
        "length": 383.4868342708064
      }
    },
    {
      "geometry": {
        "type": "LineString",
        "coordinates": [
          [
            117.3145347,
            39.1364508
          ],
          [
            117.3121007,
            39.1375029
          ]
        ]
      },
      "type": "Feature",
      "properties": {
        "name": null,
        "type": "tertiary",
        "slope": 119.13041243998637,
        "sun_diff": 0.865260559384069,
        "length": 240.39808787333507
      }
    },
    {
      "geometry": {
        "type": "LineString",
        "coordinates": [
          [
            117.2638032,
            39.0963751
          ],
          [
            117.2624676,
            39.0970167
          ]
        ]
      },
      "type": "Feature",
      "properties": {
        "name": null,
        "type": "residential",
        "slope": 121.75698960860444,
        "sun_diff": 1.761316609234001,
        "length": 135.59358114115744
      }
    },
    {
      "geometry": {
        "type": "LineString",
        "coordinates": [
          [
            117.2522768,
            39.1131109
          ],
          [
            117.2541605,
            39.1121853
          ]
        ]
      },
      "type": "Feature",
      "properties": {
        "name": "\u5170\u5cf0\u9053",
        "type": "secondary",
        "slope": 122.34545454297992,
        "sun_diff": 2.349781543609481,
        "length": 192.4289206283642
      }
    },
    {
      "geometry": {
        "type": "LineString",
        "coordinates": [
          [
            117.2541605,
            39.1121853
          ],
          [
            117.2555908,
            39.1114701
          ]
        ]
      },
      "type": "Feature",
      "properties": {
        "name": "\u5170\u5cf0\u9053",
        "type": "secondary",
        "slope": 122.79940275775309,
        "sun_diff": 2.8037297583826444,
        "length": 146.85503512555445
      }
    },
    {
      "geometry": {
        "type": "LineString",
        "coordinates": [
          [
            117.2306604,
            39.0994734
          ],
          [
            117.2294912,
            39.0989587
          ]
        ]
      },
      "type": "Feature",
      "properties": {
        "name": null,
        "type": "residential",
        "slope": 60.43610926034242,
        "sun_diff": 0.43345246833601436,
        "length": 116.03274736975196
      }
    },
    {
      "geometry": {
        "type": "LineString",
        "coordinates": [
          [
            117.1946598,
            39.1481576
          ],
          [
            117.1935455,
            39.147644
          ]
        ]
      },
      "type": "Feature",
      "properties": {
        "name": null,
        "type": "residential",
        "slope": 59.27564005234743,
        "sun_diff": 0.7270167396589784,
        "length": 111.81550937008709
      }
    },
    {
      "geometry": {
        "type": "LineString",
        "coordinates": [
          [
            117.2102275,
            39.1756573
          ],
          [
            117.2113424,
            39.17514
          ]
        ]
      },
      "type": "Feature",
      "properties": {
        "name": null,
        "type": "residential",
        "slope": 120.90157878898427,
        "sun_diff": 0.8606626165516644,
        "length": 112.03849280637662
      }
    },
    {
      "geometry": {
        "type": "LineString",
        "coordinates": [
          [
            117.2072258,
            39.1742857
          ],
          [
            117.2091109,
            39.1733639
          ]
        ]
      },
      "type": "Feature",
      "properties": {
        "name": null,
        "type": "living_street",
        "slope": 122.24226724109093,
        "sun_diff": 2.201351068658326,
        "length": 192.18577024113915
      }
    },
    {
      "geometry": {
        "type": "LineString",
        "coordinates": [
          [
            117.2014594,
            39.1393248
          ],
          [
            117.202558,
            39.1398212
          ]
        ]
      },
      "type": "Feature",
      "properties": {
        "name": null,
        "type": "living_street",
        "slope": 59.776099875614136,
        "sun_diff": 0.22655691639226916,
        "length": 109.6876875580668
      }
    },
    {
      "geometry": {
        "type": "LineString",
        "coordinates": [
          [
            117.2199572,
            39.170127
          ],
          [
            117.2212961,
            39.1695168
          ]
        ]
      },
      "type": "Feature",
      "properties": {
        "name": null,
        "type": "residential",
        "slope": 120.44906077562928,
        "sun_diff": 0.4081446031966749,
        "length": 133.93046317112186
      }
    },
    {
      "geometry": {
        "type": "LineString",
        "coordinates": [
          [
            117.2560808,
            39.1147215
          ],
          [
            117.2580519,
            39.1137909
          ]
        ]
      },
      "type": "Feature",
      "properties": {
        "name": null,
        "type": "residential",
        "slope": 121.31999056938304,
        "sun_diff": 1.324317570012596,
        "length": 199.1276618035164
      }
    },
    {
      "geometry": {
        "type": "LineString",
        "coordinates": [
          [
            117.1461017,
            39.0830812
          ],
          [
            117.1475754,
            39.0837178
          ]
        ]
      },
      "type": "Feature",
      "properties": {
        "name": null,
        "type": "living_street",
        "slope": 60.90381442509704,
        "sun_diff": 0.9011576330906337,
        "length": 145.61479446156144
      }
    },
    {
      "geometry": {
        "type": "LineString",
        "coordinates": [
          [
            117.1449574,
            39.0841125
          ],
          [
            117.1459744,
            39.0845837
          ]
        ]
      },
      "type": "Feature",
      "properties": {
        "name": null,
        "type": "residential",
        "slope": 59.16701585289724,
        "sun_diff": 0.8356409391091688,
        "length": 102.25915222690868
      }
    },
    {
      "geometry": {
        "type": "LineString",
        "coordinates": [
          [
            117.1006059,
            39.1263002
          ],
          [
            117.1017076,
            39.1267922
          ]
        ]
      },
      "type": "Feature",
      "properties": {
        "name": null,
        "type": "living_street",
        "slope": 60.071938378324546,
        "sun_diff": 0.06928158631814085,
        "length": 109.68906983046867
      }
    },
    {
      "geometry": {
        "type": "LineString",
        "coordinates": [
          [
            117.1011359,
            39.1244668
          ],
          [
            117.1028171,
            39.1251504
          ]
        ]
      },
      "type": "Feature",
      "properties": {
        "name": null,
        "type": "living_street",
        "slope": 62.339023570558055,
        "sun_diff": 2.3363667785516498,
        "length": 163.78852042367902
      }
    },
    {
      "geometry": {
        "type": "LineString",
        "coordinates": [
          [
            117.0981706,
            39.1334664
          ],
          [
            117.0994954,
            39.1340209
          ]
        ]
      },
      "type": "Feature",
      "properties": {
        "name": null,
        "type": "residential",
        "slope": 61.64862950241917,
        "sun_diff": 1.6459727104127637,
        "length": 129.8801023802383
      }
    },
    {
      "geometry": {
        "type": "LineString",
        "coordinates": [
          [
            117.1889528,
            39.2024134
          ],
          [
            117.1925857,
            39.2039516
          ]
        ]
      },
      "type": "Feature",
      "properties": {
        "name": null,
        "type": "tertiary",
        "slope": 61.347668347638205,
        "sun_diff": 1.3902547286939466,
        "length": 356.8247458609435
      }
    },
    {
      "geometry": {
        "type": "LineString",
        "coordinates": [
          [
            117.2682455,
            39.2067481
          ],
          [
            117.2696509,
            39.2073301
          ]
        ]
      },
      "type": "Feature",
      "properties": {
        "name": null,
        "type": "tertiary",
        "slope": 61.87823562755989,
        "sun_diff": 1.9208220086156302,
        "length": 137.34251182932664
      }
    },
    {
      "geometry": {
        "type": "LineString",
        "coordinates": [
          [
            117.321746,
            39.0280553
          ],
          [
            117.3236709,
            39.027221
          ]
        ]
      },
      "type": "Feature",
      "properties": {
        "name": null,
        "type": "tertiary",
        "slope": 119.15839851393554,
        "sun_diff": 0.7922908595611915,
        "length": 190.46332945078132
      }
    },
    {
      "geometry": {
        "type": "LineString",
        "coordinates": [
          [
            117.3237026,
            39.0272073
          ],
          [
            117.3257595,
            39.0263523
          ]
        ]
      },
      "type": "Feature",
      "properties": {
        "name": null,
        "type": "tertiary",
        "slope": 118.14998538201107,
        "sun_diff": 1.800703991485662,
        "length": 201.57870768707392
      }
    },
    {
      "geometry": {
        "type": "LineString",
        "coordinates": [
          [
            117.31697,
            39.0284367
          ],
          [
            117.319228,
            39.0274854
          ]
        ]
      },
      "type": "Feature",
      "properties": {
        "name": null,
        "type": "residential",
        "slope": 118.47209090851251,
        "sun_diff": 1.4785984649842163,
        "length": 221.95425288352791
      }
    },
    {
      "geometry": {
        "type": "LineString",
        "coordinates": [
          [
            117.2616508,
            39.0995155
          ],
          [
            117.2637572,
            39.0984908
          ]
        ]
      },
      "type": "Feature",
      "properties": {
        "name": null,
        "type": "residential",
        "slope": 122.08126177515706,
        "sun_diff": 2.0855887757866185,
        "length": 214.59612232871893
      }
    },
    {
      "geometry": {
        "type": "LineString",
        "coordinates": [
          [
            117.2610791,
            39.1070397
          ],
          [
            117.2622059,
            39.1065078
          ]
        ]
      },
      "type": "Feature",
      "properties": {
        "name": null,
        "type": "residential",
        "slope": 121.31318817051476,
        "sun_diff": 1.317515171144322,
        "length": 113.83719375156295
      }
    },
    {
      "geometry": {
        "type": "LineString",
        "coordinates": [
          [
            117.2404976,
            39.1170553
          ],
          [
            117.2416604,
            39.1164888
          ]
        ]
      },
      "type": "Feature",
      "properties": {
        "name": null,
        "type": "residential",
        "slope": 122.12579998073329,
        "sun_diff": 2.1301269813628494,
        "length": 118.49170937856923
      }
    },
    {
      "geometry": {
        "type": "LineString",
        "coordinates": [
          [
            117.2548342,
            39.0981113
          ],
          [
            117.2560301,
            39.0975145
          ]
        ]
      },
      "type": "Feature",
      "properties": {
        "name": null,
        "type": "residential",
        "slope": 122.74221625057808,
        "sun_diff": 2.7465432512076404,
        "length": 122.73368340117304
      }
    },
    {
      "geometry": {
        "type": "LineString",
        "coordinates": [
          [
            117.2573941,
            39.0991507
          ],
          [
            117.2591992,
            39.0983056
          ]
        ]
      },
      "type": "Feature",
      "properties": {
        "name": null,
        "type": "residential",
        "slope": 121.10114405566048,
        "sun_diff": 1.1054710562900425,
        "length": 181.9762684102571
      }
    },
    {
      "geometry": {
        "type": "LineString",
        "coordinates": [
          [
            117.2585872,
            39.0977258
          ],
          [
            117.25704,
            39.0984698
          ]
        ]
      },
      "type": "Feature",
      "properties": {
        "name": null,
        "type": "residential",
        "slope": 121.78341551188313,
        "sun_diff": 1.7877425125126933,
        "length": 157.1174797605716
      }
    },
    {
      "geometry": {
        "type": "LineString",
        "coordinates": [
          [
            117.1197368,
            39.0852785
          ],
          [
            117.1212303,
            39.086011
          ]
        ]
      },
      "type": "Feature",
      "properties": {
        "name": null,
        "type": "residential",
        "slope": 57.712387323487974,
        "sun_diff": 2.2902694685184315,
        "length": 152.52862844770982
      }
    },
    {
      "geometry": {
        "type": "LineString",
        "coordinates": [
          [
            117.251726,
            39.1096783
          ],
          [
            117.2506575,
            39.1101905
          ]
        ]
      },
      "type": "Feature",
      "properties": {
        "name": null,
        "type": "residential",
        "slope": 121.70731430931818,
        "sun_diff": 1.711641309947737,
        "length": 108.39842117505111
      }
    },
    {
      "geometry": {
        "type": "LineString",
        "coordinates": [
          [
            117.2513516,
            39.1092159
          ],
          [
            117.250269,
            39.1097415
          ]
        ]
      },
      "type": "Feature",
      "properties": {
        "name": null,
        "type": "residential",
        "slope": 122.03382981150497,
        "sun_diff": 2.038156812134531,
        "length": 110.21938956612368
      }
    },
    {
      "geometry": {
        "type": "LineString",
        "coordinates": [
          [
            117.2529939,
            39.1115308
          ],
          [
            117.2548867,
            39.1106166
          ]
        ]
      },
      "type": "Feature",
      "properties": {
        "name": null,
        "type": "living_street",
        "slope": 121.90077532875472,
        "sun_diff": 1.9051023293842775,
        "length": 192.42288247640812
      }
    },
    {
      "geometry": {
        "type": "LineString",
        "coordinates": [
          [
            117.2543674,
            39.1099738
          ],
          [
            117.253183,
            39.110539
          ]
        ]
      },
      "type": "Feature",
      "properties": {
        "name": null,
        "type": "service",
        "slope": 121.59186176769228,
        "sun_diff": 1.5961887683218379,
        "length": 120.0066696082499
      }
    },
    {
      "geometry": {
        "type": "LineString",
        "coordinates": [
          [
            117.0743945,
            39.05222
          ],
          [
            117.0756096,
            39.0527987
          ]
        ]
      },
      "type": "Feature",
      "properties": {
        "name": "\u5357\u7ad9\u4e13\u7528\u901a\u9053\u4e8c\u671f",
        "type": "primary",
        "slope": 58.47978152864377,
        "sun_diff": 1.5228752633626357,
        "length": 123.12350549023577
      }
    },
    {
      "geometry": {
        "type": "LineString",
        "coordinates": [
          [
            117.2613325,
            39.0982002
          ],
          [
            117.2648811,
            39.0964478
          ]
        ]
      },
      "type": "Feature",
      "properties": {
        "name": "\u6d25\u5858\u8def",
        "type": "trunk",
        "slope": 122.46887791849605,
        "sun_diff": 2.4732049191256067,
        "length": 363.0819657026374
      }
    },
    {
      "geometry": {
        "type": "LineString",
        "coordinates": [
          [
            117.2617602,
            39.0977079
          ],
          [
            117.2638132,
            39.0966923
          ]
        ]
      },
      "type": "Feature",
      "properties": {
        "name": null,
        "type": "tertiary",
        "slope": 122.51425077309162,
        "sun_diff": 2.5185777737211765,
        "length": 210.16273948866163
      }
    },
    {
      "geometry": {
        "type": "LineString",
        "coordinates": [
          [
            117.2536382,
            39.1018036
          ],
          [
            117.2547322,
            39.1012783
          ]
        ]
      },
      "type": "Feature",
      "properties": {
        "name": null,
        "type": "residential",
        "slope": 121.74685818473557,
        "sun_diff": 1.7511851853651308,
        "length": 111.04619133316191
      }
    },
    {
      "geometry": {
        "type": "LineString",
        "coordinates": [
          [
            117.1607585,
            39.1761212
          ],
          [
            117.1596152,
            39.1766726
          ]
        ]
      },
      "type": "Feature",
      "properties": {
        "name": "\u4e01\u5b57\u6cbd\u4e00\u53f7\u8def",
        "type": "secondary",
        "slope": 121.88761387077247,
        "sun_diff": 1.8466976983398666,
        "length": 116.10363837418981
      }
    },
    {
      "geometry": {
        "type": "LineString",
        "coordinates": [
          [
            117.1596152,
            39.1766726
          ],
          [
            117.1582001,
            39.1773331
          ]
        ]
      },
      "type": "Feature",
      "properties": {
        "name": "\u4e01\u5b57\u6cbd\u4e00\u53f7\u8def",
        "type": "secondary",
        "slope": 121.05251910226184,
        "sun_diff": 1.0116029298292375,
        "length": 142.42768871665325
      }
    },
    {
      "geometry": {
        "type": "LineString",
        "coordinates": [
          [
            117.1582001,
            39.1773331
          ],
          [
            117.1568074,
            39.1779911
          ]
        ]
      },
      "type": "Feature",
      "properties": {
        "name": "\u4e01\u5b57\u6cbd\u4e00\u53f7\u8def",
        "type": "secondary",
        "slope": 121.3616045028499,
        "sun_diff": 1.3206883304172976,
        "length": 140.63067366688136
      }
    },
    {
      "geometry": {
        "type": "LineString",
        "coordinates": [
          [
            117.1013599,
            39.2089186
          ],
          [
            117.1033677,
            39.2098749
          ]
        ]
      },
      "type": "Feature",
      "properties": {
        "name": "\u65b0\u56ed\u8def",
        "type": "tertiary",
        "slope": 58.42090134288813,
        "sun_diff": 1.5365122760561292,
        "length": 203.1213671251146
      }
    },
    {
      "geometry": {
        "type": "LineString",
        "coordinates": [
          [
            117.2567045,
            39.1106223
          ],
          [
            117.2556897,
            39.111109
          ]
        ]
      },
      "type": "Feature",
      "properties": {
        "name": null,
        "type": "residential",
        "slope": 121.7203820313373,
        "sun_diff": 1.724709031966853,
        "length": 102.96375680600254
      }
    },
    {
      "geometry": {
        "type": "LineString",
        "coordinates": [
          [
            117.2494913,
            39.10387
          ],
          [
            117.2513804,
            39.1029378
          ]
        ]
      },
      "type": "Feature",
      "properties": {
        "name": null,
        "type": "residential",
        "slope": 122.4520256833496,
        "sun_diff": 2.456352683979162,
        "length": 193.2338214468923
      }
    },
    {
      "geometry": {
        "type": "LineString",
        "coordinates": [
          [
            117.2513804,
            39.1029378
          ],
          [
            117.252801,
            39.1022368
          ]
        ]
      },
      "type": "Feature",
      "properties": {
        "name": null,
        "type": "residential",
        "slope": 122.45129322112163,
        "sun_diff": 2.4556202217511895,
        "length": 145.31193979488364
      }
    },
    {
      "geometry": {
        "type": "LineString",
        "coordinates": [
          [
            117.0779324,
            38.9853527
          ],
          [
            117.0718054,
            38.9881659
          ]
        ]
      },
      "type": "Feature",
      "properties": {
        "name": null,
        "type": "unclassified",
        "slope": 120.5709554561657,
        "sun_diff": 0.6202660826689765,
        "length": 615.2443717341145
      }
    },
    {
      "geometry": {
        "type": "LineString",
        "coordinates": [
          [
            117.0718054,
            38.9881659
          ],
          [
            117.0657904,
            38.9908411
          ]
        ]
      },
      "type": "Feature",
      "properties": {
        "name": null,
        "type": "unclassified",
        "slope": 119.7789842596122,
        "sun_diff": 0.1717051138845278,
        "length": 599.1400564614048
      }
    },
    {
      "geometry": {
        "type": "LineString",
        "coordinates": [
          [
            117.2318311,
            39.1681884
          ],
          [
            117.2331098,
            39.1687824
          ]
        ]
      },
      "type": "Feature",
      "properties": {
        "name": "\u91d1\u949f\u6cb3\u5927\u8857",
        "type": "unclassified",
        "slope": 59.070976587875265,
        "sun_diff": 0.8864370310689935,
        "length": 128.54831061262067
      }
    },
    {
      "geometry": {
        "type": "LineString",
        "coordinates": [
          [
            117.233206,
            39.1691403
          ],
          [
            117.2318651,
            39.1685414
          ]
        ]
      },
      "type": "Feature",
      "properties": {
        "name": "\u91d1\u949f\u6cb3\u5927\u8857",
        "type": "primary",
        "slope": 60.054035900327136,
        "sun_diff": 0.09662228138287787,
        "length": 133.44871674728583
      }
    },
    {
      "geometry": {
        "type": "LineString",
        "coordinates": [
          [
            117.279744,
            39.1532379
          ],
          [
            117.2808769,
            39.1537478
          ]
        ]
      },
      "type": "Feature",
      "properties": {
        "name": "\u9f99\u5c71\u9053",
        "type": "secondary",
        "slope": 59.86856252407301,
        "sun_diff": 0.0888510948712451,
        "length": 112.98386419198314
      }
    },
    {
      "geometry": {
        "type": "LineString",
        "coordinates": [
          [
            117.2808769,
            39.1537478
          ],
          [
            117.2836303,
            39.1548791
          ]
        ]
      },
      "type": "Feature",
      "properties": {
        "name": "\u9f99\u5c71\u9053",
        "type": "secondary",
        "slope": 62.08278010344986,
        "sun_diff": 2.125366484505605,
        "length": 268.7662014798109
      }
    },
    {
      "geometry": {
        "type": "LineString",
        "coordinates": [
          [
            117.2582337,
            39.0968392
          ],
          [
            117.2594057,
            39.096255
          ]
        ]
      },
      "type": "Feature",
      "properties": {
        "name": null,
        "type": "residential",
        "slope": 122.71174887767205,
        "sun_diff": 2.7160758783016092,
        "length": 120.24191508743864
      }
    },
    {
      "geometry": {
        "type": "LineString",
        "coordinates": [
          [
            117.2594057,
            39.096255
          ],
          [
            117.2606359,
            39.0956656
          ]
        ]
      },
      "type": "Feature",
      "properties": {
        "name": null,
        "type": "residential",
        "slope": 121.68843355529305,
        "sun_diff": 1.6927605559226038,
        "length": 124.80235993379921
      }
    },
    {
      "geometry": {
        "type": "LineString",
        "coordinates": [
          [
            117.2610321,
            39.0961672
          ],
          [
            117.2598128,
            39.0967484
          ]
        ]
      },
      "type": "Feature",
      "properties": {
        "name": null,
        "type": "residential",
        "slope": 121.55809893041533,
        "sun_diff": 1.562425931044885,
        "length": 123.52227106203057
      }
    },
    {
      "geometry": {
        "type": "LineString",
        "coordinates": [
          [
            117.2743911,
            39.1591992
          ],
          [
            117.2710293,
            39.1607737
          ]
        ]
      },
      "type": "Feature",
      "properties": {
        "name": null,
        "type": "tertiary",
        "slope": 121.13319833814879,
        "sun_diff": 1.0922821657161847,
        "length": 338.728928875264
      }
    },
    {
      "geometry": {
        "type": "LineString",
        "coordinates": [
          [
            117.2604929,
            39.0749068
          ],
          [
            117.2616007,
            39.0744233
          ]
        ]
      },
      "type": "Feature",
      "properties": {
        "name": null,
        "type": "residential",
        "slope": 119.3446440181998,
        "sun_diff": 0.65102898117064,
        "length": 109.74020757806484
      }
    },
    {
      "geometry": {
        "type": "LineString",
        "coordinates": [
          [
            117.1999717,
            39.1551583
          ],
          [
            117.1985725,
            39.1557577
          ]
        ]
      },
      "type": "Feature",
      "properties": {
        "name": "\u4e2d\u5c71\u516c\u56ed\u8def",
        "type": "residential",
        "slope": 118.9184599707969,
        "sun_diff": 1.1224562016356998,
        "length": 137.87486551967615
      }
    },
    {
      "geometry": {
        "type": "LineString",
        "coordinates": [
          [
            117.1573231,
            39.1762262
          ],
          [
            117.1586984,
            39.1755495
          ]
        ]
      },
      "type": "Feature",
      "properties": {
        "name": null,
        "type": "residential",
        "slope": 122.40380682068661,
        "sun_diff": 2.362890648254009,
        "length": 140.45787063736998
      }
    },
    {
      "geometry": {
        "type": "LineString",
        "coordinates": [
          [
            117.1588913,
            39.1757955
          ],
          [
            117.160567,
            39.1749756
          ]
        ]
      },
      "type": "Feature",
      "properties": {
        "name": null,
        "type": "residential",
        "slope": 122.25847728777805,
        "sun_diff": 2.217561115345447,
        "length": 170.8641311435868
      }
    },
    {
      "geometry": {
        "type": "LineString",
        "coordinates": [
          [
            117.1307274,
            39.1849661
          ],
          [
            117.1319064,
            39.1844699
          ]
        ]
      },
      "type": "Feature",
      "properties": {
        "name": null,
        "type": "tertiary",
        "slope": 118.5006629886905,
        "sun_diff": 1.5402531837421094,
        "length": 115.66573052714735
      }
    },
    {
      "geometry": {
        "type": "LineString",
        "coordinates": [
          [
            117.1247118,
            39.1981085
          ],
          [
            117.1215864,
            39.1966146
          ]
        ]
      },
      "type": "Feature",
      "properties": {
        "name": "\u8fde\u73af\u9053",
        "type": "residential",
        "slope": 58.33489150096108,
        "sun_diff": 1.6225221179831806,
        "length": 316.5327767849552
      }
    },
    {
      "geometry": {
        "type": "LineString",
        "coordinates": [
          [
            117.1248339,
            39.198169
          ],
          [
            117.126301,
            39.198883
          ]
        ]
      },
      "type": "Feature",
      "properties": {
        "name": "\u8fde\u73af\u9053",
        "type": "residential",
        "slope": 57.87109871507977,
        "sun_diff": 2.0863149038644906,
        "length": 149.33158086827464
      }
    },
    {
      "geometry": {
        "type": "LineString",
        "coordinates": [
          [
            117.1146312,
            39.2078977
          ],
          [
            117.1133894,
            39.2073235
          ]
        ]
      },
      "type": "Feature",
      "properties": {
        "name": "\u9f99\u5ca9\u9053",
        "type": "secondary",
        "slope": 59.17372034426637,
        "sun_diff": 0.7836932746778871,
        "length": 124.63581717544727
      }
    },
    {
      "geometry": {
        "type": "LineString",
        "coordinates": [
          [
            117.1136851,
            39.2029576
          ],
          [
            117.1158504,
            39.203872
          ]
        ]
      },
      "type": "Feature",
      "properties": {
        "name": "\u9f99\u95e8\u9053",
        "type": "secondary",
        "slope": 61.41100271119532,
        "sun_diff": 1.4535890922510646,
        "length": 212.54781366331568
      }
    },
    {
      "geometry": {
        "type": "LineString",
        "coordinates": [
          [
            117.120718,
            39.2001857
          ],
          [
            117.1223819,
            39.2008757
          ]
        ]
      },
      "type": "Feature",
      "properties": {
        "name": "\u9f99\u6cc9\u9053",
        "type": "tertiary",
        "slope": 61.84757140371474,
        "sun_diff": 1.89015778477048,
        "length": 162.66597611096816
      }
    },
    {
      "geometry": {
        "type": "LineString",
        "coordinates": [
          [
            117.2587828,
            39.1087067
          ],
          [
            117.26002,
            39.1080969
          ]
        ]
      },
      "type": "Feature",
      "properties": {
        "name": null,
        "type": "living_street",
        "slope": 122.42366576559533,
        "sun_diff": 2.4279927662248895,
        "length": 126.50287797940548
      }
    },
    {
      "geometry": {
        "type": "LineString",
        "coordinates": [
          [
            117.114228,
            39.1975272
          ],
          [
            117.1124589,
            39.1967768
          ]
        ]
      },
      "type": "Feature",
      "properties": {
        "name": "\u9f99\u6cc9\u9053",
        "type": "tertiary",
        "slope": 61.30675222071628,
        "sun_diff": 1.3493386017720184,
        "length": 173.84508530386006
      }
    },
    {
      "geometry": {
        "type": "LineString",
        "coordinates": [
          [
            117.1124589,
            39.1967768
          ],
          [
            117.1107547,
            39.1960538
          ]
        ]
      },
      "type": "Feature",
      "properties": {
        "name": "\u9f99\u6cc9\u9053",
        "type": "tertiary",
        "slope": 61.302705670047544,
        "sun_diff": 1.3452920511032858,
        "length": 167.47574546297975
      }
    },
    {
      "geometry": {
        "type": "LineString",
        "coordinates": [
          [
            117.1106359,
            39.1960035
          ],
          [
            117.1081543,
            39.1949369
          ]
        ]
      },
      "type": "Feature",
      "properties": {
        "name": "\u9f99\u6cc9\u9053",
        "type": "tertiary",
        "slope": 60.98791869696399,
        "sun_diff": 1.0305050780197291,
        "length": 244.61548805176943
      }
    },
    {
      "geometry": {
        "type": "LineString",
        "coordinates": [
          [
            117.1080321,
            39.1948808
          ],
          [
            117.1066783,
            39.1943194
          ]
        ]
      },
      "type": "Feature",
      "properties": {
        "name": "\u9f99\u6cc9\u9053",
        "type": "tertiary",
        "slope": 61.85001348462498,
        "sun_diff": 1.8925998656807224,
        "length": 132.3584361680552
      }
    },
    {
      "geometry": {
        "type": "LineString",
        "coordinates": [
          [
            117.117239,
            39.2089895
          ],
          [
            117.1197897,
            39.2101624
          ]
        ]
      },
      "type": "Feature",
      "properties": {
        "name": "\u9f99\u5ca9\u9053",
        "type": "tertiary",
        "slope": 59.31242532338416,
        "sun_diff": 0.644988295560097,
        "length": 255.62972836424348
      }
    },
    {
      "geometry": {
        "type": "LineString",
        "coordinates": [
          [
            117.1146906,
            39.2078052
          ],
          [
            117.1163152,
            39.2085601
          ]
        ]
      },
      "type": "Feature",
      "properties": {
        "name": "\u9f99\u5ca9\u9053",
        "type": "secondary",
        "slope": 59.04939248271549,
        "sun_diff": 0.9080211362287685,
        "length": 163.26638926661616
      }
    },
    {
      "geometry": {
        "type": "LineString",
        "coordinates": [
          [
            117.1396772,
            39.0837443
          ],
          [
            117.1377642,
            39.0827939
          ]
        ]
      },
      "type": "Feature",
      "properties": {
        "name": "\u8fce\u98ce\u9053",
        "type": "tertiary",
        "slope": 57.37968866534035,
        "sun_diff": 2.622968126666052,
        "length": 196.10151919559098
      }
    },
    {
      "geometry": {
        "type": "LineString",
        "coordinates": [
          [
            117.1316895,
            39.0906974
          ],
          [
            117.1305924,
            39.0901873
          ]
        ]
      },
      "type": "Feature",
      "properties": {
        "name": "\u8fce\u6c34\u9053\u8f85\u8def",
        "type": "tertiary",
        "slope": 59.076404710124535,
        "sun_diff": 0.92625208188187,
        "length": 110.4082236337603
      }
    },
    {
      "geometry": {
        "type": "LineString",
        "coordinates": [
          [
            117.1290282,
            39.0891392
          ],
          [
            117.1301899,
            39.0896914
          ]
        ]
      },
      "type": "Feature",
      "properties": {
        "name": "\u8fce\u6c34\u9053\u8f85\u8def",
        "type": "tertiary",
        "slope": 58.51575430573152,
        "sun_diff": 1.4869024862748859,
        "length": 117.6058030174598
      }
    },
    {
      "geometry": {
        "type": "LineString",
        "coordinates": [
          [
            117.2773907,
            39.06787
          ],
          [
            117.276104,
            39.0684624
          ]
        ]
      },
      "type": "Feature",
      "properties": {
        "name": "\u5927\u6cbd\u5357\u8def\u8f85\u8def",
        "type": "tertiary",
        "slope": 120.66801035965094,
        "sun_diff": 0.6723373602804941,
        "length": 129.18558798852814
      }
    },
    {
      "geometry": {
        "type": "LineString",
        "coordinates": [
          [
            117.276104,
            39.0684624
          ],
          [
            117.2749303,
            39.0690028
          ]
        ]
      },
      "type": "Feature",
      "properties": {
        "name": "\u5927\u6cbd\u5357\u8def\u8f85\u8def",
        "type": "tertiary",
        "slope": 120.6693886213755,
        "sun_diff": 0.6737156220050622,
        "length": 117.8410549053425
      }
    },
    {
      "geometry": {
        "type": "LineString",
        "coordinates": [
          [
            117.226447,
            39.0879117
          ],
          [
            117.2294273,
            39.0864632
          ]
        ]
      },
      "type": "Feature",
      "properties": {
        "name": "\u5927\u6cbd\u5357\u8def",
        "type": "primary",
        "slope": 122.05327879538703,
        "sun_diff": 2.0576057960165883,
        "length": 303.58565981771426
      }
    },
    {
      "geometry": {
        "type": "LineString",
        "coordinates": [
          [
            117.1505699,
            39.1754403
          ],
          [
            117.1518103,
            39.1748438
          ]
        ]
      },
      "type": "Feature",
      "properties": {
        "name": "\u4e01\u5b57\u6cbd\u4e09\u53f7\u8def",
        "type": "primary",
        "slope": 121.81256050796006,
        "sun_diff": 1.771644335527455,
        "length": 125.86434003724112
      }
    },
    {
      "geometry": {
        "type": "LineString",
        "coordinates": [
          [
            117.1519056,
            39.1749436
          ],
          [
            117.1506538,
            39.1755393
          ]
        ]
      },
      "type": "Feature",
      "properties": {
        "name": "\u4e01\u5b57\u6cbd\u4e09\u53f7\u8def",
        "type": "primary",
        "slope": 121.54419191849979,
        "sun_diff": 1.5032757460671888,
        "length": 126.6540185001302
      }
    },
    {
      "geometry": {
        "type": "LineString",
        "coordinates": [
          [
            117.0946724,
            38.9778179
          ],
          [
            117.0967824,
            38.9787733
          ]
        ]
      },
      "type": "Feature",
      "properties": {
        "name": "\u5e38\u6d77\u9053",
        "type": "tertiary",
        "slope": 59.78069098736097,
        "sun_diff": 0.26696309089749093,
        "length": 211.14078410908465
      }
    },
    {
      "geometry": {
        "type": "LineString",
        "coordinates": [
          [
            117.0792047,
            38.9847558
          ],
          [
            117.0815031,
            38.9837063
          ]
        ]
      },
      "type": "Feature",
      "properties": {
        "name": "\u9876\u6e56\u8def",
        "type": "tertiary",
        "slope": 120.43114637247984,
        "sun_diff": 0.4804569989831151,
        "length": 230.47280795201158
      }
    },
    {
      "geometry": {
        "type": "LineString",
        "coordinates": [
          [
            117.0815031,
            38.9837063
          ],
          [
            117.0830914,
            38.9829609
          ]
        ]
      },
      "type": "Feature",
      "properties": {
        "name": "\u9876\u6e56\u8def",
        "type": "tertiary",
        "slope": 121.12104552963291,
        "sun_diff": 1.1703561561361795,
        "length": 160.4154951863141
      }
    },
    {
      "geometry": {
        "type": "LineString",
        "coordinates": [
          [
            117.0914021,
            38.9793777
          ],
          [
            117.0928601,
            38.9786581
          ]
        ]
      },
      "type": "Feature",
      "properties": {
        "name": "\u9876\u6e56\u8def",
        "type": "tertiary",
        "slope": 122.41115125472791,
        "sun_diff": 2.4604618812311827,
        "length": 149.33213660663557
      }
    },
    {
      "geometry": {
        "type": "LineString",
        "coordinates": [
          [
            117.0986536,
            38.9781152
          ],
          [
            117.0997787,
            38.9776335
          ]
        ]
      },
      "type": "Feature",
      "properties": {
        "name": "\u72ec\u6d41\u51cf\u6cb3\u5357\u5824\u8def",
        "type": "tertiary",
        "slope": 118.84328391474259,
        "sun_diff": 1.107405458754144,
        "length": 111.06456245838599
      }
    },
    {
      "geometry": {
        "type": "LineString",
        "coordinates": [
          [
            117.0997787,
            38.9776335
          ],
          [
            117.1010144,
            38.9770997
          ]
        ]
      },
      "type": "Feature",
      "properties": {
        "name": "\u72ec\u6d41\u51cf\u6cb3\u5357\u5824\u8def",
        "type": "tertiary",
        "slope": 119.05992104327916,
        "sun_diff": 0.8907683302175684,
        "length": 122.23877749731798
      }
    },
    {
      "geometry": {
        "type": "LineString",
        "coordinates": [
          [
            117.08606,
            38.9778118
          ],
          [
            117.0849814,
            38.9773259
          ]
        ]
      },
      "type": "Feature",
      "properties": {
        "name": null,
        "type": "tertiary",
        "slope": 59.90820433455255,
        "sun_diff": 0.13944974370591012,
        "length": 107.79388667857286
      }
    },
    {
      "geometry": {
        "type": "LineString",
        "coordinates": [
          [
            117.1223724,
            39.1221066
          ],
          [
            117.1210973,
            39.1226939
          ]
        ]
      },
      "type": "Feature",
      "properties": {
        "name": "\u96c5\u5b89\u9053",
        "type": "secondary",
        "slope": 120.69765448402092,
        "sun_diff": 0.7019814846504744,
        "length": 127.96179200484498
      }
    },
    {
      "geometry": {
        "type": "LineString",
        "coordinates": [
          [
            117.0969342,
            39.1204515
          ],
          [
            117.0982661,
            39.1209852
          ]
        ]
      },
      "type": "Feature",
      "properties": {
        "name": "\u95f5\u884c\u8def",
        "type": "tertiary",
        "slope": 62.683814168791514,
        "sun_diff": 2.6811573767851087,
        "length": 129.3603533367641
      }
    },
    {
      "geometry": {
        "type": "LineString",
        "coordinates": [
          [
            117.0983794,
            39.1210336
          ],
          [
            117.1013375,
            39.1222378
          ]
        ]
      },
      "type": "Feature",
      "properties": {
        "name": "\u95f5\u884c\u8def",
        "type": "tertiary",
        "slope": 62.31269797414504,
        "sun_diff": 2.310041182138633,
        "length": 288.27089219753503
      }
    },
    {
      "geometry": {
        "type": "LineString",
        "coordinates": [
          [
            117.1013375,
            39.1222378
          ],
          [
            117.1025471,
            39.1227414
          ]
        ]
      },
      "type": "Feature",
      "properties": {
        "name": "\u95f5\u884c\u8def",
        "type": "tertiary",
        "slope": 61.779479673111354,
        "sun_diff": 1.7768228811049482,
        "length": 118.45946953176019
      }
    },
    {
      "geometry": {
        "type": "LineString",
        "coordinates": [
          [
            117.2036396,
            39.1851362
          ],
          [
            117.2056111,
            39.1841445
          ]
        ]
      },
      "type": "Feature",
      "properties": {
        "name": "\u5747\u5f3a\u9053",
        "type": "tertiary",
        "slope": 122.98177864283508,
        "sun_diff": 2.940862470402479,
        "length": 202.62985433390494
      }
    },
    {
      "geometry": {
        "type": "LineString",
        "coordinates": [
          [
            117.2686982,
            39.1047034
          ],
          [
            117.2673242,
            39.1053542
          ]
        ]
      },
      "type": "Feature",
      "properties": {
        "name": "\u5e7f\u745e\u8def",
        "type": "tertiary",
        "slope": 121.3993971249902,
        "sun_diff": 1.4037241256197603,
        "length": 138.94151348863375
      }
    },
    {
      "geometry": {
        "type": "LineString",
        "coordinates": [
          [
            117.2673242,
            39.1053542
          ],
          [
            117.2656633,
            39.106151
          ]
        ]
      },
      "type": "Feature",
      "properties": {
        "name": "\u5e7f\u745e\u8def",
        "type": "tertiary",
        "slope": 121.72595231859268,
        "sun_diff": 1.7302793192222339,
        "length": 168.5406826392187
      }
    },
    {
      "geometry": {
        "type": "LineString",
        "coordinates": [
          [
            117.2491087,
            39.1092638
          ],
          [
            117.2506149,
            39.1085166
          ]
        ]
      },
      "type": "Feature",
      "properties": {
        "name": "\u4e2d\u5c71\u95e8\u4e8c\u53f7\u8def",
        "type": "tertiary",
        "slope": 122.59163700538073,
        "sun_diff": 2.5959640060102913,
        "length": 154.29491514047018
      }
    },
    {
      "geometry": {
        "type": "LineString",
        "coordinates": [
          [
            117.2517331,
            39.1124539
          ],
          [
            117.2550372,
            39.1107997
          ]
        ]
      },
      "type": "Feature",
      "properties": {
        "name": null,
        "type": "residential",
        "slope": 122.83126905447423,
        "sun_diff": 2.8355960551037924,
        "length": 339.36943886834274
      }
    },
    {
      "geometry": {
        "type": "LineString",
        "coordinates": [
          [
            117.1131727,
            39.2405147
          ],
          [
            117.114302,
            39.2410539
          ]
        ]
      },
      "type": "Feature",
      "properties": {
        "name": "\u5916\u73af\u5317\u8def\uff08\u4eac\u6ee8\u7ebf\uff09",
        "type": "trunk",
        "slope": 58.34670640598125,
        "sun_diff": 1.610707212963007,
        "length": 114.28699977961898
      }
    },
    {
      "geometry": {
        "type": "LineString",
        "coordinates": [
          [
            117.1178368,
            39.2429227
          ],
          [
            117.1155336,
            39.2418441
          ]
        ]
      },
      "type": "Feature",
      "properties": {
        "name": "\u5916\u73af\u5317\u8def\uff08\u5c71\u6df1\u7ebf\uff09",
        "type": "trunk",
        "slope": 58.839985726675934,
        "sun_diff": 1.1174278922683243,
        "length": 231.86099904397062
      }
    },
    {
      "geometry": {
        "type": "LineString",
        "coordinates": [
          [
            117.1155336,
            39.2418441
          ],
          [
            117.1143416,
            39.2413083
          ]
        ]
      },
      "type": "Feature",
      "properties": {
        "name": "\u5916\u73af\u5317\u8def\uff08\u5c71\u6df1\u7ebf\uff09",
        "type": "trunk",
        "slope": 59.870036288149464,
        "sun_diff": 0.08737733079479426,
        "length": 118.72739821597496
      }
    },
    {
      "geometry": {
        "type": "LineString",
        "coordinates": [
          [
            117.1136088,
            39.2409465
          ],
          [
            117.1123183,
            39.240372
          ]
        ]
      },
      "type": "Feature",
      "properties": {
        "name": "\u5916\u73af\u5317\u8def\uff08\u5c71\u6df1\u7ebf\uff09",
        "type": "trunk",
        "slope": 60.11002827672118,
        "sun_diff": 0.1526146577769225,
        "length": 128.229431985249
      }
    },
    {
      "geometry": {
        "type": "LineString",
        "coordinates": [
          [
            117.1123183,
            39.240372
          ],
          [
            117.110864,
            39.239689
          ]
        ]
      },
      "type": "Feature",
      "properties": {
        "name": "\u5916\u73af\u5317\u8def\uff08\u5c71\u6df1\u7ebf\uff09",
        "type": "trunk",
        "slope": 58.76840431157987,
        "sun_diff": 1.1890093073643868,
        "length": 146.51862655210596
      }
    },
    {
      "geometry": {
        "type": "LineString",
        "coordinates": [
          [
            117.2485299,
            39.1751613
          ],
          [
            117.2462252,
            39.1762312
          ]
        ]
      },
      "type": "Feature",
      "properties": {
        "name": "\u5916\u73af\u4e1c\u8def\uff08\u4eac\u6ee8\u7ebf\uff09",
        "type": "trunk",
        "slope": 120.91489146795155,
        "sun_diff": 0.8739752955189459,
        "length": 231.63438280581033
      }
    },
    {
      "geometry": {
        "type": "LineString",
        "coordinates": [
          [
            117.1675641,
            39.241018
          ],
          [
            117.1698364,
            39.2420264
          ]
        ]
      },
      "type": "Feature",
      "properties": {
        "name": "\u5317\u8fb0\u9053",
        "type": "primary",
        "slope": 60.187179984671616,
        "sun_diff": 0.22976636572735742,
        "length": 225.60733073277015
      }
    },
    {
      "geometry": {
        "type": "LineString",
        "coordinates": [
          [
            117.1698364,
            39.2420264
          ],
          [
            117.1711148,
            39.242609
          ]
        ]
      },
      "type": "Feature",
      "properties": {
        "name": "\u5317\u8fb0\u9053",
        "type": "primary",
        "slope": 59.526056691110796,
        "sun_diff": 0.4313569278334626,
        "length": 127.77906474507027
      }
    },
    {
      "geometry": {
        "type": "LineString",
        "coordinates": [
          [
            117.1714245,
            39.2427525
          ],
          [
            117.1730132,
            39.2434588
          ]
        ]
      },
      "type": "Feature",
      "properties": {
        "name": "\u5317\u8fb0\u9053",
        "type": "primary",
        "slope": 60.14225680189554,
        "sun_diff": 0.18484318295128332,
        "length": 157.80296238266388
      }
    },
    {
      "geometry": {
        "type": "LineString",
        "coordinates": [
          [
            117.1729251,
            39.2435751
          ],
          [
            117.1710331,
            39.2427195
          ]
        ]
      },
      "type": "Feature",
      "properties": {
        "name": "\u5317\u8fb0\u9053",
        "type": "primary",
        "slope": 59.719064665228046,
        "sun_diff": 0.238348953716212,
        "length": 188.73503533715683
      }
    },
    {
      "geometry": {
        "type": "LineString",
        "coordinates": [
          [
            117.1710331,
            39.2427195
          ],
          [
            117.1697363,
            39.2421497
          ]
        ]
      },
      "type": "Feature",
      "properties": {
        "name": "\u5317\u8fb0\u9053",
        "type": "primary",
        "slope": 60.43223874632537,
        "sun_diff": 0.47482512738110927,
        "length": 128.43902525035764
      }
    },
    {
      "geometry": {
        "type": "LineString",
        "coordinates": [
          [
            117.1695587,
            39.2420688
          ],
          [
            117.167018,
            39.2409124
          ]
        ]
      },
      "type": "Feature",
      "properties": {
        "name": "\u5317\u8fb0\u9053",
        "type": "primary",
        "slope": 59.55831142057437,
        "sun_diff": 0.3991021983698886,
        "length": 253.8686437917861
      }
    },
    {
      "geometry": {
        "type": "LineString",
        "coordinates": [
          [
            117.1800371,
            39.231477
          ],
          [
            117.181791,
            39.2322466
          ]
        ]
      },
      "type": "Feature",
      "properties": {
        "name": null,
        "type": "residential",
        "slope": 60.469058365776135,
        "sun_diff": 0.5116447468318768,
        "length": 173.67409672814568
      }
    },
    {
      "geometry": {
        "type": "LineString",
        "coordinates": [
          [
            117.181791,
            39.2322466
          ],
          [
            117.1832307,
            39.2328782
          ]
        ]
      },
      "type": "Feature",
      "properties": {
        "name": null,
        "type": "residential",
        "slope": 60.473935521702316,
        "sun_diff": 0.5165219027580576,
        "length": 142.55322711118595
      }
    },
    {
      "geometry": {
        "type": "LineString",
        "coordinates": [
          [
            117.2163641,
            39.1682534
          ],
          [
            117.2174208,
            39.1677677
          ]
        ]
      },
      "type": "Feature",
      "properties": {
        "name": "\u80b2\u7ea2\u8def",
        "type": "trunk",
        "slope": 120.66168806085383,
        "sun_diff": 0.6207718884212312,
        "length": 105.93646698695278
      }
    },
    {
      "geometry": {
        "type": "LineString",
        "coordinates": [
          [
            117.1743647,
            39.1712052
          ],
          [
            117.1760213,
            39.1718697
          ]
        ]
      },
      "type": "Feature",
      "properties": {
        "name": null,
        "type": "residential",
        "slope": 62.64260487926839,
        "sun_diff": 2.6851912603241317,
        "length": 160.84036849012168
      }
    },
    {
      "geometry": {
        "type": "LineString",
        "coordinates": [
          [
            117.1914072,
            39.0782034
          ],
          [
            117.1963475,
            39.0801706
          ]
        ]
      },
      "type": "Feature",
      "properties": {
        "name": "\u5bbe\u9986\u5357\u9053",
        "type": "secondary",
        "slope": 62.84388927201982,
        "sun_diff": 2.841232480013417,
        "length": 479.41682247834194
      }
    },
    {
      "geometry": {
        "type": "LineString",
        "coordinates": [
          [
            117.075196,
            39.0039835
          ],
          [
            117.0762811,
            39.0034743
          ]
        ]
      },
      "type": "Feature",
      "properties": {
        "name": null,
        "type": "unclassified",
        "slope": 121.1261628241781,
        "sun_diff": 1.1754734506813662,
        "length": 109.56746471037074
      }
    },
    {
      "geometry": {
        "type": "LineString",
        "coordinates": [
          [
            117.183,
            39.199279
          ],
          [
            117.1819476,
            39.1987794
          ]
        ]
      },
      "type": "Feature",
      "properties": {
        "name": "\u8fbd\u6cb3\u5317\u9053",
        "type": "tertiary",
        "slope": 58.509160114004004,
        "sun_diff": 1.4482535049402543,
        "length": 106.38265257430137
      }
    },
    {
      "geometry": {
        "type": "LineString",
        "coordinates": [
          [
            117.2584543,
            39.1061695
          ],
          [
            117.259672,
            39.1055788
          ]
        ]
      },
      "type": "Feature",
      "properties": {
        "name": "\u4e2d\u5fc3\u5317\u9053",
        "type": "tertiary",
        "slope": 122.01091697289371,
        "sun_diff": 2.015243973523269,
        "length": 123.94951802984052
      }
    },
    {
      "geometry": {
        "type": "LineString",
        "coordinates": [
          [
            117.1579688,
            38.937398
          ],
          [
            117.1710695,
            38.9435964
          ]
        ]
      },
      "type": "Feature",
      "properties": {
        "name": null,
        "type": "tertiary",
        "slope": 58.68674792176452,
        "sun_diff": 1.4056302351791885,
        "length": 1326.624597670977
      }
    },
    {
      "geometry": {
        "type": "LineString",
        "coordinates": [
          [
            117.3301186,
            38.9841708
          ],
          [
            117.3280666,
            38.9850713
          ]
        ]
      },
      "type": "Feature",
      "properties": {
        "name": "\u5c1a\u7f8e\u9053",
        "type": "residential",
        "slope": 119.44745081535984,
        "sun_diff": 0.5032385581368857,
        "length": 203.7384741192002
      }
    },
    {
      "geometry": {
        "type": "LineString",
        "coordinates": [
          [
            117.337095,
            38.9521119
          ],
          [
            117.3354379,
            38.9529055
          ]
        ]
      },
      "type": "Feature",
      "properties": {
        "name": "\u5929\u534e\u8def",
        "type": "tertiary",
        "slope": 121.62604785405031,
        "sun_diff": 1.6753584805535837,
        "length": 168.33884103745586
      }
    },
    {
      "geometry": {
        "type": "LineString",
        "coordinates": [
          [
            117.3354379,
            38.9529055
          ],
          [
            117.3331074,
            38.9540217
          ]
        ]
      },
      "type": "Feature",
      "properties": {
        "name": "\u5929\u534e\u8def",
        "type": "tertiary",
        "slope": 121.62880524036714,
        "sun_diff": 1.6781158668704137,
        "length": 236.7508088276781
      }
    },
    {
      "geometry": {
        "type": "LineString",
        "coordinates": [
          [
            117.3331074,
            38.9540217
          ],
          [
            117.3307527,
            38.9551273
          ]
        ]
      },
      "type": "Feature",
      "properties": {
        "name": "\u5929\u534e\u8def",
        "type": "tertiary",
        "slope": 121.12308502135454,
        "sun_diff": 1.1723956478578117,
        "length": 237.92140261997992
      }
    },
    {
      "geometry": {
        "type": "LineString",
        "coordinates": [
          [
            117.3307527,
            38.9551273
          ],
          [
            117.3284304,
            38.9562244
          ]
        ]
      },
      "type": "Feature",
      "properties": {
        "name": "\u5929\u534e\u8def",
        "type": "tertiary",
        "slope": 121.27929706981215,
        "sun_diff": 1.3286076963154159,
        "length": 235.03180177108393
      }
    },
    {
      "geometry": {
        "type": "LineString",
        "coordinates": [
          [
            117.3284304,
            38.9562244
          ],
          [
            117.3255886,
            38.9575677
          ]
        ]
      },
      "type": "Feature",
      "properties": {
        "name": "\u5929\u534e\u8def",
        "type": "tertiary",
        "slope": 121.29451100630996,
        "sun_diff": 1.3438216328132313,
        "length": 287.649891553016
      }
    },
    {
      "geometry": {
        "type": "LineString",
        "coordinates": [
          [
            117.108523,
            39.2049348
          ],
          [
            117.109523,
            39.205398
          ]
        ]
      },
      "type": "Feature",
      "properties": {
        "name": "\u9f99\u5ca9\u9053",
        "type": "secondary",
        "slope": 59.13044595206503,
        "sun_diff": 0.8269676668792272,
        "length": 100.41564633240269
      }
    },
    {
      "geometry": {
        "type": "LineString",
        "coordinates": [
          [
            117.2803807,
            39.0660369
          ],
          [
            117.2820789,
            39.0652612
          ]
        ]
      },
      "type": "Feature",
      "properties": {
        "name": "\u5927\u6cbd\u5357\u8def\u8f85\u8def",
        "type": "tertiary",
        "slope": 120.46856183812304,
        "sun_diff": 0.4728888387525956,
        "length": 170.15676980906508
      }
    },
    {
      "geometry": {
        "type": "LineString",
        "coordinates": [
          [
            117.3254594,
            38.9576288
          ],
          [
            117.3231217,
            38.9587337
          ]
        ]
      },
      "type": "Feature",
      "properties": {
        "name": "\u5929\u534e\u8def",
        "type": "tertiary",
        "slope": 121.29227636422928,
        "sun_diff": 1.3415869907325515,
        "length": 236.6145822336373
      }
    },
    {
      "geometry": {
        "type": "LineString",
        "coordinates": [
          [
            117.3231217,
            38.9587337
          ],
          [
            117.3207015,
            38.9598777
          ]
        ]
      },
      "type": "Feature",
      "properties": {
        "name": "\u5929\u534e\u8def",
        "type": "tertiary",
        "slope": 121.29506268895608,
        "sun_diff": 1.3443733154593502,
        "length": 244.96830630165312
      }
    },
    {
      "geometry": {
        "type": "LineString",
        "coordinates": [
          [
            117.3207015,
            38.9598777
          ],
          [
            117.3196081,
            38.9603865
          ]
        ]
      },
      "type": "Feature",
      "properties": {
        "name": "\u5929\u534e\u8def",
        "type": "tertiary",
        "slope": 120.89809699496368,
        "sun_diff": 0.9474076214669509,
        "length": 110.20931517753941
      }
    },
    {
      "geometry": {
        "type": "LineString",
        "coordinates": [
          [
            117.3195881,
            38.9602968
          ],
          [
            117.320649,
            38.9598111
          ]
        ]
      },
      "type": "Feature",
      "properties": {
        "name": "\u5929\u534e\u8def",
        "type": "tertiary",
        "slope": 120.48823580737579,
        "sun_diff": 0.5375464338790579,
        "length": 106.48068285437176
      }
    },
    {
      "geometry": {
        "type": "LineString",
        "coordinates": [
          [
            117.320649,
            38.9598111
          ],
          [
            117.3230796,
            38.9586803
          ]
        ]
      },
      "type": "Feature",
      "properties": {
        "name": "\u5929\u534e\u8def",
        "type": "tertiary",
        "slope": 120.8919245927743,
        "sun_diff": 0.9412352192775728,
        "length": 244.9804849780173
      }
    },
    {
      "geometry": {
        "type": "LineString",
        "coordinates": [
          [
            117.3230796,
            38.9586803
          ],
          [
            117.3254094,
            38.9575644
          ]
        ]
      },
      "type": "Feature",
      "properties": {
        "name": "\u5929\u534e\u8def",
        "type": "tertiary",
        "slope": 121.63089280726442,
        "sun_diff": 1.6802034337676872,
        "length": 236.67047453819643
      }
    },
    {
      "geometry": {
        "type": "LineString",
        "coordinates": [
          [
            117.3439705,
            38.9410615
          ],
          [
            117.3383553,
            38.9437028
          ]
        ]
      },
      "type": "Feature",
      "properties": {
        "name": "\u6d25\u6e2f\u516c\u8def",
        "type": "primary",
        "slope": 121.16513495178083,
        "sun_diff": 1.2591833173476772,
        "length": 567.7134744915523
      }
    },
    {
      "geometry": {
        "type": "LineString",
        "coordinates": [
          [
            117.3382775,
            38.9437414
          ],
          [
            117.3350964,
            38.9452571
          ]
        ]
      },
      "type": "Feature",
      "properties": {
        "name": "\u6d25\u6e2f\u516c\u8def",
        "type": "primary",
        "slope": 121.49284949448955,
        "sun_diff": 1.5868978600563963,
        "length": 322.7314350455639
      }
    },
    {
      "geometry": {
        "type": "LineString",
        "coordinates": [
          [
            117.3350964,
            38.9452571
          ],
          [
            117.3321453,
            38.9466612
          ]
        ]
      },
      "type": "Feature",
      "properties": {
        "name": "\u6d25\u6e2f\u516c\u8def",
        "type": "primary",
        "slope": 121.45682428114935,
        "sun_diff": 1.5508726467162006,
        "length": 299.27597568788104
      }
    },
    {
      "geometry": {
        "type": "LineString",
        "coordinates": [
          [
            117.331566,
            38.9468313
          ],
          [
            117.3349465,
            38.9451956
          ]
        ]
      },
      "type": "Feature",
      "properties": {
        "name": "\u6d25\u6e2f\u516c\u8def",
        "type": "primary",
        "slope": 121.88715472369262,
        "sun_diff": 1.9812030892594663,
        "length": 344.41612450251154
      }
    },
    {
      "geometry": {
        "type": "LineString",
        "coordinates": [
          [
            117.3351221,
            38.9451122
          ],
          [
            117.3382041,
            38.9436483
          ]
        ]
      },
      "type": "Feature",
      "properties": {
        "name": "\u6d25\u6e2f\u516c\u8def",
        "type": "primary",
        "slope": 121.41257196575737,
        "sun_diff": 1.5066203313242141,
        "length": 312.41192369620313
      }
    },
    {
      "geometry": {
        "type": "LineString",
        "coordinates": [
          [
            117.3382833,
            38.9436077
          ],
          [
            117.3439052,
            38.940965
          ]
        ]
      },
      "type": "Feature",
      "properties": {
        "name": "\u6d25\u6e2f\u516c\u8def",
        "type": "primary",
        "slope": 121.14734742556911,
        "sun_diff": 1.2413957911359574,
        "length": 568.2906284580636
      }
    },
    {
      "geometry": {
        "type": "LineString",
        "coordinates": [
          [
            117.3267858,
            39.0348669
          ],
          [
            117.3236055,
            39.0364313
          ]
        ]
      },
      "type": "Feature",
      "properties": {
        "name": "\u6d25\u6cbd\u516c\u8def",
        "type": "primary",
        "slope": 122.34556743411463,
        "sun_diff": 2.3948780606178985,
        "length": 325.23623196027665
      }
    },
    {
      "geometry": {
        "type": "LineString",
        "coordinates": [
          [
            117.3211843,
            39.0323045
          ],
          [
            117.3223042,
            39.0318308
          ]
        ]
      },
      "type": "Feature",
      "properties": {
        "name": "\u6167\u901a\u9053",
        "type": "tertiary",
        "slope": 118.56935320466303,
        "sun_diff": 1.3813361688336983,
        "length": 110.17773620500037
      }
    },
    {
      "geometry": {
        "type": "LineString",
        "coordinates": [
          [
            117.3216459,
            39.032207
          ],
          [
            117.3203571,
            39.0327924
          ]
        ]
      },
      "type": "Feature",
      "properties": {
        "name": "\u6167\u901a\u9053",
        "type": "tertiary",
        "slope": 120.31671771174874,
        "sun_diff": 0.36602833825200776,
        "length": 128.99521940633065
      }
    },
    {
      "geometry": {
        "type": "LineString",
        "coordinates": [
          [
            117.3158554,
            39.0368592
          ],
          [
            117.316855,
            39.0373188
          ]
        ]
      },
      "type": "Feature",
      "properties": {
        "name": "\u68a8\u53cc\u8def",
        "type": "primary",
        "slope": 59.37685638169623,
        "sun_diff": 0.6707976965622322,
        "length": 100.35817199156678
      }
    },
    {
      "geometry": {
        "type": "LineString",
        "coordinates": [
          [
            117.316855,
            39.0373188
          ],
          [
            117.3187397,
            39.0382615
          ]
        ]
      },
      "type": "Feature",
      "properties": {
        "name": "\u68a8\u53cc\u8def",
        "type": "primary",
        "slope": 57.21979638662259,
        "sun_diff": 2.82785769163587,
        "length": 193.67089061119918
      }
    },
    {
      "geometry": {
        "type": "LineString",
        "coordinates": [
          [
            117.3180147,
            39.037959
          ],
          [
            117.3168258,
            39.0373818
          ]
        ]
      },
      "type": "Feature",
      "properties": {
        "name": "\u68a8\u53cc\u8def",
        "type": "primary",
        "slope": 57.99295724204421,
        "sun_diff": 2.054696836214248,
        "length": 121.12985740021601
      }
    },
    {
      "geometry": {
        "type": "LineString",
        "coordinates": [
          [
            117.3208093,
            38.9520271
          ],
          [
            117.317794,
            38.953473
          ]
        ]
      },
      "type": "Feature",
      "properties": {
        "name": "\u6d25\u6e2f\u516c\u8def",
        "type": "primary",
        "slope": 121.6589424125439,
        "sun_diff": 1.7082530390471646,
        "length": 306.4204600822168
      }
    },
    {
      "geometry": {
        "type": "LineString",
        "coordinates": [
          [
            117.3172372,
            38.9536116
          ],
          [
            117.3207443,
            38.9519291
          ]
        ]
      },
      "type": "Feature",
      "properties": {
        "name": "\u6d25\u6e2f\u516c\u8def",
        "type": "primary",
        "slope": 121.67012632904124,
        "sun_diff": 1.7194369555445093,
        "length": 356.4430762087572
      }
    },
    {
      "geometry": {
        "type": "LineString",
        "coordinates": [
          [
            117.3234857,
            39.0363455
          ],
          [
            117.3265649,
            39.0348189
          ]
        ]
      },
      "type": "Feature",
      "properties": {
        "name": "\u6d25\u6cbd\u516c\u8def",
        "type": "primary",
        "slope": 122.54852097718418,
        "sun_diff": 2.597831603687453,
        "length": 315.60939502747306
      }
    },
    {
      "geometry": {
        "type": "LineString",
        "coordinates": [
          [
            117.3142877,
            39.0362954
          ],
          [
            117.3124786,
            39.0355789
          ]
        ]
      },
      "type": "Feature",
      "properties": {
        "name": "\u68a8\u53cc\u8def",
        "type": "primary",
        "slope": 62.983790976175555,
        "sun_diff": 2.9361368979170948,
        "length": 175.44779804935916
      }
    },
    {
      "geometry": {
        "type": "LineString",
        "coordinates": [
          [
            117.3143095,
            39.0362321
          ],
          [
            117.3157774,
            39.0368234
          ]
        ]
      },
      "type": "Feature",
      "properties": {
        "name": "\u68a8\u53cc\u8def",
        "type": "primary",
        "slope": 62.58861196008232,
        "sun_diff": 2.540957881823857,
        "length": 142.86231996735162
      }
    },
    {
      "geometry": {
        "type": "LineString",
        "coordinates": [
          [
            117.3224613,
            39.0369793
          ],
          [
            117.3193292,
            39.0384793
          ]
        ]
      },
      "type": "Feature",
      "properties": {
        "name": "\u6d25\u6cbd\u516c\u8def",
        "type": "primary",
        "slope": 121.6571511562712,
        "sun_diff": 1.7064617827744684,
        "length": 317.90174503605607
      }
    },
    {
      "geometry": {
        "type": "LineString",
        "coordinates": [
          [
            117.3164788,
            39.0398208
          ],
          [
            117.3145229,
            39.040746
          ]
        ]
      },
      "type": "Feature",
      "properties": {
        "name": "\u6d25\u6cbd\u516c\u8def",
        "type": "primary",
        "slope": 121.34255021106992,
        "sun_diff": 1.3918608375731907,
        "length": 197.8460748002454
      }
    },
    {
      "geometry": {
        "type": "LineString",
        "coordinates": [
          [
            117.3145512,
            39.0406146
          ],
          [
            117.3164067,
            39.0397237
          ]
        ]
      },
      "type": "Feature",
      "properties": {
        "name": "\u6d25\u6cbd\u516c\u8def",
        "type": "primary",
        "slope": 121.72320038357668,
        "sun_diff": 1.7725110100799526,
        "length": 188.45790844331918
      }
    },
    {
      "geometry": {
        "type": "LineString",
        "coordinates": [
          [
            117.3192516,
            39.0383872
          ],
          [
            117.3223832,
            39.03688
          ]
        ]
      },
      "type": "Feature",
      "properties": {
        "name": "\u6d25\u6cbd\u516c\u8def",
        "type": "primary",
        "slope": 121.78336628775355,
        "sun_diff": 1.8326769142568224,
        "length": 318.2863791898212
      }
    },
    {
      "geometry": {
        "type": "LineString",
        "coordinates": [
          [
            117.2826485,
            39.0652978
          ],
          [
            117.2815454,
            39.0657944
          ]
        ]
      },
      "type": "Feature",
      "properties": {
        "name": "\u5927\u6cbd\u5357\u8def",
        "type": "trunk",
        "slope": 120.10603647576585,
        "sun_diff": 0.11036347639540622,
        "length": 110.12095927001197
      }
    },
    {
      "geometry": {
        "type": "LineString",
        "coordinates": [
          [
            117.3210587,
            38.9517784
          ],
          [
            117.3242625,
            38.9502764
          ]
        ]
      },
      "type": "Feature",
      "properties": {
        "name": "\u6d25\u6e2f\u516c\u8def",
        "type": "primary",
        "slope": 121.0829587979648,
        "sun_diff": 1.1322694244680775,
        "length": 323.59640944646645
      }
    },
    {
      "geometry": {
        "type": "LineString",
        "coordinates": [
          [
            117.3242625,
            38.9502764
          ],
          [
            117.3276512,
            38.9486757
          ]
        ]
      },
      "type": "Feature",
      "properties": {
        "name": "\u6d25\u6e2f\u516c\u8def",
        "type": "primary",
        "slope": 121.27359967647573,
        "sun_diff": 1.3229103029789968,
        "length": 342.96943311772736
      }
    },
    {
      "geometry": {
        "type": "LineString",
        "coordinates": [
          [
            117.3276512,
            38.9486757
          ],
          [
            117.3308953,
            38.9471458
          ]
        ]
      },
      "type": "Feature",
      "properties": {
        "name": "\u6d25\u6e2f\u516c\u8def",
        "type": "primary",
        "slope": 121.2316228743124,
        "sun_diff": 1.3256712398792416,
        "length": 328.19575487997935
      }
    },
    {
      "geometry": {
        "type": "LineString",
        "coordinates": [
          [
            117.3309448,
            38.9472258
          ],
          [
            117.3277093,
            38.9487495
          ]
        ]
      },
      "type": "Feature",
      "properties": {
        "name": "\u6d25\u6e2f\u516c\u8def",
        "type": "primary",
        "slope": 121.19648529062678,
        "sun_diff": 1.290533656193631,
        "length": 327.20185533127017
      }
    },
    {
      "geometry": {
        "type": "LineString",
        "coordinates": [
          [
            117.3277093,
            38.9487495
          ],
          [
            117.3254793,
            38.9498059
          ]
        ]
      },
      "type": "Feature",
      "properties": {
        "name": "\u6d25\u6e2f\u516c\u8def",
        "type": "primary",
        "slope": 121.3470310843158,
        "sun_diff": 1.4410794498826505,
        "length": 225.8732130128752
      }
    },
    {
      "geometry": {
        "type": "LineString",
        "coordinates": [
          [
            117.3254793,
            38.9498059
          ],
          [
            117.3243152,
            38.9503635
          ]
        ]
      },
      "type": "Feature",
      "properties": {
        "name": "\u6d25\u6e2f\u516c\u8def",
        "type": "primary",
        "slope": 121.62981547157901,
        "sun_diff": 1.7238638371458563,
        "length": 118.26562862808137
      }
    },
    {
      "geometry": {
        "type": "LineString",
        "coordinates": [
          [
            117.3243152,
            38.9503635
          ],
          [
            117.3211323,
            38.95187
          ]
        ]
      },
      "type": "Feature",
      "properties": {
        "name": "\u6d25\u6e2f\u516c\u8def",
        "type": "primary",
        "slope": 121.32565638950445,
        "sun_diff": 1.3749670160077159,
        "length": 322.3091034013746
      }
    },
    {
      "geometry": {
        "type": "LineString",
        "coordinates": [
          [
            117.258395,
            39.0996289
          ],
          [
            117.2594648,
            39.0990976
          ]
        ]
      },
      "type": "Feature",
      "properties": {
        "name": "\u6d25\u5858\u8def",
        "type": "primary",
        "slope": 122.61708655790906,
        "sun_diff": 2.6214135585386202,
        "length": 109.63606872330547
      }
    },
    {
      "geometry": {
        "type": "LineString",
        "coordinates": [
          [
            117.2577003,
            39.099811
          ],
          [
            117.2597394,
            39.0988201
          ]
        ]
      },
      "type": "Feature",
      "properties": {
        "name": null,
        "type": "residential",
        "slope": 122.05380607714716,
        "sun_diff": 2.0581330777767164,
        "length": 207.67643042317835
      }
    },
    {
      "geometry": {
        "type": "LineString",
        "coordinates": [
          [
            117.1754577,
            39.0413524
          ],
          [
            117.1801497,
            39.0391135
          ]
        ]
      },
      "type": "Feature",
      "properties": {
        "name": "\u5916\u73af\u897f\u8def\uff08\u5c71\u6df1\u7ebf\uff09",
        "type": "trunk",
        "slope": 121.56439678061992,
        "sun_diff": 1.6137074071231865,
        "length": 475.7407474187093
      }
    },
    {
      "geometry": {
        "type": "LineString",
        "coordinates": [
          [
            117.1793413,
            39.0397417
          ],
          [
            117.1782354,
            39.0402764
          ]
        ]
      },
      "type": "Feature",
      "properties": {
        "name": "\u5916\u73af\u897f\u8def\uff08\u5c71\u6df1\u7ebf\uff09",
        "type": "trunk",
        "slope": 121.90225033207844,
        "sun_diff": 1.9515609585817089,
        "length": 112.54104329727666
      }
    },
    {
      "geometry": {
        "type": "LineString",
        "coordinates": [
          [
            117.1782354,
            39.0402764
          ],
          [
            117.1767531,
            39.0409892
          ]
        ]
      },
      "type": "Feature",
      "properties": {
        "name": "\u5916\u73af\u897f\u8def\uff08\u5c71\u6df1\u7ebf\uff09",
        "type": "trunk",
        "slope": 121.76282844216018,
        "sun_diff": 1.8121390686634555,
        "length": 150.616007093888
      }
    },
    {
      "geometry": {
        "type": "LineString",
        "coordinates": [
          [
            117.1767531,
            39.0409892
          ],
          [
            117.1754638,
            39.0415856
          ]
        ]
      },
      "type": "Feature",
      "properties": {
        "name": "\u5916\u73af\u897f\u8def\uff08\u5c71\u6df1\u7ebf\uff09",
        "type": "trunk",
        "slope": 120.77697308146287,
        "sun_diff": 0.8262837079661409,
        "length": 129.64234686311403
      }
    },
    {
      "geometry": {
        "type": "LineString",
        "coordinates": [
          [
            117.1253758,
            39.2021813
          ],
          [
            117.1224696,
            39.2010301
          ]
        ]
      },
      "type": "Feature",
      "properties": {
        "name": "\u9f99\u6cc9\u9053",
        "type": "tertiary",
        "slope": 62.925474559037355,
        "sun_diff": 2.968060940093096,
        "length": 281.3297078536704
      }
    },
    {
      "geometry": {
        "type": "LineString",
        "coordinates": [
          [
            117.1223115,
            39.2009601
          ],
          [
            117.1206646,
            39.2002618
          ]
        ]
      },
      "type": "Feature",
      "properties": {
        "name": "\u9f99\u6cc9\u9053",
        "type": "tertiary",
        "slope": 61.31475747288266,
        "sun_diff": 1.3573438539384028,
        "length": 161.81643874604197
      }
    },
    {
      "geometry": {
        "type": "LineString",
        "coordinates": [
          [
            117.1206646,
            39.2002618
          ],
          [
            117.1192357,
            39.1996518
          ]
        ]
      },
      "type": "Feature",
      "properties": {
        "name": "\u9f99\u6cc9\u9053",
        "type": "tertiary",
        "slope": 61.15060799655106,
        "sun_diff": 1.193194377606801,
        "length": 140.61910519001825
      }
    },
    {
      "geometry": {
        "type": "LineString",
        "coordinates": [
          [
            117.1191472,
            39.1996141
          ],
          [
            117.1165477,
            39.1985112
          ]
        ]
      },
      "type": "Feature",
      "properties": {
        "name": "\u9f99\u6cc9\u9053",
        "type": "tertiary",
        "slope": 61.3002734447914,
        "sun_diff": 1.3428598258471425,
        "length": 255.455454074696
      }
    },
    {
      "geometry": {
        "type": "LineString",
        "coordinates": [
          [
            117.1008037,
            39.2112496
          ],
          [
            117.1018512,
            39.2116864
          ]
        ]
      },
      "type": "Feature",
      "properties": {
        "name": "\u8fb0\u666f\u8def",
        "type": "tertiary",
        "slope": 61.71160170297716,
        "sun_diff": 1.7541880840329043,
        "length": 102.52013506911302
      }
    },
    {
      "geometry": {
        "type": "LineString",
        "coordinates": [
          [
            117.10412,
            39.2063559
          ],
          [
            117.1030853,
            39.2058702
          ]
        ]
      },
      "type": "Feature",
      "properties": {
        "name": null,
        "type": "service",
        "slope": 58.79309864186857,
        "sun_diff": 1.1643149770756906,
        "length": 104.26763486910846
      }
    },
    {
      "geometry": {
        "type": "LineString",
        "coordinates": [
          [
            117.118525,
            39.0920579
          ],
          [
            117.1174548,
            39.0915368
          ]
        ]
      },
      "type": "Feature",
      "properties": {
        "name": "\u5f00\u534e\u9053",
        "type": "secondary",
        "slope": 57.89751513404104,
        "sun_diff": 2.105141657965362,
        "length": 109.06635385020554
      }
    },
    {
      "geometry": {
        "type": "LineString",
        "coordinates": [
          [
            117.1174885,
            39.0914843
          ],
          [
            117.1185685,
            39.0920073
          ]
        ]
      },
      "type": "Feature",
      "properties": {
        "name": "\u5f00\u534e\u9053",
        "type": "secondary",
        "slope": 58.03841872693579,
        "sun_diff": 1.9642380650706173,
        "length": 109.89572687357337
      }
    },
    {
      "geometry": {
        "type": "LineString",
        "coordinates": [
          [
            117.1220311,
            39.0898127
          ],
          [
            117.1197334,
            39.0886974
          ]
        ]
      },
      "type": "Feature",
      "properties": {
        "name": "\u7269\u534e\u9053",
        "type": "tertiary",
        "slope": 57.97913565808332,
        "sun_diff": 2.023521133923083,
        "length": 233.96334577927698
      }
    },
    {
      "geometry": {
        "type": "LineString",
        "coordinates": [
          [
            117.1196654,
            39.0886645
          ],
          [
            117.1185017,
            39.0880986
          ]
        ]
      },
      "type": "Feature",
      "properties": {
        "name": "\u7269\u534e\u9053",
        "type": "tertiary",
        "slope": 57.93187125925289,
        "sun_diff": 2.0707855327535185,
        "length": 118.55631425177644
      }
    },
    {
      "geometry": {
        "type": "LineString",
        "coordinates": [
          [
            117.1185017,
            39.0880986
          ],
          [
            117.1174528,
            39.0875887
          ]
        ]
      },
      "type": "Feature",
      "properties": {
        "name": "\u7269\u534e\u9053",
        "type": "tertiary",
        "slope": 57.940825905080345,
        "sun_diff": 2.06183088692606,
        "length": 106.85097406964489
      }
    },
    {
      "geometry": {
        "type": "LineString",
        "coordinates": [
          [
            117.1243201,
            39.0870272
          ],
          [
            117.1226512,
            39.0862292
          ]
        ]
      },
      "type": "Feature",
      "properties": {
        "name": "\u8fce\u6c34\u9053",
        "type": "secondary",
        "slope": 58.36578984740527,
        "sun_diff": 1.6368669446011381,
        "length": 169.23164378098468
      }
    },
    {
      "geometry": {
        "type": "LineString",
        "coordinates": [
          [
            117.1261986,
            39.0880418
          ],
          [
            117.1247528,
            39.0873246
          ]
        ]
      },
      "type": "Feature",
      "properties": {
        "name": "\u8fce\u6c34\u9053\u8f85\u8def",
        "type": "unclassified",
        "slope": 57.41750442980671,
        "sun_diff": 2.5851523621996932,
        "length": 148.13698424929157
      }
    },
    {
      "geometry": {
        "type": "LineString",
        "coordinates": [
          [
            117.1243907,
            39.0871446
          ],
          [
            117.122082,
            39.0860328
          ]
        ]
      },
      "type": "Feature",
      "properties": {
        "name": "\u8fce\u6c34\u9053\u8f85\u8def",
        "type": "unclassified",
        "slope": 58.183727618888554,
        "sun_diff": 1.8189291731178514,
        "length": 234.5699801290308
      }
    },
    {
      "geometry": {
        "type": "LineString",
        "coordinates": [
          [
            117.1220399,
            39.0860124
          ],
          [
            117.1196043,
            39.0848337
          ]
        ]
      },
      "type": "Feature",
      "properties": {
        "name": "\u8fce\u6c34\u9053\u8f85\u8def",
        "type": "unclassified",
        "slope": 58.05765895637131,
        "sun_diff": 1.9449978356350925,
        "length": 247.80636366510836
      }
    },
    {
      "geometry": {
        "type": "LineString",
        "coordinates": [
          [
            117.1194445,
            39.0847563
          ],
          [
            117.117164,
            39.0836525
          ]
        ]
      },
      "type": "Feature",
      "properties": {
        "name": "\u8fce\u6c34\u9053\u8f85\u8def",
        "type": "unclassified",
        "slope": 58.05435840037387,
        "sun_diff": 1.9482983916325338,
        "length": 232.03826170400217
      }
    },
    {
      "geometry": {
        "type": "LineString",
        "coordinates": [
          [
            117.12209,
            39.085956
          ],
          [
            117.1198226,
            39.0848553
          ]
        ]
      },
      "type": "Feature",
      "properties": {
        "name": "\u8fce\u6c34\u9053",
        "type": "secondary",
        "slope": 57.978021221855386,
        "sun_diff": 2.0246355701510197,
        "length": 230.89345004702477
      }
    },
    {
      "geometry": {
        "type": "LineString",
        "coordinates": [
          [
            117.1171121,
            39.0873782
          ],
          [
            117.1159065,
            39.0867938
          ]
        ]
      },
      "type": "Feature",
      "properties": {
        "name": "\u7269\u534e\u9053",
        "type": "tertiary",
        "slope": 58.01489604555721,
        "sun_diff": 1.9877607464491973,
        "length": 122.71601318208346
      }
    },
    {
      "geometry": {
        "type": "LineString",
        "coordinates": [
          [
            117.1159065,
            39.0867938
          ],
          [
            117.11483,
            39.0862733
          ]
        ]
      },
      "type": "Feature",
      "properties": {
        "name": "\u7269\u534e\u9053",
        "type": "tertiary",
        "slope": 58.08026590241434,
        "sun_diff": 1.9223908895920658,
        "length": 109.49803588444708
      }
    },
    {
      "geometry": {
        "type": "LineString",
        "coordinates": [
          [
            117.1147849,
            39.0862545
          ],
          [
            117.1135471,
            39.0856641
          ]
        ]
      },
      "type": "Feature",
      "properties": {
        "name": "\u7269\u534e\u9053",
        "type": "tertiary",
        "slope": 58.42939246130669,
        "sun_diff": 1.5732643306997147,
        "length": 125.43220583869511
      }
    },
    {
      "geometry": {
        "type": "LineString",
        "coordinates": [
          [
            117.1263239,
            39.091891
          ],
          [
            117.1247671,
            39.0911073
          ]
        ]
      },
      "type": "Feature",
      "properties": {
        "name": "\u7269\u534e\u9053",
        "type": "tertiary",
        "slope": 57.03270159141783,
        "sun_diff": 2.969955200588572,
        "length": 160.1926554093681
      }
    },
    {
      "geometry": {
        "type": "LineString",
        "coordinates": [
          [
            117.1247407,
            39.0910922
          ],
          [
            117.1235037,
            39.0904845
          ]
        ]
      },
      "type": "Feature",
      "properties": {
        "name": "\u7269\u534e\u9053",
        "type": "tertiary",
        "slope": 57.66800629640224,
        "sun_diff": 2.3346504956041656,
        "length": 126.38574432530031
      }
    },
    {
      "geometry": {
        "type": "LineString",
        "coordinates": [
          [
            117.13744,
            39.2275124
          ],
          [
            117.1426359,
            39.2298379
          ]
        ]
      },
      "type": "Feature",
      "properties": {
        "name": "\u5317\u8fb0\u9053",
        "type": "primary",
        "slope": 59.98113610673764,
        "sun_diff": 0.023722487793378377,
        "length": 517.0415627666039
      }
    },
    {
      "geometry": {
        "type": "LineString",
        "coordinates": [
          [
            117.1069651,
            39.2295505
          ],
          [
            117.1104681,
            39.2280919
          ]
        ]
      },
      "type": "Feature",
      "properties": {
        "name": null,
        "type": "tertiary",
        "slope": 118.25917178785417,
        "sun_diff": 1.781744384578431,
        "length": 342.6652649819794
      }
    },
    {
      "geometry": {
        "type": "LineString",
        "coordinates": [
          [
            117.1824874,
            39.1613416
          ],
          [
            117.1803236,
            39.1603532
          ]
        ]
      },
      "type": "Feature",
      "properties": {
        "name": "\u516b\u9a6c\u8def",
        "type": "tertiary",
        "slope": 59.49702193018177,
        "sun_diff": 0.4603916887624848,
        "length": 216.59307331602005
      }
    },
    {
      "geometry": {
        "type": "LineString",
        "coordinates": [
          [
            117.1804118,
            39.160346
          ],
          [
            117.1825274,
            39.1612932
          ]
        ]
      },
      "type": "Feature",
      "properties": {
        "name": "\u516b\u9a6c\u8def",
        "type": "tertiary",
        "slope": 59.9966268784147,
        "sun_diff": 0.03921325947044352,
        "length": 210.69337599554711
      }
    },
    {
      "geometry": {
        "type": "LineString",
        "coordinates": [
          [
            117.2194562,
            39.1781831
          ],
          [
            117.2180871,
            39.1774935
          ]
        ]
      },
      "type": "Feature",
      "properties": {
        "name": "\u6dee\u5b89\u9053",
        "type": "tertiary",
        "slope": 56.98583420945121,
        "sun_diff": 2.971579409493046,
        "length": 140.7806540975003
      }
    },
    {
      "geometry": {
        "type": "LineString",
        "coordinates": [
          [
            117.2180871,
            39.1774935
          ],
          [
            117.21687,
            39.1768939
          ]
        ]
      },
      "type": "Feature",
      "properties": {
        "name": "\u6dee\u5b89\u9053",
        "type": "tertiary",
        "slope": 57.5636575301034,
        "sun_diff": 2.3937560888408598,
        "length": 124.34358790303486
      }
    },
    {
      "geometry": {
        "type": "LineString",
        "coordinates": [
          [
            117.2128324,
            39.174419
          ],
          [
            117.2151917,
            39.17332
          ]
        ]
      },
      "type": "Feature",
      "properties": {
        "name": "\u6cd7\u9633\u8def",
        "type": "tertiary",
        "slope": 121.0003105973125,
        "sun_diff": 0.9593944248799033,
        "length": 237.34125295233375
      }
    },
    {
      "geometry": {
        "type": "LineString",
        "coordinates": [
          [
            117.2151917,
            39.17332
          ],
          [
            117.217278,
            39.1723022
          ]
        ]
      },
      "type": "Feature",
      "properties": {
        "name": "\u6cd7\u9633\u8def",
        "type": "tertiary",
        "slope": 122.18138767374998,
        "sun_diff": 2.1404715013173785,
        "length": 212.5588569219889
      }
    },
    {
      "geometry": {
        "type": "LineString",
        "coordinates": [
          [
            117.1679325,
            39.2325175
          ],
          [
            117.1717218,
            39.234277
          ]
        ]
      },
      "type": "Feature",
      "properties": {
        "name": "\u6c81\u6cb3\u4e2d\u9053",
        "type": "tertiary",
        "slope": 59.058329180778856,
        "sun_diff": 0.8990844381654028,
        "length": 380.63778717851324
      }
    },
    {
      "geometry": {
        "type": "LineString",
        "coordinates": [
          [
            117.1718308,
            39.2343276
          ],
          [
            117.1783021,
            39.237329
          ]
        ]
      },
      "type": "Feature",
      "properties": {
        "name": "\u6c81\u6cb3\u4e2d\u9053",
        "type": "tertiary",
        "slope": 59.08619266156549,
        "sun_diff": 0.8712209573787675,
        "length": 649.8331219423256
      }
    },
    {
      "geometry": {
        "type": "LineString",
        "coordinates": [
          [
            117.1364034,
            39.2217604
          ],
          [
            117.1378229,
            39.2223995
          ]
        ]
      },
      "type": "Feature",
      "properties": {
        "name": "\u679c\u56ed\u5317\u9053",
        "type": "tertiary",
        "slope": 59.83623567065112,
        "sun_diff": 0.12117794829313766,
        "length": 141.47465192286575
      }
    },
    {
      "geometry": {
        "type": "LineString",
        "coordinates": [
          [
            117.1378229,
            39.2223995
          ],
          [
            117.1389507,
            39.2229073
          ]
        ]
      },
      "type": "Feature",
      "properties": {
        "name": "\u679c\u56ed\u5317\u9053",
        "type": "tertiary",
        "slope": 59.83449744998458,
        "sun_diff": 0.1229161689596765,
        "length": 112.40342367325668
      }
    },
    {
      "geometry": {
        "type": "LineString",
        "coordinates": [
          [
            117.1389507,
            39.2229073
          ],
          [
            117.1418281,
            39.2242041
          ]
        ]
      },
      "type": "Feature",
      "properties": {
        "name": "\u679c\u56ed\u5317\u9053",
        "type": "tertiary",
        "slope": 59.81040854713993,
        "sun_diff": 0.14700507180432965,
        "length": 286.8452500438691
      }
    },
    {
      "geometry": {
        "type": "LineString",
        "coordinates": [
          [
            117.1418281,
            39.2242041
          ],
          [
            117.1455751,
            39.2258821
          ]
        ]
      },
      "type": "Feature",
      "properties": {
        "name": "\u679c\u56ed\u5317\u9053",
        "type": "tertiary",
        "slope": 59.968091729250716,
        "sun_diff": 0.010678110306457711,
        "length": 372.9309983393636
      }
    },
    {
      "geometry": {
        "type": "LineString",
        "coordinates": [
          [
            117.1314997,
            39.2196044
          ],
          [
            117.1329896,
            39.2202874
          ]
        ]
      },
      "type": "Feature",
      "properties": {
        "name": "\u679c\u56ed\u5317\u9053",
        "type": "tertiary",
        "slope": 59.38622085823218,
        "sun_diff": 0.5711927607120799,
        "length": 149.1811255726714
      }
    },
    {
      "geometry": {
        "type": "LineString",
        "coordinates": [
          [
            117.1350803,
            39.2212225
          ],
          [
            117.1362051,
            39.2217453
          ]
        ]
      },
      "type": "Feature",
      "properties": {
        "name": "\u679c\u56ed\u5317\u9053",
        "type": "tertiary",
        "slope": 59.03782028811315,
        "sun_diff": 0.9195933308311055,
        "length": 113.03063793246658
      }
    },
    {
      "geometry": {
        "type": "LineString",
        "coordinates": [
          [
            117.157631,
            39.1919876
          ],
          [
            117.1586821,
            39.1924457
          ]
        ]
      },
      "type": "Feature",
      "properties": {
        "name": null,
        "type": "unclassified",
        "slope": 60.64921135224503,
        "sun_diff": 0.6917977333007741,
        "length": 103.95585672656013
      }
    },
    {
      "geometry": {
        "type": "LineString",
        "coordinates": [
          [
            117.2648527,
            39.2103422
          ],
          [
            117.2632888,
            39.2096796
          ]
        ]
      },
      "type": "Feature",
      "properties": {
        "name": "\u4fe1\u6cf0\u9053",
        "type": "tertiary",
        "slope": 61.32998370585841,
        "sun_diff": 1.372570086914152,
        "length": 153.61835628640628
      }
    },
    {
      "geometry": {
        "type": "LineString",
        "coordinates": [
          [
            117.2633285,
            39.2096366
          ],
          [
            117.2649494,
            39.2103384
          ]
        ]
      },
      "type": "Feature",
      "properties": {
        "name": "\u4fe1\u6cf0\u9053",
        "type": "tertiary",
        "slope": 60.803874209089486,
        "sun_diff": 0.8464605901452273,
        "length": 160.02725070460326
      }
    },
    {
      "geometry": {
        "type": "LineString",
        "coordinates": [
          [
            117.2563696,
            39.2094773
          ],
          [
            117.254094,
            39.2084613
          ]
        ]
      },
      "type": "Feature",
      "properties": {
        "name": "\u601d\u6e90\u4e1c\u8def",
        "type": "secondary",
        "slope": 60.04909708180969,
        "sun_diff": 0.09168346286543283,
        "length": 226.3538321292037
      }
    },
    {
      "geometry": {
        "type": "LineString",
        "coordinates": [
          [
            117.254094,
            39.2084613
          ],
          [
            117.2498033,
            39.2063664
          ]
        ]
      },
      "type": "Feature",
      "properties": {
        "name": "\u601d\u6e90\u4e1c\u8def",
        "type": "secondary",
        "slope": 57.785301996186035,
        "sun_diff": 2.172111622758223,
        "length": 437.0958637948687
      }
    },
    {
      "geometry": {
        "type": "LineString",
        "coordinates": [
          [
            117.2498842,
            39.2062729
          ],
          [
            117.2513574,
            39.2069859
          ]
        ]
      },
      "type": "Feature",
      "properties": {
        "name": "\u601d\u6e90\u4e1c\u8def",
        "type": "secondary",
        "slope": 58.011192932252385,
        "sun_diff": 1.9462206866918734,
        "length": 149.70575551689063
      }
    },
    {
      "geometry": {
        "type": "LineString",
        "coordinates": [
          [
            117.2513574,
            39.2069859
          ],
          [
            117.2532286,
            39.2079
          ]
        ]
      },
      "type": "Feature",
      "properties": {
        "name": "\u601d\u6e90\u4e1c\u8def",
        "type": "secondary",
        "slope": 57.770553080439214,
        "sun_diff": 2.1868605385050444,
        "length": 190.64981669666864
      }
    },
    {
      "geometry": {
        "type": "LineString",
        "coordinates": [
          [
            117.2541699,
            39.2083565
          ],
          [
            117.2562808,
            39.2092715
          ]
        ]
      },
      "type": "Feature",
      "properties": {
        "name": "\u601d\u6e90\u4e1c\u8def",
        "type": "secondary",
        "slope": 60.776355615978304,
        "sun_diff": 0.8189419970340452,
        "length": 208.46305760029193
      }
    },
    {
      "geometry": {
        "type": "LineString",
        "coordinates": [
          [
            117.1266057,
            39.1990798
          ],
          [
            117.1248061,
            39.1981996
          ]
        ]
      },
      "type": "Feature",
      "properties": {
        "name": null,
        "type": "residential",
        "slope": 57.742459677650686,
        "sun_diff": 2.2149539412935724,
        "length": 183.43512420495324
      }
    },
    {
      "geometry": {
        "type": "LineString",
        "coordinates": [
          [
            117.1246838,
            39.1981406
          ],
          [
            117.1215525,
            39.1966584
          ]
        ]
      },
      "type": "Feature",
      "properties": {
        "name": "\u8fde\u73af\u9053",
        "type": "residential",
        "slope": 58.58389281643477,
        "sun_diff": 1.3735208025094892,
        "length": 316.2853334926424
      }
    },
    {
      "geometry": {
        "type": "LineString",
        "coordinates": [
          [
            117.0703271,
            39.1910295
          ],
          [
            117.0629309,
            39.194551
          ]
        ]
      },
      "type": "Feature",
      "properties": {
        "name": "\u6d25\u9738\u7ebf",
        "type": "primary",
        "slope": 121.56442167996147,
        "sun_diff": 1.523505507528867,
        "length": 748.3003283914362
      }
    },
    {
      "geometry": {
        "type": "LineString",
        "coordinates": [
          [
            117.0629309,
            39.194551
          ],
          [
            117.0604351,
            39.195765
          ]
        ]
      },
      "type": "Feature",
      "properties": {
        "name": "\u6d25\u9738\u7ebf",
        "type": "primary",
        "slope": 122.11411631158239,
        "sun_diff": 2.0732001391497903,
        "length": 254.01054691967283
      }
    },
    {
      "geometry": {
        "type": "LineString",
        "coordinates": [
          [
            117.0804907,
            39.1953912
          ],
          [
            117.072385,
            39.1993863
          ]
        ]
      },
      "type": "Feature",
      "properties": {
        "name": null,
        "type": "unclassified",
        "slope": 122.45669640480531,
        "sun_diff": 2.415780232372711,
        "length": 828.0505783508344
      }
    },
    {
      "geometry": {
        "type": "LineString",
        "coordinates": [
          [
            117.3160052,
            39.0218595
          ],
          [
            117.3147845,
            39.0213747
          ]
        ]
      },
      "type": "Feature",
      "properties": {
        "name": "\u946b\u6e2f\u4e94\u53f7\u8def",
        "type": "secondary",
        "slope": 62.924337594353375,
        "sun_diff": 2.8766835160949142,
        "length": 118.4710416719651
      }
    },
    {
      "geometry": {
        "type": "LineString",
        "coordinates": [
          [
            117.3141925,
            39.0211324
          ],
          [
            117.3123502,
            39.0203974
          ]
        ]
      },
      "type": "Feature",
      "properties": {
        "name": "\u946b\u6e2f\u4e94\u53f7\u8def",
        "type": "secondary",
        "slope": 62.819008915666785,
        "sun_diff": 2.7713548374083246,
        "length": 178.96910272493145
      }
    },
    {
      "geometry": {
        "type": "LineString",
        "coordinates": [
          [
            117.135279,
            39.1948547
          ],
          [
            117.1302492,
            39.1923302
          ]
        ]
      },
      "type": "Feature",
      "properties": {
        "name": "\u4f73\u5e86\u9053",
        "type": "tertiary",
        "slope": 57.072917282661905,
        "sun_diff": 2.8844963362823535,
        "length": 516.5765364280655
      }
    },
    {
      "geometry": {
        "type": "LineString",
        "coordinates": [
          [
            117.162597,
            39.2037485
          ],
          [
            117.1572127,
            39.2013409
          ]
        ]
      },
      "type": "Feature",
      "properties": {
        "name": "\u987a\u4e49\u9053",
        "type": "tertiary",
        "slope": 60.01408498033936,
        "sun_diff": 0.05667136139510376,
        "length": 535.8151675358544
      }
    },
    {
      "geometry": {
        "type": "LineString",
        "coordinates": [
          [
            117.1571429,
            39.2013098
          ],
          [
            117.1549868,
            39.2003448
          ]
        ]
      },
      "type": "Feature",
      "properties": {
        "name": "\u987a\u4e49\u9053",
        "type": "tertiary",
        "slope": 59.99139719242817,
        "sun_diff": 0.03398357348390846,
        "length": 214.61666110101214
      }
    },
    {
      "geometry": {
        "type": "LineString",
        "coordinates": [
          [
            117.1549868,
            39.2003448
          ],
          [
            117.1530848,
            39.1994902
          ]
        ]
      },
      "type": "Feature",
      "properties": {
        "name": "\u987a\u4e49\u9053",
        "type": "tertiary",
        "slope": 59.894818231828964,
        "sun_diff": 0.06259538711529444,
        "length": 189.51090803660617
      }
    },
    {
      "geometry": {
        "type": "LineString",
        "coordinates": [
          [
            117.152901,
            39.1994075
          ],
          [
            117.1503445,
            39.1982649
          ]
        ]
      },
      "type": "Feature",
      "properties": {
        "name": "\u987a\u4e49\u9053",
        "type": "tertiary",
        "slope": 60.026971876679795,
        "sun_diff": 0.0695582577355367,
        "length": 254.38830995226812
      }
    },
    {
      "geometry": {
        "type": "LineString",
        "coordinates": [
          [
            117.1503445,
            39.1982649
          ],
          [
            117.148786,
            39.1975748
          ]
        ]
      },
      "type": "Feature",
      "properties": {
        "name": "\u987a\u4e49\u9053",
        "type": "tertiary",
        "slope": 60.257523514707145,
        "sun_diff": 0.30010989576288694,
        "length": 154.72492944243885
      }
    },
    {
      "geometry": {
        "type": "LineString",
        "coordinates": [
          [
            117.1480337,
            39.1972342
          ],
          [
            117.1468336,
            39.1966951
          ]
        ]
      },
      "type": "Feature",
      "properties": {
        "name": "\u987a\u4e49\u9053",
        "type": "tertiary",
        "slope": 59.901559110747,
        "sun_diff": 0.05585450819725679,
        "length": 119.57200805718766
      }
    },
    {
      "geometry": {
        "type": "LineString",
        "coordinates": [
          [
            117.1243189,
            39.0948667
          ],
          [
            117.1223367,
            39.0939051
          ]
        ]
      },
      "type": "Feature",
      "properties": {
        "name": "\u5f00\u534e\u9053",
        "type": "secondary",
        "slope": 57.99214226644838,
        "sun_diff": 2.0105145255580226,
        "length": 201.79416370445335
      }
    },
    {
      "geometry": {
        "type": "LineString",
        "coordinates": [
          [
            117.1208297,
            39.0931019
          ],
          [
            117.122209,
            39.0937733
          ]
        ]
      },
      "type": "Feature",
      "properties": {
        "name": "\u5f00\u534e\u9053",
        "type": "secondary",
        "slope": 57.904626970696484,
        "sun_diff": 2.0980298213099218,
        "length": 140.5528421168371
      }
    },
    {
      "geometry": {
        "type": "LineString",
        "coordinates": [
          [
            117.1533245,
            39.0372743
          ],
          [
            117.1546491,
            39.0379337
          ]
        ]
      },
      "type": "Feature",
      "properties": {
        "name": null,
        "type": "unclassified",
        "slope": 57.3439306325879,
        "sun_diff": 2.703723445670562,
        "length": 135.9263927009326
      }
    },
    {
      "geometry": {
        "type": "LineString",
        "coordinates": [
          [
            117.04462,
            39.0763314
          ],
          [
            117.0458555,
            39.0758421
          ]
        ]
      },
      "type": "Feature",
      "properties": {
        "name": "\u8d5b\u8fbe\u5927\u9053",
        "type": "primary",
        "slope": 117.02830191321769,
        "sun_diff": 2.9673710861527525,
        "length": 119.76440755275985
      }
    },
    {
      "geometry": {
        "type": "LineString",
        "coordinates": [
          [
            117.0459317,
            39.0758076
          ],
          [
            117.0472785,
            39.0751946
          ]
        ]
      },
      "type": "Feature",
      "properties": {
        "name": "\u8d5b\u8fbe\u5927\u9053",
        "type": "primary",
        "slope": 120.38292598323679,
        "sun_diff": 0.38725298386634677,
        "length": 134.80981907364787
      }
    },
    {
      "geometry": {
        "type": "LineString",
        "coordinates": [
          [
            117.0471436,
            39.0754557
          ],
          [
            117.0460816,
            39.0759545
          ]
        ]
      },
      "type": "Feature",
      "properties": {
        "name": "\u8d5b\u8fbe\u5927\u9053",
        "type": "primary",
        "slope": 121.17456949341678,
        "sun_diff": 1.1788964940463416,
        "length": 107.18028177698682
      }
    },
    {
      "geometry": {
        "type": "LineString",
        "coordinates": [
          [
            117.1378004,
            39.0827713
          ],
          [
            117.1396922,
            39.0837052
          ]
        ]
      },
      "type": "Feature",
      "properties": {
        "name": "\u8fce\u98ce\u9053",
        "type": "tertiary",
        "slope": 57.54483449892129,
        "sun_diff": 2.4578222930851155,
        "length": 193.57135342809622
      }
    },
    {
      "geometry": {
        "type": "LineString",
        "coordinates": [
          [
            117.0809543,
            39.1237886
          ],
          [
            117.0821045,
            39.1233218
          ]
        ]
      },
      "type": "Feature",
      "properties": {
        "name": null,
        "type": "residential",
        "slope": 117.61562616989991,
        "sun_diff": 2.3800468294705297,
        "length": 112.01235607073154
      }
    },
    {
      "geometry": {
        "type": "LineString",
        "coordinates": [
          [
            117.1260339,
            39.0917745
          ],
          [
            117.1247351,
            39.0911432
          ]
        ]
      },
      "type": "Feature",
      "properties": {
        "name": "\u7269\u534e\u9053",
        "type": "tertiary",
        "slope": 57.94293448368083,
        "sun_diff": 2.0597223083255756,
        "length": 132.29837638139134
      }
    },
    {
      "geometry": {
        "type": "LineString",
        "coordinates": [
          [
            117.1170842,
            39.0874107
          ],
          [
            117.1148014,
            39.0863054
          ]
        ]
      },
      "type": "Feature",
      "properties": {
        "name": "\u7269\u534e\u9053",
        "type": "tertiary",
        "slope": 58.044387047473094,
        "sun_diff": 1.958269744533311,
        "length": 232.28875836240687
      }
    },
    {
      "geometry": {
        "type": "LineString",
        "coordinates": [
          [
            117.114758,
            39.0862844
          ],
          [
            117.1135194,
            39.0856944
          ]
        ]
      },
      "type": "Feature",
      "properties": {
        "name": "\u7269\u534e\u9053",
        "type": "tertiary",
        "slope": 58.46320520653242,
        "sun_diff": 1.5394515854739836,
        "length": 125.46774175889881
      }
    },
    {
      "geometry": {
        "type": "LineString",
        "coordinates": [
          [
            117.0701535,
            39.0979728
          ],
          [
            117.0686606,
            39.0972933
          ]
        ]
      },
      "type": "Feature",
      "properties": {
        "name": "\u6d77\u6cf0\u5927\u9053",
        "type": "primary",
        "slope": 59.60916218216488,
        "sun_diff": 0.3934946098415253,
        "length": 149.39913671080402
      }
    },
    {
      "geometry": {
        "type": "LineString",
        "coordinates": [
          [
            117.2536462,
            39.1173308
          ],
          [
            117.2518306,
            39.1182012
          ]
        ]
      },
      "type": "Feature",
      "properties": {
        "name": "\u7433\u79d1\u4e2d\u8def",
        "type": "tertiary",
        "slope": 121.71221252284482,
        "sun_diff": 1.7165395234743812,
        "length": 184.1802134478245
      }
    },
    {
      "geometry": {
        "type": "LineString",
        "coordinates": [
          [
            117.1417371,
            39.1781412
          ],
          [
            117.1402516,
            39.1788404
          ]
        ]
      },
      "type": "Feature",
      "properties": {
        "name": null,
        "type": "residential",
        "slope": 121.26586910954725,
        "sun_diff": 1.2249529371146508,
        "length": 149.8471680748946
      }
    },
    {
      "geometry": {
        "type": "LineString",
        "coordinates": [
          [
            117.1401142,
            39.1788999
          ],
          [
            117.1382066,
            39.1797992
          ]
        ]
      },
      "type": "Feature",
      "properties": {
        "name": null,
        "type": "residential",
        "slope": 121.30652809948464,
        "sun_diff": 1.265611927052035,
        "length": 192.50632574925038
      }
    },
    {
      "geometry": {
        "type": "LineString",
        "coordinates": [
          [
            117.1595474,
            39.2257423
          ],
          [
            117.1619189,
            39.2268203
          ]
        ]
      },
      "type": "Feature",
      "properties": {
        "name": "\u6881\u6cb3\u9053",
        "type": "residential",
        "slope": 59.59554234133762,
        "sun_diff": 0.36187127760663884,
        "length": 236.92203086102842
      }
    },
    {
      "geometry": {
        "type": "LineString",
        "coordinates": [
          [
            117.1619189,
            39.2268203
          ],
          [
            117.1639301,
            39.2277609
          ]
        ]
      },
      "type": "Feature",
      "properties": {
        "name": "\u6881\u6cb3\u9053",
        "type": "residential",
        "slope": 58.87888910761109,
        "sun_diff": 1.0785245113331712,
        "length": 202.4253458631616
      }
    },
    {
      "geometry": {
        "type": "LineString",
        "coordinates": [
          [
            117.1614574,
            39.2274311
          ],
          [
            117.1635971,
            39.2283727
          ]
        ]
      },
      "type": "Feature",
      "properties": {
        "name": "\u9f50\u6cb3\u9053",
        "type": "residential",
        "slope": 60.399451930514914,
        "sun_diff": 0.44203831157065565,
        "length": 212.0346252917626
      }
    },
    {
      "geometry": {
        "type": "LineString",
        "coordinates": [
          [
            117.1602503,
            39.2247805
          ],
          [
            117.1626468,
            39.2258676
          ]
        ]
      },
      "type": "Feature",
      "properties": {
        "name": null,
        "type": "residential",
        "slope": 59.64788856246122,
        "sun_diff": 0.3095250564830394,
        "length": 239.29470221230162
      }
    },
    {
      "geometry": {
        "type": "LineString",
        "coordinates": [
          [
            117.1626468,
            39.2258676
          ],
          [
            117.1647376,
            39.2268157
          ]
        ]
      },
      "type": "Feature",
      "properties": {
        "name": null,
        "type": "residential",
        "slope": 59.65620297977054,
        "sun_diff": 0.3012106391737177,
        "length": 208.74931424834193
      }
    },
    {
      "geometry": {
        "type": "LineString",
        "coordinates": [
          [
            117.3180392,
            39.0445502
          ],
          [
            117.3191737,
            39.0440419
          ]
        ]
      },
      "type": "Feature",
      "properties": {
        "name": "\u6d2a\u6cbd\u9053",
        "type": "residential",
        "slope": 119.97967772571877,
        "sun_diff": 0.028988352222043545,
        "length": 113.14546036717438
      }
    },
    {
      "geometry": {
        "type": "LineString",
        "coordinates": [
          [
            117.3193052,
            39.0440085
          ],
          [
            117.3205765,
            39.0434211
          ]
        ]
      },
      "type": "Feature",
      "properties": {
        "name": null,
        "type": "unclassified",
        "slope": 120.7487651144312,
        "sun_diff": 0.7980757409344648,
        "length": 127.7908350974844
      }
    },
    {
      "geometry": {
        "type": "LineString",
        "coordinates": [
          [
            117.3205765,
            39.0434211
          ],
          [
            117.3216001,
            39.0429863
          ]
        ]
      },
      "type": "Feature",
      "properties": {
        "name": null,
        "type": "unclassified",
        "slope": 118.67495975183826,
        "sun_diff": 1.2757296216584706,
        "length": 100.78902555068726
      }
    },
    {
      "geometry": {
        "type": "LineString",
        "coordinates": [
          [
            117.3331675,
            38.9407118
          ],
          [
            117.3319576,
            38.9412837
          ]
        ]
      },
      "type": "Feature",
      "properties": {
        "name": null,
        "type": "tertiary",
        "slope": 121.28814861988312,
        "sun_diff": 1.3821969854499656,
        "length": 122.48669453870316
      }
    },
    {
      "geometry": {
        "type": "LineString",
        "coordinates": [
          [
            117.3318818,
            38.9413188
          ],
          [
            117.3299609,
            38.9422206
          ]
        ]
      },
      "type": "Feature",
      "properties": {
        "name": null,
        "type": "tertiary",
        "slope": 121.11514368739952,
        "sun_diff": 1.2091920529663724,
        "length": 194.10868353277442
      }
    },
    {
      "geometry": {
        "type": "LineString",
        "coordinates": [
          [
            117.3364962,
            38.9409621
          ],
          [
            117.3375041,
            38.940484
          ]
        ]
      },
      "type": "Feature",
      "properties": {
        "name": null,
        "type": "residential",
        "slope": 121.37755748001084,
        "sun_diff": 1.4716058455776846,
        "length": 102.13439491640328
      }
    },
    {
      "geometry": {
        "type": "LineString",
        "coordinates": [
          [
            117.2296327,
            39.0455842
          ],
          [
            117.2320861,
            39.0468131
          ]
        ]
      },
      "type": "Feature",
      "properties": {
        "name": "\u6d6f\u6c34\u9053",
        "type": "secondary",
        "slope": 57.17957903851061,
        "sun_diff": 2.8680750397478505,
        "length": 252.19413940054238
      }
    },
    {
      "geometry": {
        "type": "LineString",
        "coordinates": [
          [
            117.233579,
            39.0361341
          ],
          [
            117.23459,
            39.0356363
          ]
        ]
      },
      "type": "Feature",
      "properties": {
        "name": "\u6c82\u5c71\u8def",
        "type": "tertiary",
        "slope": 122.37056660489853,
        "sun_diff": 2.4198772314017987,
        "length": 103.41949449880138
      }
    },
    {
      "geometry": {
        "type": "LineString",
        "coordinates": [
          [
            117.1036637,
            39.2089212
          ],
          [
            117.1025234,
            39.2083589
          ]
        ]
      },
      "type": "Feature",
      "properties": {
        "name": null,
        "type": "service",
        "slope": 57.52733215999447,
        "sun_diff": 2.430081458949786,
        "length": 116.49223502323758
      }
    },
    {
      "geometry": {
        "type": "LineString",
        "coordinates": [
          [
            117.2456442,
            39.1741606
          ],
          [
            117.246717,
            39.173644
          ]
        ]
      },
      "type": "Feature",
      "properties": {
        "name": "\u5584\u6c5f\u8def",
        "type": "unclassified",
        "slope": 121.84681994852394,
        "sun_diff": 1.8059037760913412,
        "length": 108.90015445774257
      }
    },
    {
      "geometry": {
        "type": "LineString",
        "coordinates": [
          [
            117.1860434,
            39.1231187
          ],
          [
            117.1847481,
            39.1237625
          ]
        ]
      },
      "type": "Feature",
      "properties": {
        "name": "\u5c71\u897f\u8def",
        "type": "tertiary",
        "slope": 122.64676569310888,
        "sun_diff": 2.651092693738434,
        "length": 132.74428846518398
      }
    },
    {
      "geometry": {
        "type": "LineString",
        "coordinates": [
          [
            117.1486834,
            39.1765157
          ],
          [
            117.1474819,
            39.1770984
          ]
        ]
      },
      "type": "Feature",
      "properties": {
        "name": "\u4e01\u5b57\u6cbd\u4e09\u53f7\u8def",
        "type": "primary",
        "slope": 122.03083233366169,
        "sun_diff": 1.9899161612290897,
        "length": 122.2036302073241
      }
    },
    {
      "geometry": {
        "type": "LineString",
        "coordinates": [
          [
            117.1586869,
            39.199346
          ],
          [
            117.1614903,
            39.2005838
          ]
        ]
      },
      "type": "Feature",
      "properties": {
        "name": "\u5929\u6da6\u9053",
        "type": "unclassified",
        "slope": 60.32687273491484,
        "sun_diff": 0.3694591159705851,
        "length": 278.11507246008586
      }
    },
    {
      "geometry": {
        "type": "LineString",
        "coordinates": [
          [
            117.1614903,
            39.2005838
          ],
          [
            117.1639569,
            39.2017119
          ]
        ]
      },
      "type": "Feature",
      "properties": {
        "name": "\u5929\u6da6\u9053",
        "type": "unclassified",
        "slope": 59.45149300070517,
        "sun_diff": 0.5059206182390881,
        "length": 246.87607808128266
      }
    },
    {
      "geometry": {
        "type": "LineString",
        "coordinates": [
          [
            117.1323777,
            39.229002
          ],
          [
            117.134975,
            39.2301849
          ]
        ]
      },
      "type": "Feature",
      "properties": {
        "name": "\u6cf0\u6765\u4e1c\u9053",
        "type": "tertiary",
        "slope": 59.54650664981537,
        "sun_diff": 0.410906969128888,
        "length": 259.5984946099628
      }
    },
    {
      "geometry": {
        "type": "LineString",
        "coordinates": [
          [
            117.3389061,
            38.9972173
          ],
          [
            117.3378412,
            38.9967953
          ]
        ]
      },
      "type": "Feature",
      "properties": {
        "name": null,
        "type": "service",
        "slope": 62.98316049387847,
        "sun_diff": 2.9355064156200115,
        "length": 103.33216418509099
      }
    },
    {
      "geometry": {
        "type": "LineString",
        "coordinates": [
          [
            117.1546522,
            39.1607123
          ],
          [
            117.1558705,
            39.1601515
          ]
        ]
      },
      "type": "Feature",
      "properties": {
        "name": "\u5b50\u7259\u6cb3\u5357\u8def",
        "type": "secondary",
        "slope": 120.69586415107784,
        "sun_diff": 0.6549479786452395,
        "length": 122.19362740643072
      }
    },
    {
      "geometry": {
        "type": "LineString",
        "coordinates": [
          [
            117.1651456,
            39.1605844
          ],
          [
            117.1635707,
            39.1598674
          ]
        ]
      },
      "type": "Feature",
      "properties": {
        "name": "\u5b50\u7259\u6cb3\u5357\u8def",
        "type": "secondary",
        "slope": 59.580755611450684,
        "sun_diff": 0.3766580074935746,
        "length": 157.51095587170386
      }
    },
    {
      "geometry": {
        "type": "LineString",
        "coordinates": [
          [
            117.1553903,
            39.1604743
          ],
          [
            117.1539619,
            39.1611416
          ]
        ]
      },
      "type": "Feature",
      "properties": {
        "name": "\u5b50\u7259\u6cb3\u5357\u8def",
        "type": "secondary",
        "slope": 121.06917240163352,
        "sun_diff": 1.0282562292009203,
        "length": 143.82459719404974
      }
    },
    {
      "geometry": {
        "type": "LineString",
        "coordinates": [
          [
            117.1539619,
            39.1611416
          ],
          [
            117.1529356,
            39.1616318
          ]
        ]
      },
      "type": "Feature",
      "properties": {
        "name": "\u5b50\u7259\u6cb3\u5357\u8def",
        "type": "secondary",
        "slope": 121.6336962671692,
        "sun_diff": 1.5927800947365967,
        "length": 103.9587836025748
      }
    },
    {
      "geometry": {
        "type": "LineString",
        "coordinates": [
          [
            117.1281509,
            39.2181152
          ],
          [
            117.1291549,
            39.2185717
          ]
        ]
      },
      "type": "Feature",
      "properties": {
        "name": "\u679c\u56ed\u5317\u9053",
        "type": "tertiary",
        "slope": 59.59206380968743,
        "sun_diff": 0.36534980925682703,
        "length": 100.31851782854713
      }
    },
    {
      "geometry": {
        "type": "LineString",
        "coordinates": [
          [
            117.1279195,
            39.2234194
          ],
          [
            117.1247135,
            39.2219981
          ]
        ]
      },
      "type": "Feature",
      "properties": {
        "name": "\u5317\u8fb0\u9053",
        "type": "primary",
        "slope": 60.219544569318685,
        "sun_diff": 0.26213095037442713,
        "length": 318.29430933107363
      }
    },
    {
      "geometry": {
        "type": "LineString",
        "coordinates": [
          [
            117.1248143,
            39.2218675
          ],
          [
            117.1259325,
            39.2223842
          ]
        ]
      },
      "type": "Feature",
      "properties": {
        "name": "\u5317\u8fb0\u9053",
        "type": "primary",
        "slope": 59.18529533396324,
        "sun_diff": 0.7721182849810191,
        "length": 112.19349763396653
      }
    },
    {
      "geometry": {
        "type": "LineString",
        "coordinates": [
          [
            117.1259325,
            39.2223842
          ],
          [
            117.1281346,
            39.2233436
          ]
        ]
      },
      "type": "Feature",
      "properties": {
        "name": "\u5317\u8fb0\u9053",
        "type": "primary",
        "slope": 60.64709843180063,
        "sun_diff": 0.6896848128563704,
        "length": 217.70133105432387
      }
    },
    {
      "geometry": {
        "type": "LineString",
        "coordinates": [
          [
            117.128221,
            39.2233865
          ],
          [
            117.1299259,
            39.2241571
          ]
        ]
      },
      "type": "Feature",
      "properties": {
        "name": "\u5317\u8fb0\u9053",
        "type": "primary",
        "slope": 59.7382736839985,
        "sun_diff": 0.21913993494575834,
        "length": 170.08419680340327
      }
    },
    {
      "geometry": {
        "type": "LineString",
        "coordinates": [
          [
            117.1300369,
            39.2242074
          ],
          [
            117.1315736,
            39.2249035
          ]
        ]
      },
      "type": "Feature",
      "properties": {
        "name": "\u5317\u8fb0\u9053",
        "type": "primary",
        "slope": 59.683283759114005,
        "sun_diff": 0.2741298598302535,
        "length": 153.38850502705478
      }
    },
    {
      "geometry": {
        "type": "LineString",
        "coordinates": [
          [
            117.1321576,
            39.2251575
          ],
          [
            117.1332898,
            39.2256653
          ]
        ]
      },
      "type": "Feature",
      "properties": {
        "name": "\u5317\u8fb0\u9053",
        "type": "primary",
        "slope": 59.930352972392996,
        "sun_diff": 0.027060646551262835,
        "length": 112.72806709297402
      }
    },
    {
      "geometry": {
        "type": "LineString",
        "coordinates": [
          [
            117.1331985,
            39.2257909
          ],
          [
            117.1310443,
            39.2248156
          ]
        ]
      },
      "type": "Feature",
      "properties": {
        "name": "\u5317\u8fb0\u9053",
        "type": "primary",
        "slope": 59.696555027282784,
        "sun_diff": 0.2608585916614743,
        "length": 214.99463791515768
      }
    },
    {
      "geometry": {
        "type": "LineString",
        "coordinates": [
          [
            117.1298469,
            39.2242706
          ],
          [
            117.1279866,
            39.2234477
          ]
        ]
      },
      "type": "Feature",
      "properties": {
        "name": "\u5317\u8fb0\u9053",
        "type": "primary",
        "slope": 60.273497400915886,
        "sun_diff": 0.3160837819716278,
        "length": 184.58950092005705
      }
    },
    {
      "geometry": {
        "type": "LineString",
        "coordinates": [
          [
            117.1986277,
            39.0784147
          ],
          [
            117.2034595,
            39.0806774
          ]
        ]
      },
      "type": "Feature",
      "properties": {
        "name": "\u897f\u56ed\u9053",
        "type": "tertiary",
        "slope": 58.89870171789397,
        "sun_diff": 1.1039550741124344,
        "length": 487.23525679380487
      }
    },
    {
      "geometry": {
        "type": "LineString",
        "coordinates": [
          [
            117.1937739,
            39.0762261
          ],
          [
            117.1963197,
            39.0773658
          ]
        ]
      },
      "type": "Feature",
      "properties": {
        "name": "\u897f\u56ed\u9053",
        "type": "tertiary",
        "slope": 60.0285647796498,
        "sun_diff": 0.02590798764339297,
        "length": 253.75797327218814
      }
    },
    {
      "geometry": {
        "type": "LineString",
        "coordinates": [
          [
            117.1963197,
            39.0773658
          ],
          [
            117.1983777,
            39.0782997
          ]
        ]
      },
      "type": "Feature",
      "properties": {
        "name": "\u897f\u56ed\u9053",
        "type": "tertiary",
        "slope": 59.69088765443621,
        "sun_diff": 0.3117691375701952,
        "length": 205.8356881791036
      }
    },
    {
      "geometry": {
        "type": "LineString",
        "coordinates": [
          [
            117.1983517,
            39.0783471
          ],
          [
            117.1962868,
            39.0774043
          ]
        ]
      },
      "type": "Feature",
      "properties": {
        "name": "\u897f\u56ed\u9053",
        "type": "tertiary",
        "slope": 59.53776177446204,
        "sun_diff": 0.46489501754436446,
        "length": 206.85028182850095
      }
    },
    {
      "geometry": {
        "type": "LineString",
        "coordinates": [
          [
            117.1962868,
            39.0774043
          ],
          [
            117.193723,
            39.0762671
          ]
        ]
      },
      "type": "Feature",
      "properties": {
        "name": "\u897f\u56ed\u9053",
        "type": "tertiary",
        "slope": 60.257566263924815,
        "sun_diff": 0.25490947191840974,
        "length": 254.96739904700965
      }
    },
    {
      "geometry": {
        "type": "LineString",
        "coordinates": [
          [
            117.1330231,
            39.2118776
          ],
          [
            117.1364274,
            39.2134079
          ]
        ]
      },
      "type": "Feature",
      "properties": {
        "name": "\u9f99\u95e8\u4e1c\u9053",
        "type": "secondary",
        "slope": 59.8786468722478,
        "sun_diff": 0.07876674669645922,
        "length": 339.18924761556656
      }
    },
    {
      "geometry": {
        "type": "LineString",
        "coordinates": [
          [
            117.1364677,
            39.213426
          ],
          [
            117.1408936,
            39.2154057
          ]
        ]
      },
      "type": "Feature",
      "properties": {
        "name": "\u9f99\u95e8\u4e1c\u9053",
        "type": "secondary",
        "slope": 60.00096637933723,
        "sun_diff": 0.04355276039296996,
        "length": 440.4209245929485
      }
    }
  ]
}